seed,method,next_count,decision,risk,bank_risk,stopping_threshold,continue_collapsed,long_continue_collapsed,actual_collapsed,actual_score,decision_latency_seconds,generation_latency_seconds,prediction_invocation_id,applied_vla_motor_steps,diagnostic_technical_failure
68000,vla,1,place,,,,False,False,False,1,1.0830000292116893e-06,,,72,
68000,vla,2,place,,,,False,False,False,2,8.749999551582732e-07,,,72,
68000,vla,3,place,,,,False,False,False,3,8.340000476891873e-07,,,72,
68000,vla,4,place,,,,False,False,False,4,8.329999445777503e-07,,,72,
68000,vla,5,place,,,,False,False,False,5,6.669999947916949e-07,,,72,
68000,vla,6,place,,,,False,False,False,6,9.999999974752427e-07,,,72,
68000,vla,7,place,,,,False,False,False,7,8.749999551582732e-07,,,72,
68000,vla,8,place,,,,False,False,False,8,7.910000476840651e-07,,,72,
68000,vla,9,place,,,,False,False,False,9,8.750000688451109e-07,,,72,
68000,vla,10,place,,,,True,True,True,0,8.33000058264588e-07,,,72,
68000,rule,1,place,,,,False,False,False,1,9.579999868947198e-07,,,72,
68000,rule,2,place,,,,False,False,False,2,1.2500000821091817e-06,,,72,
68000,rule,3,place,,,,False,False,False,3,9.169999657387962e-07,,,72,
68000,rule,4,place,,,,False,False,False,4,9.999999974752427e-07,,,72,
68000,rule,5,place,,,,False,False,False,5,9.999999974752427e-07,,,72,
68000,rule,6,place,,,,False,False,False,6,9.999999974752427e-07,,,72,
68000,rule,7,place,,,,False,False,False,7,1.0830000292116893e-06,,,72,
68000,rule,8,place,,,,False,False,False,8,1.0409999049443286e-06,,,72,
68000,rule,9,place,,,,False,False,False,9,9.99999883788405e-07,,,72,
68000,rule,10,bank,,,,True,True,False,9,9.57999873207882e-07,,,0,
68000,width_rule,1,place,,,,False,False,False,1,2.2500000795844244e-06,,,72,
68000,width_rule,2,place,,,,False,False,False,2,2.124999923580617e-06,,,72,
68000,width_rule,3,place,,,,False,False,False,3,1.83400004516443e-06,,,72,
68000,width_rule,4,place,,,,False,False,False,4,1.5829999711058917e-06,,,72,
68000,width_rule,5,place,,,,False,False,False,5,1.7910000451593078e-06,,,72,
68000,width_rule,6,place,,,,False,False,False,6,1.7910000451593078e-06,,,72,
68000,width_rule,7,place,,,,False,False,False,7,1.5410000742122065e-06,,,72,
68000,width_rule,8,place,,,,False,False,False,8,1.7920001482707448e-06,,,72,
68000,width_rule,9,bank,,,,False,False,False,8,1.624999867999577e-06,,,0,
68000,extratrees,1,place,0.0,0.0,0.5,False,False,False,1,0.15899812500003918,,,72,
68000,extratrees,2,place,0.0,0.0,0.5,False,False,False,2,0.13613550000002306,,,72,
68000,extratrees,3,place,0.0,0.0,0.5,False,False,False,3,0.13864383299994643,,,72,
68000,extratrees,4,place,0.0,0.0,0.5,False,False,False,4,0.11272445800000241,,,72,
68000,extratrees,5,place,0.0,0.0,0.5,False,False,False,5,0.13386195800001133,,,72,
68000,extratrees,6,place,0.03387935415823042,0.004439274097245573,0.5,False,False,False,6,0.14097545799995714,,,72,
68000,extratrees,7,place,0.0018107476635514017,0.029350231743392872,0.5,False,False,False,7,0.13586774999998852,,,72,
68000,extratrees,8,place,0.0066095131222806405,0.004816656308266004,0.5,False,False,False,8,0.1359062090000407,,,72,
68000,extratrees,9,bank,0.5264363339469892,0.1069107841125338,0.5,False,False,False,8,0.11880187499991735,,,0,
68000,acwm,1,place,0.049489806051511924,,0.5,False,False,False,1,2.734531251000135,1.6194913239999096,9495a574-0784-4681-a750-801ea6718dbe,72,
68000,acwm,2,place,0.0409837003965276,,0.5,False,False,False,2,2.929549251000026,1.689673030999984,30949089-ff73-49b5-a89c-b654bf53567d,72,
68000,acwm,3,place,0.06070812126946741,,0.5,False,False,False,3,2.8794543760000124,1.7018281629998455,a812a767-04de-4351-b5b8-cc551234955a,72,
68000,acwm,4,place,0.06579744361263455,,0.5,False,False,False,4,2.971920627000145,1.6845525649998763,a4b6bd15-79ab-4a29-8df4-8f703ed6dc12,72,
68000,acwm,5,place,0.06581185993880122,,0.5,False,False,False,5,2.999436627000023,1.699629810000033,f8972dd3-c0e4-4e12-bd4b-156ea5c2a6ee,72,
68000,acwm,6,place,0.07109488144045971,,0.5,False,False,False,6,2.7143576260000373,1.4600710189999972,654d5162-9342-447e-8d44-a474553d90e6,72,
68000,acwm,7,place,0.04484718446294797,,0.5,False,False,False,7,2.5948421269999926,1.4982651850000366,254bc8e2-c865-4269-9b41-94a905b1f06f,72,
68000,acwm,8,place,0.18443279477430854,,0.5,False,False,False,8,2.665802458999906,1.484580643000072,fedb8c3c-be4b-478b-8a29-a73341c79aa8,72,
68000,acwm,9,place,0.056268052092478066,,0.5,False,False,False,9,2.9110283349998554,1.7063757340001757,419a01b4-e8a4-4eca-b364-f9fc54fef88c,72,
68000,acwm,10,bank,0.8527340654361382,,0.5,True,True,False,9,2.670468043000028,1.4926918229998591,f0a8fb84-561b-4caf-815f-d2ac184ebda2,0,
68001,vla,1,place,,,,False,False,False,1,7.920000371086644e-07,,,72,
68001,vla,2,place,,,,False,False,False,2,9.160000900010346e-07,,,72,
68001,vla,3,place,,,,False,False,False,3,6.24999984211172e-07,,,72,
68001,vla,4,place,,,,False,False,False,4,5.82999973630649e-07,,,72,
68001,vla,5,place,,,,False,False,False,5,6.669999947916949e-07,,,72,
68001,vla,6,place,,,,False,False,False,6,5.419999524747254e-07,,,72,
68001,vla,7,place,,,,False,True,False,7,6.24999984211172e-07,,,72,
68001,vla,8,place,,,,True,True,True,0,7.500000265281415e-07,,,0,
68001,rule,1,place,,,,False,False,False,1,1.0840001323231263e-06,,,72,
68001,rule,2,place,,,,False,False,False,2,1.0840001323231263e-06,,,72,
68001,rule,3,place,,,,False,False,False,3,9.160000900010346e-07,,,72,
68001,rule,4,place,,,,False,False,False,4,1.1249999261053745e-06,,,72,
68001,rule,5,place,,,,False,False,False,5,1.0839999049494509e-06,,,72,
68001,rule,6,place,,,,False,False,False,6,1.0829999155248515e-06,,,72,
68001,rule,7,place,,,,False,True,False,7,9.580001005815575e-07,,,72,
68001,rule,8,bank,,,,True,True,True,0,7.079997885739431e-07,,,0,
68001,width_rule,1,place,,,,False,False,False,1,2.2500000795844244e-06,,,72,
68001,width_rule,2,place,,,,False,False,False,2,1.7500001376902219e-06,,,72,
68001,width_rule,3,place,,,,False,False,False,3,1.832999942052993e-06,,,72,
68001,width_rule,4,place,,,,False,False,False,4,1.4590000319003593e-06,,,72,
68001,width_rule,5,place,,,,False,False,False,5,1.582999857419054e-06,,,72,
68001,width_rule,6,place,,,,False,False,False,6,1.7500001376902219e-06,,,72,
68001,width_rule,7,bank,,,,False,True,False,6,1.500000053056283e-06,,,0,
68001,extratrees,1,place,0.0,0.0,0.5,False,False,False,1,0.11196204199995918,,,72,
68001,extratrees,2,place,0.0,0.0,0.5,False,False,False,2,0.11774149999996553,,,72,
68001,extratrees,3,place,0.0,0.0,0.5,False,False,False,3,0.12398791700002221,,,72,
68001,extratrees,4,place,0.0,0.0,0.5,False,False,False,4,0.12646687500000553,,,72,
68001,extratrees,5,place,0.002100271002710027,0.002100271002710027,0.5,False,False,False,5,0.1344672919999539,,,72,
68001,extratrees,6,place,0.06311686150901644,0.03318241781837871,0.5,False,False,False,6,0.13773233400002027,,,72,
68001,extratrees,7,bank,0.9515257040817466,0.04874832803119162,0.5,False,True,False,6,0.14142337500015856,,,0,
68001,acwm,1,place,0.04958382426229155,,0.5,False,False,False,1,2.6503315850000035,1.5397225320000416,cb26654b-9762-46d7-872e-7bb40814c759,72,
68001,acwm,2,place,0.09383165925841046,,0.5,False,False,False,2,2.934072835000052,1.747454130000051,af8ca7a2-1cb5-4a55-b3f4-36aed7b0ac86,72,
68001,acwm,3,place,0.050748793229259084,,0.5,False,False,False,3,2.947921418000078,1.7248062319999917,bfb90813-12f4-4512-a681-1e48b43e24f4,72,
68001,acwm,4,place,0.09118903588960807,,0.5,False,False,False,4,2.70138566799983,1.5933574309999585,2ab804d7-de33-477c-8bdc-3c47d76dd19f,72,
68001,acwm,5,bank,0.8349401302252952,,0.5,False,False,False,4,2.918105376000085,1.6872148580000612,a18eba8c-13bf-4689-ac70-b6db33fff906,0,
68002,vla,1,place,,,,False,False,False,1,8.750000688451109e-07,,,72,
68002,vla,2,place,,,,False,False,False,2,8.749998414714355e-07,,,72,
68002,vla,3,place,,,,False,False,False,3,5.839999630552484e-07,,,72,
68002,vla,4,place,,,,False,False,False,4,7.079997885739431e-07,,,72,
68002,vla,5,place,,,,False,False,False,5,7.49999799154466e-07,,,72,
68002,vla,6,place,,,,False,False,False,6,5.82999973630649e-07,,,72,
68002,vla,7,place,,,,False,False,False,7,6.24999984211172e-07,,,72,
68002,vla,8,place,,,,False,False,False,8,7.920000371086644e-07,,,72,
68002,vla,9,place,,,,False,False,False,9,8.33000058264588e-07,,,72,
68002,vla,10,place,,,,False,False,False,10,5.839999630552484e-07,,,72,
68002,rule,1,place,,,,False,False,False,1,1.0000001111620804e-06,,,72,
68002,rule,2,place,,,,False,False,False,2,1.1249999261053745e-06,,,72,
68002,rule,3,place,,,,False,False,False,3,8.749998414714355e-07,,,72,
68002,rule,4,place,,,,False,False,False,4,8.750000688451109e-07,,,72,
68002,rule,5,place,,,,False,False,False,5,1.041000132318004e-06,,,72,
68002,rule,6,place,,,,False,False,False,6,9.99999883788405e-07,,,72,
68002,rule,7,place,,,,False,False,False,7,9.170000794256339e-07,,,72,
68002,rule,8,place,,,,False,False,False,8,9.580001005815575e-07,,,72,
68002,rule,9,place,,,,False,False,False,9,1.041000132318004e-06,,,72,
68002,rule,10,place,,,,False,False,False,10,9.590000900061568e-07,,,72,
68002,width_rule,1,place,,,,False,False,False,1,1.7079998997360235e-06,,,72,
68002,width_rule,2,place,,,,False,False,False,2,1.500000053056283e-06,,,72,
68002,width_rule,3,place,,,,False,False,False,3,1.5420000636368059e-06,,,72,
68002,width_rule,4,place,,,,False,False,False,4,1.7079998997360235e-06,,,72,
68002,width_rule,5,place,,,,False,False,False,5,1.6669998785801e-06,,,72,
68002,width_rule,6,place,,,,False,False,False,6,1.207999957841821e-06,,,72,
68002,width_rule,7,place,,,,False,False,False,7,1.500000053056283e-06,,,72,
68002,width_rule,8,place,,,,False,False,False,8,1.7499999103165464e-06,,,72,
68002,width_rule,9,bank,,,,False,False,False,8,1.500000053056283e-06,,,0,
68002,extratrees,1,place,0.0,0.0,0.5,False,False,False,1,0.15096349999998893,,,72,
68002,extratrees,2,place,0.0,0.0,0.5,False,False,False,2,0.12278733299990563,,,72,
68002,extratrees,3,place,0.0,0.0,0.5,False,False,False,3,0.14928183400002126,,,72,
68002,extratrees,4,place,0.0018107476635514017,0.0018107476635514017,0.5,False,False,False,4,0.15443487499987896,,,72,
68002,extratrees,5,place,0.0035268681241359895,0.0018107476635514017,0.5,False,False,False,5,0.13840412500007915,,,72,
68002,extratrees,6,place,0.04127832625581332,0.0035268681241359895,0.5,False,False,False,6,0.12478491699994265,,,72,
68002,extratrees,7,place,0.0034322409211691757,0.013553750397693036,0.5,False,False,False,7,0.13495270800012804,,,72,
68002,extratrees,8,place,0.0,0.0018107476635514017,0.5,False,False,False,8,0.1269847920000302,,,72,
68002,extratrees,9,place,0.44364835217656456,0.005432242990654205,0.5,False,False,False,9,0.14959220900004766,,,72,
68002,extratrees,10,bank,0.7640651379279592,0.5132462528137858,0.5,False,False,False,9,0.1409507079999912,,,0,
68002,acwm,1,place,0.06937124419726329,,0.5,False,False,False,1,2.9510237510000934,1.71788079199996,0e7a5454-3cd6-4d85-9197-3a3f897c301c,72,
68002,acwm,2,place,0.05724067430199112,,0.5,False,False,False,2,2.8562876269998014,1.7231435490000422,184c840d-bd2c-44a1-b61e-a9bf7e68a7ab,72,
68002,acwm,3,place,0.05533972875435735,,0.5,False,False,False,3,2.9372883350001757,1.7156536379998215,4b8cf714-0e21-4d11-9228-c024429867aa,72,
68002,acwm,4,place,0.07179043760473457,,0.5,False,False,False,4,2.8886705009999787,1.5238035630000013,4cb3ff46-29d5-4e46-b8ce-eb7fbd63c17e,72,
68002,acwm,5,place,0.04800301219648303,,0.5,False,False,False,5,2.8968982930000493,1.6597855059999347,c2338e0f-8433-4952-bf6b-5fcd6bcfde22,72,
68002,acwm,6,place,0.13197640245817235,,0.5,False,False,False,6,2.852809126000011,1.7102015600000868,b6f8e058-d13d-41f0-8f61-4b4f6b891b45,72,
68002,acwm,7,place,0.10002740439684987,,0.5,False,False,False,7,2.883824959999856,1.6736831900000197,f2f38add-eaae-466b-abe4-4edb179a6337,72,
68002,acwm,8,place,0.07498377639187671,,0.5,False,False,False,8,2.7887513350001427,1.6509422970000287,a9b32c80-bd7b-41fa-b4e4-5abdd1a7c093,72,
68002,acwm,9,place,0.05992528815562655,,0.5,False,False,False,9,2.871306709999999,1.6756516409998312,8333d701-2e19-4668-a3b0-b48743249392,72,
68002,acwm,10,place,0.06751376004266808,,0.5,False,False,False,10,2.616278376000082,1.440071448000026,2e1e2df3-3b54-425b-a673-be5f1dd82598,72,
68003,vla,1,place,,,,False,False,False,1,9.170000794256339e-07,,,72,
68003,vla,2,place,,,,False,False,False,2,9.159998626273591e-07,,,72,
68003,vla,3,place,,,,False,False,False,3,7.500000265281415e-07,,,72,
68003,vla,4,place,,,,False,False,False,4,7.500000265281415e-07,,,72,
68003,vla,5,place,,,,False,False,False,5,7.500000265281415e-07,,,72,
68003,vla,6,place,,,,False,False,False,6,6.669999947916949e-07,,,72,
68003,vla,7,place,,,,True,True,True,0,7.080000159476185e-07,,,72,
68003,rule,1,place,,,,False,False,False,1,9.589998626324814e-07,,,72,
68003,rule,2,place,,,,False,False,False,2,1.12500015347905e-06,,,72,
68003,rule,3,place,,,,False,False,False,3,9.170000794256339e-07,,,72,
68003,rule,4,place,,,,False,False,False,4,8.750000688451109e-07,,,72,
68003,rule,5,place,,,,False,False,False,5,7.500000265281415e-07,,,72,
68003,rule,6,place,,,,False,False,False,6,1.0829999155248515e-06,,,72,
68003,rule,7,place,,,,True,True,True,0,9.590000900061568e-07,,,72,
68003,width_rule,1,place,,,,False,False,False,1,2.2500000795844244e-06,,,72,
68003,width_rule,2,place,,,,False,False,False,2,1.9170001905877143e-06,,,72,
68003,width_rule,3,place,,,,False,False,False,3,1.5420000636368059e-06,,,72,
68003,width_rule,4,place,,,,False,False,False,4,1.4999998256826075e-06,,,72,
68003,width_rule,5,place,,,,False,False,False,5,1.832999942052993e-06,,,72,
68003,width_rule,6,place,,,,False,False,False,6,2.0840000161115313e-06,,,72,
68003,width_rule,7,bank,,,,True,True,False,6,1.6659998891555006e-06,,,0,
68003,extratrees,1,place,0.0,0.0,0.5,False,False,False,1,0.12259858299989901,,,72,
68003,extratrees,2,place,0.0,0.0,0.5,False,False,False,2,0.12857574999998178,,,72,
68003,extratrees,3,place,0.0,0.0,0.5,False,False,False,3,0.1270122089999859,,,72,
68003,extratrees,4,place,0.0,0.0,0.5,False,False,False,4,0.1171626660000129,,,72,
68003,extratrees,5,place,0.0,0.0,0.5,False,False,False,5,0.11305445800007874,,,72,
68003,extratrees,6,place,0.03767080117900404,0.0,0.5,False,False,False,6,0.12484687500000291,,,72,
68003,extratrees,7,bank,0.9482366490999543,0.050680531755360976,0.5,True,True,False,6,0.12492833399983283,,,0,
68003,acwm,1,place,0.03678145065795501,,0.5,False,False,False,1,2.944573250999838,1.67485392399999,a9eff2f4-1cba-4421-8674-113f3691f61d,72,
68003,acwm,2,place,0.07954181640897043,,0.5,False,False,False,2,2.8785835430001043,1.6792570460002025,21fd2cdd-73aa-47b2-adab-daf190e6fa38,72,
68003,acwm,3,place,0.10901026705081063,,0.5,False,False,False,3,2.8379491679997955,1.6527959869999904,41e69d8c-7172-463a-a581-7b50e2098c1e,72,
68003,acwm,4,place,0.03011918586896864,,0.5,False,False,False,4,2.991167875999963,1.7196383380000952,fff9d7bd-0147-4128-bf1f-96f179324662,72,
68003,acwm,5,bank,0.952619029159961,,0.5,False,False,False,4,2.965378917999942,1.6404227489999812,f0e504f4-cdbc-4c69-be14-8742923a1bcf,0,
68004,vla,1,place,,,,False,False,False,1,1.1249999261053745e-06,,,72,
68004,vla,2,place,,,,False,False,False,2,9.590000900061568e-07,,,72,
68004,vla,3,place,,,,False,False,False,3,7.920000371086644e-07,,,72,
68004,vla,4,place,,,,False,False,False,4,8.749998414714355e-07,,,72,
68004,vla,5,place,,,,False,False,False,5,8.749998414714355e-07,,,72,
68004,vla,6,place,,,,False,False,False,6,1.083000142898527e-06,,,72,
68004,vla,7,place,,,,False,False,False,7,7.920000371086644e-07,,,72,
68004,vla,8,place,,,,False,False,False,8,7.920000371086644e-07,,,72,
68004,vla,9,place,,,,True,True,True,0,7.090000053722179e-07,,,72,
68004,rule,1,place,,,,False,False,False,1,1.083000142898527e-06,,,72,
68004,rule,2,place,,,,False,False,False,2,1.416000031895237e-06,,,72,
68004,rule,3,place,,,,False,False,False,3,9.170000794256339e-07,,,72,
68004,rule,4,place,,,,False,False,False,4,1.041000132318004e-06,,,72,
68004,rule,5,place,,,,False,False,False,5,1.0839999049494509e-06,,,72,
68004,rule,6,place,,,,False,False,False,6,9.99999883788405e-07,,,72,
68004,rule,7,place,,,,False,False,False,7,9.590000900061568e-07,,,72,
68004,rule,8,bank,,,,False,False,False,7,7.920000371086644e-07,,,0,
68004,width_rule,1,place,,,,False,False,False,1,2.207999841630226e-06,,,72,
68004,width_rule,2,place,,,,False,False,False,2,1.7919999208970694e-06,,,72,
68004,width_rule,3,place,,,,False,False,False,3,2.9579998681583675e-06,,,72,
68004,width_rule,4,place,,,,False,False,False,4,1.500000053056283e-06,,,72,
68004,width_rule,5,place,,,,False,False,False,5,1.7079998997360235e-06,,,72,
68004,width_rule,6,place,,,,False,False,False,6,1.2919999790028669e-06,,,72,
68004,width_rule,7,place,,,,False,False,False,7,1.4170000213198364e-06,,,72,
68004,width_rule,8,place,,,,False,False,False,8,1.4579998151020845e-06,,,72,
68004,width_rule,9,bank,,,,True,True,False,8,1.5410000742122065e-06,,,0,
68004,extratrees,1,place,0.0,0.0,0.5,False,False,False,1,0.12302225000007638,,,72,
68004,extratrees,2,place,0.0,0.0,0.5,False,False,False,2,0.12505012499991608,,,72,
68004,extratrees,3,place,0.0036214953271028034,0.0036214953271028034,0.5,False,False,False,3,0.11183137500006524,,,72,
68004,extratrees,4,place,0.0049251774385860765,0.00709483029412919,0.5,False,False,False,4,0.11577087599994229,,,72,
68004,extratrees,5,place,0.009264483149672303,0.009264483149672303,0.5,False,False,False,5,0.11779616700005135,,,72,
68004,extratrees,6,place,0.036651131442954996,0.005284082630577788,0.5,False,False,False,6,0.11392795799997657,,,72,
68004,extratrees,7,place,0.038564729519169956,0.03119103155859718,0.5,False,False,False,7,0.12640341600013016,,,72,
68004,extratrees,8,place,0.10125576327464934,0.0859529917764438,0.5,False,False,False,8,0.12747208399991905,,,72,
68004,extratrees,9,bank,0.5556747167135767,0.13677068336886422,0.5,True,True,False,8,0.1377556249999543,,,0,
68004,acwm,1,place,0.07318913591856274,,0.5,False,False,False,1,2.9523278350000055,1.711377033999952,aecd036d-8988-4908-9fab-e4bdd0a73d79,72,
68004,acwm,2,place,0.08321853315476824,,0.5,False,False,False,2,2.928669085000138,1.710597165000081,6897681e-362a-47a6-8de8-625684af6506,72,
68004,acwm,3,place,0.06167735501670144,,0.5,False,False,False,3,2.7709175009999854,1.6075697430001128,4dd32974-b39b-490e-9ba1-0a7e1357f432,72,
68004,acwm,4,place,0.16563902058974211,,0.5,False,False,False,4,2.9930734179999945,1.5956481419998454,d2070e6b-8bb2-4693-9aaf-8513e95f963c,72,
68004,acwm,5,place,0.13200281369246186,,0.5,False,False,False,5,2.771655835000047,1.5196541000000252,104daa4d-c9b0-4721-b328-9b27d816418f,72,
68004,acwm,6,place,0.12106090719383539,,0.5,False,False,False,6,2.6454822929999864,1.5030315690000862,a631f799-c02a-46fd-b939-71728a0cd5ca,72,
68004,acwm,7,place,0.06426211961347754,,0.5,False,False,False,7,2.6880112920000556,1.5508526079997864,32e979e6-54bd-42fb-abf3-3b529040fdaf,72,
68004,acwm,8,place,0.0991299844000851,,0.5,False,False,False,8,2.7219480010001007,1.5941369540000778,2a37be40-4273-49fa-b3e1-34cb8c598af8,72,
68004,acwm,9,bank,0.947401496657082,,0.5,True,True,False,8,2.7670278350001354,1.6377398579998044,2685398b-fcdb-4be9-a02f-3c5cdb8eb83a,0,
68005,vla,1,place,,,,False,False,False,1,8.329998308909126e-07,,,72,
68005,vla,2,place,,,,False,False,False,2,1.0829999155248515e-06,,,72,
68005,vla,3,place,,,,False,False,False,3,7.909998203103896e-07,,,72,
68005,vla,4,place,,,,False,False,False,4,7.500000265281415e-07,,,72,
68005,vla,5,place,,,,False,False,False,5,7.080000159476185e-07,,,72,
68005,vla,6,place,,,,False,False,False,6,1.1669999366858974e-06,,,72,
68005,vla,7,place,,,,False,True,False,7,6.669999947916949e-07,,,72,
68005,vla,8,place,,,,True,True,True,0,6.660000053670956e-07,,,0,
68005,rule,1,place,,,,False,False,False,1,9.170000794256339e-07,,,72,
68005,rule,2,place,,,,False,False,False,2,1.0000001111620804e-06,,,72,
68005,rule,3,place,,,,False,False,False,3,1.12500015347905e-06,,,72,
68005,rule,4,place,,,,False,False,False,4,1.207999957841821e-06,,,72,
68005,rule,5,place,,,,False,False,False,5,1.0420001217426034e-06,,,72,
68005,rule,6,place,,,,False,False,False,6,8.340000476891873e-07,,,72,
68005,rule,7,place,,,,False,True,False,7,8.33000058264588e-07,,,72,
68005,rule,8,bank,,,,True,True,True,0,7.920000371086644e-07,,,0,
68005,width_rule,1,place,,,,False,False,False,1,2.2920000901649473e-06,,,72,
68005,width_rule,2,place,,,,False,False,False,2,1.666000116529176e-06,,,72,
68005,width_rule,3,place,,,,False,False,False,3,1.8339999314775923e-06,,,72,
68005,width_rule,4,place,,,,False,False,False,4,1.374999783365638e-06,,,72,
68005,width_rule,5,place,,,,False,False,False,5,1.874999952633516e-06,,,72,
68005,width_rule,6,place,,,,False,False,False,6,1.4170000213198364e-06,,,72,
68005,width_rule,7,bank,,,,False,True,False,6,1.6670001059537753e-06,,,0,
68005,extratrees,1,place,0.0,0.0,0.5,False,False,False,1,0.14093550000006871,,,72,
68005,extratrees,2,place,0.0,0.0,0.5,False,False,False,2,0.1291367920000539,,,72,
68005,extratrees,3,place,0.0,0.0,0.5,False,False,False,3,0.14286695800001326,,,72,
68005,extratrees,4,place,0.0,0.0,0.5,False,False,False,4,0.12517445800017413,,,72,
68005,extratrees,5,place,0.0,0.0,0.5,False,False,False,5,0.12453033299993876,,,72,
68005,extratrees,6,place,0.02577192182960189,0.0,0.5,False,False,False,6,0.15211120799995115,,,72,
68005,extratrees,7,bank,0.9178193897140892,0.03255839553740974,0.5,False,True,False,6,0.14219166699990637,,,0,
68005,acwm,1,place,0.046491486730878655,,0.5,False,False,False,1,2.858944375999954,1.6371193999998468,072858f6-c3b7-4858-ac55-1d7810efb3e2,72,
68005,acwm,2,place,0.03261564468007928,,0.5,False,False,False,2,2.7245470430000296,1.6686015959999168,7b628049-1620-4acf-86be-32d83af22ac7,72,
68005,acwm,3,place,0.04821278265138416,,0.5,False,False,False,3,2.4930011680000916,1.4406260410000868,0446ab7f-dd37-4f7c-9cb1-dab8c468e9ac,72,
68005,acwm,4,place,0.13932562224323322,,0.5,False,False,False,4,2.5584130849999838,1.5151112240000657,6ea65bf9-c0b9-4ddf-9923-37ba3e968d58,72,
68005,acwm,5,place,0.1280835500274786,,0.5,False,False,False,5,2.7718775009998353,1.577090120000321,665cafaf-4555-484a-95d7-b2e6fe8714f4,72,
68005,acwm,6,place,0.1149643412186289,,0.5,False,False,False,6,2.878365252000094,1.6693411119999837,727e5106-30c0-4467-8b39-99e4b6de5db8,72,
68005,acwm,7,bank,0.8968463293427235,,0.5,False,True,False,6,2.944736126999942,1.7136737099999664,4b2eb340-f4a1-4ace-9be2-3aedb4ebbce2,0,
68006,vla,1,place,,,,False,False,False,1,9.170000794256339e-07,,,72,
68006,vla,2,place,,,,False,False,False,2,8.340002750628628e-07,,,72,
68006,vla,3,place,,,,False,False,False,3,9.99999883788405e-07,,,72,
68006,vla,4,place,,,,False,False,False,4,7.500002539018169e-07,,,72,
68006,vla,5,place,,,,False,False,False,5,8.749998414714355e-07,,,72,
68006,vla,6,place,,,,False,False,False,6,1.1249999261053745e-06,,,72,
68006,vla,7,place,,,,False,False,False,7,9.99999883788405e-07,,,72,
68006,vla,8,place,,,,False,False,False,8,7.500002539018169e-07,,,72,
68006,vla,9,place,,,,False,True,False,9,8.750002962187864e-07,,,72,
68006,vla,10,place,,,,True,True,True,0,6.250002115848474e-07,,,72,
68006,rule,1,place,,,,False,False,False,1,1.1669999366858974e-06,,,72,
68006,rule,2,place,,,,False,False,False,2,9.99999883788405e-07,,,72,
68006,rule,3,place,,,,False,False,False,3,1.0830003702722024e-06,,,72,
68006,rule,4,place,,,,False,False,False,4,8.329998308909126e-07,,,72,
68006,rule,5,place,,,,False,False,False,5,8.750002962187864e-07,,,72,
68006,rule,6,place,,,,False,False,False,6,9.159998626273591e-07,,,72,
68006,rule,7,place,,,,False,False,False,7,9.99999883788405e-07,,,72,
68006,rule,8,place,,,,False,False,False,8,1.1249999261053745e-06,,,72,
68006,rule,9,bank,,,,False,True,False,8,9.58000327955233e-07,,,0,
68006,width_rule,1,place,,,,False,False,False,1,2.1250002646411303e-06,,,72,
68006,width_rule,2,place,,,,False,False,False,2,1.8330001694266684e-06,,,72,
68006,width_rule,3,place,,,,False,False,False,3,1.6670001059537753e-06,,,72,
68006,width_rule,4,place,,,,False,False,False,4,1.791999693523394e-06,,,72,
68006,width_rule,5,place,,,,False,False,False,5,1.6250000953732524e-06,,,72,
68006,width_rule,6,place,,,,False,False,False,6,1.7500001376902219e-06,,,72,
68006,width_rule,7,place,,,,False,False,False,7,1.9590002011682373e-06,,,72,
68006,width_rule,8,place,,,,False,False,False,8,1.7910001588461455e-06,,,72,
68006,width_rule,9,bank,,,,False,True,False,8,2.3749998945277184e-06,,,0,
68006,extratrees,1,place,0.0,0.0,0.5,False,False,False,1,0.12864270799991573,,,72,
68006,extratrees,2,place,0.0,0.0,0.5,False,False,False,2,0.1477791669999533,,,72,
68006,extratrees,3,place,0.0,0.0,0.5,False,False,False,3,0.1265302500000871,,,72,
68006,extratrees,4,place,0.0,0.0,0.5,False,False,False,4,0.12427508300015688,,,72,
68006,extratrees,5,place,0.0018107476635514017,0.0018107476635514017,0.5,False,False,False,5,0.12238008300028014,,,72,
68006,extratrees,6,place,0.003888867077208891,0.0018107476635514017,0.5,False,False,False,6,0.1289621249998163,,,72,
68006,extratrees,7,place,0.0035268681241359895,0.003888867077208891,0.5,False,False,False,7,0.1264198750000105,,,72,
68006,extratrees,8,place,0.019668710536551382,0.02166235046371976,0.5,False,False,False,8,0.132979874999819,,,72,
68006,extratrees,9,bank,0.5025144387769085,0.04042665394880948,0.5,False,True,False,8,0.11592654200012475,,,0,
68006,acwm,1,place,0.07009528134798586,,0.5,False,False,False,1,2.822031625999898,1.708770462999837,6302610c-b812-445a-a053-bbd3e534c2e8,72,
68006,acwm,2,place,0.14935434959770105,,0.5,False,False,False,2,2.922263208000004,1.722786129999804,7e573c72-9a83-4523-b10f-484815b7e2ec,72,
68006,acwm,3,place,0.08618857735940197,,0.5,False,False,False,3,2.8943132929998683,1.6880588899998656,a2c37879-ff20-4771-a750-f0bd0eba70c3,72,
68006,acwm,4,place,0.10245682295649249,,0.5,False,False,False,4,2.6406516679999186,1.5822654079997847,b960cc52-6f0d-4c01-8daa-dd81476f7677,72,
68006,acwm,5,place,0.1197367260729055,,0.5,False,False,False,5,2.7281327099999544,1.4756641310000305,543fde1b-f904-43a6-9d59-53a865ff05e1,72,
68006,acwm,6,place,0.04381809900810401,,0.5,False,False,False,6,2.823440334999759,1.5667138160001741,0e750037-4594-462f-8231-7ed1d939aa05,72,
68006,acwm,7,place,0.05876821557310762,,0.5,False,False,False,7,2.807945418000145,1.6611183390000406,f421a43c-5cfd-4e7e-8cda-a2645acd246f,72,
68006,acwm,8,place,0.1629317143596858,,0.5,False,False,False,8,2.586991042000136,1.529526220000207,a63c7fcc-1d9b-4876-8181-f1e03de4645e,72,
68006,acwm,9,place,0.07334516854677979,,0.5,False,True,False,9,2.8127275430001646,1.6526439489998666,78f7cd6e-0614-455b-8abc-4343b68bb81a,72,
68006,acwm,10,bank,0.8602724457721156,,0.5,True,True,True,0,2.853829252000196,1.7159801699999662,91f66aeb-4435-461d-b50b-4bbaf21d2415,0,
68007,vla,1,place,,,,False,False,False,1,1.0420003491162788e-06,,,72,
68007,vla,2,place,,,,False,False,False,2,8.339998203155119e-07,,,72,
68007,vla,3,place,,,,False,False,False,3,8.749998414714355e-07,,,72,
68007,vla,4,place,,,,False,False,False,4,6.250002115848474e-07,,,72,
68007,vla,5,place,,,,False,False,False,5,8.749998414714355e-07,,,72,
68007,vla,6,place,,,,False,False,False,6,9.169998520519584e-07,,,72,
68007,vla,7,place,,,,True,True,True,0,6.250002115848474e-07,,,72,
68007,rule,1,place,,,,False,False,False,1,1.1669999366858974e-06,,,72,
68007,rule,2,place,,,,False,False,False,2,1.1249999261053745e-06,,,72,
68007,rule,3,place,,,,False,False,False,3,7.91999809734989e-07,,,72,
68007,rule,4,place,,,,False,False,False,4,8.749998414714355e-07,,,72,
68007,rule,5,place,,,,False,False,False,5,9.159998626273591e-07,,,72,
68007,rule,6,place,,,,False,False,False,6,9.1600031737471e-07,,,72,
68007,rule,7,place,,,,True,True,True,0,9.57999873207882e-07,,,72,
68007,width_rule,1,place,,,,False,False,False,1,2.207999841630226e-06,,,72,
68007,width_rule,2,place,,,,False,False,False,2,1.7090001165342983e-06,,,72,
68007,width_rule,3,place,,,,False,False,False,3,1.6250000953732524e-06,,,72,
68007,width_rule,4,place,,,,False,False,False,4,1.9169997358403634e-06,,,72,
68007,width_rule,5,place,,,,False,False,False,5,1.45800004247576e-06,,,72,
68007,width_rule,6,place,,,,False,False,False,6,1.707999672362348e-06,,,72,
68007,width_rule,7,bank,,,,True,True,False,6,1.6250000953732524e-06,,,0,
68007,extratrees,1,place,0.0,0.0,0.5,False,False,False,1,0.13485579200005304,,,72,
68007,extratrees,2,place,0.0,0.0,0.5,False,False,False,2,0.12376274999996895,,,72,
68007,extratrees,3,place,0.0,0.0,0.5,False,False,False,3,0.11494933300036791,,,72,
68007,extratrees,4,place,0.0,0.0,0.5,False,False,False,4,0.1471627909995732,,,72,
68007,extratrees,5,place,0.001916419386745796,0.0,0.5,False,False,False,5,0.12392575000012584,,,72,
68007,extratrees,6,place,0.16411553743910823,0.0055862566074002876,0.5,False,False,False,6,0.15244225100013864,,,72,
68007,extratrees,7,bank,0.9440680913250383,0.1874289532024481,0.5,True,True,False,6,0.1275338330001432,,,0,
68007,acwm,1,place,0.04656411385957693,,0.5,False,False,False,1,2.8655671679998704,1.6767942809997294,544a9206-ac79-4aad-b90c-cd943f6d8ab7,72,
68007,acwm,2,place,0.07283091760729962,,0.5,False,False,False,2,2.8351419600003283,1.710416253999938,0455d43a-9dc5-4200-b0a4-caa67e9e212b,72,
68007,acwm,3,place,0.046081096084739155,,0.5,False,False,False,3,2.546726125999612,1.3630272850000438,12569198-600d-46b6-9fed-e734282e8e77,72,
68007,acwm,4,place,0.09118657418365071,,0.5,False,False,False,4,2.7079556260000572,1.5355487490000996,12855c57-f1f5-4a8d-afd5-61bec8ba951d,72,
68007,acwm,5,place,0.06526875328073115,,0.5,False,False,False,5,2.9205142089999754,1.709856874000252,e8dc301d-bf31-42c4-9f72-5959d3aac5d4,72,
68007,acwm,6,place,0.05487483331124451,,0.5,False,False,False,6,2.5460127510000348,1.4565173969999705,315be6e5-72ce-4a49-8f47-0a0b783d3c54,72,
68007,acwm,7,bank,0.807493046865394,,0.5,True,True,False,6,2.897519043000102,1.7076928659998885,5020f0c8-94f5-4aa2-bb91-73bbf246810d,0,
68008,vla,1,place,,,,False,False,False,1,1.0840003596968018e-06,,,72,
68008,vla,2,place,,,,False,False,False,2,1.165999947261298e-06,,,72,
68008,vla,3,place,,,,False,False,False,3,7.090002327458933e-07,,,72,
68008,vla,4,place,,,,False,False,False,4,9.170003067993093e-07,,,72,
68008,vla,5,place,,,,False,False,False,5,7.079997885739431e-07,,,72,
68008,vla,6,place,,,,False,False,False,6,7.920002644823398e-07,,,72,
68008,vla,7,place,,,,False,False,False,7,6.670002221653704e-07,,,72,
68008,vla,8,place,,,,False,False,False,8,8.329998308909126e-07,,,72,
68008,vla,9,place,,,,False,False,False,9,7.49999799154466e-07,,,72,
68008,vla,10,place,,,,True,True,True,0,9.57999873207882e-07,,,72,
68008,rule,1,place,,,,False,False,False,1,9.589998626324814e-07,,,72,
68008,rule,2,place,,,,False,False,False,2,1.0839999049494509e-06,,,72,
68008,rule,3,place,,,,False,False,False,3,1.041999894368928e-06,,,72,
68008,rule,4,place,,,,False,False,False,4,1.207999957841821e-06,,,72,
68008,rule,5,place,,,,False,False,False,5,1.208000412589172e-06,,,72,
68008,rule,6,place,,,,False,False,False,6,8.749998414714355e-07,,,72,
68008,rule,7,place,,,,False,False,False,7,9.159998626273591e-07,,,72,
68008,rule,8,place,,,,False,False,False,8,9.159998626273591e-07,,,72,
68008,rule,9,place,,,,False,False,False,9,9.590003173798323e-07,,,72,
68008,rule,10,bank,,,,True,True,False,9,9.589998626324814e-07,,,0,
68008,width_rule,1,place,,,,False,False,False,1,2.2910003281140234e-06,,,72,
68008,width_rule,2,place,,,,False,False,False,2,1.9169997358403634e-06,,,72,
68008,width_rule,3,place,,,,False,False,False,3,2.1249998098937795e-06,,,72,
68008,width_rule,4,place,,,,False,False,False,4,1.500000053056283e-06,,,72,
68008,width_rule,5,place,,,,False,False,False,5,1.500000053056283e-06,,,72,
68008,width_rule,6,place,,,,False,False,False,6,1.7500001376902219e-06,,,72,
68008,width_rule,7,place,,,,False,False,False,7,1.45800004247576e-06,,,72,
68008,width_rule,8,place,,,,False,False,False,8,1.4590000319003593e-06,,,72,
68008,width_rule,9,bank,,,,False,False,False,8,1.958000211743638e-06,,,0,
68008,extratrees,1,place,0.0,0.0,0.5,False,False,False,1,0.12799325000014505,,,72,
68008,extratrees,2,place,0.0,0.0,0.5,False,False,False,2,0.13860187499994936,,,72,
68008,extratrees,3,place,0.0,0.0,0.5,False,False,False,3,0.15046654200023113,,,72,
68008,extratrees,4,place,0.0,0.0,0.5,False,False,False,4,0.1411420409999664,,,72,
68008,extratrees,5,place,0.0017161204605845878,0.0,0.5,False,False,False,5,0.14302383399990504,,,72,
68008,extratrees,6,place,0.20800324475421864,0.025116087463156446,0.5,False,False,False,6,0.14387395900030242,,,72,
68008,extratrees,7,place,0.10731150789511731,0.14792503836482862,0.5,False,False,False,7,0.1464613329999338,,,72,
68008,extratrees,8,place,0.12736719929508888,0.07871077715915815,0.5,False,False,False,8,0.12489608300029431,,,72,
68008,extratrees,9,bank,0.5837220545939171,0.11886258812117792,0.5,False,False,False,8,0.1279156669997974,,,0,
68008,acwm,1,place,0.07113682943279481,,0.5,False,False,False,1,2.8062702100000934,1.5361711810000998,b459e828-f7d7-4422-a7ba-6769cdc67440,72,
68008,acwm,2,place,0.08257591680071683,,0.5,False,False,False,2,2.7847695430000385,1.60784300899968,74084aa4-5092-42a1-a096-c9380b88da82,72,
68008,acwm,3,place,0.03660171935312527,,0.5,False,False,False,3,2.7308398760001182,1.4746032689999993,cfc060e4-d5ad-4191-a5a8-cf297636e2eb,72,
68008,acwm,4,place,0.04780963363751324,,0.5,False,False,False,4,2.7899821680002788,1.6173162470004172,9b1b7222-e510-4d65-a8ca-fef44147e5eb,72,
68008,acwm,5,place,0.1143789194948038,,0.5,False,False,False,5,2.9354604590002964,1.6908485469998595,3f2328ec-03f0-4360-8b93-d6838911bec8,72,
68008,acwm,6,place,0.13532093536317358,,0.5,False,False,False,6,2.8962029600002097,1.713115137999921,0295de6a-b4ed-4cee-8b43-61b2a5cf92e9,72,
68008,acwm,7,place,0.0855108148989253,,0.5,False,False,False,7,2.818250584999987,1.7224078149997695,d2af06ed-ad6e-4a66-a5fe-c0f0a7669e66,72,
68008,acwm,8,place,0.19186423408370146,,0.5,False,False,False,8,2.7341414180000356,1.6041662800002996,74eb048b-c4f5-45fa-a5ab-44950dce1caf,72,
68008,acwm,9,place,0.06419301340183128,,0.5,False,False,False,9,2.7828980850003973,1.473970166000072,6e05075b-e65d-4e74-8d53-918f9575d5b6,72,
68008,acwm,10,place,0.03352119710883072,,0.5,True,True,True,0,2.829494584999793,1.6404933180001535,e166cd45-ecc1-4c7d-8781-fc42857006af,72,
68009,vla,1,place,,,,False,False,False,1,7.49999799154466e-07,,,72,
68009,vla,2,place,,,,False,False,False,2,1.1669999366858974e-06,,,72,
68009,vla,3,place,,,,False,False,False,3,7.079997885739431e-07,,,72,
68009,vla,4,place,,,,False,False,False,4,7.920002644823398e-07,,,72,
68009,vla,5,place,,,,False,False,False,5,7.49999799154466e-07,,,72,
68009,vla,6,place,,,,False,False,False,6,7.49999799154466e-07,,,72,
68009,vla,7,place,,,,False,False,False,7,8.340002750628628e-07,,,72,
68009,vla,8,place,,,,True,True,True,0,7.500002539018169e-07,,,72,
68009,rule,1,place,,,,False,False,False,1,1.5207999695121543e-05,,,72,
68009,rule,2,place,,,,False,False,False,2,1.3750000107393134e-06,,,72,
68009,rule,3,place,,,,False,False,False,3,8.330002856382634e-07,,,72,
68009,rule,4,place,,,,False,False,False,4,8.749998414714355e-07,,,72,
68009,rule,5,place,,,,False,False,False,5,9.1600031737471e-07,,,72,
68009,rule,6,place,,,,False,False,False,6,8.329998308909126e-07,,,72,
68009,rule,7,place,,,,False,False,False,7,8.749998414714355e-07,,,72,
68009,rule,8,bank,,,,True,True,False,7,9.99999883788405e-07,,,0,
68009,width_rule,1,place,,,,False,False,False,1,1.7090001165342983e-06,,,72,
68009,width_rule,2,place,,,,False,False,False,2,1.6670001059537753e-06,,,72,
68009,width_rule,3,place,,,,False,False,False,3,1.8749997252598405e-06,,,72,
68009,width_rule,4,place,,,,False,False,False,4,1.2919999790028669e-06,,,72,
68009,width_rule,5,place,,,,False,False,False,5,1.3330000001587905e-06,,,72,
68009,width_rule,6,place,,,,False,False,False,6,1.5840000742173288e-06,,,72,
68009,width_rule,7,bank,,,,False,False,False,6,1.708000127109699e-06,,,0,
68009,extratrees,1,place,0.0,0.0,0.5,False,False,False,1,0.13884504199995717,,,72,
68009,extratrees,2,place,0.0,0.0,0.5,False,False,False,2,0.14905674999999974,,,72,
68009,extratrees,3,place,0.004488132692084139,0.004488132692084139,0.5,False,False,False,3,0.12705258300002242,,,72,
68009,extratrees,4,place,0.0,0.0,0.5,False,False,False,4,0.11365345800004434,,,72,
68009,extratrees,5,place,0.004133889150361954,0.0018107476635514017,0.5,False,False,False,5,0.12716750000026877,,,72,
68009,extratrees,6,place,0.17671151955890857,0.01301484779864041,0.5,False,False,False,6,0.13943891700000677,,,72,
68009,extratrees,7,bank,0.964476535631749,0.21369255254577696,0.5,False,False,False,6,0.13231991699967693,,,0,
68009,acwm,1,place,0.048553849870728624,,0.5,False,False,False,1,2.8867069180000726,1.7124047210004392,1554b76b-3bb4-4a41-9707-87639bfc710d,72,
68009,acwm,2,place,0.047090175695218374,,0.5,False,False,False,2,2.753809960000126,1.6150826920002146,69314244-0779-420d-9769-a8576358659e,72,
68009,acwm,3,place,0.04705144161656932,,0.5,False,False,False,3,2.848773417999837,1.707728314999713,e11713c4-8706-4776-aa60-a3e0f8c29dbe,72,
68009,acwm,4,place,0.04787048808126271,,0.5,False,False,False,4,2.936591959999987,1.7092173340001864,4decd2e0-0034-444e-8d1e-c6b14f4eec80,72,
68009,acwm,5,place,0.06010427232038648,,0.5,False,False,False,5,2.706586459999926,1.5379368879998765,6bdf8431-b418-4976-bd5d-227cc1c28f03,72,
68009,acwm,6,place,0.06320715799361103,,0.5,False,False,False,6,2.6376927510000314,1.5207530800003042,ee20b577-a87f-48da-9285-0119b7e8d847,72,
68009,acwm,7,bank,0.8680861472958952,,0.5,False,False,False,6,2.906339501000275,1.6463487979999627,1c3c18da-1229-4bdf-a3d8-c19c967e61e5,0,
68010,vla,1,place,,,,False,False,False,1,9.590003173798323e-07,,,72,
68010,vla,2,place,,,,False,False,False,2,8.329998308909126e-07,,,72,
68010,vla,3,place,,,,False,False,False,3,7.08000243321294e-07,,,72,
68010,vla,4,place,,,,False,False,False,4,7.910002750577405e-07,,,72,
68010,vla,5,place,,,,False,False,False,5,7.909998203103896e-07,,,72,
68010,vla,6,place,,,,False,False,False,6,7.909998203103896e-07,,,72,
68010,vla,7,place,,,,False,False,False,7,7.49999799154466e-07,,,72,
68010,vla,8,place,,,,False,False,False,8,5.829997462569736e-07,,,72,
68010,vla,9,place,,,,False,False,False,9,6.250002115848474e-07,,,72,
68010,vla,10,place,,,,False,True,False,10,7.089997779985424e-07,,,72,
68010,rule,1,place,,,,False,False,False,1,1.249999968422344e-06,,,72,
68010,rule,2,place,,,,False,False,False,2,1.0829999155248515e-06,,,72,
68010,rule,3,place,,,,False,False,False,3,8.750002962187864e-07,,,72,
68010,rule,4,place,,,,False,False,False,4,9.99999883788405e-07,,,72,
68010,rule,5,place,,,,False,False,False,5,8.329998308909126e-07,,,72,
68010,rule,6,place,,,,False,False,False,6,7.909998203103896e-07,,,72,
68010,rule,7,place,,,,False,False,False,7,7.909998203103896e-07,,,72,
68010,rule,8,place,,,,False,False,False,8,9.170003067993093e-07,,,72,
68010,rule,9,place,,,,False,False,False,9,9.170003067993093e-07,,,72,
68010,rule,10,bank,,,,False,True,False,9,8.749998414714355e-07,,,0,
68010,width_rule,1,place,,,,False,False,False,1,1.666000116529176e-06,,,72,
68010,width_rule,2,place,,,,False,False,False,2,1.8749997252598405e-06,,,72,
68010,width_rule,3,place,,,,False,False,False,3,1.5830000847927295e-06,,,72,
68010,width_rule,4,place,,,,False,False,False,4,1.45800004247576e-06,,,72,
68010,width_rule,5,place,,,,False,False,False,5,1.5830000847927295e-06,,,72,
68010,width_rule,6,place,,,,False,False,False,6,1.5420000636368059e-06,,,72,
68010,width_rule,7,place,,,,False,False,False,7,1.45800004247576e-06,,,72,
68010,width_rule,8,place,,,,False,False,False,8,1.500000053056283e-06,,,72,
68010,width_rule,9,bank,,,,False,False,False,8,1.6250000953732524e-06,,,0,
68010,extratrees,1,place,0.0,0.0,0.5,False,False,False,1,0.12618404199974975,,,72,
68010,extratrees,2,place,0.0,0.0,0.5,False,False,False,2,0.11730379199980234,,,72,
68010,extratrees,3,place,0.0,0.0,0.5,False,False,False,3,0.11627016700003878,,,72,
68010,extratrees,4,place,0.0,0.0,0.5,False,False,False,4,0.13856587500004025,,,72,
68010,extratrees,5,place,0.0,0.0,0.5,False,False,False,5,0.14381887500030643,,,72,
68010,extratrees,6,place,0.054784220404012,0.0,0.5,False,False,False,6,0.1400781659999666,,,72,
68010,extratrees,7,place,0.13885117373885258,0.05468069032120679,0.5,False,False,False,7,0.12679966699988654,,,72,
68010,extratrees,8,place,0.14431246204572912,0.15552724727756578,0.5,False,False,False,8,0.14746187499986263,,,72,
68010,extratrees,9,place,0.3067146212978611,0.14675515216840063,0.5,False,False,False,9,0.11766175000002477,,,72,
68010,extratrees,10,bank,0.8527974318199079,0.26821226463061737,0.5,False,True,False,9,0.13659037499974147,,,0,
68010,acwm,1,place,0.07951416610049711,,0.5,False,False,False,1,2.931650625999737,1.6599744629997986,adb7f357-10f3-4eaf-97c9-15ea27b2db6e,72,
68010,acwm,2,place,0.15086885704213243,,0.5,False,False,False,2,2.874239667999973,1.7232828440000958,26de2f15-425f-42a5-8a60-24c5c784a44a,72,
68010,acwm,3,place,0.1238814194518468,,0.5,False,False,False,3,2.880685418000212,1.7067866630000026,d1921cfc-d5bc-4d3a-85ac-537d8a2fa9eb,72,
68010,acwm,4,place,0.054173660653382305,,0.5,False,False,False,4,2.9493750430001455,1.713005141999929,cea009ad-6832-450e-a428-5b5bd5303d71,72,
68010,acwm,5,place,0.05352945336656484,,0.5,False,False,False,5,2.960032917999797,1.6631828800000221,5fb8f838-dff8-4a04-8b28-6dba83b0ea93,72,
68010,acwm,6,place,0.02061273382604054,,0.5,False,False,False,6,2.8672612519999348,1.7076459599998088,e56a6597-ab76-4b38-878e-7c0abd38f685,72,
68010,acwm,7,place,0.06905357736717294,,0.5,False,False,False,7,2.856207584999993,1.722087515000112,e9495310-37b0-4788-b216-6ae80ea13dd5,72,
68010,acwm,8,place,0.09398426582983413,,0.5,False,False,False,8,2.8033373339999343,1.6701394839997192,5a26cd76-00bf-4fa2-9ada-a6519a4d90cc,72,
68010,acwm,9,place,0.04774286313744722,,0.5,False,False,False,9,2.9449655849998635,1.695328765999875,cd0394a3-4a91-44a0-9215-235d46e9d8ea,72,
68010,acwm,10,bank,0.6606014341012789,,0.5,False,True,False,9,2.8563767509999707,1.6808877290000055,1ce95184-190e-4c42-b3ba-1c91701d1c40,0,
68011,vla,1,place,,,,False,False,False,1,8.329998308909126e-07,,,72,
68011,vla,2,place,,,,False,False,False,2,8.750002962187864e-07,,,72,
68011,vla,3,place,,,,False,False,False,3,8.329998308909126e-07,,,72,
68011,vla,4,place,,,,False,False,False,4,6.659997779934201e-07,,,72,
68011,vla,5,place,,,,False,False,False,5,6.670002221653704e-07,,,72,
68011,vla,6,place,,,,False,False,False,6,7.49999799154466e-07,,,72,
68011,vla,7,place,,,,False,False,False,7,6.670002221653704e-07,,,72,
68011,vla,8,place,,,,True,True,True,0,7.500002539018169e-07,,,72,
68011,rule,1,place,,,,False,False,False,1,1.2090004020137712e-06,,,72,
68011,rule,2,place,,,,False,False,False,2,1.207999957841821e-06,,,72,
68011,rule,3,place,,,,False,False,False,3,8.750002962187864e-07,,,72,
68011,rule,4,place,,,,False,False,False,4,9.170003067993093e-07,,,72,
68011,rule,5,place,,,,False,False,False,5,1.0410003596916795e-06,,,72,
68011,rule,6,place,,,,False,False,False,6,8.749998414714355e-07,,,72,
68011,rule,7,place,,,,False,False,False,7,9.58000327955233e-07,,,72,
68011,rule,8,place,,,,True,True,True,0,8.329998308909126e-07,,,72,
68011,width_rule,1,place,,,,False,False,False,1,2.249999852210749e-06,,,72,
68011,width_rule,2,place,,,,False,False,False,2,2.249999852210749e-06,,,72,
68011,width_rule,3,place,,,,False,False,False,3,1.6249996406259015e-06,,,72,
68011,width_rule,4,place,,,,False,False,False,4,1.5840000742173288e-06,,,72,
68011,width_rule,5,place,,,,False,False,False,5,1.7090001165342983e-06,,,72,
68011,width_rule,6,place,,,,False,False,False,6,1.4170000213198364e-06,,,72,
68011,width_rule,7,bank,,,,False,False,False,6,1.8329997146793175e-06,,,0,
68011,extratrees,1,place,0.0,0.0,0.5,False,False,False,1,0.1526650409996364,,,72,
68011,extratrees,2,place,0.0,0.0,0.5,False,False,False,2,0.12837370800025383,,,72,
68011,extratrees,3,place,0.0022185114503816793,0.0,0.5,False,False,False,3,0.11598845800017443,,,72,
68011,extratrees,4,place,0.0,0.0,0.5,False,False,False,4,0.141969207999864,,,72,
68011,extratrees,5,place,0.0,0.0,0.5,False,False,False,5,0.11495562500022061,,,72,
68011,extratrees,6,place,0.1118506732625557,0.008880958648278457,0.5,False,False,False,6,0.12452070799963622,,,72,
68011,extratrees,7,bank,0.8731156873157172,0.0793734095702383,0.5,False,False,False,6,0.13060566700005438,,,0,
68011,acwm,1,place,0.037737989641863,,0.5,False,False,False,1,2.8440195009998206,1.6746281949999684,57d57b2e-2870-4da3-af30-9b4b2d90db8e,72,
68011,acwm,2,place,0.02780187090779309,,0.5,False,False,False,2,2.871413001000292,1.6970965000000433,af255725-bf35-4838-810a-4c9c826311f4,72,
68011,acwm,3,place,0.046849952057934546,,0.5,False,False,False,3,2.869322959999863,1.6673390299997664,225cf788-3a0d-4f4d-84da-a8c6cad0433d,72,
68011,acwm,4,place,0.11568169527735839,,0.5,False,False,False,4,2.996910835000108,1.6945393400001194,67dc2286-d0a5-43a1-a0aa-76cccfa777f5,72,
68011,acwm,5,bank,0.9366946582926338,,0.5,False,False,False,4,2.9156992100001844,1.7113686759998927,a7c3d1cb-ca39-4b1f-9443-24d505233e58,0,
68012,vla,1,place,,,,False,False,False,1,7.079997885739431e-07,,,72,
68012,vla,2,place,,,,False,False,False,2,7.920002644823398e-07,,,72,
68012,vla,3,place,,,,False,False,False,3,7.079997885739431e-07,,,72,
68012,vla,4,place,,,,False,False,False,4,7.500002539018169e-07,,,72,
68012,vla,5,place,,,,False,False,False,5,6.249997568374965e-07,,,72,
68012,vla,6,place,,,,False,False,False,6,7.910002750577405e-07,,,72,
68012,vla,7,place,,,,False,False,False,7,6.659997779934201e-07,,,72,
68012,vla,8,place,,,,False,False,False,8,6.670002221653704e-07,,,72,
68012,vla,9,place,,,,False,False,False,9,6.249997568374965e-07,,,72,
68012,vla,10,place,,,,True,True,True,0,7.91999809734989e-07,,,72,
68012,rule,1,place,,,,False,False,False,1,1.0410003596916795e-06,,,72,
68012,rule,2,place,,,,False,False,False,2,1.0829999155248515e-06,,,72,
68012,rule,3,place,,,,False,False,False,3,9.99999883788405e-07,,,72,
68012,rule,4,place,,,,False,False,False,4,1.1670003914332483e-06,,,72,
68012,rule,5,place,,,,False,False,False,5,8.749998414714355e-07,,,72,
68012,rule,6,place,,,,False,False,False,6,7.49999799154466e-07,,,72,
68012,rule,7,place,,,,False,False,False,7,8.749998414714355e-07,,,72,
68012,rule,8,place,,,,False,False,False,8,9.99999883788405e-07,,,72,
68012,rule,9,place,,,,False,False,False,9,1.041999894368928e-06,,,72,
68012,rule,10,bank,,,,True,True,False,9,8.339998203155119e-07,,,0,
68012,width_rule,1,place,,,,False,False,False,1,1.5829996300453786e-06,,,72,
68012,width_rule,2,place,,,,False,False,False,2,1.666000116529176e-06,,,72,
68012,width_rule,3,place,,,,False,False,False,3,1.5420000636368059e-06,,,72,
68012,width_rule,4,place,,,,False,False,False,4,1.7090001165342983e-06,,,72,
68012,width_rule,5,place,,,,False,False,False,5,1.5420000636368059e-06,,,72,
68012,width_rule,6,place,,,,False,False,False,6,1.7500001376902219e-06,,,72,
68012,width_rule,7,place,,,,False,False,False,7,1.8340001588512678e-06,,,72,
68012,width_rule,8,place,,,,False,False,False,8,1.6250000953732524e-06,,,72,
68012,width_rule,9,bank,,,,False,False,False,8,1.916000201163115e-06,,,0,
68012,extratrees,1,place,0.0,0.0,0.5,False,False,False,1,0.1309983339997416,,,72,
68012,extratrees,2,place,0.0,0.0,0.5,False,False,False,2,0.12860445900014383,,,72,
68012,extratrees,3,place,0.0,0.0,0.5,False,False,False,3,0.12733079200006614,,,72,
68012,extratrees,4,place,0.0,0.0,0.5,False,False,False,4,0.14638945900014733,,,72,
68012,extratrees,5,place,0.0,0.0,0.5,False,False,False,5,0.12538466600017273,,,72,
68012,extratrees,6,place,0.07073643433176435,0.0,0.5,False,False,False,6,0.14655520799988153,,,72,
68012,extratrees,7,place,0.020710606482022748,0.11176924331718442,0.5,False,False,False,7,0.12516324999978679,,,72,
68012,extratrees,8,place,0.02795156857001964,0.018367862429679933,0.5,False,False,False,8,0.11215812499995081,,,72,
68012,extratrees,9,bank,0.6876113994660504,0.035315893558648545,0.5,False,False,False,8,0.15506116599999586,,,0,
68012,acwm,1,place,0.05132007363857227,,0.5,False,False,False,1,2.8473731680001038,1.6699688109997624,1be70e3d-3b28-46f4-907e-f7a87e374ef7,72,
68012,acwm,2,place,0.05153170055854688,,0.5,False,False,False,2,2.840464501000042,1.6142748590000338,550af717-f873-49d8-a36b-40c6d3264c76,72,
68012,acwm,3,place,0.06684982258556597,,0.5,False,False,False,3,2.7993971270002476,1.5490163060003397,4dc64498-9c4b-44f7-9f2c-485c97637f13,72,
68012,acwm,4,place,0.08237318920204295,,0.5,False,False,False,4,2.8334360429998924,1.6455149429998528,556976bb-2803-4b20-bd3c-b3d93629545a,72,
68012,acwm,5,place,0.0810158591887901,,0.5,False,False,False,5,2.782264377000047,1.5999932609997813,4b5ce399-9b22-4684-811d-98b4c51fab12,72,
68012,acwm,6,place,0.07024216941080738,,0.5,False,False,False,6,2.784550584000044,1.5026805549996425,f4952a34-df75-4dd0-8008-669567efadcf,72,
68012,acwm,7,place,0.08402915669444991,,0.5,False,False,False,7,2.874479168000107,1.7207650330001343,d03f1c81-6bd9-4ae7-ab3a-5055e1710d5b,72,
68012,acwm,8,place,0.08155525028933906,,0.5,False,False,False,8,2.8434718339999563,1.7026453849998688,69687fc8-b7a6-4791-aa80-8eaec2885e10,72,
68012,acwm,9,bank,0.5812075823189888,,0.5,False,False,False,8,2.929493375999755,1.6509193779997986,d71756cc-b2e6-4c87-99ad-4a766585f463,0,
68013,vla,1,place,,,,False,False,False,1,9.169998520519584e-07,,,72,
68013,vla,2,place,,,,False,False,False,2,8.329998308909126e-07,,,72,
68013,vla,3,place,,,,False,False,False,3,8.329998308909126e-07,,,72,
68013,vla,4,place,,,,False,False,False,4,6.659997779934201e-07,,,72,
68013,vla,5,place,,,,False,False,False,5,7.49999799154466e-07,,,72,
68013,vla,6,place,,,,False,False,False,6,8.339998203155119e-07,,,72,
68013,vla,7,place,,,,False,False,False,7,1.3750000107393134e-06,,,72,
68013,vla,8,place,,,,True,True,True,0,7.49999799154466e-07,,,72,
68013,rule,1,place,,,,False,False,False,1,1.0000003385357559e-06,,,72,
68013,rule,2,place,,,,False,False,False,2,1.0829999155248515e-06,,,72,
68013,rule,3,place,,,,False,False,False,3,8.750002962187864e-07,,,72,
68013,rule,4,place,,,,False,False,False,4,1.3750000107393134e-06,,,72,
68013,rule,5,place,,,,False,False,False,5,9.170003067993093e-07,,,72,
68013,rule,6,place,,,,False,False,False,6,1.0000003385357559e-06,,,72,
68013,rule,7,place,,,,False,False,False,7,8.749998414714355e-07,,,72,
68013,rule,8,bank,,,,True,True,False,7,8.749998414714355e-07,,,0,
68013,width_rule,1,place,,,,False,False,False,1,2.0829997993132565e-06,,,72,
68013,width_rule,2,place,,,,False,False,False,2,2.042000232904684e-06,,,72,
68013,width_rule,3,place,,,,False,False,False,3,1.8749997252598405e-06,,,72,
68013,width_rule,4,place,,,,False,False,False,4,6.666999979643151e-06,,,72,
68013,width_rule,5,place,,,,False,False,False,5,1.45800004247576e-06,,,72,
68013,width_rule,6,place,,,,False,False,False,6,1.708000127109699e-06,,,72,
68013,width_rule,7,bank,,,,False,False,False,6,1.7909997040987946e-06,,,0,
68013,extratrees,1,place,0.0,0.0,0.5,False,False,False,1,0.1502351659996748,,,72,
68013,extratrees,2,place,0.0,0.0,0.5,False,False,False,2,0.13339445900010105,,,72,
68013,extratrees,3,place,0.0,0.0,0.5,False,False,False,3,0.1420258329999342,,,72,
68013,extratrees,4,place,0.0,0.0,0.5,False,False,False,4,0.12767024999993737,,,72,
68013,extratrees,5,place,0.0,0.0,0.5,False,False,False,5,0.13731483300034597,,,72,
68013,extratrees,6,place,0.16952827781641208,0.0,0.5,False,False,False,6,0.11597045899998193,,,72,
68013,extratrees,7,bank,0.8885482488942911,0.215693706872961,0.5,False,False,False,6,0.13782141600040632,,,0,
68013,acwm,1,place,0.03451110653701762,,0.5,False,False,False,1,2.6194359589999294,1.46119020299966,9a89a7a3-8513-46d1-b83d-ba08a288140d,72,
68013,acwm,2,place,0.08348332117664505,,0.5,False,False,False,2,2.832411584000056,1.6148955369999385,b8e8961a-0733-4ea2-b837-eacd23adfca0,72,
68013,acwm,3,place,0.11287954413950659,,0.5,False,False,False,3,2.8172207090001393,1.6628907209997124,47358099-b573-4e6f-8209-d7131d439b95,72,
68013,acwm,4,place,0.09897581179555906,,0.5,False,False,False,4,2.6881688759999633,1.6105816509998476,646388de-6c11-4196-8c75-3e9dabe612ea,72,
68013,acwm,5,bank,0.9248468362165233,,0.5,False,False,False,4,2.9027275429998554,1.6735236650001752,fb66942e-3d28-4d14-a236-6e489c3b79b6,0,
68014,vla,1,place,,,,False,False,False,1,7.49999799154466e-07,,,72,
68014,vla,2,place,,,,False,False,False,2,7.91999809734989e-07,,,72,
68014,vla,3,place,,,,False,False,False,3,6.670002221653704e-07,,,72,
68014,vla,4,place,,,,False,False,False,4,6.249997568374965e-07,,,72,
68014,vla,5,place,,,,False,False,False,5,3.6250003176974133e-06,,,72,
68014,vla,6,place,,,,False,False,False,6,6.249997568374965e-07,,,72,
68014,vla,7,place,,,,False,False,False,7,6.249997568374965e-07,,,72,
68014,vla,8,place,,,,False,False,False,8,6.659997779934201e-07,,,72,
68014,vla,9,place,,,,False,False,False,9,7.910002750577405e-07,,,72,
68014,vla,10,place,,,,False,True,False,10,7.08000243321294e-07,,,72,
68014,rule,1,place,,,,False,False,False,1,9.170003067993093e-07,,,72,
68014,rule,2,place,,,,False,False,False,2,1.249999968422344e-06,,,72,
68014,rule,3,place,,,,False,False,False,3,9.590003173798323e-07,,,72,
68014,rule,4,place,,,,False,False,False,4,8.750002962187864e-07,,,72,
68014,rule,5,place,,,,False,False,False,5,1.583999619469978e-06,,,72,
68014,rule,6,place,,,,False,False,False,6,9.99999883788405e-07,,,72,
68014,rule,7,place,,,,False,False,False,7,9.589998626324814e-07,,,72,
68014,rule,8,place,,,,False,False,False,8,1.1670003914332483e-06,,,72,
68014,rule,9,bank,,,,False,False,False,8,9.589998626324814e-07,,,0,
68014,width_rule,1,place,,,,False,False,False,1,2.165999831049703e-06,,,72,
68014,width_rule,2,place,,,,False,False,False,2,2.2909998733666725e-06,,,72,
68014,width_rule,3,place,,,,False,False,False,3,1.5840000742173288e-06,,,72,
68014,width_rule,4,place,,,,False,False,False,4,2.3749998945277184e-06,,,72,
68014,width_rule,5,place,,,,False,False,False,5,1.749999682942871e-06,,,72,
68014,width_rule,6,place,,,,False,False,False,6,2.1250002646411303e-06,,,72,
68014,width_rule,7,place,,,,False,False,False,7,1.45800004247576e-06,,,72,
68014,width_rule,8,place,,,,False,False,False,8,1.7090001165342983e-06,,,72,
68014,width_rule,9,bank,,,,False,False,False,8,2.1249998098937795e-06,,,0,
68014,extratrees,1,place,0.0,0.0,0.5,False,False,False,1,0.13400095900033193,,,72,
68014,extratrees,2,place,0.0,0.0,0.5,False,False,False,2,0.1602560840001388,,,72,
68014,extratrees,3,place,0.0,0.0,0.5,False,False,False,3,0.11543425000036223,,,72,
68014,extratrees,4,place,0.0,0.0,0.5,False,False,False,4,0.16372512499992808,,,72,
68014,extratrees,5,place,0.0,0.0,0.5,False,False,False,5,0.14103516599971044,,,72,
68014,extratrees,6,place,0.022024077713872717,0.0035268681241359895,0.5,False,False,False,6,0.13833125000019209,,,72,
68014,extratrees,7,place,0.3511275913136619,0.03820447447773983,0.5,False,False,False,7,0.1523472080002648,,,72,
68014,extratrees,8,place,0.3268321910046758,0.2745633408282657,0.5,False,False,False,8,0.13786620899963964,,,72,
68014,extratrees,9,place,0.4938399997202343,0.3926359660137759,0.5,False,False,False,9,0.14040066699999443,,,72,
68014,extratrees,10,bank,0.8123402832398479,0.425135315933709,0.5,False,True,False,9,0.12668887500012715,,,0,
68014,acwm,1,place,0.08624118825659007,,0.5,False,False,False,1,2.6784677929999816,1.5773890339996797,ece9a3f4-5a59-4d99-9e40-5bf592d90a7c,72,
68014,acwm,2,place,0.09881015485795401,,0.5,False,False,False,2,2.917509168000379,1.7136307450000459,0030c7c5-241d-4bd5-88f8-f7cf8214b705,72,
68014,acwm,3,place,0.07326407476378576,,0.5,False,False,False,3,4.359598252000069,1.6783364499997333,6c5a53a5-2e2f-4092-b3a0-de1b17c20f72,72,
68014,acwm,4,place,0.05081099823595302,,0.5,False,False,False,4,2.851621375000377,1.5947007329996268,9518cd5c-ea17-4f26-a06a-dcc44e087a2e,72,
68014,acwm,5,place,0.1022804543173664,,0.5,False,False,False,5,2.7829369180003596,1.607651044999784,13deba7d-abbb-483f-a6cd-c50f3d6057cf,72,
68014,acwm,6,place,0.056159330399372424,,0.5,False,False,False,6,2.7220067930002187,1.5766694409999218,ba82c60c-5474-40bb-9eb1-3f3b94162d73,72,
68014,acwm,7,place,0.07703804862650633,,0.5,False,False,False,7,2.5459819590000734,1.4767730290000145,81d9adca-9e82-48a7-a476-6a0344562ab0,72,
68014,acwm,8,place,0.18695636147732445,,0.5,False,False,False,8,2.6218995840004027,1.5147727469993697,7526949a-a85b-4960-b6ee-0fec89348739,72,
68014,acwm,9,place,0.03531156183016584,,0.5,False,False,False,9,2.815782126999693,1.5341325610006606,7c0fcf50-adac-4933-9e3a-307b11eea760,72,
68014,acwm,10,bank,0.5464773799196855,,0.5,False,True,False,9,2.7920128339997063,1.713589430999491,a9432f46-ef1d-4095-b728-6e9efe114438,0,
68015,vla,1,place,,,,False,False,False,1,7.910002750577405e-07,,,72,
68015,vla,2,place,,,,False,False,False,2,7.500002539018169e-07,,,72,
68015,vla,3,place,,,,False,False,False,3,7.500002539018169e-07,,,72,
68015,vla,4,place,,,,False,False,False,4,9.169998520519584e-07,,,72,
68015,vla,5,place,,,,False,False,False,5,6.669997674180195e-07,,,72,
68015,vla,6,place,,,,False,False,False,6,3.707999894686509e-06,,,72,
68015,vla,7,place,,,,True,True,True,0,7.91999809734989e-07,,,72,
68015,rule,1,place,,,,False,False,False,1,1.2909999895782676e-06,,,72,
68015,rule,2,place,,,,False,False,False,2,1.1669999366858974e-06,,,72,
68015,rule,3,place,,,,False,False,False,3,1.0829999155248515e-06,,,72,
68015,rule,4,place,,,,False,False,False,4,7.910002750577405e-07,,,72,
68015,rule,5,place,,,,False,False,False,5,1.1669999366858974e-06,,,72,
68015,rule,6,bank,,,,False,False,False,5,1.041999894368928e-06,,,0,
68015,width_rule,1,place,,,,False,False,False,1,2.2089998310548253e-06,,,72,
68015,width_rule,2,place,,,,False,False,False,2,1.8340001588512678e-06,,,72,
68015,width_rule,3,place,,,,False,False,False,3,1.207999957841821e-06,,,72,
68015,width_rule,4,place,,,,False,False,False,4,1.3330000001587905e-06,,,72,
68015,width_rule,5,place,,,,False,False,False,5,1.3750000107393134e-06,,,72,
68015,width_rule,6,place,,,,False,False,False,6,1.3750000107393134e-06,,,72,
68015,width_rule,7,bank,,,,True,True,False,6,2.750000021478627e-06,,,0,
68015,extratrees,1,place,0.0,0.0,0.5,False,False,False,1,0.13547562499979904,,,72,
68015,extratrees,2,place,0.0,0.0,0.5,False,False,False,2,0.12470912500020859,,,72,
68015,extratrees,3,place,0.0,0.0,0.5,False,False,False,3,0.14107883299993773,,,72,
68015,extratrees,4,place,0.0018107476635514017,0.0018107476635514017,0.5,False,False,False,4,0.1161421669999072,,,72,
68015,extratrees,5,place,0.0018107476635514017,0.0018107476635514017,0.5,False,False,False,5,0.1306285000000571,,,72,
68015,extratrees,6,place,0.23229346382709562,0.017788354237426026,0.5,False,False,False,6,0.13999054200030514,,,72,
68015,extratrees,7,bank,0.9772182811304446,0.3162911301933985,0.5,True,True,False,6,0.12473479200025395,,,0,
68015,acwm,1,place,0.05108821834896145,,0.5,False,False,False,1,2.7058043759998327,1.5922999049998907,178520cd-535c-4335-a63f-e0f9d6f1fde0,72,
68015,acwm,2,place,0.08983765008769845,,0.5,False,False,False,2,2.9196445019997554,1.6767689600001177,65c5ca04-9060-487a-a440-19e7b585052c,72,
68015,acwm,3,place,0.049069713368247135,,0.5,False,False,False,3,2.884793001000162,1.6363236340002913,3fef4883-9622-4808-b3da-f006af2bd861,72,
68015,acwm,4,place,0.09088575168779643,,0.5,False,False,False,4,2.949827335000009,1.7058107209995796,f2e6dab4-c243-4bc4-8835-0c610131a0f9,72,
68015,acwm,5,bank,0.7910931841275147,,0.5,False,False,False,4,2.8693676679999953,1.7282800060002046,7236c4be-4ea1-463a-841e-a2a66f651b4c,0,
68016,vla,1,place,,,,False,False,False,1,7.089997779985424e-07,,,72,
68016,vla,2,place,,,,False,False,False,2,9.589998626324814e-07,,,72,
68016,vla,3,place,,,,False,False,False,3,7.079997885739431e-07,,,72,
68016,vla,4,place,,,,False,False,False,4,7.500002539018169e-07,,,72,
68016,vla,5,place,,,,False,False,False,5,6.66000232740771e-07,,,72,
68016,vla,6,place,,,,False,False,False,6,6.250002115848474e-07,,,72,
68016,vla,7,place,,,,False,False,False,7,9.58000327955233e-07,,,72,
68016,vla,8,place,,,,False,False,False,8,3.833999926428078e-06,,,72,
68016,vla,9,place,,,,False,False,False,9,7.920007192296907e-07,,,72,
68016,vla,10,place,,,,True,True,True,0,7.91999809734989e-07,,,72,
68016,rule,1,place,,,,False,False,False,1,1.1249999261053745e-06,,,72,
68016,rule,2,place,,,,False,False,False,2,9.99999883788405e-07,,,72,
68016,rule,3,place,,,,False,False,False,3,8.340002750628628e-07,,,72,
68016,rule,4,place,,,,False,False,False,4,1.041999894368928e-06,,,72,
68016,rule,5,place,,,,False,False,False,5,1.041999894368928e-06,,,72,
68016,rule,6,place,,,,False,False,False,6,8.329998308909126e-07,,,72,
68016,rule,7,place,,,,False,False,False,7,1.0000003385357559e-06,,,72,
68016,rule,8,place,,,,False,False,False,8,1.041999894368928e-06,,,72,
68016,rule,9,bank,,,,False,False,False,8,9.99999429041054e-07,,,0,
68016,width_rule,1,place,,,,False,False,False,1,2.457999926264165e-06,,,72,
68016,width_rule,2,place,,,,False,False,False,2,1.7910001588461455e-06,,,72,
68016,width_rule,3,place,,,,False,False,False,3,2.000000222324161e-06,,,72,
68016,width_rule,4,place,,,,False,False,False,4,1.6670001059537753e-06,,,72,
68016,width_rule,5,place,,,,False,False,False,5,1.2909999895782676e-06,,,72,
68016,width_rule,6,place,,,,False,False,False,6,1.499999598308932e-06,,,72,
68016,width_rule,7,place,,,,False,False,False,7,1.6250005501206033e-06,,,72,
68016,width_rule,8,place,,,,False,False,False,8,1.4170000213198364e-06,,,72,
68016,width_rule,9,bank,,,,False,False,False,8,1.8749997252598405e-06,,,0,
68016,extratrees,1,place,0.0,0.0,0.5,False,False,False,1,0.1281797500000721,,,72,
68016,extratrees,2,place,0.0,0.0,0.5,False,False,False,2,0.15310279200002697,,,72,
68016,extratrees,3,place,0.0,0.0,0.5,False,False,False,3,0.12745499999982712,,,72,
68016,extratrees,4,place,0.0,0.0,0.5,False,False,False,4,0.13562912499946833,,,72,
68016,extratrees,5,place,0.0,0.0,0.5,False,False,False,5,0.11624954200033244,,,72,
68016,extratrees,6,place,0.01303541177013278,0.002100271002710027,0.5,False,False,False,6,0.14101933400070266,,,72,
68016,extratrees,7,place,0.0018107476635514017,0.02076074273395797,0.5,False,False,False,7,0.13813675000074,,,72,
68016,extratrees,8,place,0.025142503046345212,0.0018107476635514017,0.5,False,False,False,8,0.11468995900031587,,,72,
68016,extratrees,9,bank,0.5883831058590283,0.01654354667123667,0.5,False,False,False,8,0.12447549999978946,,,0,
68016,acwm,1,place,0.04764569252893522,,0.5,False,False,False,1,2.8311845009993704,1.7105544810001447,fa2d11bf-0711-48b4-b1c2-73360151f555,72,
68016,acwm,2,place,0.10395413975091848,,0.5,False,False,False,2,2.798009625999839,1.626307416999225,26ba0dc3-5c06-461f-9295-f0315edecec1,72,
68016,acwm,3,place,0.07603135291911564,,0.5,False,False,False,3,2.8725499600004696,1.7155580159997044,82755e7d-063b-4964-8e33-4577e4d865b5,72,
68016,acwm,4,place,0.08613677284693519,,0.5,False,False,False,4,2.912702958999944,1.6479716660005579,38139652-d977-4bd3-9a93-364026bc1b6d,72,
68016,acwm,5,place,0.07288919695965589,,0.5,False,False,False,5,2.7328604590002215,1.5256952259996979,7ad3fa9f-ac88-4983-a715-1ede8e0ab8bd,72,
68016,acwm,6,place,0.09098046479845097,,0.5,False,False,False,6,2.9453247100000226,1.6079552619994502,564afd8d-a906-444f-89d0-d90b5993fda3,72,
68016,acwm,7,place,0.09182897090773982,,0.5,False,False,False,7,2.779185542999585,1.591398570999445,59d30f19-3afd-4914-a748-930adb828505,72,
68016,acwm,8,place,0.09379657830193748,,0.5,False,False,False,8,2.9520977510001103,1.715549127000486,25441cc2-78a7-4259-bf63-a4560442db41,72,
68016,acwm,9,place,0.08100060539319236,,0.5,False,False,False,9,2.8700466259997484,1.644962093999311,b2cc1a62-a324-4ffd-9045-b3a454d129fd,72,
68016,acwm,10,place,0.051548843598445464,,0.5,True,True,True,0,5.588254877000509,1.69643939100024,03575dd3-ff09-40bd-b41e-1d04a12fe3be,72,
68017,vla,1,place,,,,False,False,False,1,8.330007403856143e-07,,,72,
68017,vla,2,place,,,,False,False,False,2,7.91999809734989e-07,,,72,
68017,vla,3,place,,,,False,False,False,3,7.079997885739431e-07,,,72,
68017,vla,4,place,,,,False,False,False,4,8.750002962187864e-07,,,72,
68017,vla,5,place,,,,False,False,False,5,7.91999809734989e-07,,,72,
68017,vla,6,place,,,,False,False,False,6,7.920007192296907e-07,,,72,
68017,vla,7,place,,,,True,True,True,0,7.499993444071151e-07,,,72,
68017,rule,1,place,,,,False,False,False,1,1.3750004654866643e-06,,,72,
68017,rule,2,place,,,,False,False,False,2,1.041999894368928e-06,,,72,
68017,rule,3,place,,,,False,False,False,3,9.589994078851305e-07,,,72,
68017,rule,4,place,,,,False,False,False,4,1.207999957841821e-06,,,72,
68017,rule,5,place,,,,False,False,False,5,9.99999429041054e-07,,,72,
68017,rule,6,place,,,,False,False,False,6,8.750002962187864e-07,,,72,
68017,rule,7,place,,,,True,True,True,0,8.750002962187864e-07,,,72,
68017,width_rule,1,place,,,,False,False,False,1,1.9170001905877143e-06,,,72,
68017,width_rule,2,place,,,,False,False,False,2,1.7920001482707448e-06,,,72,
68017,width_rule,3,place,,,,False,False,False,3,1.4159995771478862e-06,,,72,
68017,width_rule,4,place,,,,False,False,False,4,1.5420000636368059e-06,,,72,
68017,width_rule,5,place,,,,False,False,False,5,1.957999302248936e-06,,,72,
68017,width_rule,6,place,,,,False,False,False,6,1.749999682942871e-06,,,72,
68017,width_rule,7,bank,,,,True,True,False,6,1.45800004247576e-06,,,0,
68017,extratrees,1,place,0.0,0.0,0.5,False,False,False,1,0.145310583000537,,,72,
68017,extratrees,2,place,0.0,0.0,0.5,False,False,False,2,0.1269181669995305,,,72,
68017,extratrees,3,place,0.0,0.0,0.5,False,False,False,3,0.14180349999969621,,,72,
68017,extratrees,4,place,0.0018107476635514017,0.0018107476635514017,0.5,False,False,False,4,0.13674887499928445,,,72,
68017,extratrees,5,place,0.0018107476635514017,0.0018107476635514017,0.5,False,False,False,5,0.1371667499997784,,,72,
68017,extratrees,6,place,0.3279968132817805,0.011045949853552044,0.5,False,False,False,6,0.12161187499987136,,,72,
68017,extratrees,7,bank,0.9463264854612373,0.32482655820289447,0.5,True,True,False,6,0.15210916599971824,,,0,
68017,acwm,1,place,0.03542015142820848,,0.5,False,False,False,1,2.8033585429993764,1.6038284819996989,d1f59ecf-7a12-4954-b266-76c63e136fd9,72,
68017,acwm,2,place,0.018704754269396374,,0.5,False,False,False,2,3.358720460000768,1.6139357349993588,402b700b-9e8b-4c1f-8516-a9454c63757c,72,
68017,acwm,3,place,0.059212706641061846,,0.5,False,False,False,3,2.750258001000475,1.6245653739997579,63b681e6-eb02-43ae-8996-cd4186dc5534,72,
68017,acwm,4,place,0.06171744530504175,,0.5,False,False,False,4,2.9510317929998564,1.7216540160006844,377b552e-c702-4362-a40f-0c479a3b6a48,72,
68017,acwm,5,bank,0.756133634080152,,0.5,False,False,False,4,2.9359482510008093,1.6634518099999696,52c8c7bf-5abd-4d33-944c-2572426831b4,0,
68018,vla,1,place,,,,False,False,False,1,2.415999915683642e-06,,,72,
68018,vla,2,place,,,,False,False,False,2,8.330007403856143e-07,,,72,
68018,vla,3,place,,,,False,False,False,3,8.330007403856143e-07,,,72,
68018,vla,4,place,,,,False,False,False,4,7.500002539018169e-07,,,72,
68018,vla,5,place,,,,False,False,False,5,1.0000003385357559e-06,,,72,
68018,vla,6,place,,,,False,False,False,6,8.749993867240846e-07,,,72,
68018,vla,7,place,,,,False,False,False,7,7.500002539018169e-07,,,72,
68018,vla,8,place,,,,False,False,False,8,6.250002115848474e-07,,,72,
68018,vla,9,place,,,,False,False,False,9,7.920007192296907e-07,,,72,
68018,vla,10,place,,,,False,False,False,10,7.910002750577405e-07,,,72,
68018,rule,1,place,,,,False,False,False,1,1.041999894368928e-06,,,72,
68018,rule,2,place,,,,False,False,False,2,1.45800004247576e-06,,,72,
68018,rule,3,place,,,,False,False,False,3,1.2919999790028669e-06,,,72,
68018,rule,4,place,,,,False,False,False,4,1.0000003385357559e-06,,,72,
68018,rule,5,place,,,,False,False,False,5,1.2090004020137712e-06,,,72,
68018,rule,6,place,,,,False,False,False,6,9.57999873207882e-07,,,72,
68018,rule,7,place,,,,False,False,False,7,9.169998520519584e-07,,,72,
68018,rule,8,place,,,,False,False,False,8,8.340002750628628e-07,,,72,
68018,rule,9,place,,,,False,False,False,9,1.041999894368928e-06,,,72,
68018,rule,10,place,,,,False,False,False,10,9.99999429041054e-07,,,72,
68018,width_rule,1,place,,,,False,False,False,1,2.0830002540606074e-06,,,72,
68018,width_rule,2,place,,,,False,False,False,2,1.959000655915588e-06,,,72,
68018,width_rule,3,place,,,,False,False,False,3,1.3749995559919626e-06,,,72,
68018,width_rule,4,place,,,,False,False,False,4,1.6670001059537753e-06,,,72,
68018,width_rule,5,place,,,,False,False,False,5,1.6249996406259015e-06,,,72,
68018,width_rule,6,place,,,,False,False,False,6,1.6249996406259015e-06,,,72,
68018,width_rule,7,place,,,,False,False,False,7,1.6249996406259015e-06,,,72,
68018,width_rule,8,place,,,,False,False,False,8,2.208000296377577e-06,,,72,
68018,width_rule,9,bank,,,,False,False,False,8,1.99999976757681e-06,,,0,
68018,extratrees,1,place,0.0,0.0,0.5,False,False,False,1,0.1517171249997773,,,72,
68018,extratrees,2,place,0.0,0.0,0.5,False,False,False,2,0.14683712500027468,,,72,
68018,extratrees,3,place,0.0,0.0,0.5,False,False,False,3,0.12878141700002743,,,72,
68018,extratrees,4,place,0.0023231414868105514,0.0023231414868105514,0.5,False,False,False,4,0.1308182080001643,,,72,
68018,extratrees,5,place,0.006403510392064413,0.0045927627285130114,0.5,False,False,False,5,0.12314804200013896,,,72,
68018,extratrees,6,place,0.089198140841236,0.0018107476635514017,0.5,False,False,False,6,0.13600883399976738,,,72,
68018,extratrees,7,place,0.0017161204605845878,0.05386618317164241,0.5,False,False,False,7,0.12822629200036317,,,72,
68018,extratrees,8,place,0.009081742121890187,0.0035268681241359895,0.5,False,False,False,8,0.13406933399983245,,,72,
68018,extratrees,9,place,0.47033865845558365,0.026479552704375044,0.5,False,False,False,9,0.1480012500005614,,,72,
68018,extratrees,10,bank,0.8311900305741744,0.4621190649061811,0.5,False,False,False,9,0.1342749580007876,,,0,
68018,acwm,1,place,0.04706139819477232,,0.5,False,False,False,1,2.7613431680001668,1.579671542000142,bb4ba8b8-0fbf-40f8-bcb7-129185d54fa4,72,
68018,acwm,2,place,0.08011110028831023,,0.5,False,False,False,2,2.793710959999771,1.6108710299995437,e9294917-14fd-4665-8a8e-9a3e850189de,72,
68018,acwm,3,place,0.05355575773790806,,0.5,False,False,False,3,2.9731196679995264,1.6488594290003675,5be2a33e-7b19-4093-80d7-c368a56662e8,72,
68018,acwm,4,place,0.12803393603307484,,0.5,False,False,False,4,2.9969958350002344,1.7156673439994847,25e6bc78-c7d7-4277-a019-ccc1fb4528a7,72,
68018,acwm,5,place,0.13589495276533395,,0.5,False,False,False,5,2.8747039179997955,1.6910990400001538,d04c5835-914d-421c-93c4-d92c7806f4ed,72,
68018,acwm,6,place,0.06991058630473229,,0.5,False,False,False,6,2.887781125999936,1.7163285609995,2d06dd5d-a30b-4971-9453-966be39c59fe,72,
68018,acwm,7,place,0.08023974165679416,,0.5,False,False,False,7,2.7568862090001858,1.7117602389998865,f454741b-34d8-4bf7-97f1-88273497f80c,72,
68018,acwm,8,place,0.2225803763601264,,0.5,False,False,False,8,2.8438152090002404,1.7120226189999812,a8d1c1d7-980d-4b5c-a4ff-ec4fd212a60a,72,
68018,acwm,9,place,0.05029789500003938,,0.5,False,False,False,9,2.831312250999872,1.6551961349996418,da801d60-7861-4378-95a8-dca45c10526c,72,
68018,acwm,10,place,0.30755035193233554,,0.5,False,False,False,10,2.928481918000216,1.5273874040003648,b0b79fd7-ff9d-4144-a1e7-8bfe428201dc,72,
68019,vla,1,place,,,,False,False,False,1,7.500002539018169e-07,,,72,
68019,vla,2,place,,,,False,False,False,2,7.500002539018169e-07,,,72,
68019,vla,3,place,,,,False,False,False,3,6.670006769127212e-07,,,72,
68019,vla,4,place,,,,False,False,False,4,7.91999809734989e-07,,,72,
68019,vla,5,place,,,,False,False,False,5,7.079997885739431e-07,,,72,
68019,vla,6,place,,,,False,False,False,6,8.750002962187864e-07,,,72,
68019,vla,7,place,,,,True,True,True,0,8.329998308909126e-07,,,72,
68019,rule,1,place,,,,False,False,False,1,1.0000003385357559e-06,,,72,
68019,rule,2,place,,,,False,False,False,2,1.166000402008649e-06,,,72,
68019,rule,3,place,,,,False,False,False,3,9.580007827025838e-07,,,72,
68019,rule,4,place,,,,False,False,False,4,9.589994078851305e-07,,,72,
68019,rule,5,place,,,,False,False,False,5,9.99999429041054e-07,,,72,
68019,rule,6,place,,,,False,False,False,6,1.041999894368928e-06,,,72,
68019,rule,7,place,,,,True,True,True,0,1.0410003596916795e-06,,,72,
68019,width_rule,1,place,,,,False,False,False,1,2.499999936844688e-06,,,72,
68019,width_rule,2,place,,,,False,False,False,2,1.749999682942871e-06,,,72,
68019,width_rule,3,place,,,,False,False,False,3,1.5420000636368059e-06,,,72,
68019,width_rule,4,place,,,,False,False,False,4,1.5000005078036338e-06,,,72,
68019,width_rule,5,place,,,,False,False,False,5,1.6249996406259015e-06,,,72,
68019,width_rule,6,place,,,,False,False,False,6,1.6249996406259015e-06,,,72,
68019,width_rule,7,bank,,,,True,True,False,6,2.042000232904684e-06,,,0,
68019,extratrees,1,place,0.0,0.0,0.5,False,False,False,1,0.15329879199998686,,,72,
68019,extratrees,2,place,0.0,0.0,0.5,False,False,False,2,0.14394966700001532,,,72,
68019,extratrees,3,place,0.0,0.0,0.5,False,False,False,3,0.14331645900074363,,,72,
68019,extratrees,4,place,0.0,0.0,0.5,False,False,False,4,0.12291929200000595,,,72,
68019,extratrees,5,place,0.0,0.0,0.5,False,False,False,5,0.13979329199992208,,,72,
68019,extratrees,6,place,0.1275363487256821,0.0,0.5,False,False,False,6,0.12834633300008136,,,72,
68019,extratrees,7,bank,0.9571044356572813,0.13199450971884866,0.5,True,True,False,6,0.13863366700024926,,,0,
68019,acwm,1,place,0.05290974583284423,,0.5,False,False,False,1,2.9220637099997475,1.7259967270001653,cda2dd76-acaf-451b-923a-4e91933679b1,72,
68019,acwm,2,place,0.031728039054296844,,0.5,False,False,False,2,2.8607050849996085,1.7226861950002785,1d677bdf-0068-4e28-9379-ee9fb0dac875,72,
68019,acwm,3,place,0.11356913342078094,,0.5,False,False,False,3,2.810763042999497,1.6355593769994812,c513b38e-45a4-4578-ab65-b18261c335c4,72,
68019,acwm,4,place,0.09483075173593927,,0.5,False,False,False,4,2.9100620850003907,1.716018055000859,c6e61d4a-2ff2-45c9-8321-896276d87ea5,72,
68019,acwm,5,bank,0.9400591718056374,,0.5,False,False,False,4,2.865016334999382,1.7095240649996413,8a3db7cf-5eab-4e84-b378-c5c4092dad36,0,
68020,vla,1,place,,,,False,False,False,1,8.329998308909126e-07,,,72,
68020,vla,2,place,,,,False,False,False,2,1.041999894368928e-06,,,72,
68020,vla,3,place,,,,False,False,False,3,9.169998520519584e-07,,,72,
68020,vla,4,place,,,,False,False,False,4,7.500002539018169e-07,,,72,
68020,vla,5,place,,,,False,False,False,5,8.750002962187864e-07,,,72,
68020,vla,6,place,,,,False,False,False,6,8.750002962187864e-07,,,72,
68020,vla,7,place,,,,False,False,False,7,1.5410005289595574e-06,,,72,
68020,vla,8,place,,,,False,False,False,8,6.66000232740771e-07,,,72,
68020,vla,9,place,,,,False,False,False,9,9.580007827025838e-07,,,72,
68020,vla,10,place,,,,True,True,True,0,6.250002115848474e-07,,,72,
68020,rule,1,place,,,,False,False,False,1,1.1669999366858974e-06,,,72,
68020,rule,2,place,,,,False,False,False,2,1.249999513674993e-06,,,72,
68020,rule,3,place,,,,False,False,False,3,9.99999429041054e-07,,,72,
68020,rule,4,place,,,,False,False,False,4,9.169998520519584e-07,,,72,
68020,rule,5,place,,,,False,False,False,5,9.159994078800082e-07,,,72,
68020,rule,6,place,,,,False,False,False,6,1.041999894368928e-06,,,72,
68020,rule,7,place,,,,False,False,False,7,1.0000003385357559e-06,,,72,
68020,rule,8,place,,,,False,False,False,8,1.207999957841821e-06,,,72,
68020,rule,9,place,,,,False,False,False,9,8.329998308909126e-07,,,72,
68020,rule,10,bank,,,,True,True,False,9,1.0410003596916795e-06,,,0,
68020,width_rule,1,place,,,,False,False,False,1,1.6249996406259015e-06,,,72,
68020,width_rule,2,place,,,,False,False,False,2,1.8330001694266684e-06,,,72,
68020,width_rule,3,place,,,,False,False,False,3,1.8329992599319667e-06,,,72,
68020,width_rule,4,place,,,,False,False,False,4,1.5409996194648556e-06,,,72,
68020,width_rule,5,place,,,,False,False,False,5,1.708000127109699e-06,,,72,
68020,width_rule,6,place,,,,False,False,False,6,1.4589995771530084e-06,,,72,
68020,width_rule,7,place,,,,False,False,False,7,1.5409996194648556e-06,,,72,
68020,width_rule,8,place,,,,False,False,False,8,1.7909997040987946e-06,,,72,
68020,width_rule,9,bank,,,,False,False,False,8,1.6670001059537753e-06,,,0,
68020,extratrees,1,place,0.0,0.0,0.5,False,False,False,1,0.12870183300037752,,,72,
68020,extratrees,2,place,0.0,0.0,0.5,False,False,False,2,0.14176141700045264,,,72,
68020,extratrees,3,place,0.0,0.0,0.5,False,False,False,3,0.1760096660000272,,,72,
68020,extratrees,4,place,0.0,0.0,0.5,False,False,False,4,0.16465291700023954,,,72,
68020,extratrees,5,place,0.0,0.0,0.5,False,False,False,5,0.18284816699997464,,,72,
68020,extratrees,6,place,0.02573396365786568,0.0,0.5,False,False,False,6,0.12742408299982344,,,72,
68020,extratrees,7,place,0.01601798334450238,0.029260831782001662,0.5,False,False,False,7,0.14929974999995466,,,72,
68020,extratrees,8,place,0.0,0.024883478367936362,0.5,False,False,False,8,0.13148712499969406,,,72,
68020,extratrees,9,place,0.464964585790941,0.007885280600793737,0.5,False,False,False,9,0.14064766699993925,,,72,
68020,extratrees,10,bank,0.8329235583618982,0.5586837461817179,0.5,True,True,False,9,0.13760716700016928,,,0,
68020,acwm,1,place,0.0445192624728823,,0.5,False,False,False,1,2.79643391800073,1.6104555779993461,dd23f312-20a1-4299-85ef-fe4c54d97611,72,
68020,acwm,2,place,0.04901254126703945,,0.5,False,False,False,2,2.877966418000142,1.7210780879995582,172a52de-0090-4a87-91cb-a8d26d09b8d7,72,
68020,acwm,3,place,0.05744243556681235,,0.5,False,False,False,3,2.7822053339996273,1.676983520000249,4bee0271-142e-42b9-8c88-5c9071e1de84,72,
68020,acwm,4,place,0.057468311776143616,,0.5,False,False,False,4,2.7780722929992407,1.7090733350005394,7e0707a2-b1cd-4bc3-bdca-cac2c15c967f,72,
68020,acwm,5,place,0.12600937232796008,,0.5,False,False,False,5,2.877306958999725,1.7042918440001813,030e2066-c74e-4f8b-96d8-3467ebcfe957,72,
68020,acwm,6,place,0.07609712894777265,,0.5,False,False,False,6,2.846689459999652,1.715604431000429,1de90ef4-6d87-452e-893b-16dfc0ca8174,72,
68020,acwm,7,place,0.05170258001889949,,0.5,False,False,False,7,2.7578153759995985,1.5409070490004524,9926279f-75cd-4e5d-beac-9d30500f0893,72,
68020,acwm,8,place,0.16567994223712332,,0.5,False,False,False,8,2.635758626000097,1.4435838939998575,0a6bb5ac-0736-4d0d-a606-63e1f19d66e5,72,
68020,acwm,9,place,0.13484613876201978,,0.5,False,False,False,9,2.7885312099997464,1.67047093400015,24ee2bd4-8d0b-422c-adb7-186466c08a94,72,
68020,acwm,10,bank,0.6922792566475033,,0.5,True,True,False,9,2.6250432520000686,1.515557601999717,e7134eca-4188-44d2-9e8a-ffbbe2146f4e,0,
68021,vla,1,place,,,,False,False,False,1,9.169998520519584e-07,,,72,
68021,vla,2,place,,,,False,False,False,2,9.57999873207882e-07,,,72,
68021,vla,3,place,,,,False,False,False,3,6.669997674180195e-07,,,72,
68021,vla,4,place,,,,False,False,False,4,3.6669998735305853e-06,,,72,
68021,vla,5,place,,,,False,False,False,5,1.0000003385357559e-06,,,72,
68021,vla,6,place,,,,False,False,False,6,6.670006769127212e-07,,,72,
68021,vla,7,place,,,,False,False,False,7,7.079997885739431e-07,,,72,
68021,vla,8,place,,,,True,True,True,0,7.920007192296907e-07,,,72,
68021,rule,1,place,,,,False,False,False,1,1.0840003596968018e-06,,,72,
68021,rule,2,place,,,,False,False,False,2,1.0410003596916795e-06,,,72,
68021,rule,3,place,,,,False,False,False,3,9.169998520519584e-07,,,72,
68021,rule,4,place,,,,False,False,False,4,8.340002750628628e-07,,,72,
68021,rule,5,place,,,,False,False,False,5,1.0000003385357559e-06,,,72,
68021,rule,6,place,,,,False,False,False,6,7.91999809734989e-07,,,72,
68021,rule,7,place,,,,False,False,False,7,9.57999873207882e-07,,,72,
68021,rule,8,place,,,,True,True,True,0,8.750002962187864e-07,,,72,
68021,width_rule,1,place,,,,False,False,False,1,2.3330003386945464e-06,,,72,
68021,width_rule,2,place,,,,False,False,False,2,2.0000006770715117e-06,,,72,
68021,width_rule,3,place,,,,False,False,False,3,1.8330001694266684e-06,,,72,
68021,width_rule,4,place,,,,False,False,False,4,1.749999682942871e-06,,,72,
68021,width_rule,5,place,,,,False,False,False,5,1.708000127109699e-06,,,72,
68021,width_rule,6,place,,,,False,False,False,6,1.5000005078036338e-06,,,72,
68021,width_rule,7,bank,,,,False,False,False,6,1.6250005501206033e-06,,,0,
68021,extratrees,1,place,0.0,0.0,0.5,False,False,False,1,0.12090050000006158,,,72,
68021,extratrees,2,place,0.0,0.0,0.5,False,False,False,2,0.12420250000013766,,,72,
68021,extratrees,3,place,0.0,0.0,0.5,False,False,False,3,0.1261731670001609,,,72,
68021,extratrees,4,place,0.0,0.0,0.5,False,False,False,4,0.1304827080002724,,,72,
68021,extratrees,5,place,0.0021696528555431127,0.0,0.5,False,False,False,5,0.15284524999970017,,,72,
68021,extratrees,6,place,0.023506082302108752,0.003114429775034675,0.5,False,False,False,6,0.13933458400060772,,,72,
68021,extratrees,7,bank,0.8158915964571968,0.015273801905345488,0.5,False,False,False,6,0.11863970899958076,,,0,
68021,acwm,1,place,0.050677647649327216,,0.5,False,False,False,1,4.275556585000231,1.5958118759999707,faad2f6f-ac0a-45ea-b9a0-6b1e8967923b,72,
68021,acwm,2,place,0.06290116738822056,,0.5,False,False,False,2,2.65909696000017,1.6034090980001565,7d2f26c3-8c99-446e-98a8-03d90dfa3d26,72,
68021,acwm,3,place,0.03739423827010229,,0.5,False,False,False,3,2.9387687919997916,1.7150418230003197,9b0dcb92-afaf-4131-9be8-0020234e290d,72,
68021,acwm,4,place,0.028352194153559034,,0.5,False,False,False,4,2.9565774180000517,1.6360120489998735,03d9c244-346d-4fed-b718-ace1d22376da,72,
68021,acwm,5,place,0.14102752763427576,,0.5,False,False,False,5,2.580453292999664,1.519943338000303,58c4d183-7174-4044-aaec-81c58ead8351,72,
68021,acwm,6,place,0.1974156454357352,,0.5,False,False,False,6,2.820162750000236,1.7083942179997393,001c77e3-5927-4816-9dd9-7d5bd74c6903,72,
68021,acwm,7,bank,0.9711578847269509,,0.5,False,False,False,6,2.8105199179999545,1.5314209069993012,49efc385-69ab-4ce1-88d8-223154c7f6e4,0,
68022,vla,1,place,,,,False,False,False,1,7.500002539018169e-07,,,72,
68022,vla,2,place,,,,False,False,False,2,1.0000003385357559e-06,,,72,
68022,vla,3,place,,,,False,False,False,3,1.0409994501969777e-06,,,72,
68022,vla,4,place,,,,False,False,False,4,7.91999809734989e-07,,,72,
68022,vla,5,place,,,,False,False,False,5,6.669997674180195e-07,,,72,
68022,vla,6,place,,,,False,False,False,6,9.57999873207882e-07,,,72,
68022,vla,7,place,,,,False,False,False,7,6.66000232740771e-07,,,72,
68022,vla,8,place,,,,False,False,False,8,6.669997674180195e-07,,,72,
68022,vla,9,place,,,,False,True,False,9,7.499993444071151e-07,,,72,
68022,vla,10,place,,,,True,True,True,0,7.080006980686449e-07,,,72,
68022,rule,1,place,,,,False,False,False,1,1.041999894368928e-06,,,72,
68022,rule,2,place,,,,False,False,False,2,1.1250003808527254e-06,,,72,
68022,rule,3,place,,,,False,False,False,3,8.33999365568161e-07,,,72,
68022,rule,4,place,,,,False,False,False,4,8.750002962187864e-07,,,72,
68022,rule,5,place,,,,False,False,False,5,7.91999809734989e-07,,,72,
68022,rule,6,place,,,,False,False,False,6,9.57999873207882e-07,,,72,
68022,rule,7,place,,,,False,False,False,7,8.750002962187864e-07,,,72,
68022,rule,8,place,,,,False,False,False,8,1.0000003385357559e-06,,,72,
68022,rule,9,place,,,,False,True,False,9,1.1249994713580236e-06,,,72,
68022,rule,10,bank,,,,True,True,True,0,8.750002962187864e-07,,,0,
68022,width_rule,1,place,,,,False,False,False,1,2.0829993445659056e-06,,,72,
68022,width_rule,2,place,,,,False,False,False,2,1.749999682942871e-06,,,72,
68022,width_rule,3,place,,,,False,False,False,3,1.2919999790028669e-06,,,72,
68022,width_rule,4,place,,,,False,False,False,4,1.7090005712816492e-06,,,72,
68022,width_rule,5,place,,,,False,False,False,5,1.4170000213198364e-06,,,72,
68022,width_rule,6,place,,,,False,False,False,6,1.7920001482707448e-06,,,72,
68022,width_rule,7,place,,,,False,False,False,7,1.708000127109699e-06,,,72,
68022,width_rule,8,place,,,,False,False,False,8,1.6249996406259015e-06,,,72,
68022,width_rule,9,bank,,,,False,True,False,8,1.45800004247576e-06,,,0,
68022,extratrees,1,place,0.0,0.0,0.5,False,False,False,1,0.14340941699992982,,,72,
68022,extratrees,2,place,0.0,0.0,0.5,False,False,False,2,0.13681566699960968,,,72,
68022,extratrees,3,place,0.0,0.0,0.5,False,False,False,3,0.16098904099999345,,,72,
68022,extratrees,4,place,0.0,0.0,0.5,False,False,False,4,0.12524074999964796,,,72,
68022,extratrees,5,place,0.001916419386745796,0.0,0.5,False,False,False,5,0.1475267920004626,,,72,
68022,extratrees,6,place,0.05793389839811408,0.004186040628448256,0.5,False,False,False,6,0.13118708399997558,,,72,
68022,extratrees,7,place,0.011824833165895046,0.025492185117081543,0.5,False,False,False,7,0.1434015000004365,,,72,
68022,extratrees,8,place,0.008009659633027596,0.01689738688476253,0.5,False,False,False,8,0.13387558400063426,,,72,
68022,extratrees,9,bank,0.6059997597371286,0.029445647150995784,0.5,False,True,False,8,0.1390051250000397,,,0,
68022,acwm,1,place,0.0704417636150951,,0.5,False,False,False,1,2.799511043000166,1.6968097069993746,8f864076-47e9-4080-9c08-a9c4428584a3,72,
68022,acwm,2,place,0.08816846389412974,,0.5,False,False,False,2,2.862587834999431,1.7107615230006559,dae3c941-70ed-47a7-8b8e-43b7ac63cb9a,72,
68022,acwm,3,place,0.046021866119356554,,0.5,False,False,False,3,2.716477625999687,1.5230943609994938,49fe62ca-17d4-4100-9404-69049fddfb63,72,
68022,acwm,4,place,0.08453883405223135,,0.5,False,False,False,4,2.6099277100001927,1.5397347910002281,6fb6681f-e11e-4428-b72f-b040648fe54e,72,
68022,acwm,5,place,0.12447892420680068,,0.5,False,False,False,5,2.881033792999915,1.7246759950003252,240a8c3a-42f2-48a7-8a8f-c8645931ceae,72,
68022,acwm,6,place,0.11508210262927951,,0.5,False,False,False,6,2.853419333999227,1.7138112800003,0ed9f8c5-fa66-43a8-b999-896b23751da5,72,
68022,acwm,7,place,0.08718256672777955,,0.5,False,False,False,7,2.791328792999593,1.5581183300000703,495683e9-b825-4bfe-a1de-7f99f13c1bb8,72,
68022,acwm,8,place,0.07417113753201471,,0.5,False,False,False,8,2.866442460000144,1.645264904999749,422e9ff6-b2aa-491f-b822-ceaa4e183db8,72,
68022,acwm,9,place,0.04835389249113657,,0.5,False,True,False,9,2.8564424599999256,1.7019306670008518,e4893f97-c552-45d4-b19d-8e936ea14277,72,
68022,acwm,10,bank,0.7360474180793085,,0.5,True,True,True,0,2.795512750999478,1.7119923299997026,4d44e605-2d56-41c3-a7bb-0896253e53b1,0,
68023,vla,1,place,,,,False,False,False,1,9.57999873207882e-07,,,72,
68023,vla,2,place,,,,False,False,False,2,1.0000003385357559e-06,,,72,
68023,vla,3,place,,,,False,False,False,3,7.500002539018169e-07,,,72,
68023,vla,4,place,,,,False,False,False,4,7.080006980686449e-07,,,72,
68023,vla,5,place,,,,False,False,False,5,7.91999809734989e-07,,,72,
68023,vla,6,place,,,,False,False,False,6,8.33999365568161e-07,,,72,
68023,vla,7,place,,,,True,True,True,0,5.829997462569736e-07,,,72,
68023,rule,1,place,,,,False,False,False,1,1.3750004654866643e-06,,,72,
68023,rule,2,place,,,,False,False,False,2,1.1669999366858974e-06,,,72,
68023,rule,3,bank,,,,False,False,False,2,7.500002539018169e-07,,,0,
68023,width_rule,1,place,,,,False,False,False,1,2.5420004021725617e-06,,,72,
68023,width_rule,2,place,,,,False,False,False,2,1.8330001694266684e-06,,,72,
68023,width_rule,3,place,,,,False,False,False,3,1.45800004247576e-06,,,72,
68023,width_rule,4,place,,,,False,False,False,4,1.5409996194648556e-06,,,72,
68023,width_rule,5,place,,,,False,False,False,5,1.6670001059537753e-06,,,72,
68023,width_rule,6,place,,,,False,False,False,6,1.7500005924375728e-06,,,72,
68023,width_rule,7,bank,,,,True,True,False,6,1.5409996194648556e-06,,,0,
68023,extratrees,1,place,0.0,0.0,0.5,False,False,False,1,0.13804958299988357,,,72,
68023,extratrees,2,place,0.0,0.0,0.5,False,False,False,2,0.14894954100054747,,,72,
68023,extratrees,3,place,0.0,0.0,0.5,False,False,False,3,0.12148433400034264,,,72,
68023,extratrees,4,place,0.0,0.0,0.5,False,False,False,4,0.12067816700073308,,,72,
68023,extratrees,5,place,0.0018107476635514017,0.0018107476635514017,0.5,False,False,False,5,0.14611479199993482,,,72,
68023,extratrees,6,place,0.15791473469894993,0.0018107476635514017,0.5,False,False,False,6,0.15492983300009655,,,72,
68023,extratrees,7,bank,0.9545034096071626,0.12161049200790504,0.5,True,True,False,6,0.14099137500033976,,,0,
68023,acwm,1,place,0.04777030595060362,,0.5,False,False,False,1,2.8690617510001175,1.7202023149993693,84ded471-a289-40a2-bbd4-62b0480e75ea,72,
68023,acwm,2,place,0.03220453000387815,,0.5,False,False,False,2,2.7108042509998995,1.5666684130001158,46fe8cd0-fe23-4229-b286-b36487e93047,72,
68023,acwm,3,place,0.11052335479756084,,0.5,False,False,False,3,2.6700732089993835,1.5992335119999552,836dfad7-bf9e-4b88-8b17-588907ac0df8,72,
68023,acwm,4,place,0.05045149064980601,,0.5,False,False,False,4,2.9403016679998473,1.7102352349993453,3c249707-7618-4450-b355-068056f7cc0b,72,
68023,acwm,5,bank,0.9463964290627571,,0.5,False,False,False,4,2.8778697090001515,1.7086820430004082,2127cd77-b2d3-4260-8d4e-c22524bcec58,0,
68024,vla,1,place,,,,False,False,False,1,9.590003173798323e-07,,,72,
68024,vla,2,place,,,,False,False,False,2,8.340002750628628e-07,,,72,
68024,vla,3,place,,,,False,False,False,3,6.670006769127212e-07,,,72,
68024,vla,4,place,,,,False,False,False,4,8.329998308909126e-07,,,72,
68024,vla,5,place,,,,False,False,False,5,1.3750004654866643e-06,,,72,
68024,vla,6,place,,,,False,False,False,6,7.080006980686449e-07,,,72,
68024,vla,7,place,,,,False,False,False,7,7.91999809734989e-07,,,72,
68024,vla,8,place,,,,False,False,False,8,7.080006980686449e-07,,,72,
68024,vla,9,place,,,,False,False,False,9,5.840001904289238e-07,,,72,
68024,vla,10,place,,,,False,False,False,10,7.91999809734989e-07,,,72,
68024,rule,1,place,,,,False,False,False,1,1.1669999366858974e-06,,,72,
68024,rule,2,place,,,,False,False,False,2,1.1249994713580236e-06,,,72,
68024,rule,3,place,,,,False,False,False,3,1.0839994502021e-06,,,72,
68024,rule,4,place,,,,False,False,False,4,1.0000003385357559e-06,,,72,
68024,rule,5,place,,,,False,False,False,5,9.590003173798323e-07,,,72,
68024,rule,6,place,,,,False,False,False,6,1.1250003808527254e-06,,,72,
68024,rule,7,place,,,,False,False,False,7,8.750002962187864e-07,,,72,
68024,rule,8,place,,,,False,False,False,8,8.750002962187864e-07,,,72,
68024,rule,9,place,,,,False,False,False,9,1.0829999155248515e-06,,,72,
68024,rule,10,place,,,,False,False,False,10,1.0840003596968018e-06,,,72,
68024,width_rule,1,place,,,,False,False,False,1,1.9589997464208864e-06,,,72,
68024,width_rule,2,place,,,,False,False,False,2,1.7909997040987946e-06,,,72,
68024,width_rule,3,place,,,,False,False,False,3,1.583999619469978e-06,,,72,
68024,width_rule,4,place,,,,False,False,False,4,1.749999682942871e-06,,,72,
68024,width_rule,5,place,,,,False,False,False,5,1.5000005078036338e-06,,,72,
68024,width_rule,6,place,,,,False,False,False,6,1.8340006135986187e-06,,,72,
68024,width_rule,7,place,,,,False,False,False,7,1.6670001059537753e-06,,,72,
68024,width_rule,8,place,,,,False,False,False,8,1.6670001059537753e-06,,,72,
68024,width_rule,9,bank,,,,False,False,False,8,1.5000005078036338e-06,,,0,
68024,extratrees,1,place,0.0,0.0,0.5,False,False,False,1,0.14035299999977724,,,72,
68024,extratrees,2,place,0.0,0.0,0.5,False,False,False,2,0.14018291599950317,,,72,
68024,extratrees,3,place,0.0,0.0,0.5,False,False,False,3,0.15334170799997082,,,72,
68024,extratrees,4,place,0.0,0.0,0.5,False,False,False,4,0.12859462500000518,,,72,
68024,extratrees,5,place,0.0,0.0,0.5,False,False,False,5,0.11615604100006749,,,72,
68024,extratrees,6,place,0.02533075936240503,0.004388164305924792,0.5,False,False,False,6,0.13813112499974523,,,72,
68024,extratrees,7,place,0.009128761900848279,0.01758130224693137,0.5,False,False,False,7,0.13887637500010896,,,72,
68024,extratrees,8,place,0.010585960671781115,0.0038857733161277008,0.5,False,False,False,8,0.1501311669999268,,,72,
68024,extratrees,9,place,0.45942984700161305,0.027275093435196598,0.5,False,False,False,9,0.15225620799992612,,,72,
68024,extratrees,10,bank,0.8491495327444081,0.47686440941969854,0.5,False,False,False,9,0.1491582919998109,,,0,
68024,acwm,1,place,0.0686589188104801,,0.5,False,False,False,1,2.9398315429998547,1.6497591920006016,316cf1ac-2ed8-40c4-b23e-e6e76aeb00db,72,
68024,acwm,2,place,0.07563789878959662,,0.5,False,False,False,2,2.7429255850001937,1.5273972810000487,3e16c96e-9645-4b9b-8b1e-50e21fad9e32,72,
68024,acwm,3,place,0.053989865773379046,,0.5,False,False,False,3,2.5710802929997953,1.4484953470000619,3f39464d-0798-4334-aad6-86f81241a936,72,
68024,acwm,4,place,0.06222086444882113,,0.5,False,False,False,4,2.8689162509999733,1.7329960450006183,02bdf618-3b55-46d7-b8db-6a91b9c713c3,72,
68024,acwm,5,place,0.10700225200399491,,0.5,False,False,False,5,2.7614539600008357,1.4587645500005237,c4bac860-7611-474e-9a26-6ae61ad0fb08,72,
68024,acwm,6,place,0.07892499508526378,,0.5,False,False,False,6,2.7974323759999606,1.6636839610000607,54b6d005-f439-431f-9941-9b1a06d31768,72,
68024,acwm,7,place,0.09357276174324589,,0.5,False,False,False,7,2.92924237599982,1.718061960000341,d4c9fff4-b896-4fd0-96d4-62c00f881c9f,72,
68024,acwm,8,place,0.13128501296345899,,0.5,False,False,False,8,2.8990052930003003,1.6590866870001264,fd189176-ef8d-4966-9b9d-6c9b7b0b7ec9,72,
68024,acwm,9,place,0.03941166962452363,,0.5,False,False,False,9,2.721518751000076,1.6132765239999571,c2d0e3b6-84a0-45d3-b3e5-e53c8619862c,72,
68024,acwm,10,bank,0.7262966751346456,,0.5,False,False,False,9,2.8767412509996575,1.6559850459998415,7004f83d-1e51-483c-9a84-d5a83fadca7c,0,
68025,vla,1,place,,,,False,False,False,1,8.749993867240846e-07,,,72,
68025,vla,2,place,,,,False,False,False,2,8.750002962187864e-07,,,72,
68025,vla,3,place,,,,False,False,False,3,7.500002539018169e-07,,,72,
68025,vla,4,place,,,,False,False,False,4,7.91999809734989e-07,,,72,
68025,vla,5,place,,,,False,False,False,5,5.840001904289238e-07,,,72,
68025,vla,6,place,,,,False,False,False,6,5.830006557516754e-07,,,72,
68025,vla,7,place,,,,False,True,False,7,7.500002539018169e-07,,,72,
68025,vla,8,place,,,,True,True,True,0,7.500002539018169e-07,,,72,
68025,rule,1,place,,,,False,False,False,1,1.0000003385357559e-06,,,72,
68025,rule,2,place,,,,False,False,False,2,1.3750004654866643e-06,,,72,
68025,rule,3,place,,,,False,False,False,3,9.1600031737471e-07,,,72,
68025,rule,4,place,,,,False,False,False,4,9.169998520519584e-07,,,72,
68025,rule,5,place,,,,False,False,False,5,9.57999873207882e-07,,,72,
68025,rule,6,place,,,,False,False,False,6,9.1600031737471e-07,,,72,
68025,rule,7,place,,,,False,True,False,7,8.329998308909126e-07,,,72,
68025,rule,8,bank,,,,True,True,True,0,8.750002962187864e-07,,,0,
68025,width_rule,1,place,,,,False,False,False,1,1.7500005924375728e-06,,,72,
68025,width_rule,2,place,,,,False,False,False,2,2.0830002540606074e-06,,,72,
68025,width_rule,3,place,,,,False,False,False,3,1.7920001482707448e-06,,,72,
68025,width_rule,4,place,,,,False,False,False,4,1.958000211743638e-06,,,72,
68025,width_rule,5,place,,,,False,False,False,5,1.4589995771530084e-06,,,72,
68025,width_rule,6,place,,,,False,False,False,6,1.5840005289646797e-06,,,72,
68025,width_rule,7,bank,,,,False,True,False,6,1.5000005078036338e-06,,,0,
68025,extratrees,1,place,0.0,0.0,0.5,False,False,False,1,0.15131045899943274,,,72,
68025,extratrees,2,place,0.0,0.0,0.5,False,False,False,2,0.1334147090001352,,,72,
68025,extratrees,3,place,0.0,0.0,0.5,False,False,False,3,0.12547725000058563,,,72,
68025,extratrees,4,place,0.0,0.0,0.5,False,False,False,4,0.13144070799990004,,,72,
68025,extratrees,5,place,0.0,0.0,0.5,False,False,False,5,0.12431037500027742,,,72,
68025,extratrees,6,place,0.09147260001519657,0.002169652855543113,0.5,False,False,False,6,0.12370158300018375,,,72,
68025,extratrees,7,bank,0.9497656235230059,0.09186847662034531,0.5,False,True,False,6,0.14617995800017525,,,0,
68025,acwm,1,place,0.055130577678782273,,0.5,False,False,False,1,2.7109114180002507,1.5882742579997284,c35ac30b-f398-4e8c-800b-8e6065893bd5,72,
68025,acwm,2,place,0.038968664414811775,,0.5,False,False,False,2,2.8712306259994875,1.714805829999932,c1e3d050-80d8-40cb-83ba-1a99b5f7b30b,72,
68025,acwm,3,place,0.04993130245188484,,0.5,False,False,False,3,2.685936376999962,1.6195131699996637,54c35bc8-fdf4-43b0-8864-5be06797aa74,72,
68025,acwm,4,place,0.08380056444892262,,0.5,False,False,False,4,2.841852251000091,1.711568048999652,499e13e8-99c6-41f3-b59c-01d749c88ea3,72,
68025,acwm,5,bank,0.8828210424919932,,0.5,False,False,False,4,2.8348886679996212,1.7113434359998791,5a95595c-1344-448a-9659-af9a8682e6bb,0,
68026,vla,1,place,,,,False,False,False,1,1.0829999155248515e-06,,,72,
68026,vla,2,place,,,,False,False,False,2,1.041999894368928e-06,,,72,
68026,vla,3,place,,,,False,False,False,3,6.669997674180195e-07,,,72,
68026,vla,4,place,,,,False,False,False,4,6.250002115848474e-07,,,72,
68026,vla,5,place,,,,False,False,False,5,8.329998308909126e-07,,,72,
68026,vla,6,place,,,,False,False,False,6,9.169998520519584e-07,,,72,
68026,vla,7,place,,,,False,False,False,7,7.079997885739431e-07,,,72,
68026,vla,8,place,,,,False,False,False,8,7.079997885739431e-07,,,72,
68026,vla,9,place,,,,False,False,False,9,6.250002115848474e-07,,,72,
68026,vla,10,place,,,,False,False,False,10,7.090002327458933e-07,,,72,
68026,rule,1,place,,,,False,False,False,1,9.57999873207882e-07,,,72,
68026,rule,2,place,,,,False,False,False,2,1.0839994502021e-06,,,72,
68026,rule,3,place,,,,False,False,False,3,9.580007827025838e-07,,,72,
68026,rule,4,place,,,,False,False,False,4,1.041999894368928e-06,,,72,
68026,rule,5,place,,,,False,False,False,5,9.99999429041054e-07,,,72,
68026,rule,6,place,,,,False,False,False,6,8.340002750628628e-07,,,72,
68026,rule,7,place,,,,False,False,False,7,1.166000402008649e-06,,,72,
68026,rule,8,place,,,,False,False,False,8,8.329998308909126e-07,,,72,
68026,rule,9,place,,,,False,False,False,9,9.57999873207882e-07,,,72,
68026,rule,10,bank,,,,False,False,False,9,1.1669999366858974e-06,,,0,
68026,width_rule,1,place,,,,False,False,False,1,1.9170001905877143e-06,,,72,
68026,width_rule,2,place,,,,False,False,False,2,1.8749997252598405e-06,,,72,
68026,width_rule,3,place,,,,False,False,False,3,1.6670001059537753e-06,,,72,
68026,width_rule,4,place,,,,False,False,False,4,1.708000127109699e-06,,,72,
68026,width_rule,5,place,,,,False,False,False,5,1.915999746415764e-06,,,72,
68026,width_rule,6,place,,,,False,False,False,6,1.6250005501206033e-06,,,72,
68026,width_rule,7,place,,,,False,False,False,7,1.45800004247576e-06,,,72,
68026,width_rule,8,place,,,,False,False,False,8,1.99999976757681e-06,,,72,
68026,width_rule,9,bank,,,,False,False,False,8,1.749999682942871e-06,,,0,
68026,extratrees,1,place,0.0,0.0,0.5,False,False,False,1,0.14374504100032937,,,72,
68026,extratrees,2,place,0.0,0.0,0.5,False,False,False,2,0.127437834000375,,,72,
68026,extratrees,3,place,0.0,0.0,0.5,False,False,False,3,0.12843229100053577,,,72,
68026,extratrees,4,place,0.0,0.0,0.5,False,False,False,4,0.13526804199955222,,,72,
68026,extratrees,5,place,0.0,0.0,0.5,False,False,False,5,0.13440116699985083,,,72,
68026,extratrees,6,place,0.014761209522970616,0.0,0.5,False,False,False,6,0.16836595899985696,,,72,
68026,extratrees,7,place,0.0034322409211691757,0.010667693081805074,0.5,False,False,False,7,0.13709974999983388,,,72,
68026,extratrees,8,place,0.0,0.005252387582995058,0.5,False,False,False,8,0.13638683399949514,,,72,
68026,extratrees,9,place,0.2924989138058088,0.02633769049030865,0.5,False,False,False,9,0.12804466600027808,,,72,
68026,extratrees,10,bank,0.7771993104110954,0.4205384944420286,0.5,False,False,False,9,0.14226970900017477,,,0,
68026,acwm,1,place,0.04897814671182706,,0.5,False,False,False,1,2.8661353349998535,1.7432105900006718,ed5627d2-3f2d-4b39-a97c-a5b8631bb738,72,
68026,acwm,2,place,0.10574947747623362,,0.5,False,False,False,2,2.8560544590000063,1.7144815579995338,d33c2a55-c70b-4d24-89e0-bd6c3f2ea3b6,72,
68026,acwm,3,place,0.0578760791262707,,0.5,False,False,False,3,2.806031668000287,1.7072311960000661,867858e0-3416-4acc-88b1-77edcfdf8084,72,
68026,acwm,4,place,0.09423614382124147,,0.5,False,False,False,4,2.924744334999559,1.6605950129996927,dfac2f98-dc19-4917-8a0d-ed53f37921d1,72,
68026,acwm,5,place,0.05999346101490088,,0.5,False,False,False,5,2.812089750999803,1.6499674469996535,85a253ad-f796-4974-b722-bb3c005ee80f,72,
68026,acwm,6,place,0.11966982789373444,,0.5,False,False,False,6,2.751126292000663,1.5562556439999753,ef63fb99-210a-45ec-8236-5c1ceff9f36b,72,
68026,acwm,7,place,0.07265468968112382,,0.5,False,False,False,7,2.7620362930001647,1.5566128479995314,9bcfa411-6ea4-441b-b197-82deecbc744a,72,
68026,acwm,8,place,0.07915623624940865,,0.5,False,False,False,8,2.919266543000049,1.6705353299994385,2b77266e-4c6b-43f1-b6fd-cbc92b9c56af,72,
68026,acwm,9,place,0.04914029483777577,,0.5,False,False,False,9,2.7750244589997237,1.5117558669999198,a6d26ef5-e489-4cf8-877e-0a6e79547f12,72,
68026,acwm,10,place,0.05167337943467975,,0.5,False,False,False,10,2.8988239179998345,1.668665439000506,df4cb0e3-5869-43c9-bd75-2085c71f242d,72,
68027,vla,1,place,,,,False,False,False,1,7.500002539018169e-07,,,72,
68027,vla,2,place,,,,False,False,False,2,9.170007615466602e-07,,,72,
68027,vla,3,place,,,,False,False,False,3,7.91999809734989e-07,,,72,
68027,vla,4,place,,,,False,False,False,4,1.166000402008649e-06,,,72,
68027,vla,5,place,,,,False,False,False,5,7.91999809734989e-07,,,72,
68027,vla,6,place,,,,False,False,False,6,7.500002539018169e-07,,,72,
68027,vla,7,place,,,,False,True,False,7,7.079997885739431e-07,,,72,
68027,vla,8,place,,,,True,True,True,0,7.080006980686449e-07,,,0,
68027,rule,1,place,,,,False,False,False,1,1.0839994502021e-06,,,72,
68027,rule,2,place,,,,False,False,False,2,1.249999513674993e-06,,,72,
68027,rule,3,place,,,,False,False,False,3,7.909993655630387e-07,,,72,
68027,rule,4,place,,,,False,False,False,4,7.909993655630387e-07,,,72,
68027,rule,5,place,,,,False,False,False,5,1.2919999790028669e-06,,,72,
68027,rule,6,place,,,,False,False,False,6,1.166000402008649e-06,,,72,
68027,rule,7,bank,,,,False,True,False,6,9.159994078800082e-07,,,0,
68027,width_rule,1,place,,,,False,False,False,1,2.0830002540606074e-06,,,72,
68027,width_rule,2,place,,,,False,False,False,2,1.749999682942871e-06,,,72,
68027,width_rule,3,place,,,,False,False,False,3,1.5830000847927295e-06,,,72,
68027,width_rule,4,place,,,,False,False,False,4,1.708000127109699e-06,,,72,
68027,width_rule,5,place,,,,False,False,False,5,1.499999598308932e-06,,,72,
68027,width_rule,6,place,,,,False,False,False,6,1.5830000847927295e-06,,,72,
68027,width_rule,7,bank,,,,False,True,False,6,1.5420000636368059e-06,,,0,
68027,extratrees,1,place,0.0,0.0,0.5,False,False,False,1,0.12651924999954645,,,72,
68027,extratrees,2,place,0.0,0.0,0.5,False,False,False,2,0.1356768749992625,,,72,
68027,extratrees,3,place,0.0,0.0,0.5,False,False,False,3,0.14916175000053045,,,72,
68027,extratrees,4,place,0.0036214953271028034,0.0036214953271028034,0.5,False,False,False,4,0.1435921669999516,,,72,
68027,extratrees,5,place,0.0036214953271028034,0.0036214953271028034,0.5,False,False,False,5,0.12749991599957866,,,72,
68027,extratrees,6,place,0.25229458634062135,0.0036214953271028034,0.5,False,False,False,6,0.15358112499961862,,,72,
68027,extratrees,7,bank,0.9733754190174865,0.29639259165096665,0.5,False,True,False,6,0.14587499999925058,,,0,
68027,acwm,1,place,0.047237546312481685,,0.5,False,False,False,1,2.870030334999683,1.7107499510002526,4c790528-aec9-4963-98fb-1a44d5769315,72,
68027,acwm,2,place,0.04743811981068406,,0.5,False,False,False,2,2.7760619599994243,1.611007858999983,c407f5a7-c1bc-4e0e-9e0d-4a04e23b0e17,72,
68027,acwm,3,place,0.063723580163321,,0.5,False,False,False,3,2.542852251000113,1.4923450219994265,c67edb2c-39fb-4c0f-924b-7d59c952b295,72,
68027,acwm,4,place,0.10934124720577108,,0.5,False,False,False,4,2.6091510009991907,1.4384546670007694,bb963078-b640-4325-b12a-ede0e56eaf98,72,
68027,acwm,5,bank,0.7944692039751557,,0.5,False,False,False,4,2.7479424590001145,1.6093552860002092,a85264b7-15d4-4c9c-a77f-4ddb61928eb4,0,
68028,vla,1,place,,,,False,False,False,1,1.0000003385357559e-06,,,72,
68028,vla,2,place,,,,False,False,False,2,7.91999809734989e-07,,,72,
68028,vla,3,place,,,,False,False,False,3,6.250002115848474e-07,,,72,
68028,vla,4,place,,,,False,False,False,4,7.090002327458933e-07,,,72,
68028,vla,5,place,,,,False,False,False,5,9.169998520519584e-07,,,72,
68028,vla,6,place,,,,False,False,False,6,5.829997462569736e-07,,,72,
68028,vla,7,place,,,,False,False,False,7,7.91999809734989e-07,,,72,
68028,vla,8,place,,,,False,False,False,8,6.250002115848474e-07,,,72,
68028,vla,9,place,,,,False,False,False,9,7.079997885739431e-07,,,72,
68028,vla,10,place,,,,True,True,True,0,5.829997462569736e-07,,,72,
68028,rule,1,place,,,,False,False,False,1,1.1250003808527254e-06,,,72,
68028,rule,2,place,,,,False,False,False,2,1.0839994502021e-06,,,72,
68028,rule,3,place,,,,False,False,False,3,1.1250003808527254e-06,,,72,
68028,rule,4,place,,,,False,False,False,4,8.33999365568161e-07,,,72,
68028,rule,5,place,,,,False,False,False,5,1.0840003596968018e-06,,,72,
68028,rule,6,place,,,,False,False,False,6,9.99999429041054e-07,,,72,
68028,rule,7,place,,,,False,False,False,7,9.589994078851305e-07,,,72,
68028,rule,8,place,,,,False,False,False,8,9.1600031737471e-07,,,72,
68028,rule,9,place,,,,False,False,False,9,1.0000003385357559e-06,,,72,
68028,rule,10,bank,,,,True,True,False,9,7.91999809734989e-07,,,0,
68028,width_rule,1,place,,,,False,False,False,1,2.208000296377577e-06,,,72,
68028,width_rule,2,place,,,,False,False,False,2,2.0830002540606074e-06,,,72,
68028,width_rule,3,place,,,,False,False,False,3,1.5409996194648556e-06,,,72,
68028,width_rule,4,place,,,,False,False,False,4,1.8749997252598405e-06,,,72,
68028,width_rule,5,place,,,,False,False,False,5,1.666000571276527e-06,,,72,
68028,width_rule,6,place,,,,False,False,False,6,1.5420000636368059e-06,,,72,
68028,width_rule,7,place,,,,False,False,False,7,1.583999619469978e-06,,,72,
68028,width_rule,8,place,,,,False,False,False,8,1.4589995771530084e-06,,,72,
68028,width_rule,9,bank,,,,False,False,False,8,1.8329992599319667e-06,,,0,
68028,extratrees,1,place,0.0,0.0,0.5,False,False,False,1,0.12839304099998117,,,72,
68028,extratrees,2,place,0.0,0.0,0.5,False,False,False,2,0.12202937500023836,,,72,
68028,extratrees,3,place,0.0,0.0,0.5,False,False,False,3,0.123497958000371,,,72,
68028,extratrees,4,place,0.0,0.0,0.5,False,False,False,4,0.12706720899950597,,,72,
68028,extratrees,5,place,0.003980400519094515,0.0,0.5,False,False,False,5,0.1245247910001126,,,72,
68028,extratrees,6,place,0.04480574741453915,0.0017161204605845878,0.5,False,False,False,6,0.12212995899972157,,,72,
68028,extratrees,7,place,0.0015537289494787485,0.027684729524404723,0.5,False,False,False,7,0.13808925000012096,,,72,
68028,extratrees,8,place,0.0,0.003184621205371004,0.5,False,False,False,8,0.1276994170002581,,,72,
68028,extratrees,9,place,0.10893549538167857,0.007660715737128061,0.5,False,False,False,9,0.13600504199985153,,,72,
68028,extratrees,10,bank,0.7379815616935613,0.11186829978626113,0.5,True,True,False,9,0.14957345800030453,,,0,
68028,acwm,1,place,0.07731944112878895,,0.5,False,False,False,1,2.90101525099999,1.7127836090003257,c532ceee-4f0d-48df-96a6-e04cd313e9ce,72,
68028,acwm,2,place,0.07949824775659758,,0.5,False,False,False,2,2.741256627000439,1.6087322009998388,99e5b47d-5d76-4fea-92fe-77e53f14d63f,72,
68028,acwm,3,place,0.054697916396534436,,0.5,False,False,False,3,2.849955667999893,1.6926713679995373,4f834f8d-f68a-49bf-b403-ec2f75907d1a,72,
68028,acwm,4,place,0.0847008296922112,,0.5,False,False,False,4,2.967619209000077,1.7181067569999868,6f28abb9-ec64-4a0d-94d0-9ae0a2112555,72,
68028,acwm,5,place,0.08537854519563777,,0.5,False,False,False,5,2.903453208999963,1.731001152999852,386294cd-b14d-4306-af99-a8a374fb03fd,72,
68028,acwm,6,place,0.08992243681660055,,0.5,False,False,False,6,2.8030837930000416,1.5242490110003928,aaa80e89-d047-42aa-a89f-152ae2de1e7f,72,
68028,acwm,7,place,0.08088749506505641,,0.5,False,False,False,7,2.969000500999755,1.7113531879995207,bc8f67ad-7f6b-48b6-bfec-07503087a490,72,
68028,acwm,8,place,0.17961729481096783,,0.5,False,False,False,8,2.848074417999669,1.665448503999869,2684610b-3110-4816-bfda-63c8a7ba07bb,72,
68028,acwm,9,place,0.02916562813972784,,0.5,False,False,False,9,2.856548376000319,1.6514750349997485,44de8280-cb15-4b42-889c-d665fb9bd3ea,72,
68028,acwm,10,place,0.04634424852718559,,0.5,True,True,True,0,2.953824042000633,1.6925380279999445,558d396a-a5c1-4615-af8e-c08a364bac06,72,
68029,vla,1,place,,,,False,False,False,1,7.91999809734989e-07,,,72,
68029,vla,2,place,,,,False,False,False,2,7.91999809734989e-07,,,72,
68029,vla,3,place,,,,False,False,False,3,7.500002539018169e-07,,,72,
68029,vla,4,place,,,,False,False,False,4,5.410001904238015e-07,,,72,
68029,vla,5,place,,,,False,False,False,5,5.4199972510105e-07,,,72,
68029,vla,6,place,,,,False,False,False,6,7.500002539018169e-07,,,72,
68029,vla,7,place,,,,False,False,False,7,5.840001904289238e-07,,,72,
68029,vla,8,place,,,,True,True,True,0,5.420006345957518e-07,,,72,
68029,rule,1,place,,,,False,False,False,1,1.041999894368928e-06,,,72,
68029,rule,2,place,,,,False,False,False,2,1.1250003808527254e-06,,,72,
68029,rule,3,place,,,,False,False,False,3,9.590003173798323e-07,,,72,
68029,rule,4,place,,,,False,False,False,4,9.169998520519584e-07,,,72,
68029,rule,5,place,,,,False,False,False,5,1.0000003385357559e-06,,,72,
68029,rule,6,place,,,,False,False,False,6,1.0829999155248515e-06,,,72,
68029,rule,7,place,,,,False,False,False,7,1.0000003385357559e-06,,,72,
68029,rule,8,place,,,,True,True,True,0,9.57999873207882e-07,,,72,
68029,width_rule,1,place,,,,False,False,False,1,2.5830004233284853e-06,,,72,
68029,width_rule,2,place,,,,False,False,False,2,2.0830002540606074e-06,,,72,
68029,width_rule,3,place,,,,False,False,False,3,1.8330001694266684e-06,,,72,
68029,width_rule,4,place,,,,False,False,False,4,1.8340006135986187e-06,,,72,
68029,width_rule,5,place,,,,False,False,False,5,1.5840005289646797e-06,,,72,
68029,width_rule,6,place,,,,False,False,False,6,1.7920001482707448e-06,,,72,
68029,width_rule,7,bank,,,,False,False,False,6,2.0409997887327336e-06,,,0,
68029,extratrees,1,place,0.0,0.0,0.5,False,False,False,1,0.13419537500067236,,,72,
68029,extratrees,2,place,0.0,0.0,0.5,False,False,False,2,0.12881245799962926,,,72,
68029,extratrees,3,place,0.0,0.0,0.5,False,False,False,3,0.14582316700034426,,,72,
68029,extratrees,4,place,0.0,0.0,0.5,False,False,False,4,0.14591424999980518,,,72,
68029,extratrees,5,place,0.0,0.0,0.5,False,False,False,5,0.1175385409997034,,,72,
68029,extratrees,6,place,0.09348355108110906,0.0,0.5,False,False,False,6,0.1382374169998002,,,72,
68029,extratrees,7,bank,0.8856793427752452,0.13881123722850466,0.5,False,False,False,6,0.15909333400031755,,,0,
68029,acwm,1,place,0.04071332813233758,,0.5,False,False,False,1,2.6499392510004327,1.520590643000105,a40c93e2-c401-47fa-ba86-872d122cd099,72,
68029,acwm,2,place,0.09214431035206229,,0.5,False,False,False,2,2.7280225840004277,1.47760929100059,02ab04f4-26d1-450c-893f-f6c3f68fb03d,72,
68029,acwm,3,place,0.06097431320089508,,0.5,False,False,False,3,2.847146626999347,1.6204634609994173,283bf855-4b8f-4af7-89cc-06dc3332aa04,72,
68029,acwm,4,place,0.03327909256888846,,0.5,False,False,False,4,2.828431375999571,1.6062568649995228,3402c77f-7bb1-4d9d-9839-3da8f3124ca6,72,
68029,acwm,5,bank,0.9269036613272491,,0.5,False,False,False,4,2.848449293000158,1.6353550339999856,fb20cbf0-04b9-4359-bb00-3c2dcaacdc39,0,
68030,vla,1,place,,,,False,False,False,1,1.3330000001587905e-06,,,72,
68030,vla,2,place,,,,False,False,False,2,8.750002962187864e-07,,,72,
68030,vla,3,place,,,,False,False,False,3,8.329998308909126e-07,,,72,
68030,vla,4,place,,,,False,False,False,4,6.659993232460693e-07,,,72,
68030,vla,5,place,,,,False,False,False,5,7.910002750577405e-07,,,72,
68030,vla,6,place,,,,False,False,False,6,6.249993020901456e-07,,,72,
68030,vla,7,place,,,,False,False,False,7,7.909993655630387e-07,,,72,
68030,vla,8,place,,,,False,False,False,8,7.500002539018169e-07,,,72,
68030,vla,9,place,,,,True,True,True,0,6.669997674180195e-07,,,72,
68030,rule,1,place,,,,False,False,False,1,9.590003173798323e-07,,,72,
68030,rule,2,place,,,,False,False,False,2,1.1250003808527254e-06,,,72,
68030,rule,3,place,,,,False,False,False,3,9.99999429041054e-07,,,72,
68030,rule,4,place,,,,False,False,False,4,7.909993655630387e-07,,,72,
68030,rule,5,place,,,,False,False,False,5,1.1250003808527254e-06,,,72,
68030,rule,6,place,,,,False,False,False,6,1.0830008250195533e-06,,,72,
68030,rule,7,place,,,,False,False,False,7,1.0840003596968018e-06,,,72,
68030,rule,8,place,,,,False,False,False,8,9.1600031737471e-07,,,72,
68030,rule,9,bank,,,,True,True,False,8,9.170007615466602e-07,,,0,
68030,width_rule,1,place,,,,False,False,False,1,2.333999873371795e-06,,,72,
68030,width_rule,2,place,,,,False,False,False,2,1.8749997252598405e-06,,,72,
68030,width_rule,3,place,,,,False,False,False,3,1.5000005078036338e-06,,,72,
68030,width_rule,4,place,,,,False,False,False,4,2.1249998098937795e-06,,,72,
68030,width_rule,5,place,,,,False,False,False,5,1.499999598308932e-06,,,72,
68030,width_rule,6,place,,,,False,False,False,6,1.5830000847927295e-06,,,72,
68030,width_rule,7,place,,,,False,False,False,7,1.45800004247576e-06,,,72,
68030,width_rule,8,place,,,,False,False,False,8,1.6250005501206033e-06,,,72,
68030,width_rule,9,bank,,,,True,True,False,8,1.5830000847927295e-06,,,0,
68030,extratrees,1,place,0.0,0.0,0.5,False,False,False,1,0.1471934159999364,,,72,
68030,extratrees,2,place,0.0,0.0,0.5,False,False,False,2,0.11984329100050672,,,72,
68030,extratrees,3,place,0.0,0.0,0.5,False,False,False,3,0.13207845799934148,,,72,
68030,extratrees,4,place,0.0,0.0,0.5,False,False,False,4,0.11652337499981513,,,72,
68030,extratrees,5,place,0.004539242483404919,0.006808863725107379,0.5,False,False,False,5,0.11573495799984812,,,72,
68030,extratrees,6,place,0.06005998430688009,0.00226962124170246,0.5,False,False,False,6,0.1348211659997105,,,72,
68030,extratrees,7,place,0.012252040321831746,0.021293986291821207,0.5,False,False,False,7,0.13057895800011465,,,72,
68030,extratrees,8,place,0.01261106838889181,0.022825081156151655,0.5,False,False,False,8,0.12980837499981135,,,72,
68030,extratrees,9,bank,0.6127298286129456,0.09092597247131484,0.5,True,True,False,8,0.1403318329994363,,,0,
68030,acwm,1,place,0.07603372760958958,,0.5,False,False,False,1,2.769934042999921,1.592134566999448,b27f27fb-1a04-49fe-8a65-23bc59a427d0,72,
68030,acwm,2,place,0.09304093543497881,,0.5,False,False,False,2,2.7393670430001293,1.6146672240001863,0240013c-2557-4d63-8656-fc8d285f054e,72,
68030,acwm,3,place,0.06968911502155069,,0.5,False,False,False,3,2.703751752000244,1.627403038999546,9f335218-b1a5-4830-8ac5-d99f040d2d73,72,
68030,acwm,4,place,0.15293599904039118,,0.5,False,False,False,4,2.8340510429998176,1.7161722380005813,9f221295-3b1e-4445-a206-2e703737ff84,72,
68030,acwm,5,place,0.1316351150989206,,0.5,False,False,False,5,2.658568417999959,1.6003010539998286,6b2354de-4d2f-4cee-b13c-b4433286322c,72,
68030,acwm,6,place,0.06906888699451123,,0.5,False,False,False,6,2.7112102090004555,1.480846752000616,b7086e2d-298a-498f-90a2-3122a35068e4,72,
68030,acwm,7,place,0.21258288902534736,,0.5,False,False,False,7,2.8066743340004905,1.6176141859996278,be0b16de-0276-4930-941b-dcb6fe889bd3,72,
68030,acwm,8,place,0.15076563232320142,,0.5,False,False,False,8,2.7039761260002706,1.5349177600000985,56a426c4-e34d-49e5-9fc1-4464e350a8d9,72,
68030,acwm,9,place,0.06665790765542916,,0.5,True,True,True,0,2.9698838350004735,1.7139329199999338,23d69cd0-958d-45d9-a65e-d799c853bf59,72,
68031,vla,1,place,,,,False,False,False,1,9.99999429041054e-07,,,72,
68031,vla,2,place,,,,False,False,False,2,9.57999873207882e-07,,,72,
68031,vla,3,place,,,,False,False,False,3,9.169998520519584e-07,,,72,
68031,vla,4,place,,,,False,False,False,4,7.079997885739431e-07,,,72,
68031,vla,5,place,,,,False,False,False,5,6.250002115848474e-07,,,72,
68031,vla,6,place,,,,False,False,False,6,6.250002115848474e-07,,,72,
68031,vla,7,place,,,,True,True,True,0,7.909993655630387e-07,,,72,
68031,rule,1,place,,,,False,False,False,1,1.0000003385357559e-06,,,72,
68031,rule,2,place,,,,False,False,False,2,1.0839994502021e-06,,,72,
68031,rule,3,place,,,,False,False,False,3,8.750002962187864e-07,,,72,
68031,rule,4,place,,,,False,False,False,4,8.749993867240846e-07,,,72,
68031,rule,5,place,,,,False,False,False,5,1.0000003385357559e-06,,,72,
68031,rule,6,place,,,,False,False,False,6,8.340002750628628e-07,,,72,
68031,rule,7,place,,,,True,True,True,0,9.57999873207882e-07,,,72,
68031,width_rule,1,place,,,,False,False,False,1,1.958000211743638e-06,,,72,
68031,width_rule,2,place,,,,False,False,False,2,1.7909997040987946e-06,,,72,
68031,width_rule,3,place,,,,False,False,False,3,1.6250005501206033e-06,,,72,
68031,width_rule,4,place,,,,False,False,False,4,1.5000005078036338e-06,,,72,
68031,width_rule,5,place,,,,False,False,False,5,1.7920001482707448e-06,,,72,
68031,width_rule,6,place,,,,False,False,False,6,1.249999513674993e-06,,,72,
68031,width_rule,7,bank,,,,True,True,False,6,1.3330000001587905e-06,,,0,
68031,extratrees,1,place,0.0,0.0,0.5,False,False,False,1,0.1344939999999042,,,72,
68031,extratrees,2,place,0.0,0.0,0.5,False,False,False,2,0.13447245899988047,,,72,
68031,extratrees,3,place,0.0,0.0,0.5,False,False,False,3,0.1370925419996638,,,72,
68031,extratrees,4,place,0.0,0.0,0.5,False,False,False,4,0.13946854099958728,,,72,
68031,extratrees,5,place,0.0,0.0,0.5,False,False,False,5,0.13611395800035098,,,72,
68031,extratrees,6,place,0.17085493607655064,0.01378593006230805,0.5,False,False,False,6,0.13713575000019773,,,72,
68031,extratrees,7,bank,0.9326560824449082,0.15524095949991956,0.5,True,True,False,6,0.1309647500002029,,,0,
68031,acwm,1,place,0.05290486327463685,,0.5,False,False,False,1,2.8330963759999577,1.6518076429993016,9461ee1b-9410-4277-9a0d-9da919b389a5,72,
68031,acwm,2,place,0.04669380224915772,,0.5,False,False,False,2,2.804529293000087,1.6276559480002106,2417cd58-81b9-48f7-bd72-02df119a8368,72,
68031,acwm,3,place,0.04763092552990121,,0.5,False,False,False,3,2.8642437509997762,1.6524703189998036,520e5420-d7b5-431a-8b91-58463755fa5f,72,
68031,acwm,4,place,0.06647890343371851,,0.5,False,False,False,4,2.849187043000711,1.540201437000178,3d130d30-e43c-4025-a8e2-a7b28b7165bd,72,
68031,acwm,5,bank,0.8322217742006197,,0.5,False,False,False,4,2.5674747100001696,1.4488737060000858,5020cd68-bfd0-48fb-a7db-a134a1a244c8,0,
68032,vla,1,place,,,,False,False,False,1,1.0000003385357559e-06,,,72,
68032,vla,2,place,,,,False,False,False,2,1.0829999155248515e-06,,,72,
68032,vla,3,place,,,,False,False,False,3,7.500002539018169e-07,,,72,
68032,vla,4,place,,,,False,False,False,4,9.57999873207882e-07,,,72,
68032,vla,5,place,,,,False,False,False,5,7.079997885739431e-07,,,72,
68032,vla,6,place,,,,False,False,False,6,7.080006980686449e-07,,,72,
68032,vla,7,place,,,,False,False,False,7,6.249993020901456e-07,,,72,
68032,vla,8,place,,,,False,False,False,8,7.91999809734989e-07,,,72,
68032,vla,9,place,,,,False,False,False,9,6.250002115848474e-07,,,72,
68032,vla,10,place,,,,True,True,True,0,7.499993444071151e-07,,,72,
68032,rule,1,place,,,,False,False,False,1,1.3330000001587905e-06,,,72,
68032,rule,2,place,,,,False,False,False,2,1.1249994713580236e-06,,,72,
68032,rule,3,place,,,,False,False,False,3,1.2500004231696948e-06,,,72,
68032,rule,4,place,,,,False,False,False,4,8.749993867240846e-07,,,72,
68032,rule,5,place,,,,False,False,False,5,1.041999894368928e-06,,,72,
68032,rule,6,place,,,,False,False,False,6,1.0839994502021e-06,,,72,
68032,rule,7,place,,,,False,False,False,7,1.0000003385357559e-06,,,72,
68032,rule,8,place,,,,False,False,False,8,8.750002962187864e-07,,,72,
68032,rule,9,place,,,,False,False,False,9,9.169998520519584e-07,,,72,
68032,rule,10,bank,,,,True,True,False,9,9.159994078800082e-07,,,0,
68032,width_rule,1,place,,,,False,False,False,1,2.042000232904684e-06,,,72,
68032,width_rule,2,place,,,,False,False,False,2,2.2920003175386228e-06,,,72,
68032,width_rule,3,place,,,,False,False,False,3,1.708000127109699e-06,,,72,
68032,width_rule,4,place,,,,False,False,False,4,1.8330001694266684e-06,,,72,
68032,width_rule,5,place,,,,False,False,False,5,1.499999598308932e-06,,,72,
68032,width_rule,6,place,,,,False,False,False,6,1.6670001059537753e-06,,,72,
68032,width_rule,7,place,,,,False,False,False,7,1.6670001059537753e-06,,,72,
68032,width_rule,8,place,,,,False,False,False,8,1.749999682942871e-06,,,72,
68032,width_rule,9,bank,,,,False,False,False,8,1.4579991329810582e-06,,,0,
68032,extratrees,1,place,0.0,0.0,0.5,False,False,False,1,0.1495851670006232,,,72,
68032,extratrees,2,place,0.0,0.0,0.5,False,False,False,2,0.14864462499917863,,,72,
68032,extratrees,3,place,0.0,0.0,0.5,False,False,False,3,0.11593337500016787,,,72,
68032,extratrees,4,place,0.0,0.0,0.5,False,False,False,4,0.13998508299937384,,,72,
68032,extratrees,5,place,0.0,0.0,0.5,False,False,False,5,0.13999899999998888,,,72,
68032,extratrees,6,place,0.06060014237979809,0.0,0.5,False,False,False,6,0.12527266699999018,,,72,
68032,extratrees,7,place,0.016443449420006282,0.05226458979775811,0.5,False,False,False,7,0.13706429099966044,,,72,
68032,extratrees,8,place,0.07013861015986712,0.021685498460680838,0.5,False,False,False,8,0.1192580420001832,,,72,
68032,extratrees,9,place,0.42014568797103324,0.08175655913914297,0.5,False,False,False,9,0.14104170799964777,,,72,
68032,extratrees,10,bank,0.9054503199526504,0.5307386986422139,0.5,True,True,False,9,0.1315102089993161,,,0,
68032,acwm,1,place,0.04990710326257664,,0.5,False,False,False,1,2.8710570009998264,1.7301286749998326,557424a8-fd02-4ad0-b19c-2adeb3f12d30,72,
68032,acwm,2,place,0.09198337868124828,,0.5,False,False,False,2,2.8702154600005088,1.7014578660000552,31150a14-a5cc-423c-9179-0aa95e42ca4f,72,
68032,acwm,3,place,0.0720831750180671,,0.5,False,False,False,3,2.8329844180007058,1.7161596349997126,e38dbc7c-47f1-4493-99d5-7a9f6ed7cac4,72,
68032,acwm,4,place,0.11106997782645697,,0.5,False,False,False,4,2.8885850839997147,1.639012597999681,8fec754d-28d9-4eab-ab5b-f839e27e55f4,72,
68032,acwm,5,place,0.10258186645421245,,0.5,False,False,False,5,2.894061834999775,1.7068369540002095,632dd14f-04bc-4bce-a12b-e94b340518fd,72,
68032,acwm,6,place,0.10232862178034453,,0.5,False,False,False,6,2.956411585000751,1.6925353480000922,74beecaa-7e69-419c-98e3-f3f7c4f74efa,72,
68032,acwm,7,place,0.10961680639091653,,0.5,False,False,False,7,2.7831632930001433,1.5977996470001017,5b10b552-5732-4fae-8712-77e052e4a02a,72,
68032,acwm,8,place,0.07776717538572193,,0.5,False,False,False,8,2.6622407090007982,1.4701890639998965,01239142-d400-44f7-a6b1-4d002cd7ca2f,72,
68032,acwm,9,place,0.03412128667084993,,0.5,False,False,False,9,2.7929545839997445,1.5993056430006618,79ed0e72-1fd8-4e10-9953-c301108db876,72,
68032,acwm,10,place,0.4744110952413056,,0.5,True,True,True,0,2.952656458999627,1.7112264289999075,53614bde-a3ea-46d3-8278-880234f04dcb,72,
68033,vla,1,place,,,,False,False,False,1,9.99999429041054e-07,,,72,
68033,vla,2,place,,,,False,False,False,2,9.170007615466602e-07,,,72,
68033,vla,3,place,,,,False,False,False,3,6.669997674180195e-07,,,72,
68033,vla,4,place,,,,False,False,False,4,7.910002750577405e-07,,,72,
68033,vla,5,place,,,,False,False,False,5,7.090002327458933e-07,,,72,
68033,vla,6,place,,,,False,False,False,6,6.66000232740771e-07,,,72,
68033,vla,7,place,,,,False,True,False,7,7.500002539018169e-07,,,72,
68033,vla,8,place,,,,True,True,True,0,7.500002539018169e-07,,,60,
68033,rule,1,place,,,,False,False,False,1,1.207999957841821e-06,,,72,
68033,rule,2,place,,,,False,False,False,2,1.207999957841821e-06,,,72,
68033,rule,3,place,,,,False,False,False,3,1.4590004866477102e-06,,,72,
68033,rule,4,place,,,,False,False,False,4,8.749993867240846e-07,,,72,
68033,rule,5,place,,,,False,False,False,5,9.1600031737471e-07,,,72,
68033,rule,6,bank,,,,False,False,False,5,9.1600031737471e-07,,,0,
68033,width_rule,1,place,,,,False,False,False,1,1.8330001694266684e-06,,,72,
68033,width_rule,2,place,,,,False,False,False,2,1.791999238776043e-06,,,72,
68033,width_rule,3,place,,,,False,False,False,3,1.5000005078036338e-06,,,72,
68033,width_rule,4,place,,,,False,False,False,4,1.3750004654866643e-06,,,72,
68033,width_rule,5,place,,,,False,False,False,5,1.45800004247576e-06,,,72,
68033,width_rule,6,place,,,,False,False,False,6,1.7090005712816492e-06,,,72,
68033,width_rule,7,bank,,,,False,True,False,6,1.583999619469978e-06,,,0,
68033,extratrees,1,place,0.0,0.0,0.5,False,False,False,1,0.12843145799979538,,,72,
68033,extratrees,2,place,0.0,0.0,0.5,False,False,False,2,0.1588323339992712,,,72,
68033,extratrees,3,place,0.0,0.0,0.5,False,False,False,3,0.12001570800021,,,72,
68033,extratrees,4,place,0.005214700777744702,0.005214700777744702,0.5,False,False,False,4,0.1280676249998578,,,72,
68033,extratrees,5,place,0.007314971780454729,0.007314971780454729,0.5,False,False,False,5,0.13971666699944763,,,72,
68033,extratrees,6,place,0.11103314444527601,0.019051281762492645,0.5,False,False,False,6,0.1385744170001999,,,72,
68033,extratrees,7,bank,0.9850517814317681,0.09963509320722558,0.5,False,True,False,6,0.13301866700021492,,,0,
68033,acwm,1,place,0.04982870909808496,,0.5,False,False,False,1,2.803707585000666,1.7040542129998357,8c7868a1-9fe9-4adc-99aa-e73d5e16299a,72,
68033,acwm,2,place,0.06861248292104447,,0.5,False,False,False,2,2.9005568339998717,1.7136313430000882,ea343d04-30a8-44a0-aada-c8cf187a70f9,72,
68033,acwm,3,place,0.10380277423159327,,0.5,False,False,False,3,2.9216613770004187,1.6856212980001146,f8948a03-ec7e-41dc-8b1b-8ba856971fcf,72,
68033,acwm,4,place,0.06224439811256932,,0.5,False,False,False,4,2.9205855840000368,1.6826100439993752,0d7c8a2d-caa1-4749-92c2-02fbbb57a2d9,72,
68033,acwm,5,place,0.1056162911610438,,0.5,False,False,False,5,2.822767542999827,1.6634622069996112,3d5a9330-e8e0-45f7-9f6f-8b0919272654,72,
68033,acwm,6,place,0.07473763381875313,,0.5,False,False,False,6,2.6796741259995542,1.5874534639997364,063d5d15-86bb-4a51-a4d0-0af5919952db,72,
68033,acwm,7,bank,0.9463670040869594,,0.5,False,True,False,6,2.810079124999902,1.6105402200000754,be0ced05-de1a-469b-a814-6446177cd537,0,
68034,vla,1,place,,,,False,False,False,1,9.57999873207882e-07,,,72,
68034,vla,2,place,,,,False,False,False,2,1.1250003808527254e-06,,,72,
68034,vla,3,place,,,,False,False,False,3,7.91999809734989e-07,,,72,
68034,vla,4,place,,,,False,False,False,4,6.249993020901456e-07,,,72,
68034,vla,5,place,,,,False,False,False,5,7.090002327458933e-07,,,72,
68034,vla,6,place,,,,False,False,False,6,7.080006980686449e-07,,,72,
68034,vla,7,place,,,,False,False,False,7,6.669997674180195e-07,,,72,
68034,vla,8,place,,,,False,False,False,8,7.500002539018169e-07,,,72,
68034,vla,9,place,,,,False,True,False,9,6.250002115848474e-07,,,72,
68034,vla,10,place,,,,True,True,True,0,7.910002750577405e-07,,,60,
68034,rule,1,place,,,,False,False,False,1,1.45800004247576e-06,,,72,
68034,rule,2,place,,,,False,False,False,2,1.1249994713580236e-06,,,72,
68034,rule,3,place,,,,False,False,False,3,8.750002962187864e-07,,,72,
68034,rule,4,place,,,,False,False,False,4,1.0410003596916795e-06,,,72,
68034,rule,5,place,,,,False,False,False,5,8.750002962187864e-07,,,72,
68034,rule,6,place,,,,False,False,False,6,8.749993867240846e-07,,,72,
68034,rule,7,place,,,,False,False,False,7,1.0000003385357559e-06,,,72,
68034,rule,8,place,,,,False,False,False,8,1.2919999790028669e-06,,,72,
68034,rule,9,bank,,,,False,True,False,8,7.910002750577405e-07,,,0,
68034,width_rule,1,place,,,,False,False,False,1,1.749999682942871e-06,,,72,
68034,width_rule,2,place,,,,False,False,False,2,1.6670001059537753e-06,,,72,
68034,width_rule,3,place,,,,False,False,False,3,1.8330001694266684e-06,,,72,
68034,width_rule,4,place,,,,False,False,False,4,1.4589995771530084e-06,,,72,
68034,width_rule,5,place,,,,False,False,False,5,1.7920001482707448e-06,,,72,
68034,width_rule,6,place,,,,False,False,False,6,1.5420000636368059e-06,,,72,
68034,width_rule,7,place,,,,False,False,False,7,1.5420000636368059e-06,,,72,
68034,width_rule,8,place,,,,False,False,False,8,1.958000211743638e-06,,,72,
68034,width_rule,9,bank,,,,False,True,False,8,1.9170001905877143e-06,,,0,
68034,extratrees,1,place,0.0,0.0,0.5,False,False,False,1,0.13614475000031234,,,72,
68034,extratrees,2,place,0.0,0.0,0.5,False,False,False,2,0.13757791699936206,,,72,
68034,extratrees,3,place,0.0,0.0,0.5,False,False,False,3,0.1253792079996856,,,72,
68034,extratrees,4,place,0.0,0.0,0.5,False,False,False,4,0.14923729199927038,,,72,
68034,extratrees,5,place,0.005891116568805263,0.0040803689052538615,0.5,False,False,False,5,0.11684366700046667,,,72,
68034,extratrees,6,place,0.04274898734832729,0.0018107476635514017,0.5,False,False,False,6,0.11479241699998965,,,72,
68034,extratrees,7,place,0.08495064519775278,0.03726284330523505,0.5,False,False,False,7,0.15288895899993804,,,72,
68034,extratrees,8,place,0.11649396564052518,0.04689567499350984,0.5,False,False,False,8,0.14201937500001804,,,72,
68034,extratrees,9,bank,0.5870615132499818,0.1687911802423626,0.5,False,True,False,8,0.13377270800083352,,,0,
68034,acwm,1,place,0.06784699553505327,,0.5,False,False,False,1,2.9690330009998434,1.6516349760004232,7b788ebf-f1e4-4b8e-9b1d-0fba047369b6,72,
68034,acwm,2,place,0.07663437626667681,,0.5,False,False,False,2,2.832151418000649,1.709597372000644,7f1615b8-cf81-4355-aa96-38255941ee80,72,
68034,acwm,3,place,0.07958513884619745,,0.5,False,False,False,3,2.719350960000156,1.479654144000051,04398200-155f-47a8-8c62-b867051a8b87,72,
68034,acwm,4,place,0.09284975962204971,,0.5,False,False,False,4,2.863820002000466,1.6543780760002846,dacd2181-9e6c-491b-8acf-1d147cbabb26,72,
68034,acwm,5,place,0.06360607123050545,,0.5,False,False,False,5,2.836675751000257,1.7024491269994542,77686a42-7ea3-4de2-952d-8dd8393f5ad0,72,
68034,acwm,6,place,0.06705871746463289,,0.5,False,False,False,6,2.8234849600003145,1.7240591310001037,d0a9ce66-8f75-474b-891f-d2db14909380,72,
68034,acwm,7,place,0.18495115977104004,,0.5,False,False,False,7,2.8667092929999853,1.6390090189997863,26ee9699-a30b-4318-bc9c-0e550d7b0420,72,
68034,acwm,8,place,0.10758871920171673,,0.5,False,False,False,8,2.910389251000197,1.6995962789997066,33b9b625-b453-4a80-8c08-9c27af436a44,72,
68034,acwm,9,place,0.13055872921143832,,0.5,False,True,False,9,2.72535870899992,1.623203932999786,8e88473c-1023-472f-b6b8-f704a00f7af7,72,
68034,acwm,10,bank,0.9681350664588401,,0.5,True,True,True,0,2.896657418000359,1.692712759000642,f6c90bc1-f5ec-4ce7-9ddf-2a28fc7537de,0,
68035,vla,1,place,,,,False,False,False,1,1.0000003385357559e-06,,,72,
68035,vla,2,place,,,,False,False,False,2,8.750002962187864e-07,,,72,
68035,vla,3,place,,,,False,False,False,3,7.079997885739431e-07,,,72,
68035,vla,4,place,,,,False,False,False,4,9.589994078851305e-07,,,72,
68035,vla,5,place,,,,False,False,False,5,8.33999365568161e-07,,,72,
68035,vla,6,place,,,,False,False,False,6,6.669997674180195e-07,,,72,
68035,vla,7,place,,,,False,True,False,7,6.669997674180195e-07,,,72,
68035,vla,8,place,,,,True,True,True,0,6.669997674180195e-07,,,72,
68035,rule,1,place,,,,False,False,False,1,1.1670008461805992e-06,,,72,
68035,rule,2,place,,,,False,False,False,2,1.5830000847927295e-06,,,72,
68035,rule,3,place,,,,False,False,False,3,1.041999894368928e-06,,,72,
68035,rule,4,place,,,,False,False,False,4,1.2089994925190695e-06,,,72,
68035,rule,5,place,,,,False,False,False,5,9.169998520519584e-07,,,72,
68035,rule,6,place,,,,False,False,False,6,9.590003173798323e-07,,,72,
68035,rule,7,place,,,,False,True,False,7,8.750002962187864e-07,,,72,
68035,rule,8,bank,,,,True,True,True,0,8.750002962187864e-07,,,0,
68035,width_rule,1,place,,,,False,False,False,1,2.625000888656359e-06,,,72,
68035,width_rule,2,place,,,,False,False,False,2,1.8749997252598405e-06,,,72,
68035,width_rule,3,place,,,,False,False,False,3,1.6659996617818251e-06,,,72,
68035,width_rule,4,place,,,,False,False,False,4,1.8749997252598405e-06,,,72,
68035,width_rule,5,place,,,,False,False,False,5,1.3750004654866643e-06,,,72,
68035,width_rule,6,place,,,,False,False,False,6,1.7090005712816492e-06,,,72,
68035,width_rule,7,bank,,,,False,True,False,6,1.5000005078036338e-06,,,0,
68035,extratrees,1,place,0.0,0.0,0.5,False,False,False,1,0.13951508400077728,,,72,
68035,extratrees,2,place,0.0,0.0,0.5,False,False,False,2,0.13747341699945537,,,72,
68035,extratrees,3,place,0.0,0.0,0.5,False,False,False,3,0.1317633750004461,,,72,
68035,extratrees,4,place,0.0,0.0,0.5,False,False,False,4,0.13197187500009022,,,72,
68035,extratrees,5,place,0.0,0.0,0.5,False,False,False,5,0.14510408299975097,,,72,
68035,extratrees,6,place,0.045292613377583175,0.014364836415732085,0.5,False,False,False,6,0.13773287499952858,,,72,
68035,extratrees,7,bank,0.9402864529519037,0.048480799896163614,0.5,False,True,False,6,0.14898687500044616,,,0,
68035,acwm,1,place,0.04473088346407466,,0.5,False,False,False,1,2.8116762099998596,1.6654256980000355,e6bd52d6-24b5-4779-9252-6271a1ec1001,72,
68035,acwm,2,place,0.034074933323130906,,0.5,False,False,False,2,2.9250673770002322,1.6906386979999297,d52f2634-ca09-4b8e-9bd5-8f26a03c9e18,72,
68035,acwm,3,place,0.05843673590084086,,0.5,False,False,False,3,2.8206957510001303,1.6545705450007517,c905ab2b-50cf-43be-84af-1f62d5a07d04,72,
68035,acwm,4,place,0.048913438507865996,,0.5,False,False,False,4,2.8460545010002534,1.7283788650001952,d9e030cf-c765-4493-9483-c544f610346d,72,
68035,acwm,5,place,0.08224803664097043,,0.5,False,False,False,5,2.7299353349999365,1.5807800749998933,5d7f040b-599e-4682-b0c8-53b20f7b70b1,72,
68035,acwm,6,place,0.05240830634777277,,0.5,False,False,False,6,2.8679435019994344,1.71257857800083,ae15a07a-8f6b-4ade-b3bf-727917bfee10,72,
68035,acwm,7,bank,0.9797673224961494,,0.5,False,True,False,6,2.8468031269994754,1.7103250089994617,bc2cba3e-7ed4-42f2-8994-24a97d633428,0,
68036,vla,1,place,,,,False,False,False,1,9.169998520519584e-07,,,72,
68036,vla,2,place,,,,False,False,False,2,8.750002962187864e-07,,,72,
68036,vla,3,place,,,,False,False,False,3,7.079997885739431e-07,,,72,
68036,vla,4,place,,,,False,False,False,4,7.500002539018169e-07,,,72,
68036,vla,5,place,,,,False,False,False,5,7.079997885739431e-07,,,72,
68036,vla,6,place,,,,False,False,False,6,7.079997885739431e-07,,,72,
68036,vla,7,place,,,,False,False,False,7,5.829997462569736e-07,,,72,
68036,vla,8,place,,,,False,False,False,8,7.079997885739431e-07,,,72,
68036,vla,9,place,,,,False,False,False,9,7.079997885739431e-07,,,72,
68036,vla,10,place,,,,False,True,False,10,7.500002539018169e-07,,,72,
68036,rule,1,place,,,,False,False,False,1,1.5830000847927295e-06,,,72,
68036,rule,2,place,,,,False,False,False,2,1.4170000213198364e-06,,,72,
68036,rule,3,place,,,,False,False,False,3,1.041999894368928e-06,,,72,
68036,rule,4,place,,,,False,False,False,4,9.159994078800082e-07,,,72,
68036,rule,5,place,,,,False,False,False,5,9.590003173798323e-07,,,72,
68036,rule,6,place,,,,False,False,False,6,8.750002962187864e-07,,,72,
68036,rule,7,place,,,,False,False,False,7,8.750002962187864e-07,,,72,
68036,rule,8,place,,,,False,False,False,8,8.750002962187864e-07,,,72,
68036,rule,9,place,,,,False,False,False,9,1.1250003808527254e-06,,,72,
68036,rule,10,place,,,,False,True,False,10,1.1250003808527254e-06,,,72,
68036,width_rule,1,place,,,,False,False,False,1,2.249999852210749e-06,,,72,
68036,width_rule,2,place,,,,False,False,False,2,2.0000006770715117e-06,,,72,
68036,width_rule,3,place,,,,False,False,False,3,1.7500005924375728e-06,,,72,
68036,width_rule,4,place,,,,False,False,False,4,1.7920001482707448e-06,,,72,
68036,width_rule,5,place,,,,False,False,False,5,4.37500057159923e-06,,,72,
68036,width_rule,6,place,,,,False,False,False,6,1.7500005924375728e-06,,,72,
68036,width_rule,7,place,,,,False,False,False,7,1.583999619469978e-06,,,72,
68036,width_rule,8,place,,,,False,False,False,8,1.7920001482707448e-06,,,72,
68036,width_rule,9,bank,,,,False,False,False,8,1.5420000636368059e-06,,,0,
68036,extratrees,1,place,0.0,0.0,0.5,False,False,False,1,0.12948175000019546,,,72,
68036,extratrees,2,place,0.0,0.0,0.5,False,False,False,2,0.13684087499950692,,,72,
68036,extratrees,3,place,0.0,0.0,0.5,False,False,False,3,0.14061512500029494,,,72,
68036,extratrees,4,place,0.0,0.0,0.5,False,False,False,4,0.1293967910005449,,,72,
68036,extratrees,5,place,0.0,0.0,0.5,False,False,False,5,0.1504572920002829,,,72,
68036,extratrees,6,place,0.03729277544429236,0.0017161204605845878,0.5,False,False,False,6,0.12020220799968229,,,72,
68036,extratrees,7,place,0.007449237400649724,0.061816857678801,0.5,False,False,False,7,0.1353905420000956,,,72,
68036,extratrees,8,place,0.004291859201520412,0.008648559243607938,0.5,False,False,False,8,0.1343424579999919,,,72,
68036,extratrees,9,place,0.037237421038119854,0.009305266974607611,0.5,False,False,False,9,0.12903279200054385,,,72,
68036,extratrees,10,bank,0.7003213675072767,0.03576219320832263,0.5,False,True,False,9,0.13647216699973796,,,0,
68036,acwm,1,place,0.05181567038187618,,0.5,False,False,False,1,2.809536460000345,1.608744031000242,a26ab4d8-753e-4846-a2eb-b0d69fdc8677,72,
68036,acwm,2,place,0.07181320537590391,,0.5,False,False,False,2,2.92801987599978,1.6589112309993652,34645e1f-46dc-47a4-a17e-00ff1f678ec8,72,
68036,acwm,3,place,0.0686448066424366,,0.5,False,False,False,3,2.7543547089999265,1.4920608669999638,ac144295-0f32-47ea-b07e-94de342f571b,72,
68036,acwm,4,place,0.09658347521963477,,0.5,False,False,False,4,2.9243050430004587,1.7034774999992806,9a4c11d4-7b70-4999-ac3c-752ae0a4cd91,72,
68036,acwm,5,place,0.1130037242568622,,0.5,False,False,False,5,2.849008916999992,1.654858030999094,6a59a0b5-9208-4741-a253-d5508861af81,72,
68036,acwm,6,place,0.0803060196219171,,0.5,False,False,False,6,2.7954723760003617,1.6432410149991483,f9ecb456-11ef-43e6-a727-ee05a383ccd4,72,
68036,acwm,7,place,0.18879117043222768,,0.5,False,False,False,7,2.856266501999926,1.7155476919997454,b0a807b9-f2b6-44eb-9aff-c9dbf562d8c2,72,
68036,acwm,8,place,0.07831293138574733,,0.5,False,False,False,8,2.5631299180004135,1.452231502998984,4c9d5fdf-7497-40c9-973a-a58f50882178,72,
68036,acwm,9,place,0.08130500723619569,,0.5,False,False,False,9,2.875928876999751,1.641594493001321,7ae2045b-2ce8-4178-b884-09ff41f76df4,72,
68036,acwm,10,bank,0.5431292140578659,,0.5,False,True,False,9,2.7386810850002803,1.6091873920013313,f8f13cd0-c19f-4958-8e59-94b214c231e7,0,
68037,vla,1,place,,,,False,False,False,1,8.750002962187864e-07,,,72,
68037,vla,2,place,,,,False,False,False,2,7.91999809734989e-07,,,72,
68037,vla,3,place,,,,False,False,False,3,9.99999429041054e-07,,,72,
68037,vla,4,place,,,,False,False,False,4,6.66000232740771e-07,,,72,
68037,vla,5,place,,,,False,False,False,5,6.250002115848474e-07,,,72,
68037,vla,6,place,,,,False,False,False,6,7.91999809734989e-07,,,72,
68037,vla,7,place,,,,False,True,False,7,8.749993867240846e-07,,,72,
68037,vla,8,place,,,,True,True,True,0,9.99999429041054e-07,,,60,
68037,rule,1,place,,,,False,False,False,1,1.2919999790028669e-06,,,72,
68037,rule,2,place,,,,False,False,False,2,1.0000003385357559e-06,,,72,
68037,rule,3,place,,,,False,False,False,3,9.589994078851305e-07,,,72,
68037,rule,4,place,,,,False,False,False,4,9.170007615466602e-07,,,72,
68037,rule,5,place,,,,False,False,False,5,8.750002962187864e-07,,,72,
68037,rule,6,place,,,,False,False,False,6,1.1249994713580236e-06,,,72,
68037,rule,7,place,,,,False,True,False,7,8.329998308909126e-07,,,72,
68037,rule,8,bank,,,,True,True,True,0,9.57999873207882e-07,,,0,
68037,width_rule,1,place,,,,False,False,False,1,2.1250007193884812e-06,,,72,
68037,width_rule,2,place,,,,False,False,False,2,6.207999831531197e-06,,,72,
68037,width_rule,3,place,,,,False,False,False,3,1.6670001059537753e-06,,,72,
68037,width_rule,4,place,,,,False,False,False,4,1.749999682942871e-06,,,72,
68037,width_rule,5,place,,,,False,False,False,5,1.708000127109699e-06,,,72,
68037,width_rule,6,place,,,,False,False,False,6,1.3749995559919626e-06,,,72,
68037,width_rule,7,bank,,,,False,True,False,6,1.6659996617818251e-06,,,0,
68037,extratrees,1,place,0.0,0.0,0.5,False,False,False,1,0.12518233300033899,,,72,
68037,extratrees,2,place,0.0,0.0,0.5,False,False,False,2,0.14064020800014987,,,72,
68037,extratrees,3,place,0.0,0.0,0.5,False,False,False,3,0.13605845799975214,,,72,
68037,extratrees,4,place,0.0,0.0,0.5,False,False,False,4,0.1601854580003419,,,72,
68037,extratrees,5,place,0.0,0.0,0.5,False,False,False,5,0.1311902919987915,,,72,
68037,extratrees,6,place,0.018403120474040698,0.0,0.5,False,False,False,6,0.14136658299867122,,,72,
68037,extratrees,7,bank,0.9194288973898389,0.02722810655614979,0.5,False,True,False,6,0.1260427079996589,,,0,
68037,acwm,1,place,0.04866670728368376,,0.5,False,False,False,1,2.8874951679999867,1.6889806950002821,c36cd07a-a7a8-42dd-aa69-5e11a46536fe,72,
68037,acwm,2,place,0.038612312662410185,,0.5,False,False,False,2,2.728538960000151,1.5871567539998068,9c396031-4615-4fa0-b1e6-83971acdceda,72,
68037,acwm,3,place,0.052031654821723436,,0.5,False,False,False,3,2.8701655020013277,1.6199966570002289,a8cdf1c4-40ef-42bf-9a12-8fecba3f33fa,72,
68037,acwm,4,place,0.08684325674623158,,0.5,False,False,False,4,2.9382969590005814,1.7227481739992072,00c6517c-639d-44ae-b49f-b2e73b1790d6,72,
68037,acwm,5,bank,0.9370245173586375,,0.5,False,False,False,4,2.904256792999149,1.624954904000333,54627784-7aa0-4233-8d8d-61bfbada1911,0,
68038,vla,1,place,,,,False,False,False,1,8.330007403856143e-07,,,72,
68038,vla,2,place,,,,False,False,False,2,9.17001671041362e-07,,,72,
68038,vla,3,place,,,,False,False,False,3,7.500002539018169e-07,,,72,
68038,vla,4,place,,,,False,False,False,4,9.169998520519584e-07,,,72,
68038,vla,5,place,,,,False,False,False,5,6.249993020901456e-07,,,72,
68038,vla,6,place,,,,False,False,False,6,7.920007192296907e-07,,,72,
68038,vla,7,place,,,,False,False,False,7,8.749993867240846e-07,,,72,
68038,vla,8,place,,,,False,False,False,8,8.749993867240846e-07,,,72,
68038,vla,9,place,,,,False,False,False,9,6.669997674180195e-07,,,72,
68038,vla,10,place,,,,True,True,True,0,8.340011845575646e-07,,,72,
68038,rule,1,place,,,,False,False,False,1,9.57999873207882e-07,,,72,
68038,rule,2,place,,,,False,False,False,2,1.541999154142104e-06,,,72,
68038,rule,3,place,,,,False,False,False,3,7.500002539018169e-07,,,72,
68038,rule,4,place,,,,False,False,False,4,9.57999873207882e-07,,,72,
68038,rule,5,place,,,,False,False,False,5,8.749993867240846e-07,,,72,
68038,rule,6,place,,,,False,False,False,6,1.0420008038636297e-06,,,72,
68038,rule,7,place,,,,False,False,False,7,8.749993867240846e-07,,,72,
68038,rule,8,place,,,,False,False,False,8,8.749993867240846e-07,,,72,
68038,rule,9,bank,,,,False,False,False,8,8.33999365568161e-07,,,0,
68038,width_rule,1,place,,,,False,False,False,1,1.8330010789213702e-06,,,72,
68038,width_rule,2,place,,,,False,False,False,2,2.1249998098937795e-06,,,72,
68038,width_rule,3,place,,,,False,False,False,3,1.4170000213198364e-06,,,72,
68038,width_rule,4,place,,,,False,False,False,4,1.6249996406259015e-06,,,72,
68038,width_rule,5,place,,,,False,False,False,5,1.583999619469978e-06,,,72,
68038,width_rule,6,place,,,,False,False,False,6,1.7920010577654466e-06,,,72,
68038,width_rule,7,place,,,,False,False,False,7,1.7499987734481692e-06,,,72,
68038,width_rule,8,place,,,,False,False,False,8,2.0000006770715117e-06,,,72,
68038,width_rule,9,bank,,,,False,False,False,8,1.6670001059537753e-06,,,0,
68038,extratrees,1,place,0.0,0.0,0.5,False,False,False,1,0.15222725000057835,,,72,
68038,extratrees,2,place,0.0,0.0,0.5,False,False,False,2,0.12723600000026636,,,72,
68038,extratrees,3,place,0.0,0.0,0.5,False,False,False,3,0.14042695900025137,,,72,
68038,extratrees,4,place,0.0,0.0,0.5,False,False,False,4,0.11228979199950118,,,72,
68038,extratrees,5,place,0.001916419386745796,0.0,0.5,False,False,False,5,0.15474612499929208,,,72,
68038,extratrees,6,place,0.03511346663679416,0.007502675994146083,0.5,False,False,False,6,0.1401530000002822,,,72,
68038,extratrees,7,place,0.0,0.030872185901613673,0.5,False,False,False,7,0.1460699580002256,,,72,
68038,extratrees,8,place,0.0,0.0018107476635514017,0.5,False,False,False,8,0.11717779200080258,,,72,
68038,extratrees,9,place,0.2178765501456046,0.004133889150361954,0.5,False,False,False,9,0.13879333299883,,,72,
68038,extratrees,10,bank,0.6499981226264155,0.24117050307369003,0.5,True,True,False,9,0.12358029200004239,,,0,
68038,acwm,1,place,0.048995228516056616,,0.5,False,False,False,1,2.873763751000297,1.7039914350007166,0596f732-5071-459d-ad60-2267873bc55b,72,
68038,acwm,2,place,0.16680714074125425,,0.5,False,False,False,2,2.737021207998623,1.6350661249998666,f4ab7f0a-6fbd-4ee0-9ffa-059d7adb8404,72,
68038,acwm,3,place,0.04767564841721657,,0.5,False,False,False,3,2.819254333999197,1.5786461719999352,dbe4e1f1-2c47-4ec7-8bea-512ca93bd8ea,72,
68038,acwm,4,place,0.0438673368674935,,0.5,False,False,False,4,2.9446644179988652,1.709920740000598,65436513-aec9-4b2f-9a66-ce4e69bfdf63,72,
68038,acwm,5,place,0.045180659658922734,,0.5,False,False,False,5,2.869235710000794,1.6600366620004934,fb98768f-8c46-469e-b9b5-7e34b8735018,72,
68038,acwm,6,place,0.08650350033929641,,0.5,False,False,False,6,2.9580799600007595,1.6623018900008901,358216ba-837c-4bcc-b4fc-409d8de22868,72,
68038,acwm,7,place,0.05728425031654108,,0.5,False,False,False,7,2.788845293000122,1.5919190229997184,d2b6cf4d-aa50-4a4b-89b0-daeccd7bc8ed,72,
68038,acwm,8,place,0.15324069746613142,,0.5,False,False,False,8,2.8931881669996073,1.7245340570007102,7f75e7a5-c604-4d82-8c06-4771a92a5df9,72,
68038,acwm,9,place,0.05642343147348179,,0.5,False,False,False,9,2.906658792999224,1.5726185329986038,e4ae8131-53ff-4cec-9a68-63ecb30b5261,72,
68038,acwm,10,bank,0.852987897520796,,0.5,True,True,False,9,2.722654043000148,1.600454923000143,9e04c009-8b4a-4b15-9edb-a7b11337b539,0,
68039,vla,1,place,,,,False,False,False,1,9.57999873207882e-07,,,72,
68039,vla,2,place,,,,False,False,False,2,8.33999365568161e-07,,,72,
68039,vla,3,place,,,,False,False,False,3,5.829988367622718e-07,,,72,
68039,vla,4,place,,,,False,False,False,4,7.910002750577405e-07,,,72,
68039,vla,5,place,,,,False,False,False,5,1.1669999366858974e-06,,,72,
68039,vla,6,place,,,,False,False,False,6,7.500002539018169e-07,,,72,
68039,vla,7,place,,,,True,True,True,0,7.910002750577405e-07,,,72,
68039,rule,1,place,,,,False,False,False,1,1.333999534836039e-06,,,72,
68039,rule,2,place,,,,False,False,False,2,1.0830008250195533e-06,,,72,
68039,rule,3,place,,,,False,False,False,3,1.0830008250195533e-06,,,72,
68039,rule,4,bank,,,,False,False,False,3,7.500002539018169e-07,,,0,
68039,width_rule,1,place,,,,False,False,False,1,1.7910006135934964e-06,,,72,
68039,width_rule,2,place,,,,False,False,False,2,1.7500005924375728e-06,,,72,
68039,width_rule,3,place,,,,False,False,False,3,3.791001290665008e-06,,,72,
68039,width_rule,4,place,,,,False,False,False,4,1.708000127109699e-06,,,72,
68039,width_rule,5,place,,,,False,False,False,5,1.8330010789213702e-06,,,72,
68039,width_rule,6,place,,,,False,False,False,6,1.5840014384593815e-06,,,72,
68039,width_rule,7,bank,,,,True,True,False,6,1.2919990695081651e-06,,,0,
68039,extratrees,1,place,0.0,0.0,0.5,False,False,False,1,0.12551087499923597,,,72,
68039,extratrees,2,place,0.0,0.0,0.5,False,False,False,2,0.13836375099890574,,,72,
68039,extratrees,3,place,0.0,0.0,0.5,False,False,False,3,0.14997979199870315,,,72,
68039,extratrees,4,place,0.0,0.0,0.5,False,False,False,4,0.12776520800071012,,,72,
68039,extratrees,5,place,0.0018107476635514017,0.0,0.5,False,False,False,5,0.14101095799924224,,,72,
68039,extratrees,6,place,0.29672248503118603,0.0018107476635514017,0.5,False,False,False,6,0.14159975000075065,,,72,
68039,extratrees,7,bank,0.9487412819567134,0.3876211404021274,0.5,True,True,False,6,0.14014537500042934,,,0,
68039,acwm,1,place,0.05123462299592352,,0.5,False,False,False,1,2.8614913759993215,1.7261307429998851,1446bcc9-4f19-4086-bad9-808e881cdc95,72,
68039,acwm,2,place,0.04465042134356037,,0.5,False,False,False,2,2.917791751999175,1.7092539589993976,354122d7-34ba-4575-a1e5-7ffacc6c0c20,72,
68039,acwm,3,place,0.060672923431256645,,0.5,False,False,False,3,2.7812913350007875,1.5359282329991402,4529296e-8cb1-4df2-923c-a5d5054a9c61,72,
68039,acwm,4,place,0.11220396184817225,,0.5,False,False,False,4,2.5827899169999,1.3580270120000932,f59e6453-a561-4aae-8272-c44e7e7ce97f,72,
68039,acwm,5,bank,0.9387931919459798,,0.5,False,False,False,4,2.6267707089991745,1.361899216000893,ca329789-52d4-4727-ac70-c90a92d828d6,0,
