# Yokohama / PLATEAU CC BY 4.0; MissionOS crop. X east Y north Z source height; metres.
o bldg_b65f9d89-ace2-4118-a0b7-682b34e078bd
v -260.684 -183.919 2.149
v -267.209 -179.676 2.149
v -265.238 -176.645 2.149
v -258.713 -180.888 2.149
v -265.238 -176.645 10.084
v -267.209 -179.676 10.084
v -260.684 -183.919 10.084
v -258.713 -180.888 10.084
v -260.684 -183.919 10.084
v -267.209 -179.676 10.084
v -267.209 -179.676 2.149
v -260.684 -183.919 2.149
v -265.238 -176.645 10.084
v -258.713 -180.888 10.084
v -258.713 -180.888 2.149
v -265.238 -176.645 2.149
v -258.713 -180.888 10.084
v -260.684 -183.919 10.084
v -260.684 -183.919 2.149
v -258.713 -180.888 2.149
v -267.209 -179.676 10.084
v -265.238 -176.645 10.084
v -265.238 -176.645 2.149
v -267.209 -179.676 2.149
f 2 4 1
f 4 2 3
f 7 8 5
f 5 6 7
f 11 12 9
f 9 10 11
f 14 16 13
f 16 14 15
f 19 20 17
f 17 18 19
f 22 24 21
f 24 22 23
o bldg_0d45947e-0481-4208-a14f-4fffa841434b
v -215.779 -68.823 3.295
v -211.18 -61.436 3.295
v -207.599 -63.665 3.295
v -205.85 -74.379 3.295
v -190.04 -86.125 3.295
v -193.778 -91.156 3.295
v -207.12 -81.244 3.295
v -206.638 -80.595 3.295
v -214.689 -74.614 3.295
v -203.125 -80.29 9.027
v -202.622 -82.776 6.947
v -200.538 -79.97 6.947
v -203.125 -80.29 9.027
v -203.319 -77.904 6.947
v -205.403 -80.71 6.947
v -203.125 -80.29 9.027
v -200.538 -79.97 6.947
v -203.319 -77.904 6.947
v -211.18 -61.436 6.602
v -214.254 -66.374 6.602
v -207.341 -65.245 6.602
v -207.599 -63.665 6.602
v -214.689 -74.615 6.707
v -206.638 -80.595 6.707
v -203.382 -76.213 6.707
v -205.85 -74.379 6.707
v -207.341 -65.245 6.707
v -214.254 -66.374 6.707
v -215.779 -68.823 6.707
v -203.488 -83.942 6.602
v -193.778 -91.156 6.602
v -190.04 -86.125 6.602
v -202.532 -76.845 6.602
v -203.382 -76.213 6.602
v -206.638 -80.595 6.602
v -207.12 -81.244 6.602
v -200.538 -79.97 6.602
v -202.622 -82.776 6.602
v -205.403 -80.71 6.602
v -203.319 -77.904 6.602
v -203.125 -80.29 9.027
v -205.403 -80.71 6.947
v -202.622 -82.776 6.947
v -206.638 -80.595 3.295
v -206.638 -80.595 6.602
v -206.638 -80.595 6.707
v -214.689 -74.615 6.707
v -214.689 -74.614 3.295
v -211.18 -61.436 6.602
v -207.599 -63.665 6.602
v -207.599 -63.665 3.295
v -211.18 -61.436 3.295
v -205.403 -80.71 6.947
v -205.403 -80.71 6.602
v -202.622 -82.776 6.602
v -202.622 -82.776 6.947
v -205.85 -74.379 3.295
v -207.599 -63.665 3.295
v -207.599 -63.665 6.602
v -207.341 -65.245 6.602
v -207.341 -65.245 6.707
v -205.85 -74.379 6.707
v -207.341 -65.245 6.707
v -207.341 -65.245 6.602
v -214.254 -66.374 6.602
v -214.254 -66.374 6.707
v -202.622 -82.776 6.947
v -202.622 -82.776 6.602
v -200.538 -79.97 6.602
v -200.538 -79.97 6.947
v -214.689 -74.615 6.707
v -215.779 -68.823 6.707
v -215.779 -68.823 3.295
v -214.689 -74.614 3.295
v -190.04 -86.125 6.602
v -193.778 -91.156 6.602
v -193.778 -91.156 3.295
v -190.04 -86.125 3.295
v -211.18 -61.436 3.295
v -215.779 -68.823 3.295
v -215.779 -68.823 6.707
v -214.254 -66.374 6.707
v -214.254 -66.374 6.602
v -211.18 -61.436 6.602
v -205.403 -80.71 6.947
v -203.319 -77.904 6.947
v -203.319 -77.904 6.602
v -205.403 -80.71 6.602
v -206.638 -80.595 6.707
v -206.638 -80.595 6.602
v -203.382 -76.213 6.602
v -203.382 -76.213 6.707
v -193.778 -91.156 6.602
v -203.488 -83.942 6.602
v -207.12 -81.244 6.602
v -207.12 -81.244 3.295
v -193.778 -91.156 3.295
v -190.04 -86.125 3.295
v -205.85 -74.379 3.295
v -205.85 -74.379 6.707
v -203.382 -76.213 6.707
v -203.382 -76.213 6.602
v -202.532 -76.845 6.602
v -190.04 -86.125 6.602
v -200.538 -79.97 6.947
v -200.538 -79.97 6.602
v -203.319 -77.904 6.602
v -203.319 -77.904 6.947
v -207.12 -81.244 6.602
v -206.638 -80.595 6.602
v -206.638 -80.595 3.295
v -207.12 -81.244 3.295
f 26 33 25
f 32 30 31
f 30 28 29
f 28 26 27
f 26 32 33
f 32 28 30
f 28 32 26
f 35 36 34
f 38 39 37
f 41 42 40
f 45 46 43
f 43 44 45
f 52 53 47
f 47 48 49
f 50 51 52
f 47 49 50
f 50 52 47
f 60 63 64
f 62 63 60
f 60 54 55
f 57 58 59
f 59 60 64
f 62 60 55
f 57 59 64
f 61 62 55
f 56 57 64
f 61 55 56
f 56 64 61
f 66 67 65
f 71 72 68
f 68 70 69
f 70 71 68
f 74 76 73
f 76 74 75
f 79 80 77
f 77 78 79
f 85 86 81
f 81 82 83
f 84 85 81
f 81 83 84
f 88 90 87
f 90 88 89
f 93 94 91
f 91 92 93
f 96 98 95
f 98 96 97
f 101 102 99
f 99 100 101
f 104 108 103
f 107 105 106
f 104 107 108
f 107 104 105
f 110 112 109
f 112 110 111
f 115 116 113
f 113 114 115
f 120 121 117
f 118 119 120
f 120 117 118
f 123 128 122
f 126 124 125
f 123 127 128
f 126 123 124
f 123 126 127
f 130 132 129
f 132 130 131
f 134 136 133
f 136 134 135
o bldg_efbfea8c-479c-418a-9ae6-d299cb64113b
v -234.286 -32.45 0.505
v -232.499 -29.593 0.505
v -230.531 -26.441 0.505
v -223.036 -31.127 0.507
v -222.385 -35.04 0.507
v -224.564 -38.527 0.507
v -232.506 -29.589 33.731
v -228.728 -31.95 33.732
v -228.862 -32.163 33.732
v -228.696 -32.266 33.732
v -226.595 -28.902 33.732
v -230.538 -26.437 33.731
v -226.595 -28.902 31.347
v -228.696 -32.267 31.347
v -228.861 -32.163 31.347
v -230.514 -34.808 31.347
v -224.571 -38.523 31.349
v -222.392 -35.037 31.349
v -223.042 -31.123 31.348
v -230.515 -34.807 34.282
v -228.729 -31.95 34.282
v -232.506 -29.589 34.281
v -234.293 -32.446 34.281
v -226.595 -28.902 33.732
v -226.595 -28.902 31.347
v -223.042 -31.123 31.348
v -223.036 -31.127 0.507
v -230.531 -26.441 0.505
v -230.538 -26.437 33.731
v -230.514 -34.808 31.347
v -228.861 -32.163 31.347
v -228.862 -32.163 33.732
v -228.728 -31.95 33.732
v -228.729 -31.95 34.282
v -230.515 -34.807 34.282
v -232.506 -29.589 34.281
v -232.506 -29.589 33.731
v -230.538 -26.437 33.731
v -230.531 -26.441 0.505
v -232.499 -29.593 0.505
v -234.286 -32.45 0.505
v -234.293 -32.446 34.281
v -222.392 -35.037 31.349
v -224.571 -38.523 31.349
v -224.564 -38.527 0.507
v -222.385 -35.04 0.507
v -224.571 -38.523 31.349
v -230.514 -34.808 31.347
v -230.515 -34.807 34.282
v -234.293 -32.446 34.281
v -234.286 -32.45 0.505
v -224.564 -38.527 0.507
v -228.861 -32.163 31.347
v -228.696 -32.267 31.347
v -228.696 -32.266 33.732
v -228.862 -32.163 33.732
v -228.696 -32.267 31.347
v -226.595 -28.902 31.347
v -226.595 -28.902 33.732
v -228.696 -32.266 33.732
v -228.728 -31.95 33.732
v -232.506 -29.589 33.731
v -232.506 -29.589 34.281
v -228.729 -31.95 34.282
v -223.042 -31.123 31.348
v -222.392 -35.037 31.349
v -222.385 -35.04 0.507
v -223.036 -31.127 0.507
f 138 142 137
f 142 140 141
f 140 138 139
f 138 140 142
f 147 148 143
f 144 145 146
f 147 143 144
f 144 146 147
f 154 155 149
f 150 151 152
f 152 153 154
f 154 149 150
f 150 152 154
f 158 159 156
f 156 157 158
f 161 165 160
f 165 163 164
f 163 161 162
f 161 163 165
f 170 171 166
f 166 167 168
f 168 169 170
f 170 166 168
f 173 178 172
f 178 176 177
f 176 174 175
f 173 176 178
f 176 173 174
f 181 182 179
f 179 180 181
f 187 188 183
f 184 185 186
f 187 183 184
f 184 186 187
f 191 192 189
f 189 190 191
f 195 196 193
f 193 194 195
f 198 200 197
f 200 198 199
f 203 204 201
f 201 202 203
o bldg_b61b4518-8a12-48c2-9fe0-d2acd8cb2fa3
v -261.755 -95.049 0.265
v -263.353 -97.581 0.265
v -264.625 -96.779 0.265
v -272.788 -109.714 0.265
v -271.597 -110.465 0.265
v -273.207 -113.015 0.265
v -272.452 -113.491 0.265
v -274.8 -117.214 0.265
v -276.463 -116.165 0.265
v -275.967 -117.416 0.265
v -277.808 -120.465 0.265
v -281.542 -121.412 0.264
v -284.633 -119.303 0.264
v -284.88 -118.152 0.263
v -285.571 -119.287 0.263
v -289.231 -117.058 0.262
v -288.691 -116.172 0.262
v -310.918 -102.143 0.256
v -299.04 -83.323 0.256
v -289.981 -89.041 0.259
v -296.189 -98.877 0.259
v -288.424 -103.777 0.261
v -286.166 -100.199 0.261
v -285.217 -100.798 0.261
v -282.194 -96.007 0.261
v -284.203 -94.739 0.261
v -284.048 -94.494 0.261
v -285.492 -93.583 0.26
v -284.01 -91.366 0.26
v -282.348 -92.414 0.261
v -282.36 -92.431 0.261
v -280.627 -93.524 0.261
v -280.558 -93.415 0.261
v -281.567 -92.779 0.261
v -278.9 -88.552 0.261
v -298.216 -76.361 0.256
v -290.261 -63.757 0.256
v -287.14 -58.811 0.256
v -266.159 -72.052 0.261
v -265.523 -70.995 0.261
v -262.358 -73.009 0.262
v -262.635 -73.47 0.262
v -258.725 -75.959 0.263
v -258.164 -75.025 0.263
v -255.371 -76.802 0.264
v -256.268 -78.295 0.264
v -252.877 -80.435 0.265
v -255.069 -83.907 0.265
v -253.72 -84.758 0.265
v -255.397 -87.415 0.265
v -256.659 -86.619 0.265
v -256.865 -88.475 0.265
v -257.846 -90.423 0.265
v -259.04 -91.658 0.265
v -260.106 -92.372 0.265
v -259.051 -93.038 0.265
v -260.729 -95.696 0.265
v -273.21 -113.013 15.513
v -273.277 -113.12 15.513
v -274.468 -112.369 15.513
v -276.619 -115.776 15.513
v -276.466 -116.163 15.513
v -274.803 -117.212 15.513
v -272.455 -113.489 15.513
v -282.197 -96.005 14.579
v -280.629 -93.522 14.579
v -282.639 -92.255 14.579
v -284.205 -94.737 14.579
v -285.574 -119.285 15.887
v -284.883 -118.15 15.887
v -284.963 -117.78 15.887
v -287.592 -116.12 15.886
v -287.83 -116.496 15.886
v -288.598 -116.012 15.886
v -289.234 -117.056 15.886
v -266.78 -81.322 20.235
v -266.732 -81.402 20.256
v -265.11 -82.107 20.696
v -262.931 -78.655 20.696
v -263.496 -76.119 20.235
v -303.746 -100.549 19.526
v -285.918 -111.801 19.531
v -287.833 -104.934 16.209
v -287.648 -104.642 15.969
v -288.596 -104.043 15.969
v -288.427 -103.775 15.749
v -296.191 -98.875 15.747
v -285.253 -116.427 17.406
v -284.62 -116.36 21.199
v -283.251 -114.077 21.199
v -283.476 -113.924 19.172
v -284.92 -115.871 17.406
v -260.13 -87.008 18.547
v -261.359 -88.955 18.547
v -259.264 -90.276 18.548
v -258.036 -88.329 18.548
v -256.717 -75.945 17.367
v -258.825 -79.453 17.367
v -257.961 -79.253 17.056
v -257.046 -77.804 17.038
v -256.271 -78.293 16.592
v -255.374 -76.8 16.592
v -280.569 -114.767 23.976
v -278.914 -115.48 23.976
v -277.601 -114.64 21.2
v -280.467 -113.404 21.199
v -286.573 -60.741 21.904
v -283.855 -62.457 21.905
v -281.863 -62.141 17.744
v -287.143 -58.809 17.743
v -281.112 -118.965 23.976
v -282.658 -117.91 23.976
v -284.086 -118.849 21.199
v -281.409 -120.675 21.2
v -258.034 -88.33 8.498
v -259.262 -90.277 8.498
v -260.165 -89.708 8.498
v -261.35 -91.587 8.498
v -260.108 -92.371 8.498
v -259.042 -91.657 8.498
v -257.848 -90.422 8.498
v -256.867 -88.474 8.498
v -256.661 -86.618 8.498
v -257.772 -85.917 8.498
v -258.936 -87.761 8.498
v -282.176 -115.155 23.976
v -280.736 -116.736 24.992
v -280.569 -114.767 23.976
v -255.072 -83.905 16.323
v -255.511 -84.601 16.323
v -256.664 -83.874 16.323
v -257.902 -85.835 16.323
v -255.4 -87.413 16.323
v -253.723 -84.756 16.323
v -277.148 -114.441 17.408
v -277.602 -114.245 17.407
v -280.462 -113.234 19.552
v -280.467 -113.404 21.199
v -277.601 -114.64 21.2
v -280.561 -93.413 15.974
v -277.894 -89.187 15.974
v -278.903 -88.55 15.974
v -281.569 -92.777 15.974
v -282.176 -115.155 23.976
v -280.569 -114.767 23.976
v -280.467 -113.404 21.199
v -283.251 -114.077 21.199
v -303.746 -100.549 19.526
v -296.191 -98.875 15.747
v -289.984 -89.039 15.747
v -297.718 -90.997 19.526
v -258.729 -80.465 32.332
v -259.456 -81.615 32.332
v -259.68 -81.97 32.332
v -255.514 -84.599 32.333
v -252.883 -80.431 32.333
v -257.049 -77.802 32.332
v -257.517 -82.423 32.332
v -258.024 -81.192 32.332
v -257.512 -79.963 32.332
v -256.281 -79.457 32.332
v -255.052 -79.969 32.333
v -254.546 -81.199 32.333
v -255.058 -82.428 32.333
v -256.288 -82.935 32.333
v -284.049 -94.494 5.759
v -282.637 -92.256 5.759
v -282.361 -92.43 5.759
v -282.349 -92.413 5.759
v -284.011 -91.365 5.758
v -285.493 -93.582 5.758
v -263.412 -93.829 16.608
v -265.089 -96.486 16.608
v -263.357 -97.579 16.608
v -261.68 -94.922 16.608
v -263.482 -83.283 20.186
v -262.847 -83.684 20.186
v -259.368 -82.167 18.64
v -259.677 -81.972 18.64
v -257.961 -79.253 17.056
v -258.825 -79.453 17.367
v -259.468 -77.187 16.591
v -259.07 -76.526 16.211
v -262.99 -74.053 16.21
v -263.387 -74.714 16.59
v -266.199 -75.652 17.72
v -266.559 -72.712 16.589
v -266.162 -72.05 16.209
v -281.863 -62.141 16.205
v -283.531 -64.784 17.745
v -285.144 -66.548 18.904
v -285.625 -66.244 18.904
v -284.253 -72.971 21.346
v -265.468 -84.826 21.351
v -264.393 -84.358 20.873
v -263.725 -83.3 20.257
v -266.732 -81.402 20.256
v -266.78 -81.322 20.235
v -263.496 -76.119 17.204
v -260.252 -78.166 17.205
v -286.573 -60.741 21.904
v -288.275 -63.437 21.904
v -285.556 -65.153 21.905
v -283.855 -62.457 21.905
v -273.246 -109.425 16.603
v -274.924 -112.082 16.603
v -273.277 -113.12 16.603
v -271.6 -110.463 16.603
v -281.409 -120.675 21.2
v -284.086 -118.849 21.199
v -284.636 -119.3 17.407
v -281.545 -121.409 17.408
v -297.718 -90.997 19.526
v -289.984 -89.039 15.747
v -299.043 -83.321 15.745
v -258.937 -87.76 16.213
v -257.773 -85.916 16.213
v -257.902 -85.835 16.323
v -256.664 -83.874 16.323
v -259.368 -82.167 18.64
v -262.847 -83.684 20.186
v -259.403 -85.858 17.234
v -260.129 -87.008 17.234
v -284.636 -119.3 17.407
v -284.086 -118.849 21.199
v -284.62 -116.36 21.199
v -285.253 -116.427 17.406
v -287.592 -116.12 15.886
v -287.63 -116.096 16.211
v -287.83 -116.496 15.886
v -282.967 -116.473 23.976
v -282.176 -115.155 23.976
v -283.251 -114.077 21.199
v -284.62 -116.36 21.199
v -265.11 -82.107 20.696
v -263.718 -83.287 20.281
v -263.649 -83.178 20.281
v -263.482 -83.283 20.236
v -260.253 -78.166 20.236
v -262.931 -78.655 20.696
v -277.148 -114.441 17.408
v -277.601 -114.64 21.2
v -276.581 -117.215 21.201
v -275.97 -117.414 17.408
v -259.404 -85.857 21.247
v -262.777 -86.476 22.622
v -262.083 -90.102 21.247
v -282.967 -116.473 23.976
v -280.736 -116.736 24.992
v -282.176 -115.155 23.976
v -259.069 -76.527 8.941
v -258.727 -75.958 8.941
v -262.637 -73.469 8.94
v -262.988 -74.054 8.94
v -266.328 -87.424 21.246
v -262.777 -86.476 22.622
v -263.649 -83.178 21.246
v -282.658 -117.91 23.976
v -280.736 -116.736 24.992
v -282.967 -116.473 23.976
v -277.894 -89.187 16.209
v -287.833 -104.934 16.209
v -285.918 -111.801 19.531
v -282.138 -111.239 21.351
v -265.468 -84.826 21.351
v -266.559 -72.712 16.589
v -266.199 -75.652 17.72
v -263.988 -71.972 17.72
v -265.527 -70.993 16.589
v -282.658 -117.91 23.976
v -282.967 -116.473 23.976
v -284.62 -116.36 21.199
v -284.086 -118.849 21.199
v -297.718 -90.997 19.526
v -299.043 -83.321 15.745
v -310.921 -102.141 15.745
v -303.746 -100.549 19.526
v -278.325 -116.967 23.977
v -279.246 -118.491 23.977
v -278.175 -119.856 21.201
v -276.581 -117.215 21.201
v -280.462 -113.234 19.552
v -281.603 -113.568 20.122
v -283.476 -113.924 19.172
v -283.251 -114.077 21.199
v -280.467 -113.404 21.199
v -278.914 -115.48 23.976
v -278.325 -116.967 23.977
v -276.581 -117.215 21.201
v -277.601 -114.64 21.2
v -278.914 -115.48 23.976
v -280.736 -116.736 24.992
v -278.325 -116.967 23.977
v -259.054 -93.036 15.518
v -261.352 -91.586 15.518
v -262.951 -94.12 15.518
v -261.68 -94.922 15.518
v -261.758 -95.047 15.518
v -260.732 -95.694 15.518
v -263.718 -83.287 20.281
v -265.11 -82.107 20.696
v -266.732 -81.402 20.256
v -263.725 -83.3 20.257
v -279.246 -118.491 23.977
v -280.736 -116.736 24.992
v -281.112 -118.965 23.976
v -276.581 -117.215 21.201
v -278.175 -119.856 21.201
v -277.811 -120.463 17.408
v -275.97 -117.414 17.408
v -285.918 -111.801 19.531
v -303.746 -100.549 19.526
v -310.921 -102.141 15.745
v -288.694 -116.17 15.751
v -288.598 -116.012 15.886
v -287.83 -116.496 15.886
v -287.63 -116.096 16.211
v -284.963 -117.78 16.212
v -285.253 -116.427 16.933
v -284.92 -115.871 17.406
v -283.476 -113.924 19.172
v -281.603 -113.568 20.122
v -282.138 -111.239 21.351
v -262.083 -90.102 21.247
v -262.777 -86.476 22.622
v -266.328 -87.424 21.246
v -262.931 -78.655 20.696
v -260.253 -78.166 20.236
v -263.496 -76.119 20.235
v -281.112 -118.965 23.976
v -280.736 -116.736 24.992
v -282.658 -117.91 23.976
v -265.468 -84.826 21.351
v -282.138 -111.239 21.351
v -281.603 -113.568 20.122
v -280.462 -113.234 19.552
v -277.602 -114.245 17.407
v -277.148 -114.441 17.053
v -276.619 -115.776 16.213
v -274.469 -112.369 16.213
v -274.924 -112.082 16.603
v -273.246 -109.425 16.603
v -272.792 -109.711 16.213
v -264.628 -96.777 16.213
v -265.089 -96.486 16.608
v -263.412 -93.829 16.608
v -262.951 -94.12 16.213
v -260.166 -89.707 16.213
v -261.358 -88.955 17.234
v -262.083 -90.103 17.234
v -266.328 -87.424 20.873
v -264.393 -84.358 20.873
v -288.596 -104.043 15.969
v -287.648 -104.642 15.969
v -285.22 -100.796 15.969
v -286.169 -100.197 15.969
v -288.275 -63.437 21.904
v -286.573 -60.741 21.904
v -287.143 -58.809 17.743
v -290.265 -63.755 17.744
v -284.253 -72.971 21.346
v -298.219 -76.359 16.204
v -277.894 -89.187 16.209
v -265.468 -84.826 21.351
v -284.253 -72.971 21.346
v -285.625 -66.244 18.904
v -287.73 -65.354 17.744
v -290.264 -63.755 16.204
v -298.219 -76.359 16.204
v -285.556 -65.153 21.905
v -285.144 -66.548 18.904
v -283.531 -64.784 17.745
v -281.863 -62.141 17.744
v -283.855 -62.457 21.905
v -278.325 -116.967 23.977
v -280.736 -116.736 24.992
v -279.246 -118.491 23.977
v -280.569 -114.767 23.976
v -280.736 -116.736 24.992
v -278.914 -115.48 23.976
v -262.777 -86.476 22.622
v -259.404 -85.857 21.247
v -263.649 -83.178 21.246
v -266.199 -75.652 17.72
v -263.387 -74.714 16.59
v -262.361 -73.007 16.59
v -263.988 -71.972 17.72
v -256.814 -80.277 36.842
v -257.349 -81.199 36.842
v -256.818 -82.124 36.842
v -255.752 -82.126 36.843
v -255.217 -81.203 36.843
v -255.748 -80.279 36.842
v -256.372 -82.9 34.823
v -256.289 -82.935 34.823
v -256.199 -82.898 34.823
v -255.058 -82.428 34.823
v -254.546 -81.199 34.823
v -255.053 -79.968 34.823
v -256.282 -79.456 34.822
v -257.513 -79.963 34.822
v -258.024 -81.192 34.822
v -257.518 -82.423 34.822
v -255.751 -82.126 34.823
v -256.818 -82.124 34.822
v -257.349 -81.199 34.822
v -256.814 -80.277 34.822
v -255.748 -80.279 34.822
v -255.216 -81.204 34.823
v -278.175 -119.856 21.201
v -281.409 -120.675 21.2
v -281.545 -121.409 17.408
v -277.811 -120.463 17.408
v -288.275 -63.437 21.904
v -290.265 -63.755 17.744
v -287.73 -65.354 17.744
v -285.625 -66.244 18.904
v -285.144 -66.548 18.904
v -285.556 -65.153 21.905
v -279.246 -118.491 23.977
v -281.112 -118.965 23.976
v -281.409 -120.675 21.2
v -278.175 -119.856 21.201
v -259.468 -77.187 16.591
v -258.825 -79.453 17.367
v -256.717 -75.945 17.367
v -258.167 -75.023 16.591
v -276.463 -116.165 0.265
v -276.466 -116.163 15.513
v -276.619 -115.776 15.513
v -276.619 -115.776 16.213
v -277.148 -114.441 17.053
v -277.148 -114.441 17.408
v -275.97 -117.414 17.408
v -275.967 -117.416 0.265
v -277.808 -120.465 0.265
v -277.811 -120.463 17.408
v -281.545 -121.409 17.408
v -281.542 -121.412 0.264
v -256.271 -78.293 16.592
v -256.268 -78.295 0.264
v -255.371 -76.802 0.264
v -255.374 -76.8 16.592
v -265.523 -70.995 0.261
v -265.527 -70.993 16.589
v -263.988 -71.972 17.72
v -262.361 -73.007 16.59
v -262.358 -73.009 0.262
v -284.011 -91.365 5.758
v -282.349 -92.413 5.759
v -282.348 -92.414 0.261
v -284.01 -91.366 0.26
v -261.358 -88.955 17.234
v -261.359 -88.955 18.547
v -260.13 -87.008 18.547
v -260.129 -87.008 17.234
v -259.403 -85.858 17.234
v -259.404 -85.857 21.247
v -262.083 -90.102 21.247
v -262.083 -90.103 17.234
v -272.792 -109.711 16.213
v -272.788 -109.714 0.265
v -264.625 -96.779 0.265
v -264.628 -96.777 16.213
v -290.264 -63.755 16.204
v -287.73 -65.354 17.744
v -290.265 -63.755 17.744
v -288.424 -103.777 0.261
v -288.427 -103.775 15.749
v -288.596 -104.043 15.969
v -286.169 -100.197 15.969
v -286.166 -100.199 0.261
v -263.482 -83.283 20.186
v -263.482 -83.283 20.236
v -263.649 -83.178 20.281
v -263.649 -83.178 21.246
v -259.404 -85.857 21.247
v -259.403 -85.858 17.234
v -262.847 -83.684 20.186
v -258.024 -81.192 32.332
v -257.517 -82.423 32.332
v -257.518 -82.423 34.822
v -258.024 -81.192 34.822
v -289.984 -89.039 15.747
v -296.191 -98.875 15.747
v -296.189 -98.877 0.259
v -289.981 -89.041 0.259
v -263.496 -76.119 17.204
v -266.78 -81.322 20.235
v -263.496 -76.119 20.235
v -278.9 -88.552 0.261
v -278.903 -88.55 15.974
v -277.894 -89.187 15.974
v -277.894 -89.187 16.209
v -298.219 -76.359 16.204
v -298.216 -76.361 0.256
v -283.531 -64.784 17.745
v -281.863 -62.141 16.205
v -281.863 -62.141 17.744
v -259.054 -93.036 15.518
v -260.732 -95.694 15.518
v -260.729 -95.696 0.265
v -259.051 -93.038 0.265
v -263.482 -83.283 20.236
v -263.482 -83.283 20.186
v -260.252 -78.166 17.205
v -260.253 -78.166 20.236
v -255.748 -80.279 34.822
v -256.814 -80.277 34.822
v -256.814 -80.277 36.842
v -255.748 -80.279 36.842
v -258.034 -88.33 8.498
v -258.936 -87.761 8.498
v -258.937 -87.76 16.213
v -260.129 -87.008 17.234
v -260.13 -87.008 18.547
v -258.036 -88.329 18.548
v -278.903 -88.55 15.974
v -278.9 -88.552 0.261
v -281.567 -92.779 0.261
v -281.569 -92.777 15.974
v -257.961 -79.253 17.056
v -259.677 -81.972 18.64
v -259.68 -81.97 32.332
v -259.456 -81.615 32.332
v -258.729 -80.465 32.332
v -257.049 -77.802 32.332
v -257.046 -77.804 17.038
v -259.069 -76.527 8.941
v -262.988 -74.054 8.94
v -262.99 -74.053 16.21
v -259.07 -76.526 16.211
v -252.877 -80.435 0.265
v -256.268 -78.295 0.264
v -256.271 -78.293 16.592
v -257.046 -77.804 17.038
v -257.049 -77.802 32.332
v -252.883 -80.431 32.333
v -284.636 -119.3 17.407
v -285.253 -116.427 17.406
v -285.253 -116.427 16.933
v -284.963 -117.78 16.212
v -284.963 -117.78 15.887
v -284.883 -118.15 15.887
v -284.88 -118.152 0.263
v -284.633 -119.303 0.264
v -260.166 -89.707 16.213
v -262.951 -94.12 16.213
v -262.951 -94.12 15.518
v -261.352 -91.586 15.518
v -261.35 -91.587 8.498
v -260.165 -89.708 8.498
v -257.848 -90.422 8.498
v -259.042 -91.657 8.498
v -259.04 -91.658 0.265
v -257.846 -90.423 0.265
v -287.592 -116.12 15.886
v -284.963 -117.78 15.887
v -284.963 -117.78 16.212
v -287.63 -116.096 16.211
v -299.043 -83.321 15.745
v -289.984 -89.039 15.747
v -289.981 -89.041 0.259
v -299.04 -83.323 0.256
v -261.755 -95.049 0.265
v -261.758 -95.047 15.518
v -261.68 -94.922 15.518
v -261.68 -94.922 16.608
v -263.357 -97.579 16.608
v -263.353 -97.581 0.265
v -288.427 -103.775 15.749
v -288.424 -103.777 0.261
v -296.189 -98.877 0.259
v -296.191 -98.875 15.747
v -255.514 -84.599 32.333
v -259.68 -81.97 32.332
v -259.677 -81.972 18.64
v -259.368 -82.167 18.64
v -256.664 -83.874 16.323
v -255.511 -84.601 16.323
v -256.814 -80.277 34.822
v -257.349 -81.199 34.822
v -257.349 -81.199 36.842
v -256.814 -80.277 36.842
v -285.574 -119.285 15.887
v -289.234 -117.056 15.886
v -289.231 -117.058 0.262
v -285.571 -119.287 0.263
v -260.106 -92.372 0.265
v -260.108 -92.371 8.498
v -261.35 -91.587 8.498
v -261.352 -91.586 15.518
v -259.054 -93.036 15.518
v -259.051 -93.038 0.265
v -258.164 -75.025 0.263
v -258.167 -75.023 16.591
v -256.717 -75.945 17.367
v -255.374 -76.8 16.592
v -255.371 -76.802 0.264
v -255.058 -82.428 32.333
v -254.546 -81.199 32.333
v -254.546 -81.199 34.823
v -255.058 -82.428 34.823
v -253.723 -84.756 16.323
v -255.4 -87.413 16.323
v -255.397 -87.415 0.265
v -253.72 -84.758 0.265
v -257.349 -81.199 34.822
v -256.818 -82.124 34.822
v -256.818 -82.124 36.842
v -257.349 -81.199 36.842
v -258.725 -75.959 0.263
v -258.727 -75.958 8.941
v -259.069 -76.527 8.941
v -259.07 -76.526 16.211
v -259.468 -77.187 16.591
v -258.167 -75.023 16.591
v -258.164 -75.025 0.263
v -255.069 -83.907 0.265
v -255.072 -83.905 16.323
v -253.723 -84.756 16.323
v -253.72 -84.758 0.265
v -263.725 -83.3 20.257
v -264.393 -84.358 20.873
v -266.328 -87.424 20.873
v -266.328 -87.424 21.246
v -263.649 -83.178 21.246
v -263.649 -83.178 20.281
v -263.718 -83.287 20.281
v -255.216 -81.204 34.823
v -255.748 -80.279 34.822
v -255.748 -80.279 36.842
v -255.217 -81.203 36.843
v -310.921 -102.141 15.745
v -299.043 -83.321 15.745
v -299.04 -83.323 0.256
v -310.918 -102.143 0.256
v -258.936 -87.761 8.498
v -257.772 -85.917 8.498
v -257.773 -85.916 16.213
v -258.937 -87.76 16.213
v -285.22 -100.796 15.969
v -285.217 -100.798 0.261
v -286.166 -100.199 0.261
v -286.169 -100.197 15.969
v -276.619 -115.776 15.513
v -274.468 -112.369 15.513
v -274.469 -112.369 16.213
v -276.619 -115.776 16.213
v -260.165 -89.708 8.498
v -259.262 -90.277 8.498
v -259.264 -90.276 18.548
v -261.359 -88.955 18.547
v -261.358 -88.955 17.234
v -260.166 -89.707 16.213
v -273.207 -113.015 0.265
v -273.21 -113.013 15.513
v -272.455 -113.489 15.513
v -272.452 -113.491 0.265
v -284.88 -118.152 0.263
v -284.883 -118.15 15.887
v -285.574 -119.285 15.887
v -285.571 -119.287 0.263
v -284.92 -115.871 17.406
v -285.253 -116.427 16.933
v -285.253 -116.427 17.406
v -260.108 -92.371 8.498
v -260.106 -92.372 0.265
v -259.04 -91.658 0.265
v -259.042 -91.657 8.498
v -276.466 -116.163 15.513
v -276.463 -116.165 0.265
v -274.8 -117.214 0.265
v -274.803 -117.212 15.513
v -281.545 -121.409 17.408
v -284.636 -119.3 17.407
v -284.633 -119.303 0.264
v -281.542 -121.412 0.264
v -271.6 -110.463 16.603
v -273.277 -113.12 16.603
v -273.277 -113.12 15.513
v -273.21 -113.013 15.513
v -273.207 -113.015 0.265
v -271.597 -110.465 0.265
v -252.883 -80.431 32.333
v -255.514 -84.599 32.333
v -255.511 -84.601 16.323
v -255.072 -83.905 16.323
v -255.069 -83.907 0.265
v -252.877 -80.435 0.265
v -258.727 -75.958 8.941
v -258.725 -75.959 0.263
v -262.635 -73.47 0.262
v -262.637 -73.469 8.94
v -256.867 -88.474 8.498
v -257.848 -90.422 8.498
v -257.846 -90.423 0.265
v -256.865 -88.475 0.265
v -266.328 -87.424 20.873
v -262.083 -90.103 17.234
v -262.083 -90.102 21.247
v -266.328 -87.424 21.246
v -266.162 -72.05 16.209
v -266.159 -72.052 0.261
v -287.14 -58.811 0.256
v -287.143 -58.809 17.743
v -281.863 -62.141 17.744
v -281.863 -62.141 16.205
v -256.659 -86.619 0.265
v -256.661 -86.618 8.498
v -256.867 -88.474 8.498
v -256.865 -88.475 0.265
v -255.751 -82.126 34.823
v -255.216 -81.204 34.823
v -255.217 -81.203 36.843
v -255.752 -82.126 36.843
v -282.361 -92.43 5.759
v -282.36 -92.431 0.261
v -282.348 -92.414 0.261
v -282.349 -92.413 5.759
v -260.252 -78.166 17.205
v -263.496 -76.119 17.204
v -263.496 -76.119 20.235
v -260.253 -78.166 20.236
v -259.262 -90.277 8.498
v -258.034 -88.33 8.498
v -258.036 -88.329 18.548
v -259.264 -90.276 18.548
v -272.455 -113.489 15.513
v -274.803 -117.212 15.513
v -274.8 -117.214 0.265
v -272.452 -113.491 0.265
v -255.4 -87.413 16.323
v -257.902 -85.835 16.323
v -257.773 -85.916 16.213
v -257.772 -85.917 8.498
v -256.661 -86.618 8.498
v -256.659 -86.619 0.265
v -255.397 -87.415 0.265
v -285.493 -93.582 5.758
v -284.011 -91.365 5.758
v -284.01 -91.366 0.26
v -285.492 -93.583 0.26
v -261.758 -95.047 15.518
v -261.755 -95.049 0.265
v -260.729 -95.696 0.265
v -260.732 -95.694 15.518
v -254.546 -81.199 32.333
v -255.052 -79.969 32.333
v -255.053 -79.968 34.823
v -254.546 -81.199 34.823
v -266.159 -72.052 0.261
v -266.162 -72.05 16.209
v -266.559 -72.712 16.589
v -265.527 -70.993 16.589
v -265.523 -70.995 0.261
v -287.14 -58.811 0.256
v -290.261 -63.757 0.256
v -298.216 -76.361 0.256
v -298.219 -76.359 16.204
v -290.264 -63.755 16.204
v -290.265 -63.755 17.744
v -287.143 -58.809 17.743
v -288.691 -116.172 0.262
v -288.694 -116.17 15.751
v -310.921 -102.141 15.745
v -310.918 -102.143 0.256
v -280.558 -93.415 0.261
v -280.561 -93.413 15.974
v -281.569 -92.777 15.974
v -281.567 -92.779 0.261
v -282.36 -92.431 0.261
v -282.361 -92.43 5.759
v -282.637 -92.256 5.759
v -282.639 -92.255 14.579
v -280.629 -93.522 14.579
v -280.627 -93.524 0.261
v -274.468 -112.369 15.513
v -273.277 -113.12 15.513
v -273.277 -113.12 16.603
v -274.924 -112.082 16.603
v -274.469 -112.369 16.213
v -255.052 -79.969 32.333
v -256.281 -79.457 32.332
v -256.282 -79.456 34.822
v -255.053 -79.968 34.823
v -284.205 -94.737 14.579
v -282.639 -92.255 14.579
v -282.637 -92.256 5.759
v -284.049 -94.494 5.759
v -284.048 -94.494 0.261
v -284.203 -94.739 0.261
v -262.361 -73.007 16.59
v -263.387 -74.714 16.59
v -262.99 -74.053 16.21
v -262.988 -74.054 8.94
v -262.637 -73.469 8.94
v -262.635 -73.47 0.262
v -262.358 -73.009 0.262
v -277.148 -114.441 17.053
v -277.602 -114.245 17.407
v -277.148 -114.441 17.408
v -256.288 -82.935 32.333
v -255.058 -82.428 32.333
v -255.058 -82.428 34.823
v -256.199 -82.898 34.823
v -256.289 -82.935 34.823
v -282.194 -96.007 0.261
v -282.197 -96.005 14.579
v -284.205 -94.737 14.579
v -284.203 -94.739 0.261
v -256.281 -79.457 32.332
v -257.512 -79.963 32.332
v -257.513 -79.963 34.822
v -256.282 -79.456 34.822
v -256.818 -82.124 34.822
v -255.751 -82.126 34.823
v -255.752 -82.126 36.843
v -256.818 -82.124 36.842
v -272.788 -109.714 0.265
v -272.792 -109.711 16.213
v -273.246 -109.425 16.603
v -271.6 -110.463 16.603
v -271.597 -110.465 0.265
v -263.357 -97.579 16.608
v -265.089 -96.486 16.608
v -264.628 -96.777 16.213
v -264.625 -96.779 0.265
v -263.353 -97.581 0.265
v -261.68 -94.922 15.518
v -262.951 -94.12 15.518
v -262.951 -94.12 16.213
v -263.412 -93.829 16.608
v -261.68 -94.922 16.608
v -284.048 -94.494 0.261
v -284.049 -94.494 5.759
v -285.493 -93.582 5.758
v -285.492 -93.583 0.26
v -257.512 -79.963 32.332
v -258.024 -81.192 32.332
v -258.024 -81.192 34.822
v -257.513 -79.963 34.822
v -289.234 -117.056 15.886
v -288.598 -116.012 15.886
v -288.694 -116.17 15.751
v -288.691 -116.172 0.262
v -289.231 -117.058 0.262
v -280.627 -93.524 0.261
v -280.629 -93.522 14.579
v -282.197 -96.005 14.579
v -282.194 -96.007 0.261
v -285.217 -100.798 0.261
v -285.22 -100.796 15.969
v -287.648 -104.642 15.969
v -287.833 -104.934 16.209
v -277.894 -89.187 16.209
v -277.894 -89.187 15.974
v -280.561 -93.413 15.974
v -280.558 -93.415 0.261
v -257.517 -82.423 32.332
v -256.288 -82.935 32.333
v -256.289 -82.935 34.823
v -256.372 -82.9 34.823
v -257.518 -82.423 34.822
v -275.97 -117.414 17.408
v -277.811 -120.463 17.408
v -277.808 -120.465 0.265
v -275.967 -117.416 0.265
f 205 260 261
f 259 257 258
f 257 255 256
f 255 253 254
f 252 250 251
f 250 248 249
f 246 244 245
f 243 241 242
f 241 239 240
f 239 237 238
f 235 233 234
f 233 231 232
f 231 229 230
f 228 226 227
f 225 223 224
f 221 219 220
f 218 216 217
f 216 214 215
f 213 211 212
f 210 208 209
f 207 205 206
f 205 259 260
f 259 255 257
f 255 252 253
f 252 248 250
f 246 243 244
f 243 239 241
f 235 231 233
f 225 222 223
f 221 218 219
f 218 214 216
f 213 210 211
f 207 259 205
f 259 252 255
f 252 247 248
f 247 243 246
f 243 237 239
f 236 231 235
f 226 222 225
f 222 218 221
f 218 213 214
f 213 208 210
f 207 252 259
f 252 243 247
f 243 236 237
f 236 229 231
f 226 218 222
f 218 208 213
f 207 243 252
f 243 229 236
f 228 218 226
f 218 207 208
f 207 229 243
f 229 218 228
f 218 229 207
f 267 268 262
f 263 264 265
f 265 266 267
f 267 262 263
f 263 265 267
f 271 272 269
f 269 270 271
f 278 279 273
f 273 274 275
f 275 276 277
f 277 278 273
f 273 275 277
f 283 284 280
f 280 281 282
f 282 283 280
f 290 291 285
f 285 286 287
f 287 288 289
f 289 290 285
f 285 287 289
f 293 296 292
f 296 294 295
f 294 296 293
f 299 300 297
f 297 298 299
f 305 306 301
f 301 302 303
f 304 305 301
f 301 303 304
f 308 310 307
f 310 308 309
f 312 314 311
f 314 312 313
f 317 318 315
f 315 316 317
f 328 329 319
f 320 321 322
f 322 323 324
f 324 325 326
f 326 327 328
f 320 322 324
f 326 328 319
f 319 320 324
f 324 326 319
f 331 332 330
f 337 338 333
f 334 335 336
f 337 333 334
f 334 336 337
f 340 343 339
f 343 341 342
f 341 343 340
f 346 347 344
f 344 345 346
f 349 351 348
f 351 349 350
f 354 355 352
f 352 353 354
f 357 363 364
f 362 363 357
f 357 358 359
f 361 356 357
f 362 357 359
f 361 357 364
f 369 362 359
f 361 364 365
f 368 369 359
f 360 361 365
f 367 368 359
f 360 365 366
f 367 359 360
f 360 366 367
f 374 375 370
f 371 372 373
f 374 370 371
f 371 373 374
f 378 379 376
f 376 377 378
f 404 380 381
f 381 382 383
f 383 384 385
f 386 387 388
f 391 392 393
f 395 396 397
f 397 398 399
f 399 400 401
f 404 381 383
f 383 385 386
f 386 388 389
f 390 391 393
f 394 395 397
f 397 399 401
f 404 383 386
f 390 393 394
f 394 397 401
f 403 404 386
f 394 401 402
f 403 386 389
f 390 394 402
f 402 403 389
f 389 390 402
f 407 408 405
f 405 406 407
f 411 412 409
f 409 410 411
f 415 416 413
f 413 414 415
f 418 419 417
f 426 427 420
f 420 421 422
f 422 423 424
f 424 425 426
f 426 420 422
f 422 424 426
f 429 431 428
f 431 429 430
f 433 434 432
f 436 438 435
f 438 436 437
f 443 444 439
f 439 440 441
f 441 442 443
f 443 439 441
f 447 448 445
f 445 446 447
f 450 451 449
f 453 454 452
f 457 458 455
f 455 456 457
f 460 461 459
f 463 464 462
f 468 469 465
f 465 466 467
f 467 468 465
f 472 473 470
f 470 471 472
f 475 477 474
f 477 475 476
f 480 481 478
f 478 479 480
f 484 485 482
f 482 483 484
f 487 490 486
f 490 488 489
f 488 490 487
f 493 494 491
f 491 492 493
f 496 497 495
f 502 503 498
f 498 499 500
f 501 502 498
f 498 500 501
f 506 507 504
f 504 505 506
f 509 510 508
f 513 514 511
f 511 512 513
f 526 527 515
f 515 516 517
f 517 518 519
f 519 520 521
f 521 522 523
f 525 526 515
f 515 517 519
f 521 523 524
f 524 525 515
f 515 519 521
f 521 524 515
f 529 530 528
f 532 533 531
f 535 536 534
f 555 556 537
f 537 538 539
f 542 543 544
f 546 547 548
f 550 551 552
f 552 553 554
f 555 537 539
f 541 542 544
f 546 548 549
f 550 552 554
f 554 555 539
f 540 541 544
f 545 546 549
f 549 550 554
f 554 539 540
f 540 544 545
f 545 549 554
f 554 540 545
f 559 560 557
f 557 558 559
f 562 564 561
f 564 562 563
f 567 568 565
f 565 566 567
f 572 573 569
f 569 570 571
f 571 572 569
f 577 578 574
f 574 575 576
f 576 577 574
f 580 581 579
f 583 584 582
f 586 587 585
f 590 591 588
f 588 589 590
f 596 597 592
f 592 593 594
f 594 595 596
f 596 592 594
f 606 610 611
f 609 610 606
f 606 607 598
f 598 599 600
f 600 601 602
f 602 603 604
f 604 605 606
f 609 606 598
f 598 600 602
f 604 606 611
f 608 609 598
f 604 611 612
f 608 598 602
f 602 604 612
f 613 608 602
f 602 612 613
f 616 617 614
f 614 615 616
f 622 623 618
f 618 619 620
f 621 622 618
f 618 620 621
f 626 627 624
f 624 625 626
f 630 631 628
f 628 629 630
f 638 639 632
f 633 634 635
f 635 636 637
f 638 632 633
f 635 637 638
f 638 633 635
f 642 643 640
f 640 641 642
f 646 647 644
f 644 645 646
f 649 652 648
f 652 650 651
f 650 652 649
f 654 656 653
f 656 654 655
f 663 664 657
f 659 660 661
f 663 657 658
f 659 661 662
f 662 663 658
f 658 659 662
f 667 668 665
f 665 666 667
f 670 671 669
f 673 676 672
f 675 673 674
f 673 675 676
f 678 683 677
f 683 681 682
f 681 679 680
f 679 683 678
f 683 679 681
f 685 687 684
f 687 685 686
f 690 691 688
f 688 689 690
f 693 694 692
f 699 700 695
f 696 697 698
f 699 695 696
f 696 698 699
f 702 703 701
f 706 707 704
f 704 705 706
f 710 711 708
f 708 709 710
f 713 715 712
f 715 713 714
f 717 721 716
f 721 719 720
f 718 721 717
f 721 718 719
f 723 725 722
f 725 723 724
f 727 732 726
f 732 730 731
f 729 727 728
f 727 730 732
f 730 727 729
f 734 736 733
f 736 734 735
f 738 742 737
f 742 740 741
f 739 742 738
f 742 739 740
f 743 749 750
f 748 746 747
f 746 744 745
f 743 748 749
f 748 744 746
f 744 748 743
f 755 756 751
f 751 752 753
f 754 755 751
f 751 753 754
f 759 760 757
f 757 758 759
f 763 764 761
f 761 762 763
f 766 768 765
f 768 766 767
f 773 774 769
f 770 771 772
f 773 769 770
f 770 772 773
f 776 778 775
f 778 776 777
f 783 784 779
f 779 780 781
f 782 783 779
f 779 781 782
f 786 788 785
f 788 786 787
f 791 792 789
f 789 790 791
f 794 798 793
f 797 795 796
f 794 797 798
f 797 794 795
f 800 803 799
f 803 801 802
f 801 803 800
f 806 807 804
f 804 805 806
f 810 811 808
f 808 809 810
f 813 815 812
f 815 813 814
f 817 822 816
f 821 819 820
f 819 817 818
f 817 821 822
f 821 817 819
f 824 826 823
f 826 824 825
f 828 833 827
f 833 831 832
f 831 829 830
f 828 831 833
f 831 828 829
f 836 837 834
f 834 835 836
f 839 841 838
f 841 839 840
f 844 845 842
f 842 843 844
f 847 849 846
f 849 847 848
f 852 853 850
f 850 851 852
f 859 854 855
f 856 857 858
f 859 855 856
f 856 858 859
f 861 863 860
f 863 861 862
f 866 867 864
f 864 865 866
f 869 870 868
f 873 874 871
f 871 872 873
f 877 878 875
f 875 876 877
f 881 882 879
f 879 880 881
f 887 888 883
f 883 884 885
f 886 887 883
f 883 885 886
f 893 894 889
f 889 890 891
f 892 893 889
f 889 891 892
f 896 898 895
f 898 896 897
f 901 902 899
f 899 900 901
f 905 906 903
f 903 904 905
f 908 912 907
f 912 910 911
f 910 908 909
f 908 910 912
f 915 916 913
f 913 914 915
f 919 920 917
f 917 918 919
f 923 924 921
f 921 922 923
f 926 928 925
f 928 926 927
f 931 932 929
f 929 930 931
f 935 936 933
f 933 934 935
f 942 943 937
f 937 938 939
f 939 940 941
f 941 942 937
f 937 939 941
f 945 947 944
f 947 945 946
f 950 951 948
f 948 949 950
f 954 955 952
f 952 953 954
f 957 960 956
f 959 957 958
f 957 959 960
f 962 967 961
f 967 965 966
f 965 963 964
f 963 967 962
f 967 963 965
f 970 971 968
f 968 969 970
f 974 975 972
f 972 973 974
f 977 981 976
f 981 979 980
f 979 977 978
f 977 979 981
f 986 982 983
f 983 984 985
f 985 986 983
f 988 990 987
f 990 988 989
f 991 995 996
f 994 992 993
f 991 994 995
f 994 991 992
f 1002 1003 997
f 997 998 999
f 999 1000 1001
f 1001 1002 997
f 997 999 1001
f 1005 1006 1004
f 1010 1011 1007
f 1007 1008 1009
f 1009 1010 1007
f 1014 1015 1012
f 1012 1013 1014
f 1017 1019 1016
f 1019 1017 1018
f 1022 1023 1020
f 1020 1021 1022
f 1025 1028 1024
f 1027 1025 1026
f 1025 1027 1028
f 1032 1033 1029
f 1029 1030 1031
f 1031 1032 1029
f 1035 1038 1034
f 1038 1036 1037
f 1036 1038 1035
f 1041 1042 1039
f 1039 1040 1041
f 1044 1046 1043
f 1046 1044 1045
f 1047 1050 1051
f 1049 1047 1048
f 1047 1049 1050
f 1053 1063 1052
f 1062 1060 1061
f 1060 1058 1059
f 1057 1055 1056
f 1053 1062 1063
f 1062 1058 1060
f 1057 1054 1055
f 1054 1062 1053
f 1062 1057 1058
f 1057 1062 1054
f 1067 1068 1064
f 1064 1065 1066
f 1066 1067 1064
f 1071 1072 1069
f 1069 1070 1071
o bldg_851bb195-a53e-4826-80d4-5a45fa782914
v -214.358 -118.215 3.323
v -212.618 -119.344 3.323
v -215.025 -123.053 3.323
v -216.765 -121.924 3.323
v -221.709 -129.542 3.323
v -242.131 -116.29 3.323
v -229.922 -97.476 3.323
v -209.5 -110.729 3.323
v -216.765 -121.924 32.894
v -218.719 -120.656 32.894
v -216.312 -116.947 32.894
v -214.358 -118.215 32.894
v -209.5 -110.729 32.894
v -229.922 -97.476 32.894
v -234.383 -104.35 32.894
v -237.717 -109.487 32.894
v -242.131 -116.29 32.894
v -221.709 -129.542 32.894
v -229.4 -107.584 32.894
v -218.77 -114.482 32.894
v -222.104 -119.619 32.894
v -232.734 -112.721 32.894
v -229.4 -107.584 39.689
v -232.734 -112.721 39.689
v -222.104 -119.619 39.689
v -218.77 -114.482 39.689
v -218.719 -120.656 33.684
v -215.025 -123.053 33.684
v -212.618 -119.344 33.684
v -216.312 -116.947 33.684
v -229.4 -107.584 32.894
v -232.734 -112.721 32.894
v -232.734 -112.721 39.689
v -229.4 -107.584 39.689
v -214.358 -118.215 3.323
v -214.358 -118.215 32.894
v -216.312 -116.947 32.894
v -216.312 -116.947 33.684
v -212.618 -119.344 33.684
v -212.618 -119.344 3.323
v -242.131 -116.29 32.894
v -237.717 -109.487 32.894
v -234.383 -104.35 32.894
v -229.922 -97.476 32.894
v -229.922 -97.476 3.323
v -242.131 -116.29 3.323
v -232.734 -112.721 32.894
v -222.104 -119.619 32.894
v -222.104 -119.619 39.689
v -232.734 -112.721 39.689
v -229.922 -97.476 32.894
v -209.5 -110.729 32.894
v -209.5 -110.729 3.323
v -229.922 -97.476 3.323
v -215.025 -123.053 33.684
v -218.719 -120.656 33.684
v -218.719 -120.656 32.894
v -216.765 -121.924 32.894
v -216.765 -121.924 3.323
v -215.025 -123.053 3.323
v -216.765 -121.924 3.323
v -216.765 -121.924 32.894
v -221.709 -129.542 32.894
v -221.709 -129.542 3.323
v -222.104 -119.619 32.894
v -218.77 -114.482 32.894
v -218.77 -114.482 39.689
v -222.104 -119.619 39.689
v -218.77 -114.482 32.894
v -229.4 -107.584 32.894
v -229.4 -107.584 39.689
v -218.77 -114.482 39.689
v -216.312 -116.947 32.894
v -218.719 -120.656 32.894
v -218.719 -120.656 33.684
v -216.312 -116.947 33.684
v -221.709 -129.542 32.894
v -242.131 -116.29 32.894
v -242.131 -116.29 3.323
v -221.709 -129.542 3.323
v -212.618 -119.344 33.684
v -215.025 -123.053 33.684
v -215.025 -123.053 3.323
v -212.618 -119.344 3.323
v -214.358 -118.215 32.894
v -214.358 -118.215 3.323
v -209.5 -110.729 3.323
v -209.5 -110.729 32.894
f 1073 1079 1080
f 1079 1077 1078
f 1076 1074 1075
f 1079 1076 1077
f 1076 1073 1074
f 1073 1076 1079
f 1089 1094 1091
f 1093 1094 1089
f 1089 1090 1081
f 1083 1084 1085
f 1085 1086 1087
f 1087 1088 1089
f 1093 1089 1081
f 1087 1089 1091
f 1093 1081 1082
f 1085 1087 1091
f 1092 1093 1082
f 1085 1091 1092
f 1092 1082 1083
f 1083 1085 1092
f 1097 1098 1095
f 1095 1096 1097
f 1101 1102 1099
f 1099 1100 1101
f 1104 1106 1103
f 1106 1104 1105
f 1108 1112 1107
f 1111 1109 1110
f 1108 1111 1112
f 1111 1108 1109
f 1114 1118 1113
f 1118 1116 1117
f 1115 1118 1114
f 1118 1115 1116
f 1121 1122 1119
f 1119 1120 1121
f 1124 1126 1123
f 1126 1124 1125
f 1131 1132 1127
f 1127 1128 1129
f 1130 1131 1127
f 1127 1129 1130
f 1135 1136 1133
f 1133 1134 1135
f 1139 1140 1137
f 1137 1138 1139
f 1142 1144 1141
f 1144 1142 1143
f 1146 1148 1145
f 1148 1146 1147
f 1151 1152 1149
f 1149 1150 1151
f 1155 1156 1153
f 1153 1154 1155
f 1159 1160 1157
f 1157 1158 1159
o bldg_7425ddad-8110-4dba-a84c-f9d8a4069dcc
v -285.613 -209.734 2.935
v -292.426 -205.306 2.935
v -288.423 -199.146 2.935
v -281.61 -203.574 2.935
v -288.423 -199.146 6.958
v -292.426 -205.306 6.958
v -285.613 -209.734 6.958
v -281.61 -203.574 6.958
v -288.423 -199.146 6.958
v -281.61 -203.574 6.958
v -281.61 -203.574 2.935
v -288.423 -199.146 2.935
v -285.613 -209.734 6.958
v -292.426 -205.306 6.958
v -292.426 -205.306 2.935
v -285.613 -209.734 2.935
v -292.426 -205.306 6.958
v -288.423 -199.146 6.958
v -288.423 -199.146 2.935
v -292.426 -205.306 2.935
v -281.61 -203.574 6.958
v -285.613 -209.734 6.958
v -285.613 -209.734 2.935
v -281.61 -203.574 2.935
f 1162 1164 1161
f 1164 1162 1163
f 1167 1168 1165
f 1165 1166 1167
f 1170 1172 1169
f 1172 1170 1171
f 1175 1176 1173
f 1173 1174 1175
f 1178 1180 1177
f 1180 1178 1179
f 1183 1184 1181
f 1181 1182 1183
o bldg_7d330cc0-6acc-4f50-b972-9112f967adb9
v -230.58 -134.345 0.62
v -236.099 -142.965 0.62
v -252.637 -132.376 0.615
v -252.108 -131.55 0.615
v -252.558 -131.262 0.615
v -244.866 -119.247 0.615
v -244.428 -119.528 0.615
v -243.948 -118.779 0.615
v -227.398 -129.375 0.619
v -228.616 -131.278 0.619
v -227.536 -131.97 0.62
v -229.5 -135.036 0.62
v -238.421 -122.317 22.461
v -247.122 -135.907 22.461
v -236.103 -142.962 22.464
v -227.402 -129.372 22.464
v -244.433 -119.524 26.17
v -244.871 -119.244 26.169
v -252.563 -131.259 26.17
v -252.113 -131.547 26.17
v -252.642 -132.373 26.17
v -247.123 -135.906 26.171
v -238.422 -122.317 26.171
v -243.953 -118.775 26.17
v -228.621 -131.275 22.159
v -230.584 -134.342 22.159
v -229.504 -135.033 22.16
v -227.54 -131.967 22.16
v -252.113 -131.547 26.17
v -252.563 -131.259 26.17
v -252.558 -131.262 0.615
v -252.108 -131.55 0.615
v -244.871 -119.244 26.169
v -244.433 -119.524 26.17
v -244.428 -119.528 0.615
v -244.866 -119.247 0.615
v -227.54 -131.967 22.16
v -229.504 -135.033 22.16
v -229.5 -135.036 0.62
v -227.536 -131.97 0.62
v -228.616 -131.278 0.619
v -228.621 -131.275 22.159
v -227.54 -131.967 22.16
v -227.536 -131.97 0.62
v -230.58 -134.345 0.62
v -230.584 -134.342 22.159
v -228.621 -131.275 22.159
v -228.616 -131.278 0.619
v -227.398 -129.375 0.619
v -227.402 -129.372 22.464
v -236.103 -142.962 22.464
v -236.099 -142.965 0.62
v -230.584 -134.342 22.159
v -230.58 -134.345 0.62
v -229.5 -135.036 0.62
v -229.504 -135.033 22.16
v -227.398 -129.375 0.619
v -243.948 -118.779 0.615
v -243.953 -118.775 26.17
v -238.422 -122.317 26.171
v -238.421 -122.317 22.461
v -227.402 -129.372 22.464
v -236.103 -142.962 22.464
v -247.122 -135.907 22.461
v -247.123 -135.906 26.171
v -252.642 -132.373 26.17
v -252.637 -132.376 0.615
v -236.099 -142.965 0.62
v -247.122 -135.907 22.461
v -238.421 -122.317 22.461
v -238.422 -122.317 26.171
v -247.123 -135.906 26.171
v -252.563 -131.259 26.17
v -244.871 -119.244 26.169
v -244.866 -119.247 0.615
v -252.558 -131.262 0.615
v -244.433 -119.524 26.17
v -243.953 -118.775 26.17
v -243.948 -118.779 0.615
v -244.428 -119.528 0.615
v -252.642 -132.373 26.17
v -252.113 -131.547 26.17
v -252.108 -131.55 0.615
v -252.637 -132.376 0.615
f 1185 1195 1196
f 1194 1192 1193
f 1191 1189 1190
f 1188 1186 1187
f 1185 1194 1195
f 1194 1191 1192
f 1191 1188 1189
f 1188 1185 1186
f 1185 1191 1194
f 1191 1185 1188
f 1199 1200 1197
f 1197 1198 1199
f 1207 1208 1201
f 1201 1202 1203
f 1204 1205 1206
f 1206 1207 1201
f 1201 1203 1204
f 1204 1206 1201
f 1211 1212 1209
f 1209 1210 1211
f 1215 1216 1213
f 1213 1214 1215
f 1218 1220 1217
f 1220 1218 1219
f 1223 1224 1221
f 1221 1222 1223
f 1226 1228 1225
f 1228 1226 1227
f 1235 1236 1229
f 1231 1232 1233
f 1235 1229 1230
f 1231 1233 1234
f 1234 1235 1230
f 1230 1231 1234
f 1239 1240 1237
f 1237 1238 1239
f 1242 1246 1241
f 1245 1243 1244
f 1242 1245 1246
f 1245 1242 1243
f 1251 1252 1247
f 1248 1249 1250
f 1251 1247 1248
f 1248 1250 1251
f 1255 1256 1253
f 1253 1254 1255
f 1258 1260 1257
f 1260 1258 1259
f 1262 1264 1261
f 1264 1262 1263
f 1266 1268 1265
f 1268 1266 1267
o bldg_32dec203-e361-4e0f-9cef-fa14d0d47746
v -333.462 -153.685 3.025
v -308.975 -114.949 3.025
v -284.905 -130.144 3.025
v -309.416 -168.866 3.025
v -332.487 -154.3 29.93
v -308.023 -115.55 29.93
v -308.975 -114.949 29.93
v -333.462 -153.685 29.93
v -328.075 -157.086 31.195
v -319.659 -162.399 31.195
v -310.33 -168.289 31.195
v -285.866 -129.537 31.195
v -308.023 -115.55 31.195
v -332.487 -154.3 31.195
v -314.294 -153.85 31.195
v -322.725 -148.56 31.195
v -309.602 -127.648 31.195
v -301.171 -132.938 31.195
v -301.171 -132.938 35.61
v -309.602 -127.648 35.61
v -322.725 -148.56 35.61
v -314.294 -153.85 35.61
v -285.866 -129.537 29.425
v -310.33 -168.289 29.425
v -309.416 -168.866 29.425
v -284.905 -130.144 29.425
v -301.171 -132.938 31.195
v -309.602 -127.648 31.195
v -309.602 -127.648 35.61
v -301.171 -132.938 35.61
v -314.294 -153.85 31.195
v -301.171 -132.938 31.195
v -301.171 -132.938 35.61
v -314.294 -153.85 35.61
v -310.33 -168.289 29.425
v -285.866 -129.537 29.425
v -285.866 -129.537 31.195
v -310.33 -168.289 31.195
v -309.602 -127.648 31.195
v -322.725 -148.56 31.195
v -322.725 -148.56 35.61
v -309.602 -127.648 35.61
v -322.725 -148.56 31.195
v -314.294 -153.85 31.195
v -314.294 -153.85 35.61
v -322.725 -148.56 35.61
v -285.866 -129.537 31.195
v -285.866 -129.537 29.425
v -284.905 -130.144 29.425
v -284.905 -130.144 3.025
v -308.975 -114.949 3.025
v -308.975 -114.949 29.93
v -308.023 -115.55 29.93
v -308.023 -115.55 31.195
v -333.462 -153.685 29.93
v -308.975 -114.949 29.93
v -308.975 -114.949 3.025
v -333.462 -153.685 3.025
v -308.023 -115.55 29.93
v -332.487 -154.3 29.93
v -332.487 -154.3 31.195
v -308.023 -115.55 31.195
v -284.905 -130.144 29.425
v -309.416 -168.866 29.425
v -309.416 -168.866 3.025
v -284.905 -130.144 3.025
v -333.462 -153.685 3.025
v -309.416 -168.866 3.025
v -309.416 -168.866 29.425
v -310.33 -168.289 29.425
v -310.33 -168.289 31.195
v -319.659 -162.399 31.195
v -328.075 -157.086 31.195
v -332.487 -154.3 31.195
v -332.487 -154.3 29.93
v -333.462 -153.685 29.93
f 1270 1272 1269
f 1272 1270 1271
f 1275 1276 1273
f 1273 1274 1275
f 1282 1284 1285
f 1283 1284 1282
f 1282 1277 1278
f 1278 1279 1280
f 1281 1282 1285
f 1283 1282 1278
f 1280 1281 1285
f 1286 1283 1278
f 1280 1285 1286
f 1286 1278 1280
f 1289 1290 1287
f 1287 1288 1289
f 1293 1294 1291
f 1291 1292 1293
f 1296 1298 1295
f 1298 1296 1297
f 1301 1302 1299
f 1299 1300 1301
f 1305 1306 1303
f 1303 1304 1305
f 1308 1310 1307
f 1310 1308 1309
f 1313 1314 1311
f 1311 1312 1313
f 1316 1322 1315
f 1321 1319 1320
f 1319 1317 1318
f 1316 1321 1322
f 1319 1316 1317
f 1316 1319 1321
f 1324 1326 1323
f 1326 1324 1325
f 1328 1330 1327
f 1330 1328 1329
f 1333 1334 1331
f 1331 1332 1333
f 1343 1344 1335
f 1335 1336 1337
f 1338 1339 1340
f 1341 1342 1343
f 1335 1337 1338
f 1338 1340 1341
f 1341 1343 1335
f 1335 1338 1341
o bldg_b1b553a0-188f-4c33-b752-f1bf4494b68b
v -291.484 23.781 3.116
v -302.459 30.221 3.116
v -298.055 37.726 3.116
v -299.199 38.397 3.116
v -298.632 39.363 3.116
v -295.058 37.266 3.116
v -291.746 42.911 3.116
v -281.525 36.914 3.116
v -282.054 36.013 3.116
v -258.269 22.056 3.116
v -257.329 23.658 3.116
v -233.652 9.765 3.116
v -237.339 3.482 3.116
v -238.939 4.42 3.116
v -239.269 3.858 3.116
v -233.313 0.364 3.116
v -238.221 -8.001 3.116
v -291.715 23.388 3.116
v -296.616 33.882 3.116
v -298.967 29.875 3.116
v -298.25 29.454 3.116
v -295.899 33.461 3.116
v -294.59 35.692 3.116
v -295.307 36.113 3.116
v -295.562 35.677 3.116
v -294.845 35.256 3.116
v -299.577 35.132 21.805
v -296.829 33.52 21.805
v -295.236 36.233 21.805
v -297.985 37.846 21.805
v -298.632 39.363 6.275
v -299.199 38.397 6.275
v -298.055 37.726 6.275
v -297.985 37.846 6.275
v -295.555 36.42 6.275
v -295.058 37.266 6.275
v -241.181 6.592 18.59
v -241.897 5.371 18.59
v -241.154 4.935 18.59
v -242.395 2.822 18.59
v -240.522 1.723 18.59
v -239.811 2.935 18.59
v -238.565 5.057 18.59
v -277.591 23.8 14.105
v -280.731 25.617 14.105
v -283.228 21.302 14.105
v -280.088 19.485 14.105
v -302.459 30.221 15.855
v -301.099 29.423 15.855
v -300.355 30.69 15.855
v -301.716 31.488 15.855
v -300.154 34.149 16.715
v -298.794 33.351 16.715
v -297.405 32.537 16.715
v -296.829 33.52 16.715
v -299.577 35.132 16.715
v -298.967 29.875 18.235
v -297.405 32.537 16.715
v -298.794 33.351 16.715
v -300.355 30.69 18.235
v -239.75 1.27 18.235
v -239.322 1.999 18.235
v -239.039 2.482 18.235
v -239.811 2.935 18.59
v -240.522 1.723 18.59
v -284.283 31.885 10.0
v -285.514 32.607 10.0
v -286.136 31.547 10.0
v -286.374 31.143 10.0
v -285.142 30.42 10.0
v -284.905 30.825 10.0
v -241.897 5.371 18.59
v -241.181 6.592 18.59
v -246.915 9.957 15.085
v -247.618 8.758 15.085
v -247.516 8.698 15.147
v -242.465 5.734 18.235
v -242.478 5.712 18.235
v -289.666 25.028 14.105
v -283.962 21.727 14.105
v -281.465 26.042 14.105
v -287.169 29.343 14.105
v -280.218 28.074 7.54
v -284.905 30.825 7.54
v -285.142 30.42 7.54
v -280.455 27.67 7.54
v -246.123 9.492 7.54
v -242.019 7.084 4.355
v -239.609 11.192 4.355
v -243.713 13.6 7.54
v -245.11 -1.619 23.475
v -241.505 4.524 23.475
v -268.054 20.103 23.475
v -271.659 13.96 23.475
v -287.958 29.8 14.105
v -293.587 33.058 14.105
v -296.084 28.743 14.105
v -290.455 25.485 14.105
v -289.159 34.746 7.54
v -289.188 34.697 7.54
v -289.781 33.686 7.54
v -286.136 31.547 10.0
v -285.514 32.607 10.0
v -280.808 28.421 12.21
v -280.186 29.481 12.21
v -284.283 31.885 10.0
v -284.905 30.825 10.0
v -258.269 22.056 7.54
v -282.054 36.013 7.54
v -281.525 36.914 7.54
v -291.746 42.911 7.54
v -295.555 36.42 7.54
v -295.236 36.233 7.54
v -295.307 36.113 7.54
v -294.59 35.692 7.54
v -294.471 35.894 7.54
v -286.374 31.143 7.54
v -286.136 31.548 7.54
v -289.781 33.686 7.54
v -289.188 34.697 7.54
v -289.159 34.746 7.54
v -246.123 9.492 7.54
v -243.713 13.6 7.54
v -252.059 18.498 7.54
v -251.157 20.036 7.54
v -257.329 23.658 7.54
v -254.003 14.116 12.21
v -254.706 12.917 12.21
v -248.394 9.213 15.085
v -247.691 10.412 15.085
v -237.339 3.482 4.355
v -233.652 9.765 4.355
v -251.157 20.036 4.355
v -252.059 18.498 4.355
v -243.713 13.6 4.355
v -239.609 11.192 4.355
v -242.019 7.084 4.355
v -238.565 5.057 4.355
v -238.939 4.42 4.355
v -281.35 17.306 18.235
v -238.221 -8.001 18.235
v -237.2 -6.26 18.235
v -233.313 0.364 18.235
v -239.269 3.858 18.235
v -239.811 2.935 18.235
v -239.039 2.482 18.235
v -239.322 1.999 18.235
v -239.75 1.27 18.235
v -242.395 2.822 18.235
v -241.154 4.935 18.235
v -242.478 5.712 18.235
v -242.465 5.734 18.235
v -276.175 25.514 18.235
v -276.33 25.25 18.235
v -294.471 35.894 18.235
v -294.845 35.256 18.235
v -295.562 35.677 18.235
v -296.616 33.882 18.235
v -295.899 33.461 18.235
v -298.25 29.454 18.235
v -298.967 29.875 18.235
v -300.355 30.69 18.235
v -301.099 29.423 18.235
v -291.484 23.781 18.235
v -291.715 23.388 18.235
v -245.11 -1.619 18.235
v -271.659 13.96 18.235
v -268.054 20.103 18.235
v -241.505 4.524 18.235
v -293.587 33.058 18.235
v -287.958 29.8 18.235
v -290.455 25.485 18.235
v -296.084 28.743 18.235
v -287.169 29.343 18.235
v -281.465 26.042 18.235
v -283.962 21.727 18.235
v -289.666 25.028 18.235
v -280.731 25.617 18.235
v -277.591 23.8 18.235
v -280.088 19.485 18.235
v -283.228 21.302 18.235
v -247.691 10.412 15.085
v -248.394 9.213 15.085
v -247.618 8.758 15.085
v -246.915 9.957 15.085
v -276.175 25.514 12.21
v -254.706 12.917 12.21
v -254.003 14.116 12.21
v -280.186 29.481 12.21
v -280.808 28.421 12.21
v -280.218 28.074 12.21
v -280.455 27.67 12.21
v -276.33 25.25 12.21
v -300.355 30.69 15.855
v -298.794 33.351 16.715
v -300.154 34.149 16.715
v -301.716 31.488 15.855
v -241.154 4.935 18.59
v -241.154 4.935 18.235
v -242.395 2.822 18.235
v -242.395 2.822 18.59
v -282.054 36.013 7.54
v -258.269 22.056 7.54
v -258.269 22.056 3.116
v -282.054 36.013 3.116
v -271.659 13.96 23.475
v -271.659 13.96 18.235
v -245.11 -1.619 18.235
v -245.11 -1.619 23.475
v -291.484 23.781 3.116
v -291.484 23.781 18.235
v -301.099 29.423 18.235
v -301.099 29.423 15.855
v -302.459 30.221 15.855
v -302.459 30.221 3.116
v -238.221 -8.001 18.235
v -281.35 17.306 18.235
v -291.715 23.388 18.235
v -291.715 23.388 3.116
v -238.221 -8.001 3.116
v -294.845 35.256 18.235
v -294.471 35.894 18.235
v -294.471 35.894 7.54
v -294.59 35.692 7.54
v -294.59 35.692 3.116
v -294.845 35.256 3.116
v -295.058 37.266 3.116
v -295.058 37.266 6.275
v -295.555 36.42 6.275
v -295.555 36.42 7.54
v -291.746 42.911 7.54
v -291.746 42.911 3.116
v -233.313 0.364 3.116
v -239.269 3.858 3.116
v -239.269 3.858 18.235
v -233.313 0.364 18.235
v -280.218 28.074 7.54
v -280.218 28.074 12.21
v -280.808 28.421 12.21
v -284.905 30.825 10.0
v -284.905 30.825 7.54
v -286.136 31.547 10.0
v -289.781 33.686 7.54
v -286.136 31.548 7.54
v -296.616 33.882 18.235
v -296.616 33.882 3.116
v -295.899 33.461 3.116
v -295.899 33.461 18.235
v -239.811 2.935 18.59
v -239.039 2.482 18.235
v -239.811 2.935 18.235
v -258.269 22.056 7.54
v -257.329 23.658 7.54
v -257.329 23.658 3.116
v -258.269 22.056 3.116
v -286.374 31.143 10.0
v -286.136 31.547 10.0
v -286.136 31.548 7.54
v -286.374 31.143 7.54
v -233.313 0.364 18.235
v -237.2 -6.26 18.235
v -238.221 -8.001 18.235
v -238.221 -8.001 3.116
v -233.313 0.364 3.116
v -297.405 32.537 16.715
v -298.967 29.875 18.235
v -298.967 29.875 3.116
v -296.616 33.882 3.116
v -296.616 33.882 18.235
v -295.562 35.677 18.235
v -295.562 35.677 3.116
v -295.307 36.113 3.116
v -295.307 36.113 7.54
v -295.236 36.233 7.54
v -295.236 36.233 21.805
v -296.829 33.52 21.805
v -296.829 33.52 16.715
v -252.059 18.498 7.54
v -252.059 18.498 4.355
v -251.157 20.036 4.355
v -251.157 20.036 7.54
v -281.525 36.914 7.54
v -282.054 36.013 7.54
v -282.054 36.013 3.116
v -281.525 36.914 3.116
v -298.632 39.363 6.275
v -295.058 37.266 6.275
v -295.058 37.266 3.116
v -298.632 39.363 3.116
v -294.845 35.256 3.116
v -295.562 35.677 3.116
v -295.562 35.677 18.235
v -294.845 35.256 18.235
v -268.054 20.103 23.475
v -268.054 20.103 18.235
v -271.659 13.96 18.235
v -271.659 13.96 23.475
v -280.218 28.074 12.21
v -280.218 28.074 7.54
v -280.455 27.67 7.54
v -280.455 27.67 12.21
v -241.154 4.935 18.59
v -241.897 5.371 18.59
v -242.478 5.712 18.235
v -241.154 4.935 18.235
v -239.609 11.192 4.355
v -243.713 13.6 4.355
v -252.059 18.498 4.355
v -252.059 18.498 7.54
v -243.713 13.6 7.54
v -268.054 20.103 23.475
v -241.505 4.524 23.475
v -241.505 4.524 18.235
v -268.054 20.103 18.235
v -238.565 5.057 4.355
v -242.019 7.084 4.355
v -246.123 9.492 7.54
v -289.159 34.746 7.54
v -285.514 32.607 10.0
v -284.283 31.885 10.0
v -280.186 29.481 12.21
v -254.003 14.116 12.21
v -247.691 10.412 15.085
v -246.915 9.957 15.085
v -241.181 6.592 18.59
v -238.565 5.057 18.59
v -237.339 3.482 4.355
v -238.939 4.42 4.355
v -238.939 4.42 3.116
v -237.339 3.482 3.116
v -233.652 9.765 4.355
v -237.339 3.482 4.355
v -237.339 3.482 3.116
v -233.652 9.765 3.116
v -289.666 25.028 18.235
v -289.666 25.028 14.105
v -287.169 29.343 14.105
v -287.169 29.343 18.235
v -291.715 23.388 18.235
v -291.484 23.781 18.235
v -291.484 23.781 3.116
v -291.715 23.388 3.116
v -290.455 25.485 18.235
v -290.455 25.485 14.105
v -296.084 28.743 14.105
v -296.084 28.743 18.235
v -299.577 35.132 21.805
v -299.577 35.132 16.715
v -296.829 33.52 16.715
v -296.829 33.52 21.805
v -295.307 36.113 3.116
v -294.59 35.692 3.116
v -294.59 35.692 7.54
v -295.307 36.113 7.54
v -298.25 29.454 18.235
v -298.25 29.454 3.116
v -298.967 29.875 3.116
v -298.967 29.875 18.235
v -285.142 30.42 7.54
v -284.905 30.825 7.54
v -284.905 30.825 10.0
v -285.142 30.42 10.0
v -291.746 42.911 7.54
v -281.525 36.914 7.54
v -281.525 36.914 3.116
v -291.746 42.911 3.116
v -247.618 8.758 15.085
v -248.394 9.213 15.085
v -254.706 12.917 12.21
v -276.175 25.514 12.21
v -276.175 25.514 18.235
v -242.465 5.734 18.235
v -247.516 8.698 15.147
v -296.084 28.743 18.235
v -296.084 28.743 14.105
v -293.587 33.058 14.105
v -293.587 33.058 18.235
v -280.088 19.485 18.235
v -280.088 19.485 14.105
v -283.228 21.302 14.105
v -283.228 21.302 18.235
v -298.25 29.454 3.116
v -298.25 29.454 18.235
v -295.899 33.461 18.235
v -295.899 33.461 3.116
v -299.199 38.397 3.116
v -298.055 37.726 3.116
v -298.055 37.726 6.275
v -299.199 38.397 6.275
v -287.169 29.343 18.235
v -287.169 29.343 14.105
v -281.465 26.042 14.105
v -281.465 26.042 18.235
v -241.505 4.524 23.475
v -245.11 -1.619 23.475
v -245.11 -1.619 18.235
v -241.505 4.524 18.235
v -238.939 4.42 3.116
v -238.939 4.42 4.355
v -238.565 5.057 4.355
v -238.565 5.057 18.59
v -239.811 2.935 18.59
v -239.811 2.935 18.235
v -239.269 3.858 18.235
v -239.269 3.858 3.116
v -277.591 23.8 18.235
v -277.591 23.8 14.105
v -280.088 19.485 14.105
v -280.088 19.485 18.235
v -283.228 21.302 18.235
v -283.228 21.302 14.105
v -280.731 25.617 14.105
v -280.731 25.617 18.235
v -299.199 38.397 6.275
v -298.632 39.363 6.275
v -298.632 39.363 3.116
v -299.199 38.397 3.116
v -280.731 25.617 18.235
v -280.731 25.617 14.105
v -277.591 23.8 14.105
v -277.591 23.8 18.235
v -281.465 26.042 18.235
v -281.465 26.042 14.105
v -283.962 21.727 14.105
v -283.962 21.727 18.235
v -298.794 33.351 16.715
v -300.355 30.69 15.855
v -301.099 29.423 15.855
v -301.099 29.423 18.235
v -300.355 30.69 18.235
v -233.652 9.765 3.116
v -257.329 23.658 3.116
v -257.329 23.658 7.54
v -251.157 20.036 7.54
v -251.157 20.036 4.355
v -233.652 9.765 4.355
v -276.175 25.514 18.235
v -276.175 25.514 12.21
v -276.33 25.25 12.21
v -276.33 25.25 18.235
v -294.471 35.894 7.54
v -294.471 35.894 18.235
v -276.33 25.25 18.235
v -276.33 25.25 12.21
v -280.455 27.67 12.21
v -280.455 27.67 7.54
v -285.142 30.42 7.54
v -285.142 30.42 10.0
v -286.374 31.143 10.0
v -286.374 31.143 7.54
v -295.555 36.42 7.54
v -295.555 36.42 6.275
v -297.985 37.846 6.275
v -297.985 37.846 21.805
v -295.236 36.233 21.805
v -295.236 36.233 7.54
v -283.962 21.727 18.235
v -283.962 21.727 14.105
v -289.666 25.028 14.105
v -289.666 25.028 18.235
v -293.587 33.058 18.235
v -293.587 33.058 14.105
v -287.958 29.8 14.105
v -287.958 29.8 18.235
v -301.716 31.488 15.855
v -300.154 34.149 16.715
v -299.577 35.132 16.715
v -299.577 35.132 21.805
v -297.985 37.846 21.805
v -297.985 37.846 6.275
v -298.055 37.726 6.275
v -298.055 37.726 3.116
v -302.459 30.221 3.116
v -302.459 30.221 15.855
v -287.958 29.8 18.235
v -287.958 29.8 14.105
v -290.455 25.485 14.105
v -290.455 25.485 18.235
v -242.395 2.822 18.235
v -239.75 1.27 18.235
v -240.522 1.723 18.59
v -242.395 2.822 18.59
f 1346 1368 1369
f 1370 1346 1369
f 1346 1363 1364
f 1365 1346 1364
f 1345 1361 1362
f 1361 1359 1360
f 1358 1356 1357
f 1356 1354 1355
f 1353 1351 1352
f 1350 1348 1349
f 1347 1368 1346
f 1370 1363 1346
f 1365 1345 1346
f 1345 1359 1361
f 1358 1354 1356
f 1353 1350 1351
f 1350 1347 1348
f 1347 1367 1368
f 1370 1366 1363
f 1366 1345 1365
f 1345 1358 1359
f 1358 1353 1354
f 1350 1367 1347
f 1367 1366 1370
f 1366 1358 1345
f 1358 1350 1353
f 1367 1358 1366
f 1358 1367 1350
f 1373 1374 1371
f 1371 1372 1373
f 1379 1380 1375
f 1375 1376 1377
f 1378 1379 1375
f 1375 1377 1378
f 1386 1387 1381
f 1381 1382 1383
f 1383 1384 1385
f 1385 1386 1381
f 1381 1383 1385
f 1390 1391 1388
f 1388 1389 1390
f 1394 1395 1392
f 1392 1393 1394
f 1399 1400 1396
f 1397 1398 1399
f 1399 1396 1397
f 1403 1404 1401
f 1401 1402 1403
f 1408 1409 1405
f 1405 1406 1407
f 1407 1408 1405
f 1415 1410 1411
f 1411 1412 1413
f 1413 1414 1415
f 1415 1411 1413
f 1421 1422 1416
f 1416 1417 1418
f 1418 1419 1420
f 1421 1416 1418
f 1418 1420 1421
f 1425 1426 1423
f 1423 1424 1425
f 1429 1430 1427
f 1427 1428 1429
f 1433 1434 1431
f 1431 1432 1433
f 1437 1438 1435
f 1435 1436 1437
f 1441 1442 1439
f 1439 1440 1441
f 1446 1447 1443
f 1444 1445 1446
f 1446 1443 1444
f 1450 1451 1448
f 1448 1449 1450
f 1469 1470 1452
f 1453 1454 1455
f 1455 1456 1457
f 1457 1458 1459
f 1460 1461 1462
f 1463 1464 1465
f 1465 1466 1467
f 1468 1469 1452
f 1453 1455 1457
f 1457 1459 1460
f 1460 1462 1463
f 1465 1467 1468
f 1453 1457 1460
f 1460 1463 1465
f 1465 1468 1452
f 1453 1460 1465
f 1465 1452 1453
f 1473 1474 1471
f 1471 1472 1473
f 1482 1483 1475
f 1476 1477 1478
f 1478 1479 1480
f 1480 1481 1482
f 1482 1475 1476
f 1476 1478 1480
f 1480 1482 1476
f 1484 1511 1512
f 1510 1511 1484
f 1484 1485 1486
f 1486 1487 1488
f 1488 1489 1490
f 1495 1496 1497
f 1498 1499 1500
f 1500 1501 1502
f 1504 1505 1506
f 1516 1517 1507
f 1520 1521 1507
f 1508 1509 1525
f 1524 1525 1509
f 1510 1484 1486
f 1486 1488 1490
f 1495 1497 1498
f 1500 1502 1503
f 1504 1506 1507
f 1516 1507 1521
f 1520 1507 1508
f 1524 1509 1484
f 1486 1490 1491
f 1494 1495 1498
f 1500 1503 1504
f 1504 1507 1517
f 1515 1516 1521
f 1520 1508 1525
f 1523 1524 1484
f 1486 1491 1492
f 1494 1498 1500
f 1500 1504 1517
f 1515 1521 1518
f 1519 1520 1525
f 1523 1484 1512
f 1510 1486 1492
f 1500 1517 1514
f 1514 1515 1518
f 1519 1525 1522
f 1522 1523 1512
f 1510 1492 1493
f 1500 1514 1518
f 1518 1519 1522
f 1513 1510 1493
f 1500 1518 1522
f 1513 1493 1494
f 1500 1522 1512
f 1512 1513 1494
f 1494 1500 1512
f 1528 1529 1526
f 1526 1527 1528
f 1536 1537 1530
f 1530 1531 1532
f 1532 1533 1534
f 1535 1536 1530
f 1532 1534 1535
f 1535 1530 1532
f 1540 1541 1538
f 1538 1539 1540
f 1543 1545 1542
f 1545 1543 1544
f 1547 1549 1546
f 1549 1547 1548
f 1552 1553 1550
f 1550 1551 1552
f 1558 1559 1554
f 1554 1555 1556
f 1557 1558 1554
f 1554 1556 1557
f 1563 1564 1560
f 1561 1562 1563
f 1563 1560 1561
f 1566 1570 1565
f 1570 1568 1569
f 1568 1566 1567
f 1566 1568 1570
f 1572 1576 1571
f 1576 1574 1575
f 1574 1572 1573
f 1572 1574 1576
f 1578 1580 1577
f 1580 1578 1579
f 1584 1585 1581
f 1581 1582 1583
f 1583 1584 1581
f 1587 1588 1586
f 1591 1592 1589
f 1589 1590 1591
f 1594 1595 1593
f 1597 1599 1596
f 1599 1597 1598
f 1601 1603 1600
f 1603 1601 1602
f 1607 1608 1604
f 1605 1606 1607
f 1607 1604 1605
f 1609 1610 1611
f 1614 1615 1616
f 1617 1618 1619
f 1621 1609 1611
f 1614 1616 1617
f 1621 1611 1612
f 1614 1617 1619
f 1620 1621 1612
f 1613 1614 1619
f 1620 1612 1613
f 1613 1619 1620
f 1624 1625 1622
f 1622 1623 1624
f 1628 1629 1626
f 1626 1627 1628
f 1631 1633 1630
f 1633 1631 1632
f 1635 1637 1634
f 1637 1635 1636
f 1639 1641 1638
f 1641 1639 1640
f 1643 1645 1642
f 1645 1643 1644
f 1648 1649 1646
f 1646 1647 1648
f 1651 1654 1650
f 1654 1652 1653
f 1652 1654 1651
f 1656 1658 1655
f 1658 1656 1657
f 1660 1670 1659
f 1670 1668 1669
f 1668 1666 1667
f 1666 1664 1665
f 1664 1662 1663
f 1661 1670 1660
f 1666 1662 1664
f 1661 1668 1670
f 1666 1661 1662
f 1661 1666 1668
f 1673 1674 1671
f 1671 1672 1673
f 1677 1678 1675
f 1675 1676 1677
f 1681 1682 1679
f 1679 1680 1681
f 1684 1686 1683
f 1686 1684 1685
f 1688 1690 1687
f 1690 1688 1689
f 1693 1694 1691
f 1691 1692 1693
f 1697 1698 1695
f 1695 1696 1697
f 1700 1702 1699
f 1702 1700 1701
f 1705 1706 1703
f 1703 1704 1705
f 1708 1710 1707
f 1710 1708 1709
f 1712 1717 1711
f 1717 1715 1716
f 1715 1713 1714
f 1712 1715 1717
f 1715 1712 1713
f 1720 1721 1718
f 1718 1719 1720
f 1723 1725 1722
f 1725 1723 1724
f 1727 1729 1726
f 1729 1727 1728
f 1732 1733 1730
f 1730 1731 1732
f 1736 1737 1734
f 1734 1735 1736
f 1740 1741 1738
f 1738 1739 1740
f 1748 1749 1742
f 1743 1744 1745
f 1745 1746 1747
f 1748 1742 1743
f 1745 1747 1748
f 1748 1743 1745
f 1751 1753 1750
f 1753 1751 1752
f 1756 1757 1754
f 1754 1755 1756
f 1759 1761 1758
f 1761 1759 1760
f 1764 1765 1762
f 1762 1763 1764
f 1767 1769 1766
f 1769 1767 1768
f 1771 1774 1770
f 1774 1772 1773
f 1772 1774 1771
f 1776 1780 1775
f 1779 1777 1778
f 1776 1779 1780
f 1779 1776 1777
f 1782 1784 1781
f 1784 1782 1783
f 1786 1794 1785
f 1792 1790 1791
f 1789 1787 1788
f 1786 1793 1794
f 1792 1789 1790
f 1789 1786 1787
f 1786 1792 1793
f 1792 1786 1789
f 1795 1799 1800
f 1799 1797 1798
f 1797 1795 1796
f 1795 1797 1799
f 1802 1804 1801
f 1804 1802 1803
f 1807 1808 1805
f 1805 1806 1807
f 1809 1817 1818
f 1817 1815 1816
f 1815 1813 1814
f 1813 1811 1812
f 1811 1809 1810
f 1809 1815 1817
f 1815 1811 1813
f 1811 1815 1809
f 1820 1822 1819
f 1822 1820 1821
f 1825 1826 1823
f 1823 1824 1825
o bldg_5fb246f9-fc18-430c-9abe-35ba9a35131c
v -134.564 54.699 2.285
v -139.529 57.738 2.285
v -128.569 75.644 2.285
v -103.922 60.558 2.285
v -96.849 47.91 2.285
v -97.947 46.115 2.285
v -91.503 34.591 2.285
v -94.335 29.964 2.285
v -109.195 39.059 2.285
v -109.959 37.811 2.285
v -135.378 53.369 2.285
v -96.849 47.91 3.983
v -103.922 60.558 3.983
v -105.849 61.738 3.983
v -108.086 58.083 3.983
v -100.422 53.393 3.983
v -101.296 51.965 3.983
v -101.179 51.893 3.983
v -97.947 46.115 3.983
v -101.179 51.893 14.983
v -101.296 51.965 14.983
v -109.195 39.059 14.983
v -94.335 29.964 14.983
v -91.503 34.591 14.983
v -134.564 54.699 16.433
v -132.272 58.443 16.433
v -134.486 59.798 16.433
v -132.594 62.889 16.433
v -130.38 61.534 16.433
v -126.67 67.597 16.433
v -131.635 70.636 16.433
v -139.529 57.738 16.433
v -128.569 75.644 6.108
v -131.635 70.636 6.108
v -126.67 67.597 6.108
v -125.841 68.95 6.108
v -108.086 58.083 6.108
v -105.849 61.738 6.108
v -134.486 59.798 17.648
v -132.272 58.443 18.196
v -130.38 61.534 18.196
v -132.594 62.889 17.648
v -109.959 37.811 21.088
v -100.422 53.393 21.088
v -125.841 68.95 21.088
v -135.378 53.369 21.088
v -94.335 29.964 14.983
v -109.195 39.059 14.983
v -109.195 39.059 2.285
v -94.335 29.964 2.285
v -139.529 57.738 2.285
v -134.564 54.699 2.285
v -134.564 54.699 16.433
v -139.529 57.738 16.433
v -108.086 58.083 6.108
v -125.841 68.95 6.108
v -125.841 68.95 21.088
v -100.422 53.393 21.088
v -100.422 53.393 3.983
v -108.086 58.083 3.983
v -103.922 60.558 3.983
v -96.849 47.91 3.983
v -96.849 47.91 2.285
v -103.922 60.558 2.285
v -132.594 62.889 17.648
v -130.38 61.534 18.196
v -130.38 61.534 16.433
v -132.594 62.889 16.433
v -96.849 47.91 3.983
v -97.947 46.115 3.983
v -97.947 46.115 2.285
v -96.849 47.91 2.285
v -131.635 70.636 16.433
v -131.635 70.636 6.108
v -128.569 75.644 6.108
v -128.569 75.644 2.285
v -139.529 57.738 2.285
v -139.529 57.738 16.433
v -105.849 61.738 6.108
v -105.849 61.738 3.983
v -103.922 60.558 3.983
v -103.922 60.558 2.285
v -128.569 75.644 2.285
v -128.569 75.644 6.108
v -101.179 51.893 14.983
v -101.179 51.893 3.983
v -101.296 51.965 3.983
v -101.296 51.965 14.983
v -100.422 53.393 21.088
v -109.959 37.811 21.088
v -109.959 37.811 2.285
v -109.195 39.059 2.285
v -109.195 39.059 14.983
v -101.296 51.965 14.983
v -101.296 51.965 3.983
v -100.422 53.393 3.983
v -109.959 37.811 21.088
v -135.378 53.369 21.088
v -135.378 53.369 2.285
v -109.959 37.811 2.285
v -126.67 67.597 16.433
v -130.38 61.534 16.433
v -130.38 61.534 18.196
v -132.272 58.443 18.196
v -132.272 58.443 16.433
v -134.564 54.699 16.433
v -134.564 54.699 2.285
v -135.378 53.369 2.285
v -135.378 53.369 21.088
v -125.841 68.95 21.088
v -125.841 68.95 6.108
v -126.67 67.597 6.108
v -108.086 58.083 6.108
v -108.086 58.083 3.983
v -105.849 61.738 3.983
v -105.849 61.738 6.108
v -132.594 62.889 17.648
v -132.594 62.889 16.433
v -134.486 59.798 16.433
v -134.486 59.798 17.648
v -91.503 34.591 14.983
v -94.335 29.964 14.983
v -94.335 29.964 2.285
v -91.503 34.591 2.285
v -126.67 67.597 16.433
v -126.67 67.597 6.108
v -131.635 70.636 6.108
v -131.635 70.636 16.433
v -97.947 46.115 2.285
v -97.947 46.115 3.983
v -101.179 51.893 3.983
v -101.179 51.893 14.983
v -91.503 34.591 14.983
v -91.503 34.591 2.285
v -134.486 59.798 16.433
v -132.272 58.443 16.433
v -132.272 58.443 18.196
v -134.486 59.798 17.648
f 1827 1836 1837
f 1835 1833 1834
f 1832 1830 1831
f 1830 1828 1829
f 1827 1835 1836
f 1835 1832 1833
f 1832 1828 1830
f 1827 1832 1835
f 1832 1827 1828
f 1844 1845 1838
f 1838 1839 1840
f 1840 1841 1842
f 1842 1843 1844
f 1838 1840 1842
f 1842 1844 1838
f 1849 1850 1846
f 1846 1847 1848
f 1848 1849 1846
f 1858 1851 1852
f 1854 1855 1856
f 1856 1857 1858
f 1858 1852 1853
f 1854 1856 1858
f 1858 1853 1854
f 1863 1864 1859
f 1859 1860 1861
f 1862 1863 1859
f 1859 1861 1862
f 1867 1868 1865
f 1865 1866 1867
f 1871 1872 1869
f 1869 1870 1871
f 1875 1876 1873
f 1873 1874 1875
f 1879 1880 1877
f 1877 1878 1879
f 1881 1885 1886
f 1885 1883 1884
f 1883 1881 1882
f 1881 1883 1885
f 1889 1890 1887
f 1887 1888 1889
f 1892 1894 1891
f 1894 1892 1893
f 1897 1898 1895
f 1895 1896 1897
f 1900 1904 1899
f 1903 1901 1902
f 1900 1903 1904
f 1903 1900 1901
f 1906 1910 1905
f 1910 1908 1909
f 1908 1906 1907
f 1906 1908 1910
f 1912 1914 1911
f 1914 1912 1913
f 1921 1922 1915
f 1916 1917 1918
f 1920 1921 1915
f 1916 1918 1919
f 1919 1920 1915
f 1915 1916 1919
f 1925 1926 1923
f 1923 1924 1925
f 1927 1937 1938
f 1935 1933 1934
f 1932 1930 1931
f 1929 1927 1928
f 1927 1936 1937
f 1935 1932 1933
f 1929 1936 1927
f 1935 1930 1932
f 1930 1936 1929
f 1936 1930 1935
f 1941 1942 1939
f 1939 1940 1941
f 1944 1946 1943
f 1946 1944 1945
f 1949 1950 1947
f 1947 1948 1949
f 1952 1954 1951
f 1954 1952 1953
f 1959 1960 1955
f 1956 1957 1958
f 1959 1955 1956
f 1956 1958 1959
f 1963 1964 1961
f 1961 1962 1963
o bldg_40db0b95-6105-4346-b54c-9383286086de
v -122.806 -41.103 2.028
v -124.456 -43.711 2.028
v -123.095 -44.572 2.028
v -124.292 -46.465 2.028
v -118.295 -50.27 2.028
v -126.963 -63.931 2.028
v -132.941 -60.138 2.028
v -134.159 -62.063 2.028
v -135.501 -61.214 2.028
v -137.19 -63.885 2.028
v -138.376 -63.134 2.028
v -152.673 -85.736 2.028
v -168.579 -75.674 2.028
v -169.986 -77.875 2.028
v -179.76 -71.627 2.028
v -178.383 -69.472 2.028
v -194.256 -59.432 2.028
v -180.115 -37.077 2.028
v -179.923 -36.254 2.028
v -178.527 -34.043 2.028
v -178.641 -33.706 2.028
v -176.881 -30.911 2.028
v -177.423 -30.562 2.028
v -176.652 -29.363 2.028
v -178.151 -28.398 2.028
v -172.345 -19.378 2.028
v -170.976 -20.259 2.028
v -170.161 -18.994 2.028
v -169.603 -19.353 2.028
v -168.002 -16.811 2.028
v -167.46 -16.659 2.028
v -166.026 -14.389 2.028
v -165.7 -14.288 2.028
v -155.17 2.357 2.028
v -156.692 3.33 2.028
v -153.31 8.618 2.028
v -151.815 7.662 2.028
v -151.098 8.796 2.028
v -133.543 -2.309 2.028
v -132.728 -1.025 2.028
v -126.307 -5.098 2.028
v -127.117 -6.374 2.028
v -109.515 -17.508 2.028
v -123.973 -40.365 2.028
v -146.922 -52.837 2.028
v -152.204 -49.494 2.028
v -153.13 -50.958 2.028
v -168.218 -41.409 2.028
v -175.305 -52.608 2.028
v -154.935 -65.498 2.028
v -156.451 -22.814 2.028
v -141.524 -32.26 2.028
v -142.339 -33.548 2.028
v -136.895 -36.992 2.028
v -129.662 -25.563 2.028
v -150.032 -12.672 2.028
v -168.579 -75.674 10.293
v -178.383 -69.472 10.293
v -179.76 -71.627 10.293
v -169.986 -77.875 10.293
v -120.573 -50.662 9.698
v -127.479 -61.598 9.698
v -132.042 -58.716 9.698
v -132.941 -60.138 9.698
v -126.963 -63.931 9.698
v -118.295 -50.27 9.698
v -124.292 -46.465 9.698
v -125.128 -47.786 9.698
v -147.692 -38.957 47.213
v -149.551 -41.987 47.213
v -150.145 -42.954 47.213
v -149.36 -43.435 47.213
v -150.245 -44.878 47.213
v -149.071 -46.428 47.213
v -149.495 -47.119 47.213
v -148.559 -47.694 47.213
v -149.029 -48.459 47.213
v -144.133 -51.464 47.213
v -143.711 -50.775 47.213
v -142.818 -51.324 47.213
v -142.311 -50.606 47.213
v -141.072 -50.722 47.213
v -138.454 -52.329 47.213
v -133.715 -44.607 47.213
v -136.384 -42.969 47.213
v -136.926 -42.058 47.213
v -136.413 -41.304 47.213
v -137.481 -40.649 47.213
v -137.0 -39.865 47.213
v -141.792 -36.924 47.213
v -142.276 -37.712 47.213
v -143.246 -37.116 47.213
v -143.682 -37.827 47.213
v -145.533 -37.337 47.213
v -146.41 -38.766 47.213
v -147.256 -38.247 47.213
v -145.49 -44.572 47.213
v -143.581 -41.574 47.213
v -140.508 -43.53 47.213
v -142.417 -46.529 47.213
v -141.524 -32.26 20.843
v -156.451 -22.814 20.843
v -157.254 -24.083 20.843
v -144.801 -31.963 20.843
v -154.774 -47.723 20.843
v -167.227 -39.843 20.843
v -168.218 -41.409 20.843
v -153.13 -50.957 20.843
v -152.204 -49.494 20.843
v -146.922 -52.837 20.843
v -145.516 -50.615 20.843
v -149.029 -48.459 20.843
v -148.559 -47.694 20.843
v -149.495 -47.119 20.843
v -149.071 -46.428 20.843
v -150.245 -44.878 20.843
v -149.36 -43.435 20.843
v -150.145 -42.954 20.843
v -147.256 -38.247 20.843
v -146.409 -38.766 20.843
v -145.533 -37.337 20.843
v -143.682 -37.827 20.843
v -143.246 -37.116 20.843
v -142.276 -37.712 20.843
v -141.792 -36.924 20.843
v -138.234 -39.108 20.843
v -136.895 -36.992 20.843
v -142.339 -33.548 20.843
v -133.543 -2.309 9.198
v -127.117 -6.374 9.198
v -126.307 -5.098 9.198
v -132.728 -1.025 9.198
v -162.3 -32.057 23.853
v -167.227 -39.843 22.848
v -154.774 -47.723 22.848
v -149.847 -39.937 23.853
v -157.254 -24.083 22.848
v -162.3 -32.057 23.853
v -149.847 -39.937 23.853
v -144.801 -31.963 22.848
v -176.881 -30.911 9.923
v -169.603 -19.353 9.923
v -170.161 -18.994 9.923
v -170.976 -20.259 9.923
v -172.345 -19.378 9.923
v -178.151 -28.398 9.923
v -176.652 -29.363 9.923
v -177.423 -30.562 9.923
v -125.128 -47.786 10.098
v -132.042 -58.716 10.098
v -127.479 -61.598 10.098
v -120.573 -50.662 10.098
v -119.932 -30.936 26.353
v -115.104 -23.306 26.353
v -111.874 -18.202 26.353
v -150.743 6.395 26.353
v -165.098 -16.29 26.353
v -165.433 -16.078 26.353
v -167.325 -19.068 26.353
v -167.596 -18.897 26.353
v -176.667 -33.232 26.353
v -176.397 -33.403 26.353
v -178.255 -36.339 26.353
v -177.92 -36.551 26.353
v -192.376 -59.395 26.353
v -153.312 -84.115 26.353
v -138.821 -61.216 26.353
v -137.595 -61.992 26.353
v -135.958 -59.406 26.353
v -134.762 -60.163 26.353
v -125.141 -44.959 26.353
v -126.337 -44.203 26.353
v -124.901 -41.933 26.353
v -126.322 -41.033 26.353
v -128.278 -15.009 26.353
v -133.09 -22.65 26.353
v -145.543 -14.808 26.353
v -140.731 -7.167 26.353
v -150.032 -12.672 26.353
v -129.662 -25.563 26.353
v -138.234 -39.108 26.353
v -137.0 -39.865 26.353
v -137.481 -40.649 26.353
v -136.413 -41.304 26.353
v -136.926 -42.058 26.353
v -136.384 -42.969 26.353
v -133.715 -44.607 26.353
v -138.454 -52.329 26.353
v -141.072 -50.722 26.353
v -142.311 -50.606 26.353
v -142.818 -51.324 26.353
v -143.711 -50.776 26.353
v -144.133 -51.464 26.353
v -145.516 -50.615 26.353
v -154.935 -65.498 26.353
v -175.305 -52.608 26.353
v -165.7 -14.288 25.133
v -166.026 -14.389 25.133
v -167.46 -16.659 25.133
v -168.002 -16.811 25.133
v -178.641 -33.706 25.133
v -178.527 -34.043 25.133
v -179.923 -36.254 25.133
v -180.115 -37.077 25.133
v -194.255 -59.432 25.133
v -152.673 -85.736 25.133
v -138.376 -63.134 25.133
v -137.19 -63.884 25.133
v -135.501 -61.214 25.133
v -134.159 -62.063 25.133
v -123.095 -44.572 25.133
v -124.456 -43.711 25.133
v -122.806 -41.103 25.133
v -123.973 -40.365 25.133
v -109.515 -17.508 25.133
v -151.098 8.795 25.133
v -167.596 -18.897 25.133
v -167.325 -19.068 25.133
v -165.433 -16.078 25.133
v -165.098 -16.29 25.133
v -163.701 -14.082 25.133
v -150.743 6.395 25.133
v -111.874 -18.202 25.133
v -124.701 -38.471 25.133
v -126.322 -41.033 25.133
v -124.901 -41.933 25.133
v -126.337 -44.203 25.133
v -125.141 -44.959 25.133
v -134.762 -60.163 25.133
v -135.958 -59.406 25.133
v -137.595 -61.992 25.133
v -138.821 -61.216 25.133
v -153.312 -84.115 25.133
v -192.376 -59.395 25.133
v -177.92 -36.551 25.133
v -178.255 -36.339 25.133
v -176.397 -33.403 25.133
v -176.667 -33.232 25.133
v -140.508 -43.53 51.468
v -143.581 -41.574 51.468
v -145.49 -44.572 51.468
v -142.417 -46.529 51.468
v -155.17 2.357 6.873
v -151.815 7.662 6.873
v -153.31 8.618 6.873
v -156.692 3.33 6.873
v -140.731 -7.167 27.878
v -145.543 -14.808 27.878
v -133.09 -22.65 27.878
v -128.278 -15.009 27.878
v -154.935 -65.498 2.028
v -154.935 -65.498 26.353
v -145.516 -50.615 26.353
v -145.516 -50.615 20.843
v -146.922 -52.837 20.843
v -146.922 -52.837 2.028
v -176.397 -33.403 25.133
v -178.255 -36.339 25.133
v -178.255 -36.339 26.353
v -176.397 -33.403 26.353
v -126.337 -44.203 25.133
v -124.901 -41.933 25.133
v -124.901 -41.933 26.353
v -126.337 -44.203 26.353
v -144.801 -31.963 20.843
v -157.254 -24.083 20.843
v -157.254 -24.083 22.848
v -144.801 -31.963 22.848
v -170.976 -20.259 9.923
v -170.161 -18.994 9.923
v -170.161 -18.994 2.028
v -170.976 -20.259 2.028
v -134.762 -60.163 25.133
v -125.141 -44.959 25.133
v -125.141 -44.959 26.353
v -134.762 -60.163 26.353
v -175.305 -52.608 2.028
v -175.305 -52.608 26.353
v -154.935 -65.498 26.353
v -154.935 -65.498 2.028
v -136.384 -42.969 26.353
v -136.926 -42.058 26.353
v -136.926 -42.058 47.213
v -136.384 -42.969 47.213
v -145.543 -14.808 26.353
v -133.09 -22.65 26.353
v -133.09 -22.65 27.878
v -145.543 -14.808 27.878
v -137.19 -63.884 25.133
v -138.376 -63.134 25.133
v -138.376 -63.134 2.028
v -137.19 -63.885 2.028
v -178.383 -69.472 10.293
v -178.383 -69.472 2.028
v -179.76 -71.627 2.028
v -179.76 -71.627 10.293
v -127.117 -6.374 9.198
v -127.117 -6.374 2.028
v -126.307 -5.098 2.028
v -126.307 -5.098 9.198
v -168.579 -75.674 2.028
v -168.579 -75.674 10.293
v -169.986 -77.875 10.293
v -169.986 -77.875 2.028
v -125.141 -44.959 25.133
v -126.337 -44.203 25.133
v -126.337 -44.203 26.353
v -125.141 -44.959 26.353
v -142.276 -37.712 47.213
v -141.792 -36.924 47.213
v -141.792 -36.924 20.843
v -142.276 -37.712 20.843
v -111.874 -18.202 25.133
v -150.743 6.395 25.133
v -150.743 6.395 26.353
v -111.874 -18.202 26.353
v -123.973 -40.365 25.133
v -122.806 -41.103 25.133
v -122.806 -41.103 2.028
v -123.973 -40.365 2.028
v -156.451 -22.814 2.028
v -156.451 -22.814 20.843
v -141.524 -32.26 20.843
v -141.524 -32.26 2.028
v -167.325 -19.068 25.133
v -167.596 -18.897 25.133
v -167.596 -18.897 26.353
v -167.325 -19.068 26.353
v -153.312 -84.115 25.133
v -138.821 -61.216 25.133
v -138.821 -61.216 26.353
v -153.312 -84.115 26.353
v -129.662 -25.563 2.028
v -129.662 -25.563 26.353
v -150.032 -12.672 26.353
v -150.032 -12.672 2.028
v -167.46 -16.659 25.133
v -166.026 -14.389 25.133
v -166.026 -14.389 2.028
v -167.46 -16.659 2.028
v -128.278 -15.009 26.353
v -140.731 -7.167 26.353
v -140.731 -7.167 27.878
v -128.278 -15.009 27.878
v -178.255 -36.339 25.133
v -177.92 -36.551 25.133
v -177.92 -36.551 26.353
v -178.255 -36.339 26.353
v -146.41 -38.766 47.213
v -145.533 -37.337 47.213
v -145.533 -37.337 20.843
v -146.409 -38.766 20.843
v -142.417 -46.529 47.213
v -140.508 -43.53 47.213
v -140.508 -43.53 51.468
v -142.417 -46.529 51.468
v -150.032 -12.672 2.028
v -150.032 -12.672 26.353
v -175.305 -52.608 26.353
v -175.305 -52.608 2.028
v -168.218 -41.409 2.028
v -168.218 -41.409 20.843
v -167.227 -39.843 20.843
v -167.227 -39.843 22.848
v -162.3 -32.057 23.853
v -157.254 -24.083 22.848
v -157.254 -24.083 20.843
v -156.451 -22.814 20.843
v -156.451 -22.814 2.028
v -134.159 -62.063 25.133
v -135.501 -61.214 25.133
v -135.501 -61.214 2.028
v -134.159 -62.063 2.028
v -177.423 -30.562 9.923
v -176.652 -29.363 9.923
v -176.652 -29.363 2.028
v -177.423 -30.562 2.028
v -143.246 -37.116 47.213
v -142.276 -37.712 47.213
v -142.276 -37.712 20.843
v -143.246 -37.116 20.843
v -137.595 -61.992 25.133
v -135.958 -59.406 25.133
v -135.958 -59.406 26.353
v -137.595 -61.992 26.353
v -144.133 -51.464 26.353
v -143.711 -50.776 26.353
v -143.711 -50.775 47.213
v -144.133 -51.464 47.213
v -133.543 -2.309 2.028
v -133.543 -2.309 9.198
v -132.728 -1.025 9.198
v -132.728 -1.025 2.028
v -194.255 -59.432 25.133
v -180.115 -37.077 25.133
v -180.115 -37.077 2.028
v -194.256 -59.432 2.028
v -144.801 -31.963 20.843
v -144.801 -31.963 22.848
v -149.847 -39.937 23.853
v -154.774 -47.723 22.848
v -154.774 -47.723 20.843
v -166.026 -14.389 25.133
v -165.7 -14.288 25.133
v -165.7 -14.288 2.028
v -166.026 -14.389 2.028
v -176.881 -30.911 2.028
v -176.881 -30.911 9.923
v -177.423 -30.562 9.923
v -177.423 -30.562 2.028
v -142.311 -50.606 26.353
v -141.072 -50.722 26.353
v -141.072 -50.722 47.213
v -142.311 -50.606 47.213
v -150.743 6.395 25.133
v -163.701 -14.082 25.133
v -165.098 -16.29 25.133
v -165.098 -16.29 26.353
v -150.743 6.395 26.353
v -143.581 -41.574 47.213
v -145.49 -44.572 47.213
v -145.49 -44.572 51.468
v -143.581 -41.574 51.468
v -138.234 -39.108 20.843
v -138.234 -39.108 26.353
v -129.662 -25.563 26.353
v -129.662 -25.563 2.028
v -136.895 -36.992 2.028
v -136.895 -36.992 20.843
v -132.728 -1.025 9.198
v -126.307 -5.098 9.198
v -126.307 -5.098 2.028
v -132.728 -1.025 2.028
v -178.527 -34.043 25.133
v -178.641 -33.706 25.133
v -178.641 -33.706 2.028
v -178.527 -34.043 2.028
v -178.151 -28.398 9.923
v -172.345 -19.378 9.923
v -172.345 -19.378 2.028
v -178.151 -28.398 2.028
v -141.524 -32.26 20.843
v -142.339 -33.548 20.843
v -142.339 -33.548 2.028
v -141.524 -32.26 2.028
v -133.09 -22.65 26.353
v -128.278 -15.009 26.353
v -128.278 -15.009 27.878
v -133.09 -22.65 27.878
v -145.533 -37.337 47.213
v -143.682 -37.827 47.213
v -143.682 -37.827 20.843
v -145.533 -37.337 20.843
v -135.501 -61.214 25.133
v -137.19 -63.884 25.133
v -137.19 -63.885 2.028
v -135.501 -61.214 2.028
v -149.36 -43.435 47.213
v -150.145 -42.954 47.213
v -150.145 -42.954 20.843
v -149.36 -43.435 20.843
v -176.667 -33.232 25.133
v -176.397 -33.403 25.133
v -176.397 -33.403 26.353
v -176.667 -33.232 26.353
v -138.821 -61.216 25.133
v -137.595 -61.992 25.133
v -137.595 -61.992 26.353
v -138.821 -61.216 26.353
v -118.295 -50.27 9.698
v -126.963 -63.931 9.698
v -126.963 -63.931 2.028
v -118.295 -50.27 2.028
v -147.692 -38.957 47.213
v -147.256 -38.247 47.213
v -147.256 -38.247 20.843
v -150.145 -42.954 20.843
v -150.145 -42.954 47.213
v -149.551 -41.987 47.213
v -136.413 -41.304 26.353
v -137.481 -40.649 26.353
v -137.481 -40.649 47.213
v -136.413 -41.304 47.213
v -155.17 2.357 2.028
v -155.17 2.357 6.873
v -156.692 3.33 6.873
v -156.692 3.33 2.028
v -109.515 -17.508 25.133
v -123.973 -40.365 25.133
v -123.973 -40.365 2.028
v -109.515 -17.508 2.028
v -143.682 -37.827 47.213
v -143.246 -37.116 47.213
v -143.246 -37.116 20.843
v -143.682 -37.827 20.843
v -169.603 -19.353 9.923
v -169.603 -19.353 2.028
v -170.161 -18.994 2.028
v -170.161 -18.994 9.923
v -151.815 7.662 2.028
v -151.815 7.662 6.873
v -155.17 2.357 6.873
v -155.17 2.357 2.028
v -165.7 -14.288 2.028
v -165.7 -14.288 25.133
v -151.098 8.795 25.133
v -151.098 8.796 2.028
v -169.603 -19.353 2.028
v -169.603 -19.353 9.923
v -176.881 -30.911 9.923
v -176.881 -30.911 2.028
v -178.641 -33.706 2.028
v -178.641 -33.706 25.133
v -168.002 -16.811 25.133
v -168.002 -16.811 2.028
v -165.098 -16.29 25.133
v -165.433 -16.078 25.133
v -165.433 -16.078 26.353
v -165.098 -16.29 26.353
v -127.117 -6.374 2.028
v -127.117 -6.374 9.198
v -133.543 -2.309 9.198
v -133.543 -2.309 2.028
v -151.098 8.796 2.028
v -151.098 8.795 25.133
v -109.515 -17.508 25.133
v -109.515 -17.508 2.028
v -136.895 -36.992 20.843
v -136.895 -36.992 2.028
v -142.339 -33.548 2.028
v -142.339 -33.548 20.843
v -124.292 -46.465 2.028
v -124.292 -46.465 9.698
v -118.295 -50.27 9.698
v -118.295 -50.27 2.028
v -176.652 -29.363 9.923
v -178.151 -28.398 9.923
v -178.151 -28.398 2.028
v -176.652 -29.363 2.028
v -124.456 -43.711 25.133
v -123.095 -44.572 25.133
v -123.095 -44.572 2.028
v -124.456 -43.711 2.028
v -127.479 -61.598 9.698
v -120.573 -50.662 9.698
v -120.573 -50.662 10.098
v -127.479 -61.598 10.098
v -147.256 -38.247 47.213
v -146.41 -38.766 47.213
v -146.409 -38.766 20.843
v -147.256 -38.247 20.843
v -134.159 -62.063 2.028
v -132.941 -60.138 2.028
v -132.941 -60.138 9.698
v -132.042 -58.716 9.698
v -132.042 -58.716 10.098
v -125.128 -47.786 10.098
v -125.128 -47.786 9.698
v -124.292 -46.465 9.698
v -124.292 -46.465 2.028
v -123.095 -44.572 2.028
v -123.095 -44.572 25.133
v -134.159 -62.063 25.133
v -165.433 -16.078 25.133
v -167.325 -19.068 25.133
v -167.325 -19.068 26.353
v -165.433 -16.078 26.353
v -143.711 -50.776 26.353
v -142.818 -51.324 26.353
v -142.818 -51.324 47.213
v -143.711 -50.775 47.213
v -180.115 -37.077 25.133
v -179.923 -36.254 25.133
v -179.923 -36.254 2.028
v -180.115 -37.077 2.028
v -172.345 -19.378 9.923
v -170.976 -20.259 9.923
v -170.976 -20.259 2.028
v -172.345 -19.378 2.028
v -132.042 -58.716 10.098
v -132.042 -58.716 9.698
v -127.479 -61.598 9.698
v -127.479 -61.598 10.098
v -152.673 -85.736 25.133
v -194.255 -59.432 25.133
v -194.256 -59.432 2.028
v -178.383 -69.472 2.028
v -178.383 -69.472 10.293
v -168.579 -75.674 10.293
v -168.579 -75.674 2.028
v -152.673 -85.736 2.028
v -149.029 -48.459 47.213
v -148.559 -47.694 47.213
v -148.559 -47.694 20.843
v -149.029 -48.459 20.843
v -168.218 -41.409 20.843
v -168.218 -41.409 2.028
v -153.13 -50.958 2.028
v -153.13 -50.957 20.843
v -142.818 -51.324 26.353
v -142.311 -50.606 26.353
v -142.311 -50.606 47.213
v -142.818 -51.324 47.213
v -149.495 -47.119 47.213
v -149.071 -46.428 47.213
v -149.071 -46.428 20.843
v -149.495 -47.119 20.843
v -179.923 -36.254 25.133
v -178.527 -34.043 25.133
v -178.527 -34.043 2.028
v -179.923 -36.254 2.028
v -133.715 -44.607 26.353
v -136.384 -42.969 26.353
v -136.384 -42.969 47.213
v -133.715 -44.607 47.213
v -149.029 -48.459 20.843
v -145.516 -50.615 20.843
v -145.516 -50.615 26.353
v -144.133 -51.464 26.353
v -144.133 -51.464 47.213
v -149.029 -48.459 47.213
v -140.731 -7.167 26.353
v -145.543 -14.808 26.353
v -145.543 -14.808 27.878
v -140.731 -7.167 27.878
v -126.322 -41.033 25.133
v -124.701 -38.471 25.133
v -111.874 -18.202 25.133
v -111.874 -18.202 26.353
v -115.104 -23.306 26.353
v -119.932 -30.936 26.353
v -126.322 -41.033 26.353
v -152.204 -49.494 20.843
v -153.13 -50.957 20.843
v -153.13 -50.958 2.028
v -152.204 -49.494 2.028
v -156.692 3.33 6.873
v -153.31 8.618 6.873
v -153.31 8.618 2.028
v -156.692 3.33 2.028
v -132.941 -60.138 9.698
v -132.941 -60.138 2.028
v -126.963 -63.931 2.028
v -126.963 -63.931 9.698
v -148.559 -47.694 47.213
v -149.495 -47.119 47.213
v -149.495 -47.119 20.843
v -148.559 -47.694 20.843
v -177.92 -36.551 25.133
v -192.376 -59.395 25.133
v -192.376 -59.395 26.353
v -177.92 -36.551 26.353
v -124.901 -41.933 25.133
v -126.322 -41.033 25.133
v -126.322 -41.033 26.353
v -124.901 -41.933 26.353
v -169.986 -77.875 10.293
v -179.76 -71.627 10.293
v -179.76 -71.627 2.028
v -169.986 -77.875 2.028
v -149.071 -46.428 47.213
v -150.245 -44.878 47.213
v -150.245 -44.878 20.843
v -149.071 -46.428 20.843
v -167.596 -18.897 25.133
v -176.667 -33.232 25.133
v -176.667 -33.232 26.353
v -167.596 -18.897 26.353
v -136.926 -42.058 26.353
v -136.413 -41.304 26.353
v -136.413 -41.304 47.213
v -136.926 -42.058 47.213
v -135.958 -59.406 25.133
v -134.762 -60.163 25.133
v -134.762 -60.163 26.353
v -135.958 -59.406 26.353
v -137.481 -40.649 26.353
v -137.0 -39.865 26.353
v -137.0 -39.865 47.213
v -137.481 -40.649 47.213
v -146.922 -52.837 2.028
v -146.922 -52.837 20.843
v -152.204 -49.494 20.843
v -152.204 -49.494 2.028
v -141.792 -36.924 20.843
v -141.792 -36.924 47.213
v -137.0 -39.865 47.213
v -137.0 -39.865 26.353
v -138.234 -39.108 26.353
v -138.234 -39.108 20.843
v -141.072 -50.722 26.353
v -138.454 -52.329 26.353
v -138.454 -52.329 47.213
v -141.072 -50.722 47.213
v -138.454 -52.329 26.353
v -133.715 -44.607 26.353
v -133.715 -44.607 47.213
v -138.454 -52.329 47.213
v -145.49 -44.572 47.213
v -142.417 -46.529 47.213
v -142.417 -46.529 51.468
v -145.49 -44.572 51.468
v -151.815 7.662 6.873
v -151.815 7.662 2.028
v -153.31 8.618 2.028
v -153.31 8.618 6.873
v -167.227 -39.843 20.843
v -154.774 -47.723 20.843
v -154.774 -47.723 22.848
v -167.227 -39.843 22.848
v -122.806 -41.103 25.133
v -124.456 -43.711 25.133
v -124.456 -43.711 2.028
v -122.806 -41.103 2.028
v -125.128 -47.786 9.698
v -125.128 -47.786 10.098
v -120.573 -50.662 10.098
v -120.573 -50.662 9.698
v -140.508 -43.53 47.213
v -143.581 -41.574 47.213
v -143.581 -41.574 51.468
v -140.508 -43.53 51.468
v -138.376 -63.134 25.133
v -152.673 -85.736 25.133
v -152.673 -85.736 2.028
v -138.376 -63.134 2.028
v -150.245 -44.878 47.213
v -149.36 -43.435 47.213
v -149.36 -43.435 20.843
v -150.245 -44.878 20.843
v -168.002 -16.811 25.133
v -167.46 -16.659 25.133
v -167.46 -16.659 2.028
v -168.002 -16.811 2.028
v -192.376 -59.395 25.133
v -153.312 -84.115 25.133
v -153.312 -84.115 26.353
v -192.376 -59.395 26.353
f 1989 2020 2015
f 2017 2015 2016
f 2015 1988 1989
f 1988 1986 1987
f 1986 1984 1985
f 1984 1982 1983
f 1982 2013 1981
f 2012 2010 2011
f 2014 1981 2013
f 1980 1978 1979
f 1977 1975 1976
f 1975 1973 1974
f 1973 1971 1972
f 1971 1969 1970
f 1968 1966 1967
f 1966 2008 1965
f 2008 2006 2007
f 2006 2004 2005
f 2003 2001 2002
f 2001 1999 2000
f 1997 1995 1996
f 1995 1993 1994
f 1993 1991 1992
f 1991 1989 1990
f 2017 1988 2015
f 1986 1982 1984
f 1982 2012 2013
f 2014 1980 1981
f 1980 1977 1978
f 1977 1973 1975
f 1973 1969 1971
f 1966 2006 2008
f 2006 2003 2004
f 2003 1999 2001
f 1993 1989 1991
f 2018 1988 2017
f 1986 2012 1982
f 2014 1977 1980
f 1977 1969 1973
f 1968 2006 1966
f 2006 1999 2003
f 1993 2020 1989
f 2018 1986 1988
f 1986 2010 2012
f 2014 1969 1977
f 2006 1998 1999
f 1995 2020 1993
f 2018 2010 1986
f 2009 1969 2014
f 2006 1997 1998
f 1997 2020 1995
f 2018 2009 2010
f 2009 1968 1969
f 2006 2020 1997
f 2019 2009 2018
f 2006 2019 2020
f 2019 1968 2009
f 1968 2019 2006
f 2023 2024 2021
f 2021 2022 2023
f 2031 2032 2025
f 2026 2027 2028
f 2030 2031 2025
f 2026 2028 2029
f 2029 2030 2025
f 2025 2026 2029
f 2037 2061 2062
f 2064 2061 2037
f 2038 2039 2040
f 2040 2041 2042
f 2043 2044 2045
f 2046 2047 2048
f 2050 2051 2052
f 2052 2053 2054
f 2055 2056 2057
f 2057 2058 2059
f 2059 2060 2033
f 2034 2035 2036
f 2036 2037 2062
f 2064 2037 2038
f 2038 2040 2042
f 2045 2046 2048
f 2050 2052 2054
f 2055 2057 2059
f 2059 2033 2034
f 2034 2036 2062
f 2064 2038 2042
f 2043 2045 2048
f 2049 2050 2054
f 2055 2059 2034
f 2063 2064 2042
f 2043 2048 2049
f 2049 2054 2055
f 2055 2034 2062
f 2063 2042 2043
f 2049 2055 2062
f 2063 2043 2049
f 2049 2062 2063
f 2092 2065 2066
f 2066 2067 2068
f 2069 2070 2071
f 2071 2072 2073
f 2073 2074 2075
f 2076 2077 2078
f 2078 2079 2080
f 2080 2081 2082
f 2083 2084 2085
f 2085 2086 2087
f 2087 2088 2089
f 2089 2090 2091
f 2092 2066 2068
f 2069 2071 2073
f 2073 2075 2076
f 2085 2087 2089
f 2089 2091 2092
f 2069 2073 2076
f 2085 2089 2092
f 2069 2076 2078
f 2083 2085 2092
f 2069 2078 2080
f 2083 2092 2068
f 2069 2080 2082
f 2082 2083 2068
f 2068 2069 2082
f 2095 2096 2093
f 2093 2094 2095
f 2099 2100 2097
f 2097 2098 2099
f 2103 2104 2101
f 2101 2102 2103
f 2111 2112 2105
f 2105 2106 2107
f 2108 2109 2110
f 2111 2105 2107
f 2108 2110 2111
f 2111 2107 2108
f 2115 2116 2113
f 2113 2114 2115
f 2143 2141 2142
f 2144 2145 2146
f 2146 2147 2148
f 2148 2149 2150
f 2152 2153 2154
f 2155 2156 2157
f 2157 2158 2159
f 2159 2160 2129
f 2131 2132 2133
f 2133 2134 2135
f 2136 2137 2138
f 2118 2119 2120
f 2121 2122 2123
f 2123 2124 2125
f 2126 2127 2128
f 2128 2129 2160
f 2144 2146 2148
f 2148 2150 2151
f 2152 2154 2155
f 2155 2157 2159
f 2159 2129 2130
f 2131 2133 2135
f 2121 2123 2125
f 2126 2128 2160
f 2144 2148 2151
f 2152 2155 2159
f 2159 2130 2131
f 2131 2135 2136
f 2121 2125 2126
f 2126 2160 2143
f 2152 2159 2131
f 2131 2136 2138
f 2121 2126 2143
f 2140 2141 2143
f 2151 2152 2131
f 2120 2121 2143
f 2140 2143 2144
f 2151 2131 2138
f 2120 2143 2142
f 2139 2140 2144
f 2144 2151 2138
f 2118 2120 2142
f 2139 2144 2138
f 2118 2142 2139
f 2139 2138 2117
f 2117 2118 2139
f 2169 2198 2199
f 2200 2201 2202
f 2181 2182 2183
f 2183 2184 2185
f 2187 2188 2189
f 2190 2191 2192
f 2193 2194 2195
f 2195 2196 2197
f 2197 2198 2169
f 2171 2172 2173
f 2173 2174 2175
f 2176 2177 2178
f 2161 2162 2163
f 2163 2164 2165
f 2166 2167 2168
f 2168 2169 2199
f 2183 2185 2186
f 2187 2189 2190
f 2197 2169 2170
f 2161 2163 2165
f 2168 2199 2200
f 2181 2183 2186
f 2197 2170 2171
f 2161 2165 2166
f 2166 2168 2200
f 2195 2197 2171
f 2166 2200 2202
f 2193 2195 2171
f 2161 2166 2202
f 2193 2171 2173
f 2180 2161 2202
f 2193 2173 2175
f 2180 2202 2181
f 2192 2193 2175
f 2180 2181 2186
f 2192 2175 2176
f 2179 2180 2186
f 2190 2192 2176
f 2179 2186 2187
f 2190 2176 2178
f 2178 2179 2187
f 2187 2190 2178
f 2205 2206 2203
f 2203 2204 2205
f 2209 2210 2207
f 2207 2208 2209
f 2213 2214 2211
f 2211 2212 2213
f 2216 2220 2215
f 2219 2217 2218
f 2216 2219 2220
f 2219 2216 2217
f 2222 2224 2221
f 2224 2222 2223
f 2227 2228 2225
f 2225 2226 2227
f 2230 2232 2229
f 2232 2230 2231
f 2234 2236 2233
f 2236 2234 2235
f 2239 2240 2237
f 2237 2238 2239
f 2242 2244 2241
f 2244 2242 2243
f 2247 2248 2245
f 2245 2246 2247
f 2251 2252 2249
f 2249 2250 2251
f 2255 2256 2253
f 2253 2254 2255
f 2258 2260 2257
f 2260 2258 2259
f 2263 2264 2261
f 2261 2262 2263
f 2267 2268 2265
f 2265 2266 2267
f 2270 2272 2269
f 2272 2270 2271
f 2274 2276 2273
f 2276 2274 2275
f 2278 2280 2277
f 2280 2278 2279
f 2282 2284 2281
f 2284 2282 2283
f 2286 2288 2285
f 2288 2286 2287
f 2290 2292 2289
f 2292 2290 2291
f 2295 2296 2293
f 2293 2294 2295
f 2299 2300 2297
f 2297 2298 2299
f 2302 2304 2301
f 2304 2302 2303
f 2306 2308 2305
f 2308 2306 2307
f 2311 2312 2309
f 2309 2310 2311
f 2314 2316 2313
f 2316 2314 2315
f 2319 2320 2317
f 2317 2318 2319
f 2332 2333 2321
f 2323 2324 2325
f 2326 2327 2328
f 2330 2331 2332
f 2332 2321 2322
f 2323 2325 2326
f 2330 2332 2322
f 2323 2326 2328
f 2329 2330 2322
f 2323 2328 2329
f 2329 2322 2323
f 2336 2337 2334
f 2334 2335 2336
f 2339 2341 2338
f 2341 2339 2340
f 2343 2345 2342
f 2345 2343 2344
f 2348 2349 2346
f 2346 2347 2348
f 2352 2353 2350
f 2350 2351 2352
f 2355 2357 2354
f 2357 2355 2356
f 2359 2361 2358
f 2361 2359 2360
f 2365 2366 2362
f 2362 2363 2364
f 2364 2365 2362
f 2368 2370 2367
f 2370 2368 2369
f 2373 2374 2371
f 2371 2372 2373
f 2377 2378 2375
f 2375 2376 2377
f 2380 2383 2379
f 2383 2381 2382
f 2381 2383 2380
f 2385 2387 2384
f 2387 2385 2386
f 2389 2393 2388
f 2393 2391 2392
f 2391 2389 2390
f 2389 2391 2393
f 2395 2397 2394
f 2397 2395 2396
f 2399 2401 2398
f 2401 2399 2400
f 2403 2405 2402
f 2405 2403 2404
f 2408 2409 2406
f 2406 2407 2408
f 2412 2413 2410
f 2410 2411 2412
f 2415 2417 2414
f 2417 2415 2416
f 2420 2421 2418
f 2418 2419 2420
f 2424 2425 2422
f 2422 2423 2424
f 2428 2429 2426
f 2426 2427 2428
f 2432 2433 2430
f 2430 2431 2432
f 2436 2437 2434
f 2434 2435 2436
f 2443 2441 2442
f 2441 2439 2440
f 2438 2441 2443
f 2441 2438 2439
f 2445 2447 2444
f 2447 2445 2446
f 2450 2451 2448
f 2448 2449 2450
f 2454 2455 2452
f 2452 2453 2454
f 2457 2459 2456
f 2459 2457 2458
f 2461 2463 2460
f 2463 2461 2462
f 2465 2471 2464
f 2470 2468 2469
f 2468 2466 2467
f 2465 2470 2471
f 2470 2466 2468
f 2466 2470 2465
f 2473 2479 2472
f 2477 2475 2476
f 2473 2478 2479
f 2477 2474 2475
f 2474 2478 2473
f 2478 2474 2477
f 2481 2483 2480
f 2483 2481 2482
f 2485 2491 2484
f 2491 2489 2490
f 2489 2487 2488
f 2485 2489 2491
f 2489 2486 2487
f 2486 2489 2485
f 2493 2495 2492
f 2495 2493 2494
f 2497 2499 2496
f 2499 2497 2498
f 2502 2503 2500
f 2500 2501 2502
f 2505 2507 2504
f 2507 2505 2506
f 2510 2511 2508
f 2508 2509 2510
f 2513 2515 2512
f 2515 2513 2514
f 2527 2516 2517
f 2518 2519 2520
f 2521 2522 2523
f 2523 2524 2525
f 2527 2517 2518
f 2523 2525 2526
f 2526 2527 2518
f 2521 2523 2526
f 2526 2518 2520
f 2520 2521 2526
f 2529 2531 2528
f 2531 2529 2530
f 2534 2535 2532
f 2532 2533 2534
f 2537 2539 2536
f 2539 2537 2538
f 2541 2543 2540
f 2543 2541 2542
f 2546 2547 2544
f 2544 2545 2546
f 2554 2555 2548
f 2548 2549 2550
f 2550 2551 2552
f 2553 2554 2548
f 2548 2550 2552
f 2552 2553 2548
f 2557 2559 2556
f 2559 2557 2558
f 2562 2563 2560
f 2560 2561 2562
f 2566 2567 2564
f 2564 2565 2566
f 2569 2571 2568
f 2571 2569 2570
f 2573 2575 2572
f 2575 2573 2574
f 2577 2579 2576
f 2579 2577 2578
f 2584 2585 2580
f 2580 2581 2582
f 2582 2583 2584
f 2584 2580 2582
f 2587 2589 2586
f 2589 2587 2588
f 2595 2596 2590
f 2590 2591 2592
f 2592 2593 2594
f 2594 2595 2590
f 2590 2592 2594
f 2599 2600 2597
f 2597 2598 2599
f 2602 2604 2601
f 2604 2602 2603
f 2607 2608 2605
f 2605 2606 2607
f 2611 2612 2609
f 2609 2610 2611
f 2614 2616 2613
f 2616 2614 2615
f 2618 2620 2617
f 2620 2618 2619
f 2623 2624 2621
f 2621 2622 2623
f 2626 2628 2625
f 2628 2626 2627
f 2630 2632 2629
f 2632 2630 2631
f 2635 2636 2633
f 2633 2634 2635
f 2639 2640 2637
f 2637 2638 2639
f 2643 2644 2641
f 2641 2642 2643
f 2647 2648 2645
f 2645 2646 2647
f 2650 2654 2649
f 2653 2651 2652
f 2650 2653 2654
f 2653 2650 2651
f 2657 2658 2655
f 2655 2656 2657
f 2661 2662 2659
f 2659 2660 2661
f 2665 2666 2663
f 2663 2664 2665
f 2668 2670 2667
f 2670 2668 2669
f 2673 2674 2671
f 2671 2672 2673
f 2677 2678 2675
f 2675 2676 2677
f 2680 2682 2679
f 2682 2680 2681
f 2684 2686 2683
f 2686 2684 2685
f 2689 2690 2687
f 2687 2688 2689
f 2692 2694 2691
f 2694 2692 2693
f 2696 2698 2695
f 2698 2696 2697
f 2701 2702 2699
f 2699 2700 2701
o bldg_02def243-3407-411b-9463-08721b01ec2a
v -278.871 -222.294 2.21
v -260.267 -234.057 2.21
v -279.065 -263.787 2.21
v -278.138 -264.373 2.21
v -286.013 -276.827 2.21
v -280.837 -280.053 2.21
v -284.706 -286.262 2.21
v -308.859 -271.206 2.21
v -304.805 -264.703 2.21
v -322.986 -253.207 2.21
v -296.423 -211.196 2.21
v -283.806 -219.173 2.21
v -277.122 -208.602 2.21
v -272.187 -211.723 2.21
v -312.16 -236.085 9.599
v -322.986 -253.207 9.599
v -304.705 -264.766 9.599
v -293.879 -247.644 9.599
v -294.259 -248.245 9.429
v -300.969 -258.856 9.429
v -282.167 -270.744 9.429
v -278.138 -264.373 9.429
v -279.065 -263.787 9.429
v -276.384 -259.547 9.429
v -286.013 -276.827 8.224
v -289.923 -283.01 8.224
v -284.706 -286.262 8.225
v -280.837 -280.053 8.224
v -312.16 -236.085 9.309
v -293.879 -247.644 9.309
v -294.259 -248.245 9.309
v -276.384 -259.547 9.309
v -260.267 -234.057 9.309
v -296.423 -211.196 9.309
v -289.923 -283.01 9.144
v -282.167 -270.744 9.144
v -300.969 -258.856 9.144
v -304.705 -264.766 9.144
v -304.805 -264.703 9.144
v -308.859 -271.206 9.144
v -283.806 -219.173 6.929
v -278.871 -222.294 6.929
v -272.187 -211.723 6.93
v -277.122 -208.602 6.93
v -296.423 -211.196 9.309
v -260.267 -234.057 9.309
v -260.267 -234.057 2.21
v -278.871 -222.294 2.21
v -278.871 -222.294 6.929
v -283.806 -219.173 6.929
v -283.806 -219.173 2.21
v -296.423 -211.196 2.21
v -279.065 -263.787 9.429
v -278.138 -264.373 9.429
v -278.138 -264.373 2.21
v -279.065 -263.787 2.21
v -278.871 -222.294 6.929
v -278.871 -222.294 2.21
v -272.187 -211.723 2.21
v -272.187 -211.723 6.93
v -283.806 -219.173 2.21
v -283.806 -219.173 6.929
v -277.122 -208.602 6.93
v -277.122 -208.602 2.21
v -286.013 -276.827 2.21
v -286.013 -276.827 8.224
v -280.837 -280.053 8.224
v -280.837 -280.053 2.21
v -277.122 -208.602 6.93
v -272.187 -211.723 6.93
v -272.187 -211.723 2.21
v -277.122 -208.602 2.21
v -304.805 -264.703 2.21
v -304.805 -264.703 9.144
v -304.705 -264.766 9.144
v -304.705 -264.766 9.599
v -322.986 -253.207 9.599
v -322.986 -253.207 2.21
v -296.423 -211.196 2.21
v -322.986 -253.207 2.21
v -322.986 -253.207 9.599
v -312.16 -236.085 9.599
v -312.16 -236.085 9.309
v -296.423 -211.196 9.309
v -286.013 -276.827 2.21
v -278.138 -264.373 2.21
v -278.138 -264.373 9.429
v -282.167 -270.744 9.429
v -282.167 -270.744 9.144
v -289.923 -283.01 9.144
v -289.923 -283.01 8.224
v -286.013 -276.827 8.224
v -300.969 -258.856 9.144
v -282.167 -270.744 9.144
v -282.167 -270.744 9.429
v -300.969 -258.856 9.429
v -300.969 -258.856 9.429
v -294.259 -248.245 9.429
v -294.259 -248.245 9.309
v -293.879 -247.644 9.309
v -293.879 -247.644 9.599
v -304.705 -264.766 9.599
v -304.705 -264.766 9.144
v -300.969 -258.856 9.144
v -280.837 -280.053 8.224
v -284.706 -286.262 8.225
v -284.706 -286.262 2.21
v -280.837 -280.053 2.21
v -293.879 -247.644 9.309
v -312.16 -236.085 9.309
v -312.16 -236.085 9.599
v -293.879 -247.644 9.599
v -308.859 -271.206 2.21
v -284.706 -286.262 2.21
v -284.706 -286.262 8.225
v -289.923 -283.01 8.224
v -289.923 -283.01 9.144
v -308.859 -271.206 9.144
v -276.384 -259.547 9.309
v -294.259 -248.245 9.309
v -294.259 -248.245 9.429
v -276.384 -259.547 9.429
v -260.267 -234.057 9.309
v -276.384 -259.547 9.309
v -276.384 -259.547 9.429
v -279.065 -263.787 9.429
v -279.065 -263.787 2.21
v -260.267 -234.057 2.21
v -304.805 -264.703 9.144
v -304.805 -264.703 2.21
v -308.859 -271.206 2.21
v -308.859 -271.206 9.144
f 2703 2715 2716
f 2714 2712 2713
f 2711 2709 2710
f 2709 2707 2708
f 2707 2705 2706
f 2705 2703 2704
f 2703 2714 2715
f 2714 2711 2712
f 2711 2707 2709
f 2707 2703 2705
f 2703 2711 2714
f 2711 2703 2707
f 2719 2720 2717
f 2717 2718 2719
f 2725 2726 2721
f 2721 2722 2723
f 2723 2724 2725
f 2725 2721 2723
f 2729 2730 2727
f 2727 2728 2729
f 2735 2736 2731
f 2732 2733 2734
f 2735 2731 2732
f 2732 2734 2735
f 2741 2742 2737
f 2737 2738 2739
f 2740 2741 2737
f 2737 2739 2740
f 2745 2746 2743
f 2743 2744 2745
f 2747 2753 2754
f 2751 2749 2750
f 2747 2752 2753
f 2751 2748 2749
f 2748 2752 2747
f 2752 2748 2751
f 2756 2758 2755
f 2758 2756 2757
f 2761 2762 2759
f 2759 2760 2761
f 2764 2766 2763
f 2766 2764 2765
f 2768 2770 2767
f 2770 2768 2769
f 2772 2774 2771
f 2774 2772 2773
f 2779 2780 2775
f 2776 2777 2778
f 2779 2775 2776
f 2776 2778 2779
f 2782 2786 2781
f 2785 2783 2784
f 2782 2785 2786
f 2785 2782 2783
f 2794 2787 2788
f 2788 2789 2790
f 2791 2792 2793
f 2788 2790 2791
f 2791 2793 2794
f 2794 2788 2791
f 2797 2798 2795
f 2795 2796 2797
f 2805 2806 2799
f 2800 2801 2802
f 2804 2805 2799
f 2800 2802 2803
f 2803 2804 2799
f 2799 2800 2803
f 2809 2810 2807
f 2807 2808 2809
f 2812 2814 2811
f 2814 2812 2813
f 2819 2820 2815
f 2815 2816 2817
f 2818 2819 2815
f 2815 2817 2818
f 2822 2824 2821
f 2824 2822 2823
f 2829 2830 2825
f 2826 2827 2828
f 2829 2825 2826
f 2826 2828 2829
f 2832 2834 2831
f 2834 2832 2833
o bldg_6bf2a8d8-55ff-49ce-8137-d9f9c8c490aa
v -217.831 122.01 1.711
v -218.63 122.477 1.71
v -199.715 154.888 1.711
v -199.122 154.541 1.711
v -192.758 165.777 1.712
v -163.856 148.601 1.719
v -162.65 150.634 1.719
v -157.689 147.687 1.721
v -158.896 145.654 1.72
v -147.754 139.032 1.723
v -139.461 107.206 1.728
v -148.577 91.656 1.728
v -146.916 90.682 1.728
v -149.822 85.726 1.728
v -151.562 86.746 1.728
v -158.129 75.544 1.727
v -157.982 75.504 1.727
v -157.121 74.64 1.728
v -156.807 73.46 1.728
v -157.126 72.282 1.728
v -157.991 71.421 1.728
v -159.17 71.107 1.727
v -160.348 71.426 1.727
v -161.209 72.291 1.727
v -161.523 73.47 1.727
v -161.34 74.148 1.727
v -173.739 81.522 1.723
v -171.027 86.092 1.723
v -183.334 93.214 1.72
v -186.053 88.643 1.72
v -199.331 96.543 1.717
v -196.707 100.952 1.717
v -209.192 108.177 1.714
v -211.784 103.766 1.713
v -224.247 111.088 1.71
v -171.745 108.332 1.721
v -174.454 103.658 1.721
v -168.382 100.028 1.723
v -169.564 98.052 1.723
v -166.133 96.032 1.724
v -158.278 109.544 1.724
v -159.719 115.004 1.723
v -162.699 114.238 1.723
v -163.644 111.813 1.723
v -165.596 109.681 1.722
v -168.186 108.397 1.722
v -171.065 108.137 1.721
v -161.726 122.61 1.722
v -163.542 129.493 1.721
v -163.477 129.51 1.721
v -166.63 131.345 1.72
v -171.005 123.798 1.72
v -168.155 123.528 1.721
v -165.57 122.234 1.721
v -164.839 121.43 1.721
v -164.2 121.593 1.722
v -164.292 121.951 1.721
v -161.73 122.612 23.535
v -161.233 122.74 23.535
v -162.884 129.164 23.534
v -163.482 129.512 23.534
v -163.546 129.495 23.534
v -189.427 146.885 34.257
v -188.549 146.799 33.812
v -197.743 152.19 33.81
v -197.239 151.466 34.255
v -199.125 153.681 32.769
v -199.721 154.89 31.599
v -218.636 122.48 31.598
v -217.302 122.535 32.768
v -157.243 118.036 51.947
v -156.971 117.878 50.916
v -156.617 119.186 50.916
v -156.932 119.187 51.947
v -159.237 119.092 55.275
v -159.137 119.192 55.275
v -159.237 119.292 55.275
v -159.337 119.192 55.275
v -162.701 114.239 10.58
v -164.956 113.659 10.58
v -166.865 120.911 10.579
v -164.841 121.43 10.579
v -165.572 122.235 10.579
v -168.157 123.529 10.578
v -171.034 123.802 10.577
v -173.816 123.016 10.577
v -176.127 121.279 10.577
v -177.654 118.825 10.577
v -178.191 115.984 10.577
v -177.665 113.142 10.577
v -176.149 110.681 10.578
v -173.846 108.934 10.578
v -171.067 108.138 10.579
v -168.188 108.398 10.58
v -165.598 109.681 10.58
v -163.646 111.813 10.58
v -159.275 115.121 23.536
v -159.723 115.006 23.536
v -158.282 109.546 23.536
v -157.977 110.071 23.536
v -159.233 120.554 52.647
v -159.236 119.292 52.91
v -159.2 119.255 52.915
v -158.553 120.37 52.647
v -174.515 139.318 32.775
v -192.692 108.172 32.774
v -191.805 106.821 31.605
v -172.89 139.231 31.606
v -199.721 154.89 31.599
v -199.125 153.681 32.769
v -174.515 139.318 32.775
v -172.89 139.231 31.606
v -159.3 119.229 52.915
v -160.414 119.875 52.647
v -160.598 119.195 52.647
v -159.336 119.192 52.91
v -159.3 119.156 52.915
v -159.336 119.192 52.91
v -160.598 119.195 52.647
v -160.417 118.514 52.647
v -174.738 136.063 26.226
v -162.885 129.164 26.229
v -161.234 122.74 26.23
v -157.63 123.666 26.23
v -156.997 123.374 26.23
v -158.509 129.061 26.23
v -151.213 131.001 26.231
v -152.335 135.548 26.23
v -192.598 159.115 26.22
v -196.271 152.876 26.22
v -172.889 139.231 26.226
v -195.502 148.97 34.795
v -196.475 150.368 34.578
v -213.572 121.215 34.577
v -211.877 121.048 34.795
v -183.336 93.215 10.108
v -196.709 100.953 10.104
v -199.332 96.544 10.104
v -186.055 88.644 10.108
v -215.781 121.432 33.809
v -214.903 121.346 34.254
v -197.239 151.466 34.255
v -197.743 152.19 33.81
v -209.94 120.858 34.875
v -208.828 119.261 34.795
v -192.454 147.182 34.796
v -194.391 147.373 34.876
v -163.631 114.002 27.415
v -160.742 114.745 27.415
v -162.285 115.539 27.415
v -163.671 120.933 27.414
v -162.817 122.334 27.414
v -164.297 121.954 27.414
v -164.206 121.596 27.414
v -165.494 121.265 27.414
v -160.598 119.195 52.647
v -161.54 119.197 51.946
v -161.234 118.044 51.946
v -160.417 118.514 52.647
v -218.636 122.48 31.598
v -191.805 106.821 31.605
v -192.692 108.172 32.774
v -206.315 116.122 32.771
v -206.465 115.865 32.287
v -215.992 121.452 32.322
v -215.854 121.689 32.769
v -217.302 122.535 32.768
v -178.802 98.969 26.228
v -163.135 89.787 26.232
v -162.922 90.151 26.362
v -178.588 99.333 26.358
v -208.828 119.261 34.795
v -207.855 117.863 34.579
v -190.759 147.016 34.58
v -192.454 147.182 34.796
v -160.417 118.514 52.647
v -159.919 118.014 52.647
v -159.273 119.129 52.915
v -159.3 119.156 52.915
v -158.553 120.37 52.647
v -158.08 121.185 51.947
v -159.231 121.496 51.946
v -159.233 120.554 52.647
v -159.231 121.496 51.946
v -159.23 121.81 50.915
v -160.54 121.462 50.915
v -160.384 121.19 51.946
v -187.175 114.753 31.275
v -188.7 112.14 31.275
v -181.191 107.734 31.277
v -182.882 104.853 31.277
v -177.603 101.754 31.278
v -174.38 107.245 31.278
v -159.241 116.888 51.947
v -159.241 116.573 50.916
v -157.931 116.921 50.916
v -158.088 117.194 51.947
v -159.378 122.921 43.505
v -162.69 122.07 43.504
v -163.339 121.004 43.504
v -162.898 119.285 43.505
v -161.954 115.613 43.505
v -160.819 115.029 43.505
v -155.914 116.289 43.506
v -155.045 117.388 43.506
v -156.43 122.779 43.506
v -157.68 123.357 43.505
v -162.122 119.885 43.505
v -162.252 120.39 43.505
v -161.603 121.454 43.505
v -160.18 121.819 43.505
v -158.204 122.327 43.505
v -157.173 121.851 43.506
v -156.182 117.993 43.506
v -157.149 116.771 43.506
v -160.003 116.037 43.506
v -161.306 116.708 43.505
v -160.417 118.514 52.647
v -161.234 118.044 51.946
v -160.392 117.199 51.947
v -159.919 118.014 52.647
v -139.463 107.207 9.696
v -147.756 139.033 9.691
v -158.898 145.654 9.688
v -157.691 147.687 9.688
v -162.651 150.635 9.687
v -163.858 148.602 9.687
v -192.76 165.777 9.679
v -199.124 154.542 9.679
v -196.267 152.875 9.68
v -192.594 159.114 9.68
v -152.331 135.546 9.69
v -151.21 130.999 9.691
v -150.737 131.125 9.691
v -145.88 112.864 9.694
v -146.685 112.65 9.694
v -145.607 108.278 9.694
v -161.666 80.675 9.694
v -171.029 86.093 9.691
v -173.74 81.523 9.691
v -159.567 73.094 9.695
v -151.563 86.747 9.695
v -149.824 85.727 9.696
v -146.918 90.683 9.696
v -148.578 91.657 9.695
v -163.036 121.981 42.584
v -163.426 121.342 42.584
v -163.674 120.934 42.584
v -162.288 115.54 42.585
v -160.745 114.746 42.585
v -155.704 116.041 42.586
v -154.759 117.236 42.586
v -156.247 123.028 42.586
v -157.633 123.668 42.585
v -162.82 122.335 42.584
v -163.339 121.004 42.584
v -162.69 122.07 42.584
v -157.68 123.357 42.585
v -156.43 122.779 42.586
v -155.045 117.388 42.586
v -155.914 116.289 42.586
v -160.819 115.029 42.585
v -161.954 115.613 42.585
v -214.903 121.346 34.254
v -215.781 121.432 33.809
v -206.587 116.04 33.812
v -207.091 116.764 34.256
v -159.915 120.373 52.647
v -160.384 121.19 51.946
v -161.229 120.348 51.946
v -160.414 119.875 52.647
v -158.055 119.87 52.647
v -159.173 119.228 52.915
v -159.136 119.192 52.91
v -157.874 119.189 52.647
v -206.587 116.04 33.812
v -206.466 115.865 33.326
v -188.337 146.778 33.327
v -188.549 146.799 33.812
v -161.234 118.044 51.946
v -161.506 117.887 50.915
v -160.55 116.927 50.915
v -160.392 117.199 51.947
v -177.602 101.754 26.228
v -190.383 109.255 26.225
v -191.804 106.82 26.225
v -215.17 120.457 26.219
v -219.008 113.857 26.219
v -166.751 83.617 26.232
v -161.67 80.676 26.234
v -145.61 108.279 26.234
v -146.688 112.651 26.234
v -153.653 110.799 26.232
v -155.211 116.658 26.231
v -155.7 116.04 26.231
v -159.276 115.121 26.231
v -157.978 110.071 26.231
v -166.138 96.034 26.231
v -177.153 102.519 26.228
v -178.802 98.969 26.228
v -178.588 99.333 26.228
v -162.922 90.151 26.232
v -163.135 89.787 26.232
v -174.454 103.658 4.844
v -175.633 101.624 4.844
v -169.565 98.052 4.845
v -168.383 100.029 4.845
v -159.239 117.83 52.647
v -159.236 119.092 52.91
v -159.273 119.129 52.915
v -159.919 118.014 52.647
v -211.877 121.048 34.795
v -213.572 121.215 34.577
v -207.855 117.863 34.579
v -208.828 119.261 34.795
v -158.058 118.509 52.647
v -157.243 118.036 51.947
v -156.932 119.187 51.947
v -157.874 119.189 52.647
v -209.194 108.178 8.991
v -219.005 113.856 8.989
v -215.166 120.455 8.989
v -217.832 122.011 8.988
v -224.249 111.089 8.988
v -211.785 103.767 8.991
v -159.233 120.554 52.647
v -159.231 121.496 51.946
v -160.384 121.19 51.946
v -159.915 120.373 52.647
v -207.855 117.863 34.579
v -207.091 116.764 34.256
v -189.427 146.885 34.257
v -190.759 147.016 34.58
v -163.628 114.001 11.7
v -165.491 121.264 11.699
v -166.865 120.911 11.699
v -164.956 113.66 11.7
v -150.741 131.127 28.531
v -158.51 129.061 28.53
v -156.997 123.374 28.53
v -156.244 123.026 28.531
v -154.756 117.234 28.531
v -155.211 116.659 28.531
v -153.653 110.799 28.532
v -145.884 112.865 28.534
v -211.877 121.048 34.795
v -209.94 120.858 34.875
v -194.391 147.373 34.876
v -195.502 148.97 34.795
v -194.391 147.373 34.876
v -192.454 147.182 34.796
v -195.502 148.97 34.795
v -157.992 71.421 7.39
v -157.127 72.283 7.39
v -156.809 73.461 7.39
v -157.122 74.64 7.39
v -157.983 75.505 7.39
v -158.13 75.545 7.39
v -159.567 73.093 7.39
v -161.341 74.148 7.389
v -161.524 73.471 7.389
v -161.21 72.291 7.389
v -160.349 71.426 7.39
v -159.171 71.108 7.39
v -161.54 119.197 51.946
v -161.854 119.197 50.915
v -161.506 117.887 50.915
v -161.234 118.044 51.946
v -196.475 150.368 34.578
v -197.239 151.466 34.255
v -214.903 121.346 34.254
v -213.572 121.215 34.577
v -159.915 120.373 52.647
v -159.273 119.256 52.915
v -159.236 119.292 52.91
v -159.233 120.554 52.647
v -160.384 121.19 51.946
v -160.54 121.462 50.915
v -161.501 120.506 50.915
v -161.229 120.348 51.946
v -174.376 107.243 10.118
v -177.15 102.517 10.118
v -175.634 101.625 10.119
v -171.747 108.332 10.119
v -173.846 108.934 10.118
v -176.149 110.681 10.118
v -177.665 113.142 10.117
v -178.19 115.984 10.117
v -177.653 118.825 10.117
v -176.127 121.279 10.117
v -173.816 123.016 10.117
v -171.034 123.802 10.117
v -171.007 123.799 10.117
v -166.632 131.346 10.118
v -174.734 136.061 10.116
v -187.171 114.751 10.115
v -158.558 118.011 52.647
v -159.2 119.129 52.915
v -159.236 119.092 52.91
v -159.239 117.83 52.647
v -158.058 118.509 52.647
v -159.173 119.155 52.915
v -159.2 119.129 52.915
v -158.558 118.011 52.647
v -158.597 116.399 46.816
v -158.405 116.448 46.816
v -157.149 116.771 46.816
v -156.183 117.993 46.816
v -157.174 121.851 46.816
v -158.205 122.327 46.815
v -161.604 121.454 46.815
v -162.253 120.39 46.815
v -161.307 116.708 46.815
v -160.004 116.037 46.816
v -157.93 116.921 46.816
v -159.24 116.573 46.816
v -160.549 116.926 46.815
v -161.505 117.887 46.815
v -161.854 119.197 46.815
v -161.5 120.506 46.815
v -160.539 121.462 46.815
v -159.229 121.81 46.815
v -157.921 121.457 46.815
v -156.964 120.496 46.816
v -156.616 119.186 46.816
v -156.97 117.877 46.816
v -207.091 116.764 34.256
v -206.587 116.04 33.812
v -188.549 146.799 33.812
v -189.427 146.885 34.257
v -158.08 121.185 51.947
v -157.922 121.457 50.915
v -159.23 121.81 50.915
v -159.231 121.496 51.946
v -158.553 120.37 52.647
v -159.2 119.255 52.915
v -159.173 119.228 52.915
v -158.055 119.87 52.647
v -188.549 146.799 33.812
v -188.337 146.778 33.327
v -197.864 152.365 33.324
v -197.743 152.19 33.81
v -215.781 121.432 33.809
v -215.993 121.452 33.324
v -206.466 115.865 33.326
v -206.587 116.04 33.812
v -158.088 117.194 51.947
v -157.931 116.921 50.916
v -156.971 117.878 50.916
v -157.243 118.036 51.947
v -158.558 118.011 52.647
v -158.088 117.194 51.947
v -157.243 118.036 51.947
v -158.058 118.509 52.647
v -160.392 117.199 51.947
v -160.55 116.927 50.915
v -159.241 116.573 50.916
v -159.241 116.888 51.947
v -192.454 147.182 34.796
v -190.759 147.016 34.58
v -196.475 150.368 34.578
v -195.502 148.97 34.795
v -157.238 120.34 51.947
v -156.965 120.496 50.916
v -157.922 121.457 50.915
v -158.08 121.185 51.947
v -161.229 120.348 51.946
v -161.501 120.506 50.915
v -161.854 119.197 50.915
v -161.54 119.197 51.946
v -160.414 119.875 52.647
v -161.229 120.348 51.946
v -161.54 119.197 51.946
v -160.598 119.195 52.647
v -159.919 118.014 52.647
v -160.392 117.199 51.947
v -159.241 116.888 51.947
v -159.239 117.83 52.647
v -157.874 119.189 52.647
v -156.932 119.187 51.947
v -157.238 120.34 51.947
v -158.055 119.87 52.647
v -182.882 104.853 30.902
v -181.191 107.734 30.902
v -188.7 112.14 30.9
v -190.384 109.255 30.9
v -159.273 119.256 52.915
v -159.915 120.373 52.647
v -160.414 119.875 52.647
v -159.3 119.229 52.915
v -209.94 120.858 34.875
v -211.877 121.048 34.795
v -208.828 119.261 34.795
v -190.759 147.016 34.58
v -189.427 146.885 34.257
v -197.239 151.466 34.255
v -196.475 150.368 34.578
v -197.743 152.19 33.81
v -197.864 152.365 33.324
v -215.993 121.452 33.324
v -215.781 121.432 33.809
v -159.239 117.83 52.647
v -159.241 116.888 51.947
v -158.088 117.194 51.947
v -158.558 118.011 52.647
v -156.932 119.187 51.947
v -156.617 119.186 50.916
v -156.965 120.496 50.916
v -157.238 120.34 51.947
v -158.055 119.87 52.647
v -157.238 120.34 51.947
v -158.08 121.185 51.947
v -158.553 120.37 52.647
v -215.854 121.689 32.769
v -197.864 152.365 32.769
v -188.337 146.778 32.772
v -206.315 116.122 32.771
v -192.692 108.172 32.774
v -174.515 139.318 32.775
v -199.125 153.681 32.769
v -217.302 122.535 32.768
v -157.874 119.189 52.647
v -159.136 119.192 52.91
v -159.173 119.155 52.915
v -158.058 118.509 52.647
v -213.572 121.215 34.577
v -214.903 121.346 34.254
v -207.091 116.764 34.256
v -207.855 117.863 34.579
v -160.003 116.037 43.506
v -157.149 116.771 43.506
v -157.149 116.771 46.816
v -158.405 116.448 46.816
v -158.597 116.399 46.816
v -160.004 116.037 46.816
v -215.992 121.452 32.322
v -206.465 115.865 32.287
v -206.466 115.865 33.326
v -215.993 121.452 33.324
v -159.236 119.092 52.91
v -159.237 119.092 55.275
v -159.337 119.192 55.275
v -159.336 119.192 52.91
v -159.3 119.156 52.915
v -159.273 119.129 52.915
v -192.594 159.114 9.68
v -196.267 152.875 9.68
v -196.271 152.876 26.22
v -192.598 159.115 26.22
v -171.034 123.802 10.117
v -173.816 123.016 10.117
v -173.816 123.016 10.577
v -171.034 123.802 10.577
v -161.505 117.887 46.815
v -160.549 116.926 46.815
v -160.55 116.927 50.915
v -161.506 117.887 50.915
v -163.646 111.813 10.58
v -165.598 109.681 10.58
v -165.596 109.681 1.722
v -163.644 111.813 1.723
v -156.616 119.186 46.816
v -156.964 120.496 46.816
v -156.965 120.496 50.916
v -156.617 119.186 50.916
v -218.636 122.48 31.598
v -199.721 154.89 31.599
v -199.715 154.888 1.711
v -218.63 122.477 1.71
v -156.43 122.779 42.586
v -157.68 123.357 42.585
v -157.68 123.357 43.505
v -156.43 122.779 43.506
v -161.603 121.454 43.505
v -162.252 120.39 43.505
v -162.253 120.39 46.815
v -161.604 121.454 46.815
v -164.2 121.593 1.722
v -164.839 121.43 1.721
v -164.841 121.43 10.579
v -166.865 120.911 10.579
v -166.865 120.911 11.699
v -165.491 121.264 11.699
v -165.494 121.265 27.414
v -164.206 121.596 27.414
v -163.671 120.933 27.414
v -162.285 115.539 27.415
v -162.288 115.54 42.585
v -163.674 120.934 42.584
v -157.691 147.687 9.688
v -158.898 145.654 9.688
v -158.896 145.654 1.72
v -157.689 147.687 1.721
v -196.709 100.953 10.104
v -196.707 100.952 1.717
v -199.331 96.543 1.717
v -199.332 96.544 10.104
v -162.699 114.238 1.723
v -162.701 114.239 10.58
v -163.646 111.813 10.58
v -163.644 111.813 1.723
v -158.282 109.546 23.536
v -159.723 115.006 23.536
v -159.719 115.004 1.723
v -158.278 109.544 1.724
v -161.306 116.708 43.505
v -160.003 116.037 43.506
v -160.004 116.037 46.816
v -161.307 116.708 46.815
v -162.69 122.07 42.584
v -163.339 121.004 42.584
v -163.339 121.004 43.504
v -162.69 122.07 43.504
v -211.785 103.767 8.991
v -224.249 111.089 8.988
v -224.247 111.088 1.71
v -211.784 103.766 1.713
v -152.331 135.546 9.69
v -192.594 159.114 9.68
v -192.598 159.115 26.22
v -152.335 135.548 26.23
v -160.549 116.926 46.815
v -159.24 116.573 46.816
v -159.241 116.573 50.916
v -160.55 116.927 50.915
v -176.127 121.279 10.117
v -177.653 118.825 10.117
v -177.654 118.825 10.577
v -176.127 121.279 10.577
v -174.376 107.243 10.118
v -187.171 114.751 10.115
v -187.175 114.753 31.275
v -174.38 107.245 31.278
v -155.914 116.289 42.586
v -155.045 117.388 42.586
v -155.045 117.388 43.506
v -155.914 116.289 43.506
v -145.884 112.865 28.534
v -153.653 110.799 28.532
v -153.653 110.799 26.232
v -146.688 112.651 26.234
v -146.685 112.65 9.694
v -145.88 112.864 9.694
v -166.865 120.911 10.579
v -164.956 113.659 10.58
v -164.956 113.66 11.7
v -166.865 120.911 11.699
v -168.155 123.528 1.721
v -168.157 123.529 10.578
v -165.572 122.235 10.579
v -165.57 122.234 1.721
v -171.029 86.093 9.691
v -171.027 86.092 1.723
v -173.739 81.522 1.723
v -173.74 81.523 9.691
v -159.237 119.092 55.275
v -159.236 119.092 52.91
v -159.2 119.129 52.915
v -159.173 119.155 52.915
v -159.136 119.192 52.91
v -159.137 119.192 55.275
v -162.817 122.334 27.414
v -163.671 120.933 27.414
v -163.674 120.934 42.584
v -163.426 121.342 42.584
v -163.036 121.981 42.584
v -162.82 122.335 42.584
v -156.964 120.496 46.816
v -157.921 121.457 46.815
v -157.922 121.457 50.915
v -156.965 120.496 50.916
v -178.19 115.984 10.117
v -177.665 113.142 10.117
v -177.665 113.142 10.577
v -178.191 115.984 10.577
v -163.477 129.51 1.721
v -163.482 129.512 23.534
v -162.884 129.164 23.534
v -162.885 129.164 26.229
v -174.738 136.063 26.226
v -174.734 136.061 10.116
v -166.632 131.346 10.118
v -166.63 131.345 1.72
v -148.578 91.657 9.695
v -146.918 90.683 9.696
v -146.916 90.682 1.728
v -148.577 91.656 1.728
v -192.76 165.777 9.679
v -163.858 148.602 9.687
v -163.856 148.601 1.719
v -192.758 165.777 1.712
v -146.685 112.65 9.694
v -146.688 112.651 26.234
v -145.61 108.279 26.234
v -145.607 108.278 9.694
v -157.992 71.421 7.39
v -159.171 71.108 7.39
v -159.17 71.107 1.727
v -157.991 71.421 1.728
v -163.546 129.495 23.534
v -163.482 129.512 23.534
v -163.477 129.51 1.721
v -163.542 129.493 1.721
v -165.491 121.264 11.699
v -163.628 114.001 11.7
v -163.631 114.002 27.415
v -165.494 121.265 27.414
v -155.704 116.041 42.586
v -155.7 116.04 26.231
v -155.211 116.658 26.231
v -155.211 116.659 28.531
v -154.756 117.234 28.531
v -154.759 117.236 42.586
v -173.816 123.016 10.117
v -176.127 121.279 10.117
v -176.127 121.279 10.577
v -173.816 123.016 10.577
v -145.884 112.865 28.534
v -145.88 112.864 9.694
v -150.737 131.125 9.691
v -150.741 131.127 28.531
v -186.055 88.644 10.108
v -199.332 96.544 10.104
v -199.331 96.543 1.717
v -186.053 88.643 1.72
v -215.993 121.452 33.324
v -197.864 152.365 33.324
v -197.864 152.365 32.769
v -215.854 121.689 32.769
v -215.992 121.452 32.322
v -160.349 71.426 7.39
v -161.21 72.291 7.389
v -161.209 72.291 1.727
v -160.348 71.426 1.727
v -156.997 123.374 26.23
v -156.997 123.374 28.53
v -158.51 129.061 28.53
v -158.509 129.061 26.23
v -171.007 123.799 10.117
v -171.005 123.798 1.72
v -166.63 131.345 1.72
v -166.632 131.346 10.118
v -177.665 113.142 10.117
v -176.149 110.681 10.118
v -176.149 110.681 10.578
v -177.665 113.142 10.577
v -215.166 120.455 8.989
v -219.005 113.856 8.989
v -219.008 113.857 26.219
v -215.17 120.457 26.219
v -157.983 75.505 7.39
v -157.122 74.64 7.39
v -157.121 74.64 1.728
v -157.982 75.504 1.727
v -163.542 129.493 1.721
v -161.726 122.61 1.722
v -161.73 122.612 23.535
v -163.546 129.495 23.534
v -158.129 75.544 1.727
v -158.13 75.545 7.39
v -157.983 75.505 7.39
v -157.982 75.504 1.727
v -166.751 83.617 26.232
v -219.008 113.857 26.219
v -219.005 113.856 8.989
v -209.194 108.178 8.991
v -209.192 108.177 1.714
v -196.707 100.952 1.717
v -196.709 100.953 10.104
v -183.336 93.215 10.108
v -183.334 93.214 1.72
v -171.027 86.092 1.723
v -171.029 86.093 9.691
v -161.666 80.675 9.694
v -161.67 80.676 26.234
v -178.588 99.333 26.228
v -178.802 98.969 26.228
v -178.588 99.333 26.358
v -151.563 86.747 9.695
v -159.567 73.094 9.695
v -159.567 73.093 7.39
v -158.13 75.545 7.39
v -158.129 75.544 1.727
v -151.562 86.746 1.728
v -183.334 93.214 1.72
v -183.336 93.215 10.108
v -186.055 88.644 10.108
v -186.053 88.643 1.72
v -171.005 123.798 1.72
v -171.007 123.799 10.117
v -171.034 123.802 10.117
v -171.034 123.802 10.577
v -168.157 123.529 10.578
v -168.155 123.528 1.721
v -154.756 117.234 28.531
v -156.244 123.026 28.531
v -156.247 123.028 42.586
v -154.759 117.236 42.586
v -177.653 118.825 10.117
v -178.19 115.984 10.117
v -178.191 115.984 10.577
v -177.654 118.825 10.577
v -177.15 102.517 10.118
v -174.376 107.243 10.118
v -174.38 107.245 31.278
v -177.603 101.754 31.278
v -177.602 101.754 26.228
v -177.153 102.519 26.228
v -162.285 115.539 27.415
v -160.742 114.745 27.415
v -160.745 114.746 42.585
v -162.288 115.54 42.585
v -199.122 154.541 1.711
v -199.124 154.542 9.679
v -192.76 165.777 9.679
v -192.758 165.777 1.712
v -147.756 139.033 9.691
v -139.463 107.207 9.696
v -139.461 107.206 1.728
v -147.754 139.032 1.723
v -171.067 108.138 10.579
v -173.846 108.934 10.578
v -173.846 108.934 10.118
v -171.747 108.332 10.119
v -171.745 108.332 1.721
v -171.065 108.137 1.721
v -161.666 80.675 9.694
v -145.607 108.278 9.694
v -145.61 108.279 26.234
v -161.67 80.676 26.234
v -171.747 108.332 10.119
v -175.634 101.625 10.119
v -175.633 101.624 4.844
v -174.454 103.658 4.844
v -174.454 103.658 1.721
v -171.745 108.332 1.721
v -158.204 122.327 43.505
v -160.18 121.819 43.505
v -161.603 121.454 43.505
v -161.604 121.454 46.815
v -158.205 122.327 46.815
v -161.341 74.148 7.389
v -161.34 74.148 1.727
v -161.523 73.47 1.727
v -161.524 73.471 7.389
v -156.182 117.993 43.506
v -157.173 121.851 43.506
v -157.174 121.851 46.816
v -156.183 117.993 46.816
v -161.233 122.74 23.535
v -161.73 122.612 23.535
v -161.726 122.61 1.722
v -164.292 121.951 1.721
v -164.297 121.954 27.414
v -162.817 122.334 27.414
v -162.82 122.335 42.584
v -157.633 123.668 42.585
v -157.63 123.666 26.23
v -161.234 122.74 26.23
v -169.564 98.052 1.723
v -169.565 98.052 4.845
v -175.633 101.624 4.844
v -175.634 101.625 10.119
v -177.15 102.517 10.118
v -177.153 102.519 26.228
v -166.138 96.034 26.231
v -166.133 96.032 1.724
v -157.93 116.921 46.816
v -156.97 117.877 46.816
v -156.971 117.878 50.916
v -157.931 116.921 50.916
v -146.918 90.683 9.696
v -149.824 85.727 9.696
v -149.822 85.726 1.728
v -146.916 90.682 1.728
v -163.858 148.602 9.687
v -162.651 150.635 9.687
v -162.65 150.634 1.719
v -163.856 148.601 1.719
v -156.244 123.026 28.531
v -156.997 123.374 28.53
v -156.997 123.374 26.23
v -157.63 123.666 26.23
v -157.633 123.668 42.585
v -156.247 123.028 42.586
v -159.275 115.121 23.536
v -157.977 110.071 23.536
v -157.978 110.071 26.231
v -159.276 115.121 26.231
v -159.171 71.108 7.39
v -160.349 71.426 7.39
v -160.348 71.426 1.727
v -159.17 71.107 1.727
v -161.34 74.148 1.727
v -161.341 74.148 7.389
v -159.567 73.093 7.39
v -159.567 73.094 9.695
v -173.74 81.523 9.691
v -173.739 81.522 1.723
v -159.229 121.81 46.815
v -160.539 121.462 46.815
v -160.54 121.462 50.915
v -159.23 121.81 50.915
v -162.922 90.151 26.232
v -178.588 99.333 26.228
v -178.588 99.333 26.358
v -162.922 90.151 26.362
v -161.854 119.197 46.815
v -161.505 117.887 46.815
v -161.506 117.887 50.915
v -161.854 119.197 50.915
v -160.539 121.462 46.815
v -161.5 120.506 46.815
v -161.501 120.506 50.915
v -160.54 121.462 50.915
v -156.809 73.461 7.39
v -157.127 72.283 7.39
v -157.126 72.282 1.728
v -156.807 73.46 1.728
v -169.565 98.052 4.845
v -169.564 98.052 1.723
v -168.382 100.028 1.723
v -168.383 100.029 4.845
v -190.383 109.255 26.225
v -190.384 109.255 30.9
v -188.7 112.14 30.9
v -188.7 112.14 31.275
v -187.175 114.753 31.275
v -187.171 114.751 10.115
v -174.734 136.061 10.116
v -174.738 136.063 26.226
v -172.889 139.231 26.226
v -172.89 139.231 31.606
v -191.805 106.821 31.605
v -191.804 106.82 26.225
v -157.921 121.457 46.815
v -159.229 121.81 46.815
v -159.23 121.81 50.915
v -157.922 121.457 50.915
v -209.192 108.177 1.714
v -209.194 108.178 8.991
v -211.785 103.767 8.991
v -211.784 103.766 1.713
v -164.2 121.593 1.722
v -164.206 121.596 27.414
v -164.297 121.954 27.414
v -164.292 121.951 1.721
v -165.572 122.235 10.579
v -164.841 121.43 10.579
v -164.839 121.43 1.721
v -165.57 122.234 1.721
v -162.884 129.164 23.534
v -161.233 122.74 23.535
v -161.234 122.74 26.23
v -162.885 129.164 26.229
v -181.191 107.734 30.902
v -182.882 104.853 30.902
v -182.882 104.853 31.277
v -181.191 107.734 31.277
v -157.122 74.64 7.39
v -156.809 73.461 7.39
v -156.807 73.46 1.728
v -157.121 74.64 1.728
v -217.832 122.011 8.988
v -217.831 122.01 1.711
v -224.247 111.088 1.71
v -224.249 111.089 8.988
v -161.954 115.613 42.585
v -160.819 115.029 42.585
v -160.819 115.029 43.505
v -161.954 115.613 43.505
v -159.236 119.292 52.91
v -159.237 119.292 55.275
v -159.137 119.192 55.275
v -159.136 119.192 52.91
v -159.173 119.228 52.915
v -159.2 119.255 52.915
v -165.598 109.681 10.58
v -168.188 108.398 10.58
v -168.186 108.397 1.722
v -165.596 109.681 1.722
v -166.138 96.034 26.231
v -157.978 110.071 26.231
v -157.977 110.071 23.536
v -158.282 109.546 23.536
v -158.278 109.544 1.724
v -166.133 96.032 1.724
v -157.68 123.357 42.585
v -162.69 122.07 42.584
v -162.69 122.07 43.504
v -159.378 122.921 43.505
v -157.68 123.357 43.505
v -188.7 112.14 30.9
v -181.191 107.734 30.902
v -181.191 107.734 31.277
v -188.7 112.14 31.275
v -161.5 120.506 46.815
v -161.854 119.197 46.815
v -161.854 119.197 50.915
v -161.501 120.506 50.915
v -158.898 145.654 9.688
v -147.756 139.033 9.691
v -147.754 139.032 1.723
v -158.896 145.654 1.72
v -155.045 117.388 42.586
v -156.43 122.779 42.586
v -156.43 122.779 43.506
v -155.045 117.388 43.506
v -139.463 107.207 9.696
v -148.578 91.657 9.695
v -148.577 91.656 1.728
v -139.461 107.206 1.728
v -159.336 119.192 52.91
v -159.337 119.192 55.275
v -159.237 119.292 55.275
v -159.236 119.292 52.91
v -159.273 119.256 52.915
v -159.3 119.229 52.915
v -157.173 121.851 43.506
v -158.204 122.327 43.505
v -158.205 122.327 46.815
v -157.174 121.851 46.816
v -162.252 120.39 43.505
v -162.122 119.885 43.505
v -161.306 116.708 43.505
v -161.307 116.708 46.815
v -162.253 120.39 46.815
v -159.24 116.573 46.816
v -157.93 116.921 46.816
v -157.931 116.921 50.916
v -159.241 116.573 50.916
v -156.97 117.877 46.816
v -156.616 119.186 46.816
v -156.617 119.186 50.916
v -156.971 117.878 50.916
v -161.21 72.291 7.389
v -161.524 73.471 7.389
v -161.523 73.47 1.727
v -161.209 72.291 1.727
v -151.21 130.999 9.691
v -151.213 131.001 26.231
v -158.509 129.061 26.23
v -158.51 129.061 28.53
v -150.741 131.127 28.531
v -150.737 131.125 9.691
v -163.135 89.787 26.232
v -162.922 90.151 26.232
v -162.922 90.151 26.362
v -159.723 115.006 23.536
v -159.275 115.121 23.536
v -159.276 115.121 26.231
v -155.7 116.04 26.231
v -155.704 116.041 42.586
v -160.745 114.746 42.585
v -160.742 114.745 27.415
v -163.631 114.002 27.415
v -163.628 114.001 11.7
v -164.956 113.66 11.7
v -164.956 113.659 10.58
v -162.701 114.239 10.58
v -162.699 114.238 1.723
v -159.719 115.004 1.723
v -157.149 116.771 43.506
v -156.182 117.993 43.506
v -156.183 117.993 46.816
v -157.149 116.771 46.816
v -188.337 146.778 32.772
v -197.864 152.365 32.769
v -197.864 152.365 33.324
v -188.337 146.778 33.327
v -215.17 120.457 26.219
v -191.804 106.82 26.225
v -191.805 106.821 31.605
v -218.636 122.48 31.598
v -218.63 122.477 1.71
v -217.831 122.01 1.711
v -217.832 122.011 8.988
v -215.166 120.455 8.989
v -157.127 72.283 7.39
v -157.992 71.421 7.39
v -157.991 71.421 1.728
v -157.126 72.282 1.728
v -155.211 116.659 28.531
v -155.211 116.658 26.231
v -153.653 110.799 26.232
v -153.653 110.799 28.532
v -168.188 108.398 10.58
v -171.067 108.138 10.579
v -171.065 108.137 1.721
v -168.186 108.397 1.722
v -190.383 109.255 26.225
v -177.602 101.754 26.228
v -177.603 101.754 31.278
v -182.882 104.853 31.277
v -182.882 104.853 30.902
v -190.384 109.255 30.9
v -176.149 110.681 10.118
v -173.846 108.934 10.118
v -173.846 108.934 10.578
v -176.149 110.681 10.578
v -199.721 154.89 31.599
v -172.89 139.231 31.606
v -172.889 139.231 26.226
v -196.271 152.876 26.22
v -196.267 152.875 9.68
v -199.124 154.542 9.679
v -199.122 154.541 1.711
v -199.715 154.888 1.711
v -149.824 85.727 9.696
v -151.563 86.747 9.695
v -151.562 86.746 1.728
v -149.822 85.726 1.728
v -162.651 150.635 9.687
v -157.691 147.687 9.688
v -157.689 147.687 1.721
v -162.65 150.634 1.719
v -206.465 115.865 32.287
v -206.315 116.122 32.771
v -188.337 146.778 32.772
v -188.337 146.778 33.327
v -206.466 115.865 33.326
v -160.819 115.029 42.585
v -155.914 116.289 42.586
v -155.914 116.289 43.506
v -160.819 115.029 43.505
v -163.339 121.004 42.584
v -161.954 115.613 42.585
v -161.954 115.613 43.505
v -162.898 119.285 43.505
v -163.339 121.004 43.504
v -174.454 103.658 1.721
v -174.454 103.658 4.844
v -168.383 100.029 4.845
v -168.382 100.028 1.723
v -151.213 131.001 26.231
v -151.21 130.999 9.691
v -152.331 135.546 9.69
v -152.335 135.548 26.23
f 2836 2885 2886
f 2884 2882 2883
f 2882 2890 2891
f 2889 2887 2888
f 2887 2836 2886
f 2835 2868 2869
f 2867 2870 2871
f 2870 2880 2881
f 2880 2878 2879
f 2873 2871 2872
f 2866 2864 2865
f 2862 2860 2861
f 2860 2858 2859
f 2858 2856 2857
f 2856 2854 2855
f 2854 2852 2853
f 2852 2850 2851
f 2849 2847 2848
f 2846 2844 2845
f 2843 2841 2842
f 2840 2838 2839
f 2838 2836 2837
f 2889 2836 2887
f 2835 2867 2868
f 2867 2880 2870
f 2880 2877 2878
f 2873 2867 2871
f 2866 2863 2864
f 2860 2856 2858
f 2856 2852 2854
f 2849 2846 2847
f 2846 2843 2844
f 2843 2840 2841
f 2840 2836 2838
f 2889 2835 2836
f 2835 2880 2867
f 2874 2867 2873
f 2867 2863 2866
f 2860 2852 2856
f 2849 2843 2846
f 2843 2836 2840
f 2889 2880 2835
f 2874 2863 2867
f 2862 2852 2860
f 2843 2885 2836
f 2890 2880 2889
f 2874 2862 2863
f 2862 2850 2852
f 2843 2884 2885
f 2882 2880 2890
f 2875 2862 2874
f 2862 2849 2850
f 2849 2884 2843
f 2882 2877 2880
f 2875 2849 2862
f 2849 2882 2884
f 2882 2876 2877
f 2876 2849 2875
f 2849 2876 2882
f 2895 2896 2892
f 2892 2893 2894
f 2894 2895 2892
f 2898 2900 2897
f 2900 2898 2899
f 2903 2904 2901
f 2901 2902 2903
f 2907 2908 2905
f 2905 2906 2907
f 2911 2912 2909
f 2909 2910 2911
f 2929 2930 2913
f 2915 2916 2917
f 2917 2918 2919
f 2919 2920 2921
f 2921 2922 2923
f 2923 2924 2925
f 2925 2926 2927
f 2927 2928 2929
f 2929 2913 2914
f 2915 2917 2919
f 2919 2921 2923
f 2923 2925 2927
f 2927 2929 2914
f 2914 2915 2919
f 2919 2923 2927
f 2927 2914 2919
f 2933 2934 2931
f 2931 2932 2933
f 2937 2938 2935
f 2935 2936 2937
f 2941 2942 2939
f 2939 2940 2941
f 2944 2946 2943
f 2946 2944 2945
f 2949 2950 2947
f 2947 2948 2949
f 2953 2954 2951
f 2951 2952 2953
f 2965 2955 2956
f 2956 2957 2958
f 2958 2959 2960
f 2960 2961 2962
f 2962 2963 2964
f 2956 2958 2960
f 2962 2964 2965
f 2965 2956 2960
f 2960 2962 2965
f 2968 2969 2966
f 2966 2967 2968
f 2972 2973 2970
f 2970 2971 2972
f 2976 2977 2974
f 2974 2975 2976
f 2980 2981 2978
f 2978 2979 2980
f 2988 2989 2982
f 2982 2983 2984
f 2985 2986 2987
f 2988 2982 2984
f 2984 2985 2987
f 2987 2988 2984
f 2992 2993 2990
f 2990 2991 2992
f 3000 3001 2994
f 2994 2995 2996
f 2996 2997 2998
f 2999 3000 2994
f 2994 2996 2998
f 2998 2999 2994
f 3004 3005 3002
f 3002 3003 3004
f 3008 3009 3006
f 3006 3007 3008
f 3012 3013 3010
f 3010 3011 3012
f 3016 3017 3014
f 3014 3015 3016
f 3019 3021 3018
f 3021 3019 3020
f 3027 3022 3023
f 3024 3025 3026
f 3027 3023 3024
f 3024 3026 3027
f 3030 3031 3028
f 3028 3029 3030
f 3034 3043 3044
f 3042 3043 3034
f 3035 3036 3037
f 3037 3038 3039
f 3039 3040 3041
f 3032 3033 3034
f 3051 3042 3034
f 3034 3035 3037
f 3041 3032 3034
f 3051 3034 3037
f 3041 3034 3044
f 3050 3051 3037
f 3041 3044 3045
f 3049 3050 3037
f 3041 3045 3046
f 3049 3037 3039
f 3041 3046 3047
f 3048 3049 3039
f 3039 3041 3047
f 3047 3048 3039
f 3054 3055 3052
f 3052 3053 3054
f 3058 3059 3060
f 3062 3063 3064
f 3066 3067 3068
f 3069 3070 3071
f 3072 3073 3074
f 3076 3077 3078
f 3058 3060 3061
f 3062 3064 3065
f 3072 3074 3075
f 3076 3078 3079
f 3058 3061 3062
f 3062 3065 3066
f 3071 3072 3075
f 3076 3079 3056
f 3057 3058 3062
f 3071 3075 3076
f 3057 3062 3066
f 3071 3076 3056
f 3056 3057 3066
f 3069 3071 3056
f 3056 3066 3068
f 3068 3069 3056
f 3082 3090 3091
f 3097 3090 3082
f 3088 3089 3080
f 3080 3081 3082
f 3097 3082 3083
f 3080 3082 3091
f 3096 3097 3083
f 3088 3080 3091
f 3096 3083 3084
f 3088 3091 3092
f 3095 3096 3084
f 3087 3088 3092
f 3095 3084 3085
f 3087 3092 3093
f 3094 3095 3085
f 3086 3087 3093
f 3094 3085 3086
f 3086 3093 3094
f 3100 3101 3098
f 3098 3099 3100
f 3104 3105 3102
f 3102 3103 3104
f 3108 3109 3106
f 3106 3107 3108
f 3112 3113 3110
f 3110 3111 3112
f 3115 3117 3114
f 3117 3115 3116
f 3122 3134 3135
f 3137 3134 3122
f 3122 3123 3124
f 3124 3125 3126
f 3127 3128 3129
f 3129 3130 3131
f 3132 3133 3118
f 3118 3119 3120
f 3120 3121 3122
f 3137 3122 3124
f 3124 3126 3127
f 3127 3129 3131
f 3132 3118 3120
f 3120 3122 3135
f 3136 3137 3124
f 3124 3127 3131
f 3132 3120 3135
f 3136 3124 3131
f 3132 3135 3136
f 3136 3131 3132
f 3140 3141 3138
f 3138 3139 3140
f 3144 3145 3142
f 3142 3143 3144
f 3148 3149 3146
f 3146 3147 3148
f 3152 3153 3150
f 3150 3151 3152
f 3158 3159 3154
f 3155 3156 3157
f 3158 3154 3155
f 3155 3157 3158
f 3162 3163 3160
f 3160 3161 3162
f 3166 3167 3164
f 3164 3165 3166
f 3170 3171 3168
f 3168 3169 3170
f 3178 3179 3172
f 3172 3173 3174
f 3176 3177 3178
f 3172 3174 3175
f 3176 3178 3172
f 3172 3175 3176
f 3182 3183 3180
f 3180 3181 3182
f 3185 3186 3184
f 3197 3198 3187
f 3187 3188 3189
f 3189 3190 3191
f 3191 3192 3193
f 3193 3194 3195
f 3195 3196 3197
f 3197 3187 3189
f 3189 3191 3193
f 3193 3195 3197
f 3197 3189 3193
f 3200 3202 3199
f 3202 3200 3201
f 3205 3206 3203
f 3203 3204 3205
f 3209 3210 3207
f 3207 3208 3209
f 3212 3214 3211
f 3214 3212 3213
f 3215 3216 3217
f 3217 3218 3219
f 3226 3227 3228
f 3228 3229 3230
f 3215 3217 3219
f 3225 3226 3228
f 3230 3215 3219
f 3224 3225 3228
f 3230 3219 3220
f 3224 3228 3230
f 3230 3220 3221
f 3223 3224 3230
f 3230 3221 3222
f 3222 3223 3230
f 3233 3234 3231
f 3231 3232 3233
f 3237 3238 3235
f 3235 3236 3237
f 3246 3253 3254
f 3252 3253 3246
f 3247 3248 3239
f 3239 3240 3241
f 3245 3246 3254
f 3252 3246 3247
f 3239 3241 3242
f 3245 3254 3255
f 3251 3252 3247
f 3244 3245 3255
f 3250 3251 3247
f 3244 3255 3256
f 3250 3247 3239
f 3243 3244 3256
f 3249 3250 3239
f 3243 3256 3257
f 3249 3239 3242
f 3243 3257 3258
f 3260 3249 3242
f 3242 3243 3258
f 3259 3260 3242
f 3242 3258 3259
f 3263 3264 3261
f 3261 3262 3263
f 3266 3268 3265
f 3268 3266 3267
f 3271 3272 3269
f 3269 3270 3271
f 3274 3276 3273
f 3276 3274 3275
f 3279 3280 3277
f 3277 3278 3279
f 3283 3284 3281
f 3281 3282 3283
f 3287 3288 3285
f 3285 3286 3287
f 3291 3292 3289
f 3289 3290 3291
f 3295 3296 3293
f 3293 3294 3295
f 3299 3300 3297
f 3297 3298 3299
f 3302 3304 3301
f 3304 3302 3303
f 3307 3308 3305
f 3305 3306 3307
f 3311 3312 3309
f 3309 3310 3311
f 3315 3316 3313
f 3313 3314 3315
f 3319 3320 3317
f 3317 3318 3319
f 3323 3324 3321
f 3321 3322 3323
f 3326 3327 3325
f 3330 3331 3328
f 3328 3329 3330
f 3333 3335 3332
f 3335 3333 3334
f 3338 3339 3336
f 3336 3337 3338
f 3342 3343 3340
f 3340 3341 3342
f 3346 3347 3344
f 3344 3345 3346
f 3354 3355 3348
f 3350 3351 3352
f 3354 3348 3349
f 3350 3352 3353
f 3353 3354 3349
f 3349 3350 3353
f 3358 3359 3356
f 3356 3357 3358
f 3362 3363 3360
f 3360 3361 3362
f 3368 3369 3364
f 3364 3365 3366
f 3367 3368 3364
f 3364 3366 3367
f 3372 3373 3370
f 3370 3371 3372
f 3375 3379 3374
f 3378 3376 3377
f 3376 3379 3375
f 3379 3376 3378
f 3381 3383 3380
f 3383 3381 3382
f 3385 3387 3384
f 3387 3385 3386
f 3389 3391 3388
f 3391 3389 3390
f 3394 3395 3392
f 3392 3393 3394
f 3398 3399 3396
f 3396 3397 3398
f 3401 3403 3400
f 3403 3401 3402
f 3405 3407 3404
f 3407 3405 3406
f 3409 3411 3408
f 3411 3409 3410
f 3413 3419 3412
f 3419 3417 3418
f 3417 3415 3416
f 3414 3419 3413
f 3417 3414 3415
f 3414 3417 3419
f 3421 3423 3420
f 3423 3421 3422
f 3426 3427 3424
f 3424 3425 3426
f 3429 3431 3428
f 3431 3429 3430
f 3434 3435 3432
f 3432 3433 3434
f 3437 3439 3436
f 3439 3437 3438
f 3442 3443 3440
f 3440 3441 3442
f 3445 3447 3444
f 3447 3445 3446
f 3450 3451 3448
f 3448 3449 3450
f 3453 3455 3452
f 3455 3453 3454
f 3458 3459 3456
f 3456 3457 3458
f 3461 3463 3460
f 3463 3461 3462
f 3465 3467 3464
f 3467 3465 3466
f 3470 3471 3468
f 3468 3469 3470
f 3476 3477 3472
f 3472 3473 3474
f 3475 3476 3472
f 3472 3474 3475
f 3479 3481 3478
f 3481 3479 3480
f 3483 3485 3482
f 3485 3483 3484
f 3487 3489 3486
f 3489 3487 3488
f 3494 3495 3490
f 3490 3491 3492
f 3493 3494 3490
f 3490 3492 3493
f 3497 3501 3496
f 3499 3497 3498
f 3497 3500 3501
f 3500 3497 3499
f 3504 3505 3502
f 3502 3503 3504
f 3507 3509 3506
f 3509 3507 3508
f 3516 3517 3510
f 3511 3512 3513
f 3513 3514 3515
f 3516 3510 3511
f 3511 3513 3515
f 3515 3516 3511
f 3519 3521 3518
f 3521 3519 3520
f 3523 3525 3522
f 3525 3523 3524
f 3528 3529 3526
f 3526 3527 3528
f 3532 3533 3530
f 3530 3531 3532
f 3535 3537 3534
f 3537 3535 3536
f 3539 3541 3538
f 3541 3539 3540
f 3546 3547 3542
f 3542 3543 3544
f 3545 3546 3542
f 3542 3544 3545
f 3549 3551 3548
f 3551 3549 3550
f 3554 3555 3552
f 3552 3553 3554
f 3558 3559 3556
f 3556 3557 3558
f 3560 3563 3564
f 3563 3561 3562
f 3561 3563 3560
f 3566 3568 3565
f 3568 3566 3567
f 3570 3572 3569
f 3572 3570 3571
f 3575 3576 3573
f 3573 3574 3575
f 3578 3580 3577
f 3580 3578 3579
f 3582 3584 3581
f 3584 3582 3583
f 3587 3588 3585
f 3585 3586 3587
f 3590 3592 3589
f 3592 3590 3591
f 3594 3596 3593
f 3596 3594 3595
f 3608 3609 3597
f 3597 3598 3599
f 3600 3601 3602
f 3604 3605 3606
f 3607 3608 3597
f 3597 3599 3600
f 3600 3602 3603
f 3604 3606 3607
f 3597 3600 3603
f 3604 3607 3597
f 3597 3603 3604
f 3611 3612 3610
f 3617 3618 3613
f 3613 3614 3615
f 3616 3617 3613
f 3613 3615 3616
f 3621 3622 3619
f 3619 3620 3621
f 3624 3628 3623
f 3628 3626 3627
f 3626 3624 3625
f 3624 3626 3628
f 3631 3632 3629
f 3629 3630 3631
f 3634 3636 3633
f 3636 3634 3635
f 3642 3637 3638
f 3638 3639 3640
f 3640 3641 3642
f 3642 3638 3640
f 3645 3646 3643
f 3643 3644 3645
f 3648 3650 3647
f 3650 3648 3649
f 3653 3654 3651
f 3651 3652 3653
f 3659 3660 3655
f 3655 3656 3657
f 3658 3659 3655
f 3655 3657 3658
f 3663 3664 3661
f 3661 3662 3663
f 3669 3670 3665
f 3665 3666 3667
f 3668 3669 3665
f 3665 3667 3668
f 3672 3675 3671
f 3675 3673 3674
f 3673 3675 3672
f 3677 3679 3676
f 3679 3677 3678
f 3682 3683 3680
f 3680 3681 3682
f 3685 3693 3684
f 3693 3691 3692
f 3691 3689 3690
f 3689 3687 3688
f 3687 3685 3686
f 3693 3689 3691
f 3689 3685 3687
f 3685 3689 3693
f 3695 3701 3694
f 3701 3699 3700
f 3699 3697 3698
f 3697 3695 3696
f 3695 3699 3701
f 3699 3695 3697
f 3704 3705 3702
f 3702 3703 3704
f 3708 3709 3706
f 3706 3707 3708
f 3711 3713 3710
f 3713 3711 3712
f 3715 3719 3714
f 3719 3717 3718
f 3717 3715 3716
f 3715 3717 3719
f 3721 3723 3720
f 3723 3721 3722
f 3726 3727 3724
f 3724 3725 3726
f 3732 3733 3728
f 3729 3730 3731
f 3732 3728 3729
f 3729 3731 3732
f 3735 3737 3734
f 3737 3735 3736
f 3739 3741 3738
f 3741 3739 3740
f 3743 3745 3742
f 3745 3743 3744
f 3747 3749 3746
f 3749 3747 3748
f 3752 3753 3750
f 3750 3751 3752
f 3756 3757 3754
f 3754 3755 3756
f 3768 3769 3758
f 3759 3760 3761
f 3762 3763 3764
f 3765 3766 3767
f 3768 3758 3759
f 3762 3764 3765
f 3768 3759 3761
f 3762 3765 3767
f 3767 3768 3761
f 3761 3762 3767
f 3771 3773 3770
f 3773 3771 3772
f 3776 3777 3774
f 3774 3775 3776
f 3779 3781 3778
f 3781 3779 3780
f 3784 3785 3782
f 3782 3783 3784
f 3787 3789 3786
f 3789 3787 3788
f 3791 3793 3790
f 3793 3791 3792
f 3796 3797 3794
f 3794 3795 3796
f 3799 3801 3798
f 3801 3799 3800
f 3804 3805 3802
f 3802 3803 3804
f 3811 3806 3807
f 3807 3808 3809
f 3810 3811 3807
f 3807 3809 3810
f 3814 3815 3812
f 3812 3813 3814
f 3817 3821 3816
f 3821 3819 3820
f 3819 3817 3818
f 3817 3819 3821
f 3823 3826 3822
f 3825 3823 3824
f 3823 3825 3826
f 3829 3830 3827
f 3827 3828 3829
f 3832 3834 3831
f 3834 3832 3833
f 3836 3838 3835
f 3838 3836 3837
f 3841 3842 3839
f 3839 3840 3841
f 3845 3846 3843
f 3843 3844 3845
f 3848 3852 3847
f 3851 3849 3850
f 3849 3852 3848
f 3852 3849 3851
f 3854 3856 3853
f 3856 3854 3855
f 3858 3861 3857
f 3861 3859 3860
f 3859 3861 3858
f 3864 3865 3862
f 3862 3863 3864
f 3868 3869 3866
f 3866 3867 3868
f 3871 3873 3870
f 3873 3871 3872
f 3875 3879 3874
f 3878 3876 3877
f 3875 3878 3879
f 3878 3875 3876
f 3881 3882 3880
f 3895 3896 3883
f 3883 3884 3885
f 3885 3886 3887
f 3887 3888 3889
f 3889 3890 3891
f 3891 3892 3893
f 3894 3895 3883
f 3885 3887 3889
f 3891 3893 3894
f 3894 3883 3885
f 3885 3889 3891
f 3891 3894 3885
f 3899 3900 3897
f 3897 3898 3899
f 3902 3904 3901
f 3904 3902 3903
f 3911 3912 3905
f 3905 3906 3907
f 3908 3909 3910
f 3905 3907 3908
f 3908 3910 3911
f 3911 3905 3908
f 3915 3916 3913
f 3913 3914 3915
f 3918 3920 3917
f 3920 3918 3919
f 3923 3924 3921
f 3921 3922 3923
f 3929 3930 3925
f 3925 3926 3927
f 3927 3928 3929
f 3929 3925 3927
f 3933 3934 3931
f 3931 3932 3933
f 3935 3941 3942
f 3940 3938 3939
f 3938 3936 3937
f 3935 3940 3941
f 3938 3935 3936
f 3935 3938 3940
f 3945 3946 3943
f 3943 3944 3945
f 3948 3950 3947
f 3950 3948 3949
f 3955 3951 3952
f 3952 3953 3954
f 3954 3955 3952
f 3958 3959 3956
f 3956 3957 3958
f 3961 3964 3960
f 3963 3961 3962
f 3961 3963 3964
f 3966 3968 3965
f 3968 3966 3967
f 3971 3972 3969
f 3969 3970 3971
o bldg_0d8a6d7c-f66c-4bf2-b350-817e4a73e877
v -185.789 59.027 2.189
v -183.997 61.98 2.189
v -172.401 54.946 2.192
v -170.362 47.117 2.194
v -176.752 37.183 2.193
v -180.611 36.177 2.193
v -194.511 44.648 2.189
v -193.942 45.586 2.189
v -229.195 66.335 2.18
v -228.094 68.18 2.18
v -229.025 68.728 2.179
v -228.62 69.415 2.18
v -229.561 69.966 2.179
v -230.774 67.895 2.179
v -253.558 81.238 2.173
v -252.144 83.652 2.173
v -253.89 84.679 2.173
v -247.581 95.397 2.173
v -230.883 68.306 9.991
v -253.149 81.346 9.985
v -251.887 83.5 9.985
v -252.146 83.652 9.985
v -253.559 81.239 9.985
v -230.775 67.896 9.991
v -229.563 69.967 9.991
v -228.622 69.416 9.991
v -228.47 69.674 9.991
v -229.67 70.377 9.991
v -207.026 66.614 51.536
v -207.473 65.855 51.536
v -205.872 64.913 51.536
v -205.425 65.672 51.536
v -177.155 37.474 15.42
v -170.916 47.174 15.42
v -172.799 54.405 15.419
v -184.284 61.371 15.416
v -185.728 58.991 15.416
v -185.384 58.788 15.416
v -184.15 60.822 15.416
v -173.145 54.147 15.419
v -171.347 47.243 15.42
v -177.405 37.824 15.42
v -180.203 37.14 15.419
v -193.59 45.26 15.416
v -193.537 45.348 15.416
v -193.881 45.551 15.415
v -194.139 45.126 15.415
v -180.269 36.712 15.419
v -237.295 81.564 51.563
v -236.813 82.384 51.563
v -243.045 86.049 51.561
v -243.527 85.229 51.561
v -196.503 56.31 52.244
v -195.843 57.437 52.244
v -196.789 57.991 52.244
v -197.448 56.864 52.244
v -201.582 65.604 51.537
v -202.028 64.845 51.537
v -200.535 63.954 51.537
v -200.088 64.713 51.537
v -208.72 67.612 51.535
v -209.167 66.853 51.535
v -207.566 65.91 51.536
v -207.119 66.669 51.536
v -216.709 76.769 47.118
v -247.448 94.853 47.11
v -253.351 84.825 47.11
v -227.911 69.852 47.116
v -228.486 68.874 47.116
v -226.027 67.426 47.117
v -224.345 66.436 47.117
v -224.397 66.347 47.117
v -223.643 65.897 47.117
v -224.688 64.146 47.117
v -184.231 40.33 47.128
v -182.948 39.892 47.128
v -182.005 40.091 47.128
v -181.206 40.805 47.129
v -175.756 50.133 47.129
v -175.69 51.036 47.129
v -175.849 52.083 47.128
v -176.696 53.229 47.128
v -224.537 70.048 47.117
v -224.079 70.853 47.117
v -247.393 84.575 47.111
v -245.91 87.094 47.111
v -247.689 88.14 47.11
v -246.243 90.598 47.11
v -244.464 89.552 47.111
v -243.271 91.578 47.111
v -217.061 76.151 47.118
v -180.35 54.543 47.127
v -184.471 47.541 47.127
v -185.703 45.448 47.127
v -220.574 65.973 47.118
v -219.342 68.065 47.118
v -221.076 69.086 47.118
v -221.508 68.327 47.118
v -181.405 41.938 47.128
v -184.227 43.609 47.128
v -180.033 50.692 47.128
v -176.83 48.796 47.129
v -179.116 44.935 47.129
v -179.497 45.161 47.128
v -245.911 87.095 48.121
v -244.464 89.552 48.121
v -246.243 90.598 48.12
v -247.689 88.14 48.12
v -212.002 69.54 51.534
v -212.449 68.781 51.534
v -210.848 67.838 51.535
v -210.401 68.597 51.535
v -180.761 54.438 51.997
v -184.731 47.693 51.997
v -185.811 45.86 51.997
v -220.164 66.079 51.988
v -218.932 68.172 51.988
v -220.929 69.347 51.988
v -221.077 69.086 51.988
v -219.343 68.066 51.988
v -220.575 65.973 51.988
v -185.704 45.449 51.997
v -184.472 47.541 51.997
v -180.351 54.544 51.997
v -243.272 91.579 51.981
v -247.394 84.576 51.981
v -224.08 70.854 51.987
v -223.932 71.114 51.987
v -246.983 84.682 51.981
v -243.166 91.168 51.981
v -222.96 74.979 51.307
v -221.77 77.025 51.307
v -229.833 81.716 51.305
v -231.023 79.671 51.304
v -235.572 84.472 51.563
v -235.091 85.291 51.563
v -239.81 88.066 51.562
v -240.292 87.247 51.562
v -175.377 50.011 15.169
v -180.892 40.553 15.169
v -181.809 39.718 15.169
v -182.967 39.475 15.168
v -184.391 39.965 15.168
v -193.537 45.348 15.166
v -193.59 45.26 15.166
v -180.203 37.14 15.169
v -177.405 37.824 15.17
v -171.347 47.243 15.17
v -173.145 54.147 15.169
v -184.15 60.822 15.166
v -185.384 58.788 15.166
v -176.427 53.517 15.168
v -175.483 52.231 15.169
v -175.287 51.048 15.169
v -251.887 83.5 9.735
v -253.149 81.346 9.735
v -230.883 68.306 9.741
v -229.67 70.377 9.741
v -228.47 69.674 9.741
v -228.451 69.706 9.741
v -225.845 64.653 46.927
v -224.891 66.293 46.927
v -227.887 68.057 46.926
v -228.86 66.428 46.926
v -203.196 66.557 51.536
v -203.643 65.798 51.536
v -202.096 64.887 51.537
v -201.649 65.646 51.537
v -210.349 68.599 51.535
v -210.796 67.84 51.535
v -209.196 66.897 51.535
v -208.749 67.656 51.535
v -217.794 73.458 51.533
v -218.241 72.699 51.533
v -215.248 70.936 51.534
v -214.801 71.695 51.534
v -221.509 68.327 52.238
v -218.871 72.968 52.238
v -221.9 74.689 52.237
v -224.538 70.048 52.237
v -219.28 72.856 52.238
v -221.622 68.736 52.237
v -224.129 70.161 52.237
v -221.787 74.28 52.237
v -224.689 64.146 48.927
v -223.643 65.897 48.927
v -224.397 66.347 48.927
v -224.523 66.131 48.927
v -223.986 65.81 48.927
v -224.904 64.273 48.927
v -207.358 68.99 51.535
v -207.805 68.231 51.535
v -206.258 67.32 51.536
v -205.811 68.079 51.536
v -195.811 57.492 52.429
v -196.536 56.254 52.429
v -195.034 55.375 52.429
v -194.309 56.613 52.429
v -208.993 69.954 51.535
v -209.44 69.195 51.535
v -207.839 68.252 51.535
v -207.392 69.011 51.535
v -211.38 66.739 51.515
v -211.827 65.981 51.515
v -210.226 65.038 51.515
v -209.78 65.797 51.515
v -194.889 61.63 51.544
v -195.336 60.871 51.544
v -193.789 59.96 51.544
v -193.342 60.719 51.544
v -219.645 71.606 50.988
v -220.08 70.841 50.988
v -220.929 69.347 50.988
v -218.932 68.172 50.988
v -220.164 66.079 50.988
v -203.243 56.12 50.992
v -185.81 45.859 50.997
v -184.73 47.693 50.997
v -184.008 48.92 50.997
v -180.761 54.437 50.997
v -243.166 91.168 50.981
v -246.319 85.811 50.981
v -246.983 84.682 50.981
v -223.932 71.114 50.987
v -223.279 72.263 50.987
v -221.9 74.689 50.987
v -218.871 72.968 50.988
v -211.827 65.981 50.99
v -211.38 66.739 50.99
v -209.78 65.797 50.99
v -210.226 65.038 50.99
v -210.848 67.838 50.99
v -212.448 68.781 50.989
v -212.227 69.157 50.989
v -212.002 69.54 50.989
v -210.401 68.597 50.99
v -215.248 70.936 50.989
v -218.241 72.699 50.988
v -217.794 73.458 50.988
v -214.801 71.695 50.989
v -215.579 66.387 50.989
v -214.993 67.341 50.989
v -212.431 65.766 50.99
v -212.919 64.972 50.99
v -214.013 63.193 50.99
v -216.574 64.768 50.989
v -209.832 63.329 50.99
v -209.792 63.393 50.99
v -208.864 62.819 50.991
v -207.99 62.653 50.991
v -206.401 61.652 50.991
v -206.471 61.541 50.991
v -207.845 59.359 50.991
v -209.376 60.323 50.991
v -209.776 61.292 50.991
v -210.728 61.881 50.99
v -207.842 63.791 50.991
v -208.148 63.971 50.991
v -207.725 64.69 50.991
v -207.701 64.73 50.991
v -206.101 63.787 50.991
v -206.548 63.029 50.991
v -207.742 64.74 50.991
v -208.189 63.981 50.991
v -209.789 64.924 50.99
v -209.342 65.683 50.99
v -206.508 63.019 50.991
v -206.061 63.777 50.991
v -204.46 62.835 50.992
v -204.907 62.076 50.991
v -207.473 65.855 50.991
v -207.026 66.614 50.991
v -205.425 65.672 50.991
v -205.872 64.913 50.991
v -207.119 66.669 50.991
v -207.566 65.91 50.991
v -209.167 66.853 50.99
v -209.155 66.873 50.99
v -208.72 67.612 50.99
v -204.101 59.888 50.992
v -201.79 58.442 50.992
v -202.471 57.353 50.992
v -203.362 57.911 50.992
v -203.511 58.769 50.992
v -204.438 59.35 50.992
v -199.856 59.862 50.993
v -200.815 60.451 50.992
v -200.232 61.4 50.993
v -201.073 61.917 50.992
v -200.478 62.886 50.992
v -199.637 62.369 50.993
v -199.613 62.407 50.993
v -198.655 61.818 50.993
v -200.606 62.82 50.992
v -202.311 60.045 50.992
v -202.82 60.357 50.992
v -201.115 63.132 50.992
v -195.355 60.907 50.994
v -196.902 61.818 50.993
v -196.455 62.577 50.993
v -194.908 61.666 50.994
v -196.955 61.836 50.993
v -198.502 62.747 50.993
v -198.055 63.506 50.993
v -196.509 62.595 50.993
v -198.516 62.827 50.993
v -198.547 62.775 50.993
v -200.094 63.686 50.992
v -199.647 64.444 50.992
v -198.1 63.533 50.993
v -200.088 64.713 50.992
v -200.535 63.954 50.992
v -202.028 64.845 50.992
v -201.581 65.604 50.992
v -202.096 64.887 50.992
v -203.643 65.798 50.991
v -203.204 66.543 50.991
v -203.196 66.557 50.991
v -201.649 65.646 50.992
v -203.269 66.589 50.991
v -203.716 65.83 50.991
v -205.24 66.716 50.991
v -204.793 67.475 50.991
v -204.177 67.116 50.991
v -205.811 68.079 50.991
v -206.258 67.32 50.991
v -207.805 68.231 50.99
v -207.358 68.99 50.99
v -207.839 68.252 50.99
v -209.44 69.195 50.99
v -208.993 69.954 50.99
v -207.392 69.011 50.99
v -210.349 68.599 50.99
v -208.749 67.656 50.99
v -209.196 66.897 50.99
v -210.796 67.84 50.99
v -186.938 50.635 50.996
v -186.993 50.54 50.996
v -189.633 52.081 50.996
v -189.575 52.179 50.996
v -188.476 54.061 50.996
v -185.837 52.52 50.996
v -195.034 55.374 50.994
v -196.536 56.253 50.994
v -196.502 56.31 50.994
v -197.448 56.864 50.994
v -196.789 57.991 50.994
v -195.843 57.437 50.994
v -195.811 57.492 50.994
v -194.309 56.613 50.994
v -193.789 59.96 50.994
v -195.336 60.871 50.994
v -195.325 60.889 50.994
v -194.889 61.63 50.994
v -193.342 60.719 50.994
v -189.013 57.145 50.995
v -190.56 58.056 50.995
v -190.113 58.815 50.995
v -188.566 57.904 50.995
v -190.587 58.072 50.995
v -190.596 58.058 50.995
v -192.143 58.969 50.994
v -191.696 59.727 50.994
v -190.149 58.816 50.995
v -191.736 59.751 50.994
v -192.177 59.001 50.994
v -193.724 59.912 50.994
v -193.277 60.671 50.994
v -191.73 59.76 50.994
v -245.555 85.362 50.981
v -237.77 80.785 50.983
v -238.252 79.965 50.983
v -246.037 84.543 50.981
v -237.295 81.564 50.983
v -243.527 85.229 50.981
v -243.045 86.048 50.981
v -236.813 82.384 50.983
v -242.704 86.532 50.982
v -242.222 87.352 50.982
v -235.99 83.687 50.983
v -236.471 82.867 50.983
v -240.292 87.247 50.982
v -239.81 88.066 50.982
v -235.091 85.291 50.983
v -235.572 84.471 50.983
v -234.468 84.641 50.983
v -234.165 85.192 50.983
v -232.21 84.118 50.984
v -232.513 83.567 50.984
v -229.986 81.454 50.985
v -229.833 81.716 50.985
v -221.77 77.025 50.987
v -222.826 75.209 50.987
v -222.96 74.979 50.987
v -231.023 79.671 50.984
v -224.287 72.857 50.987
v -224.609 72.304 50.986
v -233.887 77.707 50.984
v -233.542 78.298 50.984
v -232.737 79.68 50.984
v -223.46 74.278 50.987
v -238.252 79.965 51.563
v -237.77 80.785 51.563
v -245.555 85.362 51.561
v -246.037 84.543 51.561
v -234.165 85.192 51.563
v -234.468 84.641 51.563
v -232.513 83.567 51.564
v -232.21 84.118 51.564
v -176.83 48.796 47.534
v -180.033 50.692 47.533
v -184.227 43.609 47.533
v -181.405 41.938 47.533
v -179.497 45.161 47.533
v -179.116 44.935 47.534
v -206.061 63.777 51.536
v -206.508 63.019 51.536
v -204.907 62.076 51.536
v -204.46 62.835 51.537
v -199.648 64.445 51.537
v -200.094 63.686 51.537
v -198.547 62.775 51.538
v -198.101 63.534 51.538
v -193.277 60.671 51.544
v -193.724 59.912 51.544
v -192.177 59.001 51.544
v -191.73 59.76 51.544
v -172.403 54.947 14.944
v -184.0 61.982 14.941
v -185.791 59.028 14.941
v -185.728 58.991 14.941
v -184.284 61.371 14.941
v -172.799 54.405 14.944
v -170.916 47.174 14.945
v -177.155 37.474 14.945
v -180.269 36.712 14.944
v -194.139 45.125 14.94
v -193.881 45.55 14.94
v -193.944 45.588 14.94
v -194.513 44.649 14.94
v -180.614 36.178 14.944
v -176.754 37.184 14.945
v -170.364 47.119 14.945
v -198.055 63.506 51.538
v -198.502 62.747 51.538
v -196.955 61.836 51.538
v -196.509 62.595 51.538
v -224.609 72.304 51.111
v -223.46 74.278 51.112
v -232.737 79.68 51.109
v -233.887 77.707 51.109
v -209.342 65.683 51.535
v -209.789 64.924 51.535
v -208.189 63.981 51.536
v -207.742 64.74 51.536
v -204.101 59.888 51.267
v -204.438 59.35 51.267
v -203.511 58.769 51.267
v -203.362 57.911 51.267
v -202.471 57.353 51.267
v -201.79 58.442 51.267
v -200.607 62.82 51.527
v -201.115 63.133 51.527
v -202.82 60.357 51.527
v -202.312 60.045 51.527
v -188.477 54.061 52.111
v -189.633 52.081 52.111
v -186.994 50.54 52.111
v -185.837 52.52 52.111
v -204.793 67.475 51.536
v -205.24 66.716 51.536
v -203.716 65.83 51.536
v -203.27 66.589 51.536
v -207.702 64.73 51.536
v -208.148 63.971 51.536
v -206.548 63.029 51.536
v -206.101 63.787 51.536
v -190.113 58.815 51.545
v -190.56 58.056 51.545
v -189.013 57.145 51.545
v -188.566 57.904 51.545
v -199.637 62.369 51.658
v -200.478 62.886 51.657
v -201.073 61.917 51.657
v -200.232 61.4 51.658
v -200.815 60.451 51.657
v -199.856 59.862 51.658
v -198.655 61.818 51.658
v -199.613 62.407 51.658
v -236.472 82.867 51.563
v -235.99 83.687 51.563
v -242.222 87.352 51.562
v -242.704 86.532 51.562
v -219.28 72.855 51.988
v -221.787 74.28 51.987
v -224.129 70.161 51.987
v -221.622 68.736 51.987
v -206.401 61.653 51.821
v -207.99 62.653 51.821
v -208.864 62.819 51.821
v -209.792 63.393 51.82
v -210.728 61.881 51.82
v -209.777 61.292 51.821
v -209.376 60.323 51.821
v -207.845 59.359 51.821
v -196.455 62.577 51.543
v -196.902 61.818 51.543
v -195.355 60.907 51.544
v -194.908 61.666 51.544
v -229.035 68.733 51.116
v -224.891 66.294 51.117
v -225.972 64.438 51.117
v -184.399 39.969 51.128
v -182.975 39.478 51.128
v -181.817 39.722 51.129
v -180.9 40.557 51.129
v -175.385 50.015 51.129
v -175.294 51.051 51.129
v -175.491 52.235 51.129
v -176.434 53.52 51.128
v -247.591 95.401 51.11
v -253.899 84.684 51.109
v -228.459 69.71 51.116
v -184.232 40.33 51.128
v -225.426 64.58 51.117
v -224.345 66.437 51.117
v -228.487 68.874 51.116
v -227.911 69.852 51.116
v -253.352 84.826 51.11
v -247.449 94.854 51.11
v -176.697 53.23 51.128
v -175.849 52.084 51.128
v -175.691 51.036 51.129
v -175.757 50.133 51.129
v -181.207 40.805 51.129
v -182.006 40.091 51.128
v -182.949 39.892 51.128
v -225.846 64.653 48.927
v -228.86 66.428 48.926
v -227.888 68.057 48.926
v -228.103 68.184 48.926
v -229.204 66.34 48.926
v -225.972 64.437 48.927
v -224.904 64.273 47.117
v -223.986 65.81 47.117
v -224.522 66.131 47.117
v -225.425 64.58 47.117
v -191.696 59.727 51.544
v -192.143 58.969 51.544
v -190.596 58.058 51.545
v -190.149 58.816 51.545
v -212.431 65.766 51.29
v -214.993 67.341 51.289
v -216.574 64.768 51.289
v -214.013 63.193 51.29
v -173.145 54.147 15.419
v -184.15 60.822 15.416
v -184.15 60.822 15.166
v -173.145 54.147 15.169
v -210.349 68.599 50.99
v -210.796 67.84 50.99
v -210.796 67.84 51.535
v -210.349 68.599 51.535
v -190.56 58.056 50.995
v -189.013 57.145 50.995
v -189.013 57.145 51.545
v -190.56 58.056 51.545
v -194.309 56.613 50.994
v -195.811 57.492 50.994
v -195.811 57.492 52.429
v -194.309 56.613 52.429
v -200.535 63.954 50.992
v -200.088 64.713 50.992
v -200.088 64.713 51.537
v -200.535 63.954 51.537
v -189.013 57.145 50.995
v -188.566 57.904 50.995
v -188.566 57.904 51.545
v -189.013 57.145 51.545
v -200.478 62.886 50.992
v -201.073 61.917 50.992
v -201.073 61.917 51.657
v -200.478 62.886 51.657
v -207.119 66.669 50.991
v -208.72 67.612 50.99
v -208.72 67.612 51.535
v -207.119 66.669 51.536
v -210.401 68.597 50.99
v -212.002 69.54 50.989
v -212.002 69.54 51.534
v -210.401 68.597 51.535
v -203.196 66.557 50.991
v -203.204 66.543 50.991
v -203.643 65.798 50.991
v -203.643 65.798 51.536
v -203.196 66.557 51.536
v -176.697 53.23 51.128
v -247.449 94.854 51.11
v -247.448 94.853 47.11
v -216.709 76.769 47.118
v -176.696 53.229 47.128
v -184.232 40.33 51.128
v -182.949 39.892 51.128
v -182.948 39.892 47.128
v -184.231 40.33 47.128
v -192.143 58.969 50.994
v -190.596 58.058 50.995
v -190.596 58.058 51.545
v -192.143 58.969 51.544
v -175.691 51.036 51.129
v -175.849 52.084 51.128
v -175.849 52.083 47.128
v -175.69 51.036 47.129
v -190.113 58.815 50.995
v -190.56 58.056 50.995
v -190.56 58.056 51.545
v -190.113 58.815 51.545
v -171.347 47.243 15.42
v -173.145 54.147 15.419
v -173.145 54.147 15.169
v -171.347 47.243 15.17
v -200.606 62.82 50.992
v -201.115 63.132 50.992
v -201.115 63.133 51.527
v -200.607 62.82 51.527
v -223.46 74.278 50.987
v -232.737 79.68 50.984
v -232.737 79.68 51.109
v -223.46 74.278 51.112
v -207.026 66.614 50.991
v -207.473 65.855 50.991
v -207.473 65.855 51.536
v -207.026 66.614 51.536
v -236.813 82.384 50.983
v -243.045 86.048 50.981
v -243.045 86.049 51.561
v -236.813 82.384 51.563
v -179.497 45.161 47.128
v -179.116 44.935 47.129
v -179.116 44.935 47.534
v -179.497 45.161 47.533
v -230.883 68.306 9.991
v -229.67 70.377 9.991
v -229.67 70.377 9.741
v -230.883 68.306 9.741
v -204.46 62.835 50.992
v -206.061 63.777 50.991
v -206.061 63.777 51.536
v -204.46 62.835 51.537
v -185.837 52.52 50.996
v -188.476 54.061 50.996
v -188.477 54.061 52.111
v -185.837 52.52 52.111
v -219.28 72.856 52.238
v -221.787 74.28 52.237
v -221.787 74.28 51.987
v -219.28 72.855 51.988
v -189.633 52.081 50.996
v -186.993 50.54 50.996
v -186.994 50.54 52.111
v -189.633 52.081 52.111
v -200.815 60.451 50.992
v -199.856 59.862 50.993
v -199.856 59.862 51.658
v -200.815 60.451 51.657
v -204.438 59.35 50.992
v -203.511 58.769 50.992
v -203.511 58.769 51.267
v -204.438 59.35 51.267
v -185.703 45.448 47.127
v -184.471 47.541 47.127
v -180.35 54.543 47.127
v -180.351 54.544 51.997
v -184.472 47.541 51.997
v -185.704 45.449 51.997
v -193.944 45.588 14.94
v -193.942 45.586 2.189
v -194.511 44.648 2.189
v -194.513 44.649 14.94
v -180.203 37.14 15.419
v -177.405 37.824 15.42
v -177.405 37.824 15.17
v -180.203 37.14 15.169
v -251.887 83.5 9.735
v -251.887 83.5 9.985
v -253.149 81.346 9.985
v -253.149 81.346 9.735
v -191.696 59.727 50.994
v -192.143 58.969 50.994
v -192.143 58.969 51.544
v -191.696 59.727 51.544
v -221.622 68.736 51.987
v -221.622 68.736 52.237
v -219.28 72.856 52.238
v -219.28 72.855 51.988
v -224.345 66.437 51.117
v -225.426 64.58 51.117
v -225.425 64.58 47.117
v -224.522 66.131 47.117
v -224.523 66.131 48.927
v -224.397 66.347 48.927
v -224.397 66.347 47.117
v -224.345 66.436 47.117
v -199.637 62.369 51.658
v -199.637 62.369 50.993
v -200.478 62.886 50.992
v -200.478 62.886 51.657
v -194.139 45.125 14.94
v -180.269 36.712 14.944
v -180.269 36.712 15.419
v -194.139 45.126 15.415
v -232.737 79.68 50.984
v -233.542 78.298 50.984
v -233.887 77.707 50.984
v -233.887 77.707 51.109
v -232.737 79.68 51.109
v -193.724 59.912 50.994
v -192.177 59.001 50.994
v -192.177 59.001 51.544
v -193.724 59.912 51.544
v -193.537 45.348 15.166
v -193.537 45.348 15.416
v -193.59 45.26 15.416
v -193.59 45.26 15.166
v -181.809 39.718 15.169
v -180.892 40.553 15.169
v -180.9 40.557 51.129
v -181.817 39.722 51.129
v -202.096 64.887 50.992
v -201.649 65.646 50.992
v -201.649 65.646 51.537
v -202.096 64.887 51.537
v -229.025 68.728 2.179
v -228.094 68.18 2.18
v -228.103 68.184 48.926
v -227.888 68.057 48.926
v -227.887 68.057 46.926
v -224.891 66.293 46.927
v -224.891 66.294 51.117
v -229.035 68.733 51.116
v -198.1 63.533 50.993
v -199.647 64.444 50.992
v -199.648 64.445 51.537
v -198.101 63.534 51.538
v -198.547 62.775 50.993
v -198.516 62.827 50.993
v -198.1 63.533 50.993
v -198.101 63.534 51.538
v -198.547 62.775 51.538
v -240.292 87.247 50.982
v -235.572 84.471 50.983
v -235.572 84.472 51.563
v -240.292 87.247 51.562
v -224.689 64.146 48.927
v -224.688 64.146 47.117
v -223.643 65.897 47.117
v -223.643 65.897 48.927
v -196.955 61.836 50.993
v -196.509 62.595 50.993
v -196.509 62.595 51.538
v -196.955 61.836 51.538
v -206.101 63.787 50.991
v -207.701 64.73 50.991
v -207.702 64.73 51.536
v -206.101 63.787 51.536
v -212.431 65.766 50.99
v -214.993 67.341 50.989
v -214.993 67.341 51.289
v -212.431 65.766 51.29
v -209.342 65.683 50.99
v -209.789 64.924 50.99
v -209.789 64.924 51.535
v -209.342 65.683 51.535
v -221.076 69.086 47.118
v -221.077 69.086 51.988
v -220.929 69.347 51.988
v -220.929 69.347 50.988
v -220.08 70.841 50.988
v -219.645 71.606 50.988
v -218.871 72.968 50.988
v -218.871 72.968 52.238
v -221.509 68.327 52.238
v -221.508 68.327 47.118
v -175.377 50.011 15.169
v -175.287 51.048 15.169
v -175.294 51.051 51.129
v -175.385 50.015 51.129
v -210.728 61.881 50.99
v -209.776 61.292 50.991
v -209.777 61.292 51.821
v -210.728 61.881 51.82
v -211.38 66.739 50.99
v -211.827 65.981 50.99
v -211.827 65.981 51.515
v -211.38 66.739 51.515
v -210.226 65.038 50.99
v -209.78 65.797 50.99
v -209.78 65.797 51.515
v -210.226 65.038 51.515
v -182.006 40.091 51.128
v -181.207 40.805 51.129
v -181.206 40.805 47.129
v -182.005 40.091 47.128
v -215.248 70.936 50.989
v -214.801 71.695 50.989
v -214.801 71.695 51.534
v -215.248 70.936 51.534
v -190.149 58.816 50.995
v -191.696 59.727 50.994
v -191.696 59.727 51.544
v -190.149 58.816 51.545
v -252.146 83.652 9.985
v -252.144 83.652 2.173
v -253.558 81.238 2.173
v -253.559 81.239 9.985
v -200.232 61.4 51.658
v -200.232 61.4 50.993
v -200.815 60.451 50.992
v -200.815 60.451 51.657
v -180.761 54.438 51.997
v -243.166 91.168 51.981
v -243.166 91.168 50.981
v -180.761 54.437 50.997
v -224.129 70.161 52.237
v -221.622 68.736 52.237
v -221.622 68.736 51.987
v -224.129 70.161 51.987
v -209.376 60.323 50.991
v -207.845 59.359 50.991
v -207.845 59.359 51.821
v -209.376 60.323 51.821
v -234.165 85.192 50.983
v -234.468 84.641 50.983
v -234.468 84.641 51.563
v -234.165 85.192 51.563
v -246.037 84.543 50.981
v -238.252 79.965 50.983
v -238.252 79.965 51.563
v -246.037 84.543 51.561
v -177.405 37.824 15.42
v -171.347 47.243 15.42
v -171.347 47.243 15.17
v -177.405 37.824 15.17
v -224.537 70.048 47.117
v -221.508 68.327 47.118
v -221.509 68.327 52.238
v -224.538 70.048 52.237
v -209.789 64.924 50.99
v -208.189 63.981 50.991
v -208.189 63.981 51.536
v -209.789 64.924 51.535
v -239.81 88.066 50.982
v -240.292 87.247 50.982
v -240.292 87.247 51.562
v -239.81 88.066 51.562
v -208.749 67.656 50.99
v -210.349 68.599 50.99
v -210.349 68.599 51.535
v -208.749 67.656 51.535
v -246.243 90.598 47.11
v -247.689 88.14 47.11
v -247.689 88.14 48.12
v -246.243 90.598 48.12
v -224.609 72.304 50.986
v -224.287 72.857 50.987
v -223.46 74.278 50.987
v -223.46 74.278 51.112
v -224.609 72.304 51.111
v -206.508 63.019 50.991
v -204.907 62.076 50.991
v -204.907 62.076 51.536
v -206.508 63.019 51.536
v -196.902 61.818 50.993
v -195.355 60.907 50.994
v -195.355 60.907 51.544
v -196.902 61.818 51.543
v -220.929 69.347 50.988
v -220.929 69.347 51.988
v -218.932 68.172 51.988
v -218.932 68.172 50.988
v -176.83 48.796 47.129
v -180.033 50.692 47.128
v -180.033 50.692 47.533
v -176.83 48.796 47.534
v -196.536 56.253 50.994
v -195.034 55.374 50.994
v -195.034 55.375 52.429
v -196.536 56.254 52.429
v -181.207 40.805 51.129
v -175.757 50.133 51.129
v -175.756 50.133 47.129
v -181.206 40.805 47.129
v -201.115 63.132 50.992
v -202.82 60.357 50.992
v -202.82 60.357 51.527
v -201.115 63.133 51.527
v -203.643 65.798 50.991
v -202.096 64.887 50.992
v -202.096 64.887 51.537
v -203.643 65.798 51.536
v -206.258 67.32 50.991
v -205.811 68.079 50.991
v -205.811 68.079 51.536
v -206.258 67.32 51.536
v -228.62 69.415 2.18
v -228.622 69.416 9.991
v -229.563 69.967 9.991
v -229.561 69.966 2.179
v -193.789 59.96 50.994
v -193.342 60.719 50.994
v -193.342 60.719 51.544
v -193.789 59.96 51.544
v -196.789 57.991 50.994
v -197.448 56.864 50.994
v -197.448 56.864 52.244
v -196.789 57.991 52.244
v -200.088 64.713 50.992
v -201.581 65.604 50.992
v -201.582 65.604 51.537
v -200.088 64.713 51.537
v -229.563 69.967 9.991
v -230.775 67.896 9.991
v -230.774 67.895 2.179
v -229.561 69.966 2.179
v -224.688 64.146 47.117
v -224.689 64.146 48.927
v -224.904 64.273 48.927
v -224.904 64.273 47.117
v -225.425 64.58 47.117
v -225.426 64.58 51.117
v -184.232 40.33 51.128
v -184.231 40.33 47.128
v -184.227 43.609 47.128
v -181.405 41.938 47.128
v -181.405 41.938 47.533
v -184.227 43.609 47.533
v -185.789 59.027 2.189
v -185.791 59.028 14.941
v -184.0 61.982 14.941
v -183.997 61.98 2.189
v -202.028 64.845 50.992
v -200.535 63.954 50.992
v -200.535 63.954 51.537
v -202.028 64.845 51.537
v -175.287 51.048 15.169
v -175.483 52.231 15.169
v -175.491 52.235 51.129
v -175.294 51.051 51.129
v -202.82 60.357 50.992
v -202.311 60.045 50.992
v -202.312 60.045 51.527
v -202.82 60.357 51.527
v -193.881 45.551 15.415
v -193.881 45.55 14.94
v -194.139 45.125 14.94
v -194.139 45.126 15.415
v -195.336 60.871 50.994
v -193.789 59.96 50.994
v -193.789 59.96 51.544
v -195.336 60.871 51.544
v -198.055 63.506 50.993
v -198.502 62.747 50.993
v -198.502 62.747 51.538
v -198.055 63.506 51.538
v -214.801 71.695 50.989
v -217.794 73.458 50.988
v -217.794 73.458 51.533
v -214.801 71.695 51.534
v -219.342 68.065 47.118
v -220.574 65.973 47.118
v -220.575 65.973 51.988
v -219.343 68.066 51.988
v -172.403 54.947 14.944
v -170.364 47.119 14.945
v -170.362 47.117 2.194
v -172.401 54.946 2.192
v -202.311 60.045 50.992
v -200.606 62.82 50.992
v -200.607 62.82 51.527
v -202.312 60.045 51.527
v -244.464 89.552 48.121
v -244.464 89.552 47.111
v -246.243 90.598 47.11
v -246.243 90.598 48.12
v -245.91 87.094 47.111
v -245.911 87.095 48.121
v -247.689 88.14 48.12
v -247.689 88.14 47.11
v -193.342 60.719 50.994
v -194.889 61.63 50.994
v -194.889 61.63 51.544
v -193.342 60.719 51.544
v -224.523 66.131 48.927
v -224.522 66.131 47.117
v -223.986 65.81 47.117
v -223.986 65.81 48.927
v -180.892 40.553 15.169
v -175.377 50.011 15.169
v -175.385 50.015 51.129
v -180.9 40.557 51.129
v -179.116 44.935 47.129
v -176.83 48.796 47.129
v -176.83 48.796 47.534
v -179.116 44.935 47.534
v -220.164 66.079 51.988
v -185.811 45.86 51.997
v -185.81 45.859 50.997
v -203.243 56.12 50.992
v -220.164 66.079 50.988
v -229.035 68.733 51.116
v -228.459 69.71 51.116
v -228.451 69.706 9.741
v -228.47 69.674 9.741
v -228.47 69.674 9.991
v -228.622 69.416 9.991
v -228.62 69.415 2.18
v -229.025 68.728 2.179
v -233.887 77.707 50.984
v -224.609 72.304 50.986
v -224.609 72.304 51.111
v -233.887 77.707 51.109
v -190.596 58.058 50.995
v -190.587 58.072 50.995
v -190.149 58.816 50.995
v -190.149 58.816 51.545
v -190.596 58.058 51.545
v -205.425 65.672 50.991
v -207.026 66.614 50.991
v -207.026 66.614 51.536
v -205.425 65.672 51.536
v -252.144 83.652 2.173
v -252.146 83.652 9.985
v -251.887 83.5 9.985
v -251.887 83.5 9.735
v -228.451 69.706 9.741
v -228.459 69.71 51.116
v -253.899 84.684 51.109
v -253.89 84.679 2.173
v -188.566 57.904 50.995
v -190.113 58.815 50.995
v -190.113 58.815 51.545
v -188.566 57.904 51.545
v -204.907 62.076 50.991
v -204.46 62.835 50.992
v -204.46 62.835 51.537
v -204.907 62.076 51.536
v -203.269 66.589 50.991
v -204.177 67.116 50.991
v -204.793 67.475 50.991
v -204.793 67.475 51.536
v -203.27 66.589 51.536
v -170.916 47.174 14.945
v -172.799 54.405 14.944
v -172.799 54.405 15.419
v -170.916 47.174 15.42
v -199.647 64.444 50.992
v -200.094 63.686 50.992
v -200.094 63.686 51.537
v -199.648 64.445 51.537
v -207.845 59.359 50.991
v -206.471 61.541 50.991
v -206.401 61.652 50.991
v -206.401 61.653 51.821
v -207.845 59.359 51.821
v -218.932 68.172 51.988
v -220.164 66.079 51.988
v -220.164 66.079 50.988
v -218.932 68.172 50.988
v -209.44 69.195 50.99
v -207.839 68.252 50.99
v -207.839 68.252 51.535
v -209.44 69.195 51.535
v -228.487 68.874 51.116
v -224.345 66.437 51.117
v -224.345 66.436 47.117
v -226.027 67.426 47.117
v -228.486 68.874 47.116
v -209.196 66.897 50.99
v -208.749 67.656 50.99
v -208.749 67.656 51.535
v -209.196 66.897 51.535
v -243.045 86.048 50.981
v -243.527 85.229 50.981
v -243.527 85.229 51.561
v -243.045 86.049 51.561
v -214.993 67.341 50.989
v -215.579 66.387 50.989
v -216.574 64.768 50.989
v -216.574 64.768 51.289
v -214.993 67.341 51.289
v -222.96 74.979 50.987
v -222.826 75.209 50.987
v -221.77 77.025 50.987
v -221.77 77.025 51.307
v -222.96 74.979 51.307
v -242.704 86.532 50.982
v -236.471 82.867 50.983
v -236.472 82.867 51.563
v -242.704 86.532 51.562
v -231.023 79.671 50.984
v -222.96 74.979 50.987
v -222.96 74.979 51.307
v -231.023 79.671 51.304
v -196.455 62.577 50.993
v -196.902 61.818 50.993
v -196.902 61.818 51.543
v -196.455 62.577 51.543
v -196.509 62.595 50.993
v -198.055 63.506 50.993
v -198.055 63.506 51.538
v -196.509 62.595 51.538
v -209.167 66.853 50.99
v -207.566 65.91 50.991
v -207.566 65.91 51.536
v -209.167 66.853 51.535
v -182.949 39.892 51.128
v -182.006 40.091 51.128
v -182.005 40.091 47.128
v -182.948 39.892 47.128
v -212.002 69.54 50.989
v -212.227 69.157 50.989
v -212.448 68.781 50.989
v -212.449 68.781 51.534
v -212.002 69.54 51.534
v -212.448 68.781 50.989
v -210.848 67.838 50.99
v -210.848 67.838 51.535
v -212.449 68.781 51.534
v -192.177 59.001 50.994
v -191.736 59.751 50.994
v -191.73 59.76 50.994
v -191.73 59.76 51.544
v -192.177 59.001 51.544
v -193.59 45.26 15.416
v -180.203 37.14 15.419
v -180.203 37.14 15.169
v -193.59 45.26 15.166
v -206.548 63.029 50.991
v -206.101 63.787 50.991
v -206.101 63.787 51.536
v -206.548 63.029 51.536
v -207.701 64.73 50.991
v -207.725 64.69 50.991
v -208.148 63.971 50.991
v -208.148 63.971 51.536
v -207.702 64.73 51.536
v -207.742 64.74 50.991
v -209.342 65.683 50.99
v -209.342 65.683 51.535
v -207.742 64.74 51.536
v -221.787 74.28 51.987
v -221.787 74.28 52.237
v -224.129 70.161 52.237
v -224.129 70.161 51.987
v -232.513 83.567 50.984
v -232.21 84.118 50.984
v -232.21 84.118 51.564
v -232.513 83.567 51.564
v -205.24 66.716 50.991
v -203.716 65.83 50.991
v -203.716 65.83 51.536
v -205.24 66.716 51.536
v -235.572 84.471 50.983
v -235.091 85.291 50.983
v -235.091 85.291 51.563
v -235.572 84.472 51.563
v -203.511 58.769 50.992
v -203.362 57.911 50.992
v -203.362 57.911 51.267
v -203.511 58.769 51.267
v -214.013 63.193 50.99
v -212.919 64.972 50.99
v -212.431 65.766 50.99
v -212.431 65.766 51.29
v -214.013 63.193 51.29
v -228.103 68.184 48.926
v -228.094 68.18 2.18
v -229.195 66.335 2.18
v -229.204 66.34 48.926
v -185.728 58.991 14.941
v -185.728 58.991 15.416
v -184.284 61.371 15.416
v -184.284 61.371 14.941
v -242.222 87.352 50.982
v -242.704 86.532 50.982
v -242.704 86.532 51.562
v -242.222 87.352 51.562
v -196.502 56.31 50.994
v -196.503 56.31 52.244
v -197.448 56.864 52.244
v -197.448 56.864 50.994
v -202.471 57.353 50.992
v -201.79 58.442 50.992
v -201.79 58.442 51.267
v -202.471 57.353 51.267
v -229.833 81.716 50.985
v -229.986 81.454 50.985
v -231.023 79.671 50.984
v -231.023 79.671 51.304
v -229.833 81.716 51.305
v -198.655 61.818 50.993
v -199.613 62.407 50.993
v -199.613 62.407 51.658
v -198.655 61.818 51.658
v -247.449 94.854 51.11
v -253.352 84.826 51.11
v -253.351 84.825 47.11
v -247.448 94.853 47.11
v -199.637 62.369 50.993
v -199.637 62.369 51.658
v -199.613 62.407 51.658
v -199.613 62.407 50.993
v -196.536 56.254 52.429
v -195.811 57.492 52.429
v -195.811 57.492 50.994
v -195.843 57.437 50.994
v -195.843 57.437 52.244
v -196.503 56.31 52.244
v -196.502 56.31 50.994
v -196.536 56.253 50.994
v -208.189 63.981 50.991
v -207.742 64.74 50.991
v -207.742 64.74 51.536
v -208.189 63.981 51.536
v -238.252 79.965 50.983
v -237.77 80.785 50.983
v -237.77 80.785 51.563
v -238.252 79.965 51.563
v -224.397 66.347 47.117
v -224.397 66.347 48.927
v -223.643 65.897 48.927
v -223.643 65.897 47.117
v -224.904 64.273 47.117
v -224.904 64.273 48.927
v -223.986 65.81 48.927
v -223.986 65.81 47.117
v -207.839 68.252 50.99
v -207.392 69.011 50.99
v -207.392 69.011 51.535
v -207.839 68.252 51.535
v -185.728 58.991 14.941
v -185.791 59.028 14.941
v -185.789 59.027 2.189
v -247.581 95.397 2.173
v -247.591 95.401 51.11
v -176.434 53.52 51.128
v -176.427 53.517 15.168
v -185.384 58.788 15.166
v -185.384 58.788 15.416
v -185.728 58.991 15.416
v -224.079 70.853 47.117
v -224.08 70.854 51.987
v -247.394 84.576 51.981
v -247.393 84.575 47.111
v -182.967 39.475 15.168
v -181.809 39.718 15.169
v -181.817 39.722 51.129
v -182.975 39.478 51.128
v -184.391 39.965 15.168
v -182.967 39.475 15.168
v -182.975 39.478 51.128
v -184.399 39.969 51.128
v -172.799 54.405 14.944
v -184.284 61.371 14.941
v -184.284 61.371 15.416
v -172.799 54.405 15.419
v -208.148 63.971 50.991
v -207.842 63.791 50.991
v -206.548 63.029 50.991
v -206.548 63.029 51.536
v -208.148 63.971 51.536
v -200.232 61.4 50.993
v -200.232 61.4 51.658
v -201.073 61.917 51.657
v -201.073 61.917 50.992
v -227.887 68.057 46.926
v -227.888 68.057 48.926
v -228.86 66.428 48.926
v -228.86 66.428 46.926
v -180.614 36.178 14.944
v -194.513 44.649 14.94
v -194.511 44.648 2.189
v -180.611 36.177 2.193
v -181.405 41.938 47.128
v -179.497 45.161 47.128
v -179.497 45.161 47.533
v -181.405 41.938 47.533
v -207.473 65.855 50.991
v -205.872 64.913 50.991
v -205.872 64.913 51.536
v -207.473 65.855 51.536
v -207.99 62.653 50.991
v -208.864 62.819 50.991
v -208.864 62.819 51.821
v -207.99 62.653 51.821
v -253.899 84.684 51.109
v -247.591 95.401 51.11
v -247.581 95.397 2.173
v -253.89 84.679 2.173
v -175.849 52.084 51.128
v -176.697 53.23 51.128
v -176.696 53.229 47.128
v -175.849 52.083 47.128
v -184.008 48.92 50.997
v -184.73 47.693 50.997
v -185.81 45.859 50.997
v -185.811 45.86 51.997
v -184.731 47.693 51.997
v -180.761 54.438 51.997
v -180.761 54.437 50.997
v -206.401 61.652 50.991
v -207.99 62.653 50.991
v -207.99 62.653 51.821
v -206.401 61.653 51.821
v -224.538 70.048 52.237
v -221.9 74.689 52.237
v -221.9 74.689 50.987
v -223.279 72.263 50.987
v -223.932 71.114 50.987
v -223.932 71.114 51.987
v -224.08 70.854 51.987
v -224.079 70.853 47.117
v -224.537 70.048 47.117
v -230.775 67.896 9.991
v -253.559 81.239 9.985
v -253.558 81.238 2.173
v -230.774 67.895 2.179
v -217.794 73.458 50.988
v -218.241 72.699 50.988
v -218.241 72.699 51.533
v -217.794 73.458 51.533
v -185.384 58.788 15.416
v -185.384 58.788 15.166
v -184.15 60.822 15.166
v -184.15 60.822 15.416
v -188.476 54.061 50.996
v -189.575 52.179 50.996
v -189.633 52.081 50.996
v -189.633 52.081 52.111
v -188.477 54.061 52.111
v -175.483 52.231 15.169
v -176.427 53.517 15.168
v -176.434 53.52 51.128
v -175.491 52.235 51.129
v -253.149 81.346 9.985
v -230.883 68.306 9.991
v -230.883 68.306 9.741
v -253.149 81.346 9.735
v -201.649 65.646 50.992
v -203.196 66.557 50.991
v -203.196 66.557 51.536
v -201.649 65.646 51.537
v -193.277 60.671 50.994
v -193.724 59.912 50.994
v -193.724 59.912 51.544
v -193.277 60.671 51.544
v -224.891 66.294 51.117
v -224.891 66.293 46.927
v -225.845 64.653 46.927
v -225.846 64.653 48.927
v -225.972 64.437 48.927
v -225.972 64.438 51.117
v -207.805 68.231 50.99
v -206.258 67.32 50.991
v -206.258 67.32 51.536
v -207.805 68.231 51.535
v -209.78 65.797 50.99
v -211.38 66.739 50.99
v -211.38 66.739 51.515
v -209.78 65.797 51.515
v -232.21 84.118 50.984
v -234.165 85.192 50.983
v -234.165 85.192 51.563
v -232.21 84.118 51.564
v -236.471 82.867 50.983
v -235.99 83.687 50.983
v -235.99 83.687 51.563
v -236.472 82.867 51.563
v -208.993 69.954 50.99
v -209.44 69.195 50.99
v -209.44 69.195 51.535
v -208.993 69.954 51.535
v -218.241 72.699 50.988
v -215.248 70.936 50.989
v -215.248 70.936 51.534
v -218.241 72.699 51.533
v -221.77 77.025 50.987
v -229.833 81.716 50.985
v -229.833 81.716 51.305
v -221.77 77.025 51.307
v -203.362 57.911 50.992
v -202.471 57.353 50.992
v -202.471 57.353 51.267
v -203.362 57.911 51.267
v -227.911 69.852 51.116
v -228.487 68.874 51.116
v -228.486 68.874 47.116
v -227.911 69.852 47.116
v -180.35 54.543 47.127
v -217.061 76.151 47.118
v -243.271 91.578 47.111
v -243.272 91.579 51.981
v -180.351 54.544 51.997
v -205.872 64.913 50.991
v -205.425 65.672 50.991
v -205.425 65.672 51.536
v -205.872 64.913 51.536
v -211.827 65.981 50.99
v -210.226 65.038 50.99
v -210.226 65.038 51.515
v -211.827 65.981 51.515
v -198.502 62.747 50.993
v -196.955 61.836 50.993
v -196.955 61.836 51.538
v -198.502 62.747 51.538
v -199.856 59.862 50.993
v -198.655 61.818 50.993
v -198.655 61.818 51.658
v -199.856 59.862 51.658
v -237.295 81.564 50.983
v -236.813 82.384 50.983
v -236.813 82.384 51.563
v -237.295 81.564 51.563
v -235.99 83.687 50.983
v -242.222 87.352 50.982
v -242.222 87.352 51.562
v -235.99 83.687 51.563
v -207.358 68.99 50.99
v -207.805 68.231 50.99
v -207.805 68.231 51.535
v -207.358 68.99 51.535
v -223.932 71.114 51.987
v -223.932 71.114 50.987
v -246.983 84.682 50.981
v -246.983 84.682 51.981
v -208.864 62.819 50.991
v -209.792 63.393 50.99
v -209.792 63.393 51.82
v -208.864 62.819 51.821
v -209.776 61.292 50.991
v -209.376 60.323 50.991
v -209.376 60.323 51.821
v -209.777 61.292 51.821
v -228.47 69.674 9.991
v -228.47 69.674 9.741
v -229.67 70.377 9.741
v -229.67 70.377 9.991
v -225.972 64.438 51.117
v -225.972 64.437 48.927
v -229.204 66.34 48.926
v -229.195 66.335 2.18
v -193.942 45.586 2.189
v -193.944 45.588 14.94
v -193.881 45.55 14.94
v -193.881 45.551 15.415
v -193.537 45.348 15.416
v -193.537 45.348 15.166
v -184.391 39.965 15.168
v -184.399 39.969 51.128
v -184.0 61.982 14.941
v -172.403 54.947 14.944
v -172.401 54.946 2.192
v -183.997 61.98 2.189
v -180.269 36.712 14.944
v -177.155 37.474 14.945
v -177.155 37.474 15.42
v -180.269 36.712 15.419
v -177.155 37.474 14.945
v -170.916 47.174 14.945
v -170.916 47.174 15.42
v -177.155 37.474 15.42
v -207.392 69.011 50.99
v -208.993 69.954 50.99
v -208.993 69.954 51.535
v -207.392 69.011 51.535
v -194.908 61.666 50.994
v -196.455 62.577 50.993
v -196.455 62.577 51.543
v -194.908 61.666 51.544
v -194.889 61.63 50.994
v -195.325 60.889 50.994
v -195.336 60.871 50.994
v -195.336 60.871 51.544
v -194.889 61.63 51.544
v -204.793 67.475 50.991
v -205.24 66.716 50.991
v -205.24 66.716 51.536
v -204.793 67.475 51.536
v -243.527 85.229 50.981
v -237.295 81.564 50.983
v -237.295 81.564 51.563
v -243.527 85.229 51.561
v -244.464 89.552 47.111
v -244.464 89.552 48.121
v -245.911 87.095 48.121
v -245.91 87.094 47.111
v -247.393 84.575 47.111
v -247.394 84.576 51.981
v -243.272 91.579 51.981
v -243.271 91.578 47.111
v -206.061 63.777 50.991
v -206.508 63.019 50.991
v -206.508 63.019 51.536
v -206.061 63.777 51.536
v -204.101 59.888 50.992
v -204.438 59.35 50.992
v -204.438 59.35 51.267
v -204.101 59.888 51.267
v -218.871 72.968 50.988
v -221.9 74.689 50.987
v -221.9 74.689 52.237
v -218.871 72.968 52.238
v -203.716 65.83 50.991
v -203.269 66.589 50.991
v -203.27 66.589 51.536
v -203.716 65.83 51.536
v -253.352 84.826 51.11
v -227.911 69.852 51.116
v -227.911 69.852 47.116
v -253.351 84.825 47.11
v -170.364 47.119 14.945
v -176.754 37.184 14.945
v -176.752 37.183 2.193
v -170.362 47.117 2.194
v -191.73 59.76 50.994
v -193.277 60.671 50.994
v -193.277 60.671 51.544
v -191.73 59.76 51.544
v -235.091 85.291 50.983
v -239.81 88.066 50.982
v -239.81 88.066 51.562
v -235.091 85.291 51.563
v -209.792 63.393 50.99
v -209.832 63.329 50.99
v -210.728 61.881 50.99
v -210.728 61.881 51.82
v -209.792 63.393 51.82
v -195.034 55.374 50.994
v -194.309 56.613 50.994
v -194.309 56.613 52.429
v -195.034 55.375 52.429
v -195.355 60.907 50.994
v -194.908 61.666 50.994
v -194.908 61.666 51.544
v -195.355 60.907 51.544
v -216.574 64.768 50.989
v -214.013 63.193 50.99
v -214.013 63.193 51.29
v -216.574 64.768 51.289
v -234.468 84.641 50.983
v -232.513 83.567 50.984
v -232.513 83.567 51.564
v -234.468 84.641 51.563
v -225.846 64.653 48.927
v -225.845 64.653 46.927
v -228.86 66.428 46.926
v -228.86 66.428 48.926
v -210.848 67.838 50.99
v -210.401 68.597 50.99
v -210.401 68.597 51.535
v -210.848 67.838 51.535
v -200.094 63.686 50.992
v -198.547 62.775 50.993
v -198.547 62.775 51.538
v -200.094 63.686 51.537
v -180.033 50.692 47.128
v -184.227 43.609 47.128
v -184.227 43.609 47.533
v -180.033 50.692 47.533
v -207.566 65.91 50.991
v -207.119 66.669 50.991
v -207.119 66.669 51.536
v -207.566 65.91 51.536
v -195.843 57.437 52.244
v -195.843 57.437 50.994
v -196.789 57.991 50.994
v -196.789 57.991 52.244
v -220.574 65.973 47.118
v -185.703 45.448 47.127
v -185.704 45.449 51.997
v -220.575 65.973 51.988
v -201.79 58.442 50.992
v -204.101 59.888 50.992
v -204.101 59.888 51.267
v -201.79 58.442 51.267
v -201.581 65.604 50.992
v -202.028 64.845 50.992
v -202.028 64.845 51.537
v -201.582 65.604 51.537
v -186.993 50.54 50.996
v -186.938 50.635 50.996
v -185.837 52.52 50.996
v -185.837 52.52 52.111
v -186.994 50.54 52.111
v -237.77 80.785 50.983
v -245.555 85.362 50.981
v -245.555 85.362 51.561
v -237.77 80.785 51.563
v -205.811 68.079 50.991
v -207.358 68.99 50.99
v -207.358 68.99 51.535
v -205.811 68.079 51.536
v -210.796 67.84 50.99
v -209.196 66.897 50.99
v -209.196 66.897 51.535
v -210.796 67.84 51.535
v -175.757 50.133 51.129
v -175.691 51.036 51.129
v -175.69 51.036 47.129
v -175.756 50.133 47.129
v -176.754 37.184 14.945
v -180.614 36.178 14.944
v -180.611 36.177 2.193
v -176.752 37.183 2.193
v -245.555 85.362 50.981
v -246.037 84.543 50.981
v -246.037 84.543 51.561
v -245.555 85.362 51.561
v -208.72 67.612 50.99
v -209.155 66.873 50.99
v -209.167 66.853 50.99
v -209.167 66.853 51.535
v -208.72 67.612 51.535
v -221.077 69.086 51.988
v -221.076 69.086 47.118
v -219.342 68.065 47.118
v -219.343 68.066 51.988
v -243.166 91.168 51.981
v -246.983 84.682 51.981
v -246.983 84.682 50.981
v -246.319 85.811 50.981
v -243.166 91.168 50.981
f 3973 3989 3990
f 3988 3986 3987
f 3984 3982 3983
f 3982 3980 3981
f 3980 3978 3979
f 3978 3976 3977
f 3976 3974 3975
f 3973 3988 3989
f 3988 3985 3986
f 3984 3980 3982
f 3980 3976 3978
f 3976 3973 3974
f 3973 3985 3988
f 3984 3976 3980
f 3976 3985 3973
f 3985 3976 3984
f 3992 3993 3994
f 3997 3998 3999
f 3992 3994 3995
f 3997 3999 4000
f 3991 3992 3995
f 3996 3997 4000
f 3991 3995 3996
f 3996 4000 3991
f 4003 4004 4001
f 4001 4002 4003
f 4008 4009 4010
f 4016 4017 4018
f 4008 4010 4011
f 4016 4018 4019
f 4007 4008 4011
f 4015 4016 4019
f 4007 4011 4012
f 4015 4019 4020
f 4006 4007 4012
f 4014 4015 4020
f 4006 4012 4013
f 4014 4020 4005
f 4005 4006 4013
f 4013 4014 4005
f 4023 4024 4021
f 4021 4022 4023
f 4027 4028 4025
f 4025 4026 4027
f 4031 4032 4029
f 4029 4030 4031
f 4035 4036 4033
f 4033 4034 4035
f 4075 4076 4071
f 4071 4072 4046
f 4046 4047 4048
f 4048 4049 4050
f 4051 4052 4053
f 4053 4054 4037
f 4038 4039 4059
f 4060 4061 4062
f 4062 4063 4064
f 4067 4068 4069
f 4055 4056 4057
f 4057 4058 4059
f 4040 4041 4042
f 4043 4044 4045
f 4045 4046 4072
f 4071 4046 4048
f 4053 4037 4038
f 4038 4059 4060
f 4067 4069 4070
f 4057 4059 4039
f 4040 4042 4043
f 4043 4045 4072
f 4075 4071 4048
f 4038 4060 4062
f 4067 4070 4055
f 4055 4057 4039
f 4040 4043 4072
f 4075 4048 4050
f 4053 4038 4062
f 4067 4055 4039
f 4074 4075 4050
f 4053 4062 4064
f 4066 4067 4039
f 4074 4050 4051
f 4051 4053 4064
f 4066 4039 4040
f 4073 4074 4051
f 4066 4040 4072
f 4073 4051 4064
f 4065 4066 4072
f 4072 4073 4064
f 4064 4065 4072
f 4079 4080 4077
f 4077 4078 4079
f 4083 4084 4081
f 4081 4082 4083
f 4089 4090 4091
f 4094 4095 4096
f 4098 4099 4100
f 4089 4091 4092
f 4098 4100 4101
f 4088 4089 4092
f 4097 4098 4101
f 4088 4092 4093
f 4097 4101 4102
f 4087 4088 4093
f 4096 4097 4102
f 4087 4093 4094
f 4096 4102 4085
f 4086 4087 4094
f 4094 4096 4085
f 4085 4086 4094
f 4105 4106 4103
f 4103 4104 4105
f 4109 4110 4107
f 4107 4108 4109
f 4115 4116 4117
f 4118 4119 4120
f 4121 4122 4123
f 4115 4117 4118
f 4118 4120 4121
f 4121 4123 4124
f 4114 4115 4118
f 4121 4124 4125
f 4113 4114 4118
f 4121 4125 4126
f 4112 4113 4118
f 4121 4126 4111
f 4111 4112 4118
f 4118 4121 4111
f 4131 4132 4127
f 4127 4128 4129
f 4130 4131 4127
f 4127 4129 4130
f 4135 4136 4133
f 4133 4134 4135
f 4139 4140 4137
f 4137 4138 4139
f 4143 4144 4141
f 4141 4142 4143
f 4147 4148 4145
f 4145 4146 4147
f 4152 4155 4156
f 4154 4155 4152
f 4151 4152 4156
f 4154 4152 4149
f 4150 4151 4156
f 4153 4154 4149
f 4150 4156 4153
f 4153 4149 4150
f 4161 4162 4157
f 4158 4159 4160
f 4161 4157 4158
f 4158 4160 4161
f 4165 4166 4163
f 4163 4164 4165
f 4169 4170 4167
f 4167 4168 4169
f 4173 4174 4171
f 4171 4172 4173
f 4177 4178 4175
f 4175 4176 4177
f 4181 4182 4179
f 4179 4180 4181
f 4188 4311 4312
f 4310 4311 4188
f 4188 4189 4190
f 4193 4194 4350
f 4351 4354 4355
f 4361 4358 4357
f 4194 4195 4345
f 4342 4347 4348
f 4372 4367 4362
f 4364 4365 4366
f 4369 4370 4344
f 4344 4345 4195
f 4199 4183 4210
f 4209 4210 4183
f 4184 4185 4205
f 4207 4302 4303
f 4307 4308 4204
f 4204 4205 4185
f 4186 4187 4218
f 4214 4249 4250
f 4284 4285 4246
f 4230 4231 4232
f 4228 4219 4220
f 4282 4278 4279
f 4338 4339 4258
f 4259 4260 4261
f 4336 4332 4333
f 4316 4317 4318
f 4255 4256 4257
f 4226 4227 4228
f 4217 4218 4187
f 4188 4312 4313
f 4310 4188 4190
f 4193 4350 4351
f 4357 4354 4351
f 4194 4345 4342
f 4346 4347 4342
f 4343 4344 4370
f 4372 4362 4363
f 4369 4344 4195
f 4198 4199 4210
f 4209 4183 4184
f 4184 4205 4206
f 4208 4204 4308
f 4307 4204 4185
f 4186 4218 4213
f 4259 4261 4267
f 4316 4318 4254
f 4255 4257 4225
f 4226 4228 4217
f 4217 4187 4188
f 4309 4310 4190
f 4193 4351 4355
f 4357 4351 4352
f 4350 4194 4342
f 4346 4342 4343
f 4343 4370 4371
f 4369 4195 4196
f 4198 4210 4211
f 4209 4184 4206
f 4208 4308 4305
f 4307 4185 4186
f 4186 4213 4214
f 4214 4200 4201
f 4203 4200 4214
f 4216 4217 4237
f 4236 4237 4217
f 4229 4230 4217
f 4217 4228 4220
f 4258 4259 4267
f 4315 4316 4254
f 4254 4255 4225
f 4225 4226 4217
f 4314 4309 4190
f 4193 4355 4356
f 4356 4357 4358
f 4361 4357 4352
f 4350 4342 4348
f 4346 4343 4371
f 4368 4369 4196
f 4212 4209 4206
f 4307 4186 4214
f 4249 4214 4201
f 4246 4243 4201
f 4203 4214 4215
f 4236 4217 4230
f 4229 4217 4220
f 4242 4239 4220
f 4220 4221 4222
f 4265 4258 4271
f 4270 4271 4258
f 4258 4324 4325
f 4323 4324 4258
f 4338 4258 4267
f 4225 4217 4188
f 4314 4190 4191
f 4356 4358 4359
f 4361 4352 4353
f 4353 4350 4348
f 4349 4346 4371
f 4373 4368 4196
f 4212 4206 4207
f 4301 4302 4207
f 4207 4208 4305
f 4298 4299 4305
f 4307 4214 4250
f 4248 4249 4201
f 4246 4201 4202
f 4203 4215 4216
f 4235 4236 4230
f 4234 4229 4220
f 4242 4220 4222
f 4223 4224 4225
f 4225 4268 4269
f 4264 4265 4271
f 4270 4258 4325
f 4323 4258 4339
f 4225 4257 4252
f 4254 4225 4188
f 4314 4191 4192
f 4193 4356 4359
f 4353 4348 4349
f 4349 4371 4372
f 4366 4367 4372
f 4373 4196 4197
f 4212 4207 4303
f 4301 4207 4305
f 4298 4305 4306
f 4306 4307 4250
f 4248 4201 4243
f 4203 4216 4237
f 4235 4230 4232
f 4234 4220 4239
f 4242 4222 4223
f 4223 4225 4269
f 4273 4270 4325
f 4327 4323 4339
f 4268 4225 4252
f 4333 4334 4252
f 4253 4254 4318
f 4315 4254 4188
f 4313 4314 4192
f 4193 4359 4360
f 4361 4353 4349
f 4349 4372 4363
f 4366 4372 4373
f 4373 4197 4198
f 4211 4212 4303
f 4301 4305 4299
f 4306 4250 4251
f 4293 4294 4251
f 4247 4248 4243
f 4202 4203 4237
f 4238 4235 4232
f 4233 4234 4239
f 4242 4223 4269
f 4273 4325 4326
f 4327 4339 4340
f 4267 4268 4252
f 4333 4252 4253
f 4253 4318 4319
f 4328 4329 4319
f 4319 4320 4321
f 4315 4188 4313
f 4192 4193 4360
f 4361 4349 4363
f 4366 4373 4198
f 4304 4301 4299
f 4298 4306 4251
f 4293 4251 4247
f 4247 4243 4244
f 4287 4288 4244
f 4202 4237 4238
f 4233 4239 4240
f 4280 4240 4241
f 4241 4242 4269
f 4266 4267 4261
f 4273 4326 4327
f 4327 4340 4341
f 4338 4267 4252
f 4333 4253 4319
f 4328 4319 4321
f 4322 4315 4313
f 4192 4360 4361
f 4361 4363 4364
f 4364 4366 4198
f 4304 4299 4300
f 4298 4251 4294
f 4293 4247 4244
f 4287 4244 4245
f 4246 4202 4238
f 4232 4233 4240
f 4280 4241 4269
f 4266 4261 4262
f 4273 4327 4341
f 4338 4252 4334
f 4333 4319 4329
f 4328 4321 4322
f 4322 4313 4192
f 4192 4361 4364
f 4364 4198 4211
f 4304 4300 4297
f 4297 4298 4294
f 4293 4244 4288
f 4246 4238 4232
f 4232 4240 4280
f 4279 4280 4269
f 4269 4266 4262
f 4274 4275 4262
f 4262 4263 4264
f 4337 4338 4334
f 4336 4333 4329
f 4328 4322 4192
f 4364 4211 4303
f 4297 4294 4295
f 4292 4293 4288
f 4287 4245 4246
f 4284 4246 4232
f 4279 4269 4262
f 4274 4262 4264
f 4341 4337 4334
f 4336 4329 4330
f 4331 4328 4192
f 4192 4364 4303
f 4297 4295 4296
f 4292 4288 4289
f 4287 4246 4285
f 4284 4232 4280
f 4279 4262 4275
f 4274 4264 4271
f 4341 4334 4335
f 4335 4336 4330
f 4330 4331 4192
f 4192 4303 4304
f 4304 4297 4296
f 4292 4289 4290
f 4291 4287 4285
f 4283 4284 4280
f 4282 4279 4275
f 4277 4274 4271
f 4341 4335 4330
f 4192 4304 4296
f 4296 4292 4290
f 4291 4285 4286
f 4283 4280 4281
f 4282 4275 4276
f 4277 4271 4272
f 4273 4341 4330
f 4192 4296 4290
f 4291 4286 4283
f 4283 4281 4282
f 4282 4276 4277
f 4273 4330 4192
f 4192 4290 4291
f 4291 4283 4282
f 4282 4277 4272
f 4272 4273 4192
f 4192 4291 4282
f 4282 4272 4192
f 4376 4377 4374
f 4374 4375 4376
f 4380 4381 4378
f 4378 4379 4380
f 4386 4387 4382
f 4382 4383 4384
f 4384 4385 4386
f 4386 4382 4384
f 4390 4391 4388
f 4388 4389 4390
f 4394 4395 4392
f 4392 4393 4394
f 4398 4399 4396
f 4396 4397 4398
f 4401 4402 4403
f 4409 4410 4411
f 4401 4403 4404
f 4409 4411 4412
f 4400 4401 4404
f 4408 4409 4412
f 4400 4404 4405
f 4408 4412 4413
f 4415 4400 4405
f 4407 4408 4413
f 4415 4405 4406
f 4407 4413 4414
f 4414 4415 4406
f 4406 4407 4414
f 4418 4419 4416
f 4416 4417 4418
f 4422 4423 4420
f 4420 4421 4422
f 4426 4427 4424
f 4424 4425 4426
f 4432 4433 4428
f 4428 4429 4430
f 4430 4431 4432
f 4432 4428 4430
f 4436 4437 4434
f 4434 4435 4436
f 4440 4441 4438
f 4438 4439 4440
f 4444 4445 4442
f 4442 4443 4444
f 4448 4449 4446
f 4446 4447 4448
f 4452 4453 4450
f 4450 4451 4452
f 4460 4461 4454
f 4454 4455 4456
f 4457 4458 4459
f 4459 4460 4454
f 4454 4456 4457
f 4457 4459 4454
f 4464 4465 4462
f 4462 4463 4464
f 4468 4469 4466
f 4466 4467 4468
f 4476 4477 4470
f 4470 4471 4472
f 4472 4473 4474
f 4475 4476 4470
f 4470 4472 4474
f 4474 4475 4470
f 4480 4481 4478
f 4478 4479 4480
f 4494 4501 4502
f 4500 4501 4494
f 4484 4485 4486
f 4486 4487 4488
f 4489 4490 4491
f 4493 4494 4502
f 4500 4494 4495
f 4492 4493 4502
f 4499 4500 4495
f 4492 4502 4503
f 4499 4495 4482
f 4491 4492 4503
f 4498 4499 4482
f 4491 4503 4504
f 4498 4482 4483
f 4489 4491 4504
f 4497 4498 4483
f 4489 4504 4505
f 4497 4483 4484
f 4489 4505 4506
f 4496 4497 4484
f 4488 4489 4506
f 4496 4484 4486
f 4488 4506 4507
f 4509 4496 4486
f 4488 4507 4508
f 4508 4509 4486
f 4486 4488 4508
f 4514 4515 4510
f 4511 4512 4513
f 4514 4510 4511
f 4511 4513 4514
f 4518 4519 4516
f 4516 4517 4518
f 4522 4523 4520
f 4520 4521 4522
f 4526 4527 4524
f 4524 4525 4526
f 4530 4531 4528
f 4528 4529 4530
f 4533 4535 4532
f 4535 4533 4534
f 4538 4539 4536
f 4536 4537 4538
f 4541 4543 4540
f 4543 4541 4542
f 4546 4547 4544
f 4544 4545 4546
f 4550 4551 4548
f 4548 4549 4550
f 4553 4555 4552
f 4555 4553 4554
f 4557 4559 4556
f 4559 4557 4558
f 4561 4563 4560
f 4563 4561 4562
f 4565 4568 4564
f 4568 4566 4567
f 4566 4568 4565
f 4572 4573 4569
f 4569 4570 4571
f 4571 4572 4569
f 4575 4577 4574
f 4577 4575 4576
f 4580 4581 4578
f 4578 4579 4580
f 4583 4585 4582
f 4585 4583 4584
f 4587 4589 4586
f 4589 4587 4588
f 4591 4593 4590
f 4593 4591 4592
f 4595 4597 4594
f 4597 4595 4596
f 4599 4601 4598
f 4601 4599 4600
f 4603 4605 4602
f 4605 4603 4604
f 4607 4609 4606
f 4609 4607 4608
f 4612 4613 4610
f 4610 4611 4612
f 4615 4617 4614
f 4617 4615 4616
f 4619 4621 4618
f 4621 4619 4620
f 4623 4625 4622
f 4625 4623 4624
f 4628 4629 4626
f 4626 4627 4628
f 4632 4633 4630
f 4630 4631 4632
f 4636 4637 4634
f 4634 4635 4636
f 4640 4641 4638
f 4638 4639 4640
f 4646 4647 4642
f 4642 4643 4644
f 4644 4645 4646
f 4646 4642 4644
f 4649 4651 4648
f 4651 4649 4650
f 4653 4655 4652
f 4655 4653 4654
f 4658 4659 4656
f 4656 4657 4658
f 4661 4663 4660
f 4663 4661 4662
f 4665 4667 4664
f 4667 4665 4666
f 4674 4675 4668
f 4668 4669 4670
f 4670 4671 4672
f 4673 4674 4668
f 4668 4670 4672
f 4672 4673 4668
f 4677 4679 4676
f 4679 4677 4678
f 4682 4683 4680
f 4680 4681 4682
f 4685 4688 4684
f 4688 4686 4687
f 4686 4688 4685
f 4691 4692 4689
f 4689 4690 4691
f 4695 4696 4693
f 4693 4694 4695
f 4699 4700 4697
f 4697 4698 4699
f 4703 4704 4701
f 4701 4702 4703
f 4712 4705 4706
f 4708 4709 4710
f 4710 4711 4712
f 4712 4706 4707
f 4708 4710 4712
f 4712 4707 4708
f 4714 4716 4713
f 4716 4714 4715
f 4720 4721 4717
f 4718 4719 4720
f 4720 4717 4718
f 4724 4725 4722
f 4722 4723 4724
f 4728 4729 4726
f 4726 4727 4728
f 4732 4733 4730
f 4730 4731 4732
f 4735 4737 4734
f 4737 4735 4736
f 4739 4741 4738
f 4741 4739 4740
f 4743 4745 4742
f 4745 4743 4744
f 4754 4755 4746
f 4748 4749 4750
f 4750 4751 4752
f 4754 4746 4747
f 4748 4750 4752
f 4753 4754 4747
f 4748 4752 4753
f 4753 4747 4748
f 4758 4759 4756
f 4756 4757 4758
f 4762 4763 4760
f 4760 4761 4762
f 4765 4767 4764
f 4767 4765 4766
f 4770 4771 4768
f 4768 4769 4770
f 4773 4775 4772
f 4775 4773 4774
f 4778 4779 4776
f 4776 4777 4778
f 4781 4783 4780
f 4783 4781 4782
f 4785 4787 4784
f 4787 4785 4786
f 4789 4791 4788
f 4791 4789 4790
f 4794 4795 4792
f 4792 4793 4794
f 4797 4799 4796
f 4799 4797 4798
f 4802 4803 4800
f 4800 4801 4802
f 4805 4807 4804
f 4807 4805 4806
f 4810 4811 4808
f 4808 4809 4810
f 4813 4815 4812
f 4815 4813 4814
f 4818 4819 4816
f 4816 4817 4818
f 4822 4823 4820
f 4820 4821 4822
f 4825 4827 4824
f 4827 4825 4826
f 4829 4831 4828
f 4831 4829 4830
f 4833 4835 4832
f 4835 4833 4834
f 4839 4840 4836
f 4836 4837 4838
f 4838 4839 4836
f 4843 4844 4841
f 4841 4842 4843
f 4847 4848 4845
f 4845 4846 4847
f 4850 4852 4849
f 4852 4850 4851
f 4854 4856 4853
f 4856 4854 4855
f 4859 4860 4857
f 4857 4858 4859
f 4862 4864 4861
f 4864 4862 4863
f 4866 4868 4865
f 4868 4866 4867
f 4871 4872 4869
f 4869 4870 4871
f 4875 4876 4873
f 4873 4874 4875
f 4879 4880 4877
f 4877 4878 4879
f 4883 4884 4881
f 4881 4882 4883
f 4886 4888 4885
f 4888 4886 4887
f 4890 4892 4889
f 4892 4890 4891
f 4895 4896 4893
f 4893 4894 4895
f 4898 4904 4897
f 4904 4902 4903
f 4902 4900 4901
f 4898 4902 4904
f 4902 4899 4900
f 4899 4902 4898
f 4907 4908 4905
f 4905 4906 4907
f 4910 4912 4909
f 4912 4910 4911
f 4915 4916 4913
f 4913 4914 4915
f 4919 4920 4917
f 4917 4918 4919
f 4923 4924 4921
f 4921 4922 4923
f 4926 4928 4925
f 4928 4926 4927
f 4931 4932 4929
f 4929 4930 4931
f 4934 4936 4933
f 4936 4934 4935
f 4938 4940 4937
f 4940 4938 4939
f 4942 4944 4941
f 4944 4942 4943
f 4947 4948 4945
f 4945 4946 4947
f 4951 4952 4949
f 4949 4950 4951
f 4954 4956 4953
f 4956 4954 4955
f 4959 4960 4957
f 4957 4958 4959
f 4962 4964 4961
f 4964 4962 4963
f 4967 4968 4965
f 4965 4966 4967
f 4971 4972 4969
f 4969 4970 4971
f 4975 4976 4973
f 4973 4974 4975
f 4978 4981 4977
f 4981 4979 4980
f 4979 4981 4978
f 4983 4989 4982
f 4989 4987 4988
f 4986 4984 4985
f 4983 4987 4989
f 4986 4983 4984
f 4983 4986 4987
f 4992 4993 4990
f 4990 4991 4992
f 4997 4998 4994
f 4995 4996 4997
f 4997 4994 4995
f 5000 5002 4999
f 5002 5000 5001
f 5009 5010 5003
f 5005 5006 5007
f 5007 5008 5009
f 5009 5003 5004
f 5005 5007 5009
f 5009 5004 5005
f 5012 5014 5011
f 5014 5012 5013
f 5017 5018 5015
f 5015 5016 5017
f 5020 5023 5019
f 5023 5021 5022
f 5021 5023 5020
f 5026 5027 5024
f 5024 5025 5026
f 5029 5031 5028
f 5031 5029 5030
f 5035 5036 5032
f 5032 5033 5034
f 5034 5035 5032
f 5039 5040 5037
f 5037 5038 5039
f 5043 5044 5041
f 5041 5042 5043
f 5046 5049 5045
f 5049 5047 5048
f 5047 5049 5046
f 5052 5053 5050
f 5050 5051 5052
f 5055 5057 5054
f 5057 5055 5056
f 5059 5062 5058
f 5062 5060 5061
f 5060 5062 5059
f 5066 5067 5063
f 5063 5064 5065
f 5065 5066 5063
f 5070 5071 5068
f 5068 5069 5070
f 5074 5075 5072
f 5072 5073 5074
f 5077 5079 5076
f 5079 5077 5078
f 5081 5083 5080
f 5083 5081 5082
f 5086 5087 5084
f 5084 5085 5086
f 5089 5091 5088
f 5091 5089 5090
f 5093 5096 5092
f 5096 5094 5095
f 5094 5096 5093
f 5099 5100 5097
f 5097 5098 5099
f 5104 5105 5101
f 5102 5103 5104
f 5104 5101 5102
f 5107 5109 5106
f 5109 5107 5108
f 5112 5113 5110
f 5110 5111 5112
f 5115 5118 5114
f 5118 5116 5117
f 5116 5118 5115
f 5120 5122 5119
f 5122 5120 5121
f 5125 5126 5123
f 5123 5124 5125
f 5129 5130 5127
f 5127 5128 5129
f 5133 5134 5131
f 5131 5132 5133
f 5137 5138 5135
f 5135 5136 5137
f 5140 5142 5139
f 5142 5140 5141
f 5146 5147 5143
f 5143 5144 5145
f 5145 5146 5143
f 5149 5151 5148
f 5151 5149 5150
f 5153 5155 5152
f 5155 5153 5154
f 5157 5159 5156
f 5159 5157 5158
f 5162 5163 5160
f 5160 5161 5162
f 5166 5167 5164
f 5164 5165 5166
f 5169 5172 5168
f 5172 5170 5171
f 5170 5172 5169
f 5174 5176 5173
f 5176 5174 5175
f 5179 5180 5177
f 5177 5178 5179
f 5182 5184 5181
f 5184 5182 5183
f 5185 5191 5192
f 5189 5187 5188
f 5185 5190 5191
f 5189 5186 5187
f 5186 5190 5185
f 5190 5186 5189
f 5195 5196 5193
f 5193 5194 5195
f 5199 5200 5197
f 5197 5198 5199
f 5202 5204 5201
f 5204 5202 5203
f 5206 5208 5205
f 5208 5206 5207
f 5211 5212 5209
f 5209 5210 5211
f 5214 5222 5213
f 5221 5219 5220
f 5219 5217 5218
f 5217 5215 5216
f 5221 5217 5219
f 5217 5214 5215
f 5222 5217 5221
f 5217 5222 5214
f 5225 5226 5223
f 5223 5224 5225
f 5229 5230 5227
f 5227 5228 5229
f 5233 5234 5231
f 5231 5232 5233
f 5236 5238 5235
f 5238 5236 5237
f 5242 5243 5239
f 5239 5240 5241
f 5241 5242 5239
f 5246 5247 5244
f 5244 5245 5246
f 5250 5251 5248
f 5248 5249 5250
f 5254 5255 5252
f 5252 5253 5254
f 5258 5259 5256
f 5256 5257 5258
f 5262 5263 5260
f 5260 5261 5262
f 5265 5267 5264
f 5267 5265 5266
f 5269 5271 5268
f 5271 5269 5270
f 5273 5275 5272
f 5275 5273 5274
f 5277 5282 5276
f 5282 5280 5281
f 5280 5278 5279
f 5278 5282 5277
f 5282 5278 5280
f 5284 5286 5283
f 5286 5284 5285
f 5287 5294 5295
f 5292 5290 5291
f 5290 5288 5289
f 5287 5293 5294
f 5292 5288 5290
f 5288 5293 5287
f 5293 5288 5292
f 5298 5299 5296
f 5296 5297 5298
f 5301 5303 5300
f 5303 5301 5302
f 5306 5307 5304
f 5304 5305 5306
f 5309 5312 5308
f 5312 5310 5311
f 5310 5312 5309
f 5315 5316 5313
f 5313 5314 5315
f 5318 5320 5317
f 5320 5318 5319
f 5322 5324 5321
f 5324 5322 5323
f 5326 5328 5325
f 5328 5326 5327
f 5330 5334 5329
f 5334 5332 5333
f 5332 5330 5331
f 5330 5332 5334
f 5337 5338 5335
f 5335 5336 5337
f 5340 5342 5339
f 5342 5340 5341
f 5344 5346 5343
f 5346 5344 5345
f 5349 5350 5347
f 5347 5348 5349
f 5352 5354 5351
f 5354 5352 5353
f 5357 5358 5355
f 5355 5356 5357
f 5360 5362 5359
f 5362 5360 5361
f 5365 5366 5363
f 5363 5364 5365
f 5369 5370 5367
f 5367 5368 5369
f 5372 5375 5371
f 5375 5373 5374
f 5373 5375 5372
f 5378 5379 5376
f 5376 5377 5378
f 5382 5383 5380
f 5380 5381 5382
f 5386 5387 5384
f 5384 5385 5386
f 5390 5391 5388
f 5388 5389 5390
f 5394 5395 5392
f 5392 5393 5394
f 5397 5399 5396
f 5399 5397 5398
f 5401 5403 5400
f 5403 5401 5402
f 5405 5407 5404
f 5407 5405 5406
f 5409 5411 5408
f 5411 5409 5410
f 5413 5415 5412
f 5415 5413 5414
f 5417 5419 5416
f 5419 5417 5418
f 5430 5431 5420
f 5421 5422 5423
f 5423 5424 5425
f 5425 5426 5427
f 5428 5429 5430
f 5430 5420 5421
f 5421 5423 5425
f 5428 5430 5421
f 5421 5425 5427
f 5427 5428 5421
f 5433 5435 5432
f 5435 5433 5434
f 5438 5439 5436
f 5436 5437 5438
f 5442 5443 5440
f 5440 5441 5442
f 5445 5447 5444
f 5447 5445 5446
f 5449 5451 5448
f 5451 5449 5450
f 5453 5456 5452
f 5456 5454 5455
f 5454 5456 5453
f 5458 5460 5457
f 5460 5458 5459
f 5463 5464 5461
f 5461 5462 5463
f 5466 5472 5465
f 5472 5470 5471
f 5470 5468 5469
f 5466 5470 5472
f 5470 5467 5468
f 5467 5470 5466
f 5474 5476 5473
f 5476 5474 5475
f 5478 5480 5477
f 5480 5478 5479
f 5482 5484 5481
f 5484 5482 5483
f 5487 5488 5485
f 5485 5486 5487
f 5490 5492 5489
f 5492 5490 5491
f 5495 5496 5493
f 5493 5494 5495
f 5498 5500 5497
f 5500 5498 5499
f 5502 5504 5501
f 5504 5502 5503
f 5506 5509 5505
f 5509 5507 5508
f 5507 5509 5506
f 5512 5513 5510
f 5510 5511 5512
f 5516 5517 5514
f 5514 5515 5516
f 5520 5521 5518
f 5518 5519 5520
f 5524 5525 5522
f 5522 5523 5524
f 5527 5529 5526
f 5529 5527 5528
f 5532 5533 5530
f 5530 5531 5532
f 5536 5537 5534
f 5534 5535 5536
f 5539 5541 5538
f 5541 5539 5540
f 5544 5545 5542
f 5542 5543 5544
f 5547 5549 5546
f 5549 5547 5548
f 5552 5553 5550
f 5550 5551 5552
f 5555 5557 5554
f 5557 5555 5556
f 5559 5561 5558
f 5561 5559 5560
f 5565 5566 5562
f 5562 5563 5564
f 5564 5565 5562
f 5568 5570 5567
f 5570 5568 5569
f 5572 5574 5571
f 5574 5572 5573
f 5577 5578 5575
f 5575 5576 5577
f 5580 5582 5579
f 5582 5580 5581
f 5585 5586 5583
f 5583 5584 5585
f 5588 5590 5587
f 5590 5588 5589
f 5592 5595 5591
f 5595 5593 5594
f 5593 5595 5592
f 5598 5599 5596
f 5596 5597 5598
f 5603 5604 5600
f 5600 5601 5602
f 5602 5603 5600
o bldg_25565020-a976-42a4-8887-a300f0c64431
v -278.526 -168.397 3.122
v -273.284 -160.111 3.122
v -271.027 -161.539 3.122
v -276.269 -169.825 3.122
v -271.027 -161.539 5.045
v -273.284 -160.111 5.045
v -278.526 -168.397 5.045
v -276.269 -169.825 5.045
v -278.526 -168.397 5.045
v -273.284 -160.111 5.045
v -273.284 -160.111 3.122
v -278.526 -168.397 3.122
v -276.269 -169.825 5.045
v -278.526 -168.397 5.045
v -278.526 -168.397 3.122
v -276.269 -169.825 3.122
v -273.284 -160.111 5.045
v -271.027 -161.539 5.045
v -271.027 -161.539 3.122
v -273.284 -160.111 3.122
v -271.027 -161.539 5.045
v -276.269 -169.825 5.045
v -276.269 -169.825 3.122
v -271.027 -161.539 3.122
f 5606 5608 5605
f 5608 5606 5607
f 5611 5612 5609
f 5609 5610 5611
f 5614 5616 5613
f 5616 5614 5615
f 5619 5620 5617
f 5617 5618 5619
f 5622 5624 5621
f 5624 5622 5623
f 5627 5628 5625
f 5625 5626 5627
o bldg_f268417b-dc71-4d7b-bc79-eca43db545b2
v -202.3 -179.222 -0.827
v -200.333 -180.477 -0.827
v -199.6 -181.826 -0.826
v -199.668 -183.032 -0.826
v -200.469 -184.649 -0.826
v -201.524 -185.674 -0.826
v -201.865 -185.793 -0.826
v -195.778 -189.653 -0.824
v -202.038 -199.527 -0.824
v -208.113 -195.675 -0.826
v -208.073 -196.223 -0.826
v -208.972 -197.947 -0.826
v -210.052 -199.257 -0.826
v -211.088 -199.595 -0.826
v -212.029 -199.429 -0.826
v -214.31 -197.974 -0.827
v -224.543 -213.951 -0.827
v -225.664 -214.36 -0.827
v -226.663 -214.326 -0.827
v -230.34 -211.966 -0.828
v -231.358 -212.018 -0.828
v -232.263 -211.66 -0.829
v -232.882 -211.09 -0.829
v -233.348 -210.037 -0.829
v -240.424 -205.469 -0.831
v -242.307 -208.318 -0.831
v -248.093 -204.496 -0.833
v -246.25 -201.707 -0.833
v -255.94 -195.451 -0.836
v -257.04 -195.468 -0.836
v -257.873 -195.127 -0.836
v -258.522 -194.589 -0.836
v -258.952 -193.87 -0.836
v -258.989 -192.978 -0.837
v -255.41 -187.473 -0.837
v -257.777 -185.934 -0.837
v -254.008 -180.14 -0.837
v -264.173 -173.53 -0.84
v -256.632 -161.934 -0.84
v -265.746 -156.155 -0.843
v -262.038 -150.307 -0.843
v -252.857 -156.129 -0.84
v -245.219 -144.384 -0.841
v -235.174 -150.916 -0.838
v -230.922 -144.378 -0.838
v -210.202 -157.852 -0.832
v -206.662 -152.347 -0.832
v -192.999 -161.134 -0.828
v -192.255 -162.251 -0.828
v -192.293 -163.598 -0.827
v -264.186 -173.521 65.988
v -252.414 -181.176 65.991
v -252.005 -180.547 65.991
v -253.255 -179.734 65.991
v -234.711 -151.217 65.991
v -245.232 -144.375 65.988
v -208.443 -158.995 58.552
v -213.553 -155.672 58.551
v -214.269 -156.774 58.551
v -210.418 -159.278 58.552
v -214.676 -165.826 58.552
v -213.417 -166.645 58.552
v -235.185 -150.908 58.546
v -233.918 -151.733 58.546
v -230.496 -146.47 58.546
v -226.645 -148.974 58.547
v -225.815 -147.699 58.547
v -230.934 -144.37 58.546
v -240.212 -197.355 58.546
v -235.415 -200.474 58.547
v -230.329 -192.651 58.547
v -231.274 -192.036 58.547
v -235.719 -198.871 58.547
v -239.57 -196.367 58.546
v -223.085 -158.777 62.974
v -241.628 -187.294 62.974
v -236.718 -190.487 62.976
v -218.174 -161.97 62.975
v -225.94 -202.984 22.125
v -203.001 -166.665 22.124
v -209.49 -162.568 22.122
v -232.429 -198.887 22.123
v -207.855 -175.677 25.419
v -219.834 -194.448 25.42
v -212.034 -199.425 25.422
v -211.093 -199.591 25.422
v -210.057 -199.253 25.422
v -208.977 -197.943 25.422
v -208.078 -196.22 25.422
v -208.179 -194.847 25.422
v -209.007 -194.308 25.422
v -203.292 -185.52 25.422
v -202.526 -186.019 25.422
v -201.529 -185.67 25.422
v -200.474 -184.645 25.422
v -199.674 -183.028 25.422
v -199.605 -181.823 25.422
v -200.338 -180.474 25.422
v -218.173 -161.971 58.145
v -236.717 -190.488 58.146
v -252.003 -180.548 58.141
v -252.412 -181.177 58.141
v -252.624 -181.039 58.141
v -255.771 -185.878 58.141
v -251.92 -188.383 58.142
v -252.541 -189.338 58.142
v -240.212 -197.355 58.146
v -239.57 -196.367 58.146
v -235.719 -198.871 58.147
v -231.274 -192.037 58.147
v -230.329 -192.652 58.147
v -213.417 -166.645 58.147
v -214.676 -165.826 58.147
v -210.418 -159.278 58.147
v -214.269 -156.774 58.146
v -213.553 -155.672 58.146
v -225.815 -147.699 58.142
v -226.645 -148.974 58.142
v -230.496 -146.47 58.141
v -233.918 -151.733 58.141
v -203.289 -185.522 9.487
v -209.004 -194.31 9.487
v -208.175 -194.849 9.487
v -208.115 -195.673 9.487
v -202.04 -199.525 9.489
v -195.78 -189.651 9.489
v -201.867 -185.792 9.487
v -202.522 -186.021 9.487
v -223.086 -158.776 66.824
v -234.711 -151.217 66.821
v -253.255 -179.734 66.821
v -241.629 -187.294 66.824
v -256.634 -161.933 8.603
v -252.859 -156.127 8.603
v -262.04 -150.306 8.6
v -265.748 -156.154 8.6
v -255.771 -185.878 58.541
v -252.624 -181.039 58.541
v -254.02 -180.131 58.541
v -257.788 -185.926 58.541
v -252.541 -189.338 58.542
v -251.92 -188.382 58.542
v -240.426 -205.467 8.582
v -246.252 -201.706 8.58
v -248.095 -204.495 8.581
v -242.308 -208.317 8.582
v -210.206 -157.849 19.882
v -208.435 -159.0 19.882
v -235.408 -200.479 19.882
v -255.414 -187.471 19.877
v -258.993 -192.975 19.877
v -258.956 -193.867 19.877
v -258.526 -194.586 19.877
v -257.877 -195.124 19.877
v -257.044 -195.465 19.877
v -255.945 -195.448 19.878
v -237.697 -207.229 19.883
v -233.352 -210.034 19.884
v -232.886 -211.087 19.884
v -232.268 -211.657 19.885
v -231.363 -212.015 19.885
v -230.344 -211.963 19.885
v -226.667 -214.323 19.886
v -225.668 -214.357 19.886
v -224.547 -213.948 19.887
v -214.314 -197.971 19.886
v -219.833 -194.449 19.885
v -207.854 -175.678 19.884
v -202.304 -179.219 19.886
v -192.297 -163.595 19.886
v -192.259 -162.248 19.886
v -193.004 -161.131 19.885
v -197.627 -158.158 19.884
v -206.666 -152.344 19.881
v -232.429 -198.887 19.883
v -209.489 -162.568 19.882
v -203.001 -166.665 19.884
v -225.94 -202.984 19.885
v -256.632 -161.934 -0.84
v -256.634 -161.933 8.603
v -265.748 -156.154 8.6
v -265.746 -156.155 -0.843
v -230.496 -146.47 58.141
v -226.645 -148.974 58.142
v -226.645 -148.974 58.547
v -230.496 -146.47 58.546
v -201.529 -185.67 25.422
v -202.526 -186.019 25.422
v -202.522 -186.021 9.487
v -201.867 -185.792 9.487
v -201.865 -185.793 -0.826
v -201.524 -185.674 -0.826
v -200.338 -180.474 25.422
v -199.605 -181.823 25.422
v -199.6 -181.826 -0.826
v -200.333 -180.477 -0.827
v -265.748 -156.154 8.6
v -262.04 -150.306 8.6
v -262.038 -150.307 -0.843
v -265.746 -156.155 -0.843
v -203.289 -185.522 9.487
v -202.522 -186.021 9.487
v -202.526 -186.019 25.422
v -203.292 -185.52 25.422
v -209.004 -194.31 9.487
v -203.289 -185.522 9.487
v -203.292 -185.52 25.422
v -209.007 -194.308 25.422
v -224.547 -213.948 19.887
v -225.668 -214.357 19.886
v -225.664 -214.36 -0.827
v -224.543 -213.951 -0.827
v -225.94 -202.984 19.885
v -203.001 -166.665 19.884
v -203.001 -166.665 22.124
v -225.94 -202.984 22.125
v -202.3 -179.222 -0.827
v -202.304 -179.219 19.886
v -207.854 -175.678 19.884
v -207.855 -175.677 25.419
v -200.338 -180.474 25.422
v -200.333 -180.477 -0.827
v -210.206 -157.849 19.882
v -210.202 -157.852 -0.832
v -230.922 -144.378 -0.838
v -230.934 -144.37 58.546
v -225.815 -147.699 58.547
v -225.815 -147.699 58.142
v -213.553 -155.672 58.146
v -213.553 -155.672 58.551
v -208.443 -158.995 58.552
v -208.435 -159.0 19.882
v -235.415 -200.474 58.547
v -235.408 -200.479 19.882
v -208.435 -159.0 19.882
v -208.443 -158.995 58.552
v -213.417 -166.645 58.552
v -213.417 -166.645 58.147
v -230.329 -192.652 58.147
v -230.329 -192.651 58.547
v -255.771 -185.878 58.141
v -252.624 -181.039 58.141
v -252.624 -181.039 58.541
v -255.771 -185.878 58.541
v -237.697 -207.229 19.883
v -255.945 -195.448 19.878
v -255.94 -195.451 -0.836
v -246.25 -201.707 -0.833
v -246.252 -201.706 8.58
v -240.426 -205.467 8.582
v -240.424 -205.469 -0.831
v -233.348 -210.037 -0.829
v -233.352 -210.034 19.884
v -245.232 -144.375 65.988
v -234.711 -151.217 65.991
v -234.711 -151.217 66.821
v -223.086 -158.776 66.824
v -223.085 -158.777 62.974
v -218.174 -161.97 62.975
v -218.173 -161.971 58.145
v -233.918 -151.733 58.141
v -233.918 -151.733 58.546
v -235.185 -150.908 58.546
v -235.174 -150.916 -0.838
v -245.219 -144.384 -0.841
v -257.044 -195.465 19.877
v -257.877 -195.124 19.877
v -257.873 -195.127 -0.836
v -257.04 -195.468 -0.836
v -264.186 -173.521 65.988
v -245.232 -144.375 65.988
v -245.219 -144.384 -0.841
v -252.857 -156.129 -0.84
v -252.859 -156.127 8.603
v -256.634 -161.933 8.603
v -256.632 -161.934 -0.84
v -264.173 -173.53 -0.84
v -254.008 -180.14 -0.837
v -254.02 -180.131 58.541
v -252.624 -181.039 58.541
v -252.624 -181.039 58.141
v -252.412 -181.177 58.141
v -252.414 -181.176 65.991
v -264.186 -173.521 65.988
v -264.173 -173.53 -0.84
v -201.865 -185.793 -0.826
v -201.867 -185.792 9.487
v -195.78 -189.651 9.489
v -195.778 -189.653 -0.824
v -258.956 -193.867 19.877
v -258.993 -192.975 19.877
v -258.989 -192.978 -0.837
v -258.952 -193.87 -0.836
v -214.31 -197.974 -0.827
v -214.314 -197.971 19.886
v -224.547 -213.948 19.887
v -224.543 -213.951 -0.827
v -254.02 -180.131 58.541
v -254.008 -180.14 -0.837
v -257.777 -185.934 -0.837
v -257.788 -185.926 58.541
v -251.92 -188.383 58.142
v -255.771 -185.878 58.141
v -255.771 -185.878 58.541
v -251.92 -188.382 58.542
v -233.918 -151.733 58.141
v -230.496 -146.47 58.141
v -230.496 -146.47 58.546
v -233.918 -151.733 58.546
v -226.667 -214.323 19.886
v -230.344 -211.963 19.885
v -230.34 -211.966 -0.828
v -226.663 -214.326 -0.827
v -252.003 -180.548 58.141
v -236.717 -190.488 58.146
v -236.718 -190.487 62.976
v -241.628 -187.294 62.974
v -241.629 -187.294 66.824
v -253.255 -179.734 66.821
v -253.255 -179.734 65.991
v -252.005 -180.547 65.991
v -232.268 -211.657 19.885
v -232.886 -211.087 19.884
v -232.882 -211.09 -0.829
v -232.263 -211.66 -0.829
v -206.666 -152.344 19.881
v -197.627 -158.158 19.884
v -193.004 -161.131 19.885
v -192.999 -161.134 -0.828
v -206.662 -152.347 -0.832
v -235.408 -200.479 19.882
v -235.415 -200.474 58.547
v -240.212 -197.355 58.546
v -240.212 -197.355 58.146
v -252.541 -189.338 58.142
v -252.541 -189.338 58.542
v -257.788 -185.926 58.541
v -257.777 -185.934 -0.837
v -255.41 -187.473 -0.837
v -255.414 -187.471 19.877
v -232.886 -211.087 19.884
v -233.352 -210.034 19.884
v -233.348 -210.037 -0.829
v -232.882 -211.09 -0.829
v -255.414 -187.471 19.877
v -255.41 -187.473 -0.837
v -258.989 -192.978 -0.837
v -258.993 -192.975 19.877
v -208.078 -196.22 25.422
v -208.977 -197.943 25.422
v -208.972 -197.947 -0.826
v -208.073 -196.223 -0.826
v -213.553 -155.672 58.146
v -214.269 -156.774 58.146
v -214.269 -156.774 58.551
v -213.553 -155.672 58.551
v -258.526 -194.586 19.877
v -258.956 -193.867 19.877
v -258.952 -193.87 -0.836
v -258.522 -194.589 -0.836
v -225.668 -214.357 19.886
v -226.667 -214.323 19.886
v -226.663 -214.326 -0.827
v -225.664 -214.36 -0.827
v -195.78 -189.651 9.489
v -202.04 -199.525 9.489
v -202.038 -199.527 -0.824
v -195.778 -189.653 -0.824
v -242.308 -208.317 8.582
v -248.095 -204.495 8.581
v -248.093 -204.496 -0.833
v -242.307 -208.318 -0.831
v -208.113 -195.675 -0.826
v -208.115 -195.673 9.487
v -208.175 -194.849 9.487
v -208.179 -194.847 25.422
v -208.078 -196.22 25.422
v -208.073 -196.223 -0.826
v -210.202 -157.852 -0.832
v -210.206 -157.849 19.882
v -206.666 -152.344 19.881
v -206.662 -152.347 -0.832
v -240.424 -205.469 -0.831
v -240.426 -205.467 8.582
v -242.308 -208.317 8.582
v -242.307 -208.318 -0.831
v -226.645 -148.974 58.142
v -225.815 -147.699 58.142
v -225.815 -147.699 58.547
v -226.645 -148.974 58.547
v -207.854 -175.678 19.884
v -219.833 -194.449 19.885
v -219.834 -194.448 25.42
v -207.855 -175.677 25.419
v -235.174 -150.916 -0.838
v -235.185 -150.908 58.546
v -230.934 -144.37 58.546
v -230.922 -144.378 -0.838
v -211.093 -199.591 25.422
v -212.034 -199.425 25.422
v -212.029 -199.429 -0.826
v -211.088 -199.595 -0.826
v -246.252 -201.706 8.58
v -246.25 -201.707 -0.833
v -248.093 -204.496 -0.833
v -248.095 -204.495 8.581
v -214.269 -156.774 58.146
v -210.418 -159.278 58.147
v -210.418 -159.278 58.552
v -214.269 -156.774 58.551
v -252.541 -189.338 58.142
v -251.92 -188.383 58.142
v -251.92 -188.382 58.542
v -252.541 -189.338 58.542
v -255.945 -195.448 19.878
v -257.044 -195.465 19.877
v -257.04 -195.468 -0.836
v -255.94 -195.451 -0.836
v -192.259 -162.248 19.886
v -192.297 -163.595 19.886
v -192.293 -163.598 -0.827
v -192.255 -162.251 -0.828
v -208.977 -197.943 25.422
v -210.057 -199.253 25.422
v -210.052 -199.257 -0.826
v -208.972 -197.947 -0.826
v -231.274 -192.037 58.147
v -235.719 -198.871 58.147
v -235.719 -198.871 58.547
v -231.274 -192.036 58.547
v -203.001 -166.665 19.884
v -209.489 -162.568 19.882
v -209.49 -162.568 22.122
v -203.001 -166.665 22.124
v -209.489 -162.568 19.882
v -232.429 -198.887 19.883
v -232.429 -198.887 22.123
v -209.49 -162.568 22.122
v -208.115 -195.673 9.487
v -208.113 -195.675 -0.826
v -202.038 -199.527 -0.824
v -202.04 -199.525 9.489
v -234.711 -151.217 65.991
v -253.255 -179.734 65.991
v -253.255 -179.734 66.821
v -234.711 -151.217 66.821
v -230.329 -192.652 58.147
v -231.274 -192.037 58.147
v -231.274 -192.036 58.547
v -230.329 -192.651 58.547
v -214.676 -165.826 58.147
v -213.417 -166.645 58.147
v -213.417 -166.645 58.552
v -214.676 -165.826 58.552
v -252.859 -156.127 8.603
v -252.857 -156.129 -0.84
v -262.038 -150.307 -0.843
v -262.04 -150.306 8.6
v -193.004 -161.131 19.885
v -192.259 -162.248 19.886
v -192.255 -162.251 -0.828
v -192.999 -161.134 -0.828
v -202.304 -179.219 19.886
v -202.3 -179.222 -0.827
v -192.293 -163.598 -0.827
v -192.297 -163.595 19.886
v -208.175 -194.849 9.487
v -209.004 -194.31 9.487
v -209.007 -194.308 25.422
v -208.179 -194.847 25.422
v -236.717 -190.488 58.146
v -218.173 -161.971 58.145
v -218.174 -161.97 62.975
v -236.718 -190.487 62.976
v -241.628 -187.294 62.974
v -223.085 -158.777 62.974
v -223.086 -158.776 66.824
v -241.629 -187.294 66.824
v -235.719 -198.871 58.147
v -239.57 -196.367 58.146
v -239.57 -196.367 58.546
v -235.719 -198.871 58.547
v -239.57 -196.367 58.146
v -240.212 -197.355 58.146
v -240.212 -197.355 58.546
v -239.57 -196.367 58.546
v -210.418 -159.278 58.147
v -214.676 -165.826 58.147
v -214.676 -165.826 58.552
v -210.418 -159.278 58.552
v -231.363 -212.015 19.885
v -232.268 -211.657 19.885
v -232.263 -211.66 -0.829
v -231.358 -212.018 -0.828
v -230.344 -211.963 19.885
v -231.363 -212.015 19.885
v -231.358 -212.018 -0.828
v -230.34 -211.966 -0.828
v -210.057 -199.253 25.422
v -211.093 -199.591 25.422
v -211.088 -199.595 -0.826
v -210.052 -199.257 -0.826
v -199.605 -181.823 25.422
v -199.674 -183.028 25.422
v -199.668 -183.032 -0.826
v -199.6 -181.826 -0.826
v -232.429 -198.887 19.883
v -225.94 -202.984 19.885
v -225.94 -202.984 22.125
v -232.429 -198.887 22.123
v -252.414 -181.176 65.991
v -252.412 -181.177 58.141
v -252.003 -180.548 58.141
v -252.005 -180.547 65.991
v -257.877 -195.124 19.877
v -258.526 -194.586 19.877
v -258.522 -194.589 -0.836
v -257.873 -195.127 -0.836
v -212.034 -199.425 25.422
v -219.834 -194.448 25.42
v -219.833 -194.449 19.885
v -214.314 -197.971 19.886
v -214.31 -197.974 -0.827
v -212.029 -199.429 -0.826
v -200.474 -184.645 25.422
v -201.529 -185.67 25.422
v -201.524 -185.674 -0.826
v -200.469 -184.649 -0.826
v -199.674 -183.028 25.422
v -200.474 -184.645 25.422
v -200.469 -184.649 -0.826
v -199.668 -183.032 -0.826
f 5629 5677 5678
f 5677 5675 5676
f 5674 5672 5673
f 5672 5670 5671
f 5670 5668 5669
f 5667 5665 5666
f 5665 5663 5664
f 5663 5661 5662
f 5661 5659 5660
f 5659 5657 5658
f 5656 5654 5655
f 5652 5650 5651
f 5650 5648 5649
f 5648 5646 5647
f 5646 5644 5645
f 5644 5642 5643
f 5642 5640 5641
f 5640 5638 5639
f 5638 5636 5637
f 5635 5633 5634
f 5633 5631 5632
f 5631 5629 5630
f 5629 5675 5677
f 5674 5670 5672
f 5670 5667 5668
f 5663 5659 5661
f 5656 5653 5654
f 5652 5648 5650
f 5648 5644 5646
f 5644 5640 5642
f 5638 5635 5636
f 5635 5631 5633
f 5629 5674 5675
f 5674 5667 5670
f 5663 5657 5659
f 5657 5653 5656
f 5653 5648 5652
f 5644 5638 5640
f 5638 5631 5635
f 5629 5667 5674
f 5665 5657 5663
f 5657 5648 5653
f 5644 5631 5638
f 5631 5667 5629
f 5665 5648 5657
f 5648 5631 5644
f 5631 5665 5667
f 5665 5631 5648
f 5683 5684 5679
f 5679 5680 5681
f 5682 5683 5679
f 5679 5681 5682
f 5689 5690 5685
f 5685 5686 5687
f 5688 5689 5685
f 5685 5687 5688
f 5696 5691 5692
f 5693 5694 5695
f 5696 5692 5693
f 5693 5695 5696
f 5701 5702 5697
f 5698 5699 5700
f 5701 5697 5698
f 5698 5700 5701
f 5705 5706 5703
f 5703 5704 5705
f 5709 5710 5707
f 5707 5708 5709
f 5725 5726 5711
f 5711 5712 5713
f 5713 5714 5715
f 5715 5716 5717
f 5717 5718 5719
f 5720 5721 5722
f 5722 5723 5724
f 5724 5725 5711
f 5711 5713 5715
f 5715 5717 5719
f 5720 5722 5724
f 5711 5715 5719
f 5720 5724 5711
f 5711 5719 5720
f 5747 5748 5727
f 5728 5729 5730
f 5730 5731 5732
f 5733 5734 5735
f 5736 5737 5738
f 5738 5739 5740
f 5741 5742 5743
f 5743 5744 5745
f 5746 5747 5727
f 5728 5730 5732
f 5733 5735 5736
f 5736 5738 5740
f 5741 5743 5745
f 5745 5746 5727
f 5728 5732 5733
f 5736 5740 5741
f 5741 5745 5727
f 5728 5733 5736
f 5736 5741 5727
f 5727 5728 5736
f 5756 5749 5750
f 5751 5752 5753
f 5753 5754 5755
f 5755 5756 5750
f 5751 5753 5755
f 5755 5750 5751
f 5759 5760 5757
f 5757 5758 5759
f 5763 5764 5761
f 5761 5762 5763
f 5769 5770 5765
f 5765 5766 5767
f 5768 5769 5765
f 5765 5767 5768
f 5773 5774 5771
f 5771 5772 5773
f 5806 5803 5777
f 5777 5778 5779
f 5779 5780 5781
f 5781 5782 5783
f 5784 5785 5786
f 5786 5787 5788
f 5788 5789 5790
f 5790 5791 5792
f 5792 5793 5794
f 5796 5797 5798
f 5798 5799 5800
f 5801 5802 5775
f 5777 5779 5781
f 5781 5783 5784
f 5786 5788 5790
f 5790 5792 5794
f 5796 5798 5800
f 5800 5801 5775
f 5776 5777 5803
f 5806 5777 5781
f 5784 5786 5790
f 5790 5794 5795
f 5800 5775 5776
f 5776 5803 5804
f 5806 5781 5784
f 5800 5776 5804
f 5806 5784 5790
f 5800 5804 5805
f 5806 5790 5795
f 5796 5800 5805
f 5805 5806 5795
f 5795 5796 5805
f 5809 5810 5807
f 5807 5808 5809
f 5813 5814 5811
f 5811 5812 5813
f 5819 5820 5815
f 5815 5816 5817
f 5818 5819 5815
f 5815 5817 5818
f 5823 5824 5821
f 5821 5822 5823
f 5826 5828 5825
f 5828 5826 5827
f 5831 5832 5829
f 5829 5830 5831
f 5835 5836 5833
f 5833 5834 5835
f 5839 5840 5837
f 5837 5838 5839
f 5843 5844 5841
f 5841 5842 5843
f 5846 5850 5845
f 5849 5847 5848
f 5846 5849 5850
f 5849 5846 5847
f 5851 5859 5860
f 5859 5857 5858
f 5856 5854 5855
f 5854 5852 5853
f 5851 5857 5859
f 5856 5852 5854
f 5852 5857 5851
f 5857 5852 5856
f 5867 5868 5861
f 5861 5862 5863
f 5863 5864 5865
f 5867 5861 5863
f 5863 5865 5866
f 5866 5867 5863
f 5871 5872 5869
f 5869 5870 5871
f 5880 5881 5873
f 5873 5874 5875
f 5875 5876 5877
f 5878 5879 5880
f 5873 5875 5877
f 5878 5880 5873
f 5873 5877 5878
f 5883 5893 5882
f 5893 5891 5892
f 5890 5888 5889
f 5888 5886 5887
f 5886 5884 5885
f 5883 5891 5893
f 5890 5886 5888
f 5886 5883 5884
f 5883 5890 5891
f 5890 5883 5886
f 5896 5897 5894
f 5894 5895 5896
f 5899 5905 5898
f 5905 5903 5904
f 5902 5900 5901
f 5899 5903 5905
f 5902 5899 5900
f 5899 5902 5903
f 5912 5913 5906
f 5908 5909 5910
f 5912 5906 5907
f 5908 5910 5911
f 5911 5912 5907
f 5907 5908 5911
f 5915 5917 5914
f 5917 5915 5916
f 5919 5921 5918
f 5921 5919 5920
f 5924 5925 5922
f 5922 5923 5924
f 5927 5929 5926
f 5929 5927 5928
f 5931 5933 5930
f 5933 5931 5932
f 5936 5937 5934
f 5934 5935 5936
f 5940 5941 5938
f 5938 5939 5940
f 5949 5942 5943
f 5943 5944 5945
f 5945 5946 5947
f 5947 5948 5949
f 5949 5943 5945
f 5945 5947 5949
f 5952 5953 5950
f 5950 5951 5952
f 5955 5958 5954
f 5958 5956 5957
f 5956 5958 5955
f 5968 5959 5960
f 5960 5961 5962
f 5963 5964 5965
f 5965 5966 5967
f 5968 5960 5962
f 5965 5967 5968
f 5968 5962 5963
f 5963 5965 5968
f 5970 5972 5969
f 5972 5970 5971
f 5974 5976 5973
f 5976 5974 5975
f 5979 5980 5977
f 5977 5978 5979
f 5982 5984 5981
f 5984 5982 5983
f 5986 5988 5985
f 5988 5986 5987
f 5991 5992 5989
f 5989 5990 5991
f 5995 5996 5993
f 5993 5994 5995
f 5999 6000 5997
f 5997 5998 5999
f 6005 6006 6001
f 6002 6003 6004
f 6005 6001 6002
f 6002 6004 6005
f 6008 6010 6007
f 6010 6008 6009
f 6013 6014 6011
f 6011 6012 6013
f 6017 6018 6015
f 6015 6016 6017
f 6020 6022 6019
f 6022 6020 6021
f 6024 6026 6023
f 6026 6024 6025
f 6029 6030 6027
f 6027 6028 6029
f 6032 6034 6031
f 6034 6032 6033
f 6037 6038 6035
f 6035 6036 6037
f 6041 6042 6039
f 6039 6040 6041
f 6045 6046 6043
f 6043 6044 6045
f 6049 6050 6047
f 6047 6048 6049
f 6053 6054 6051
f 6051 6052 6053
f 6056 6058 6055
f 6058 6056 6057
f 6060 6062 6059
f 6062 6060 6061
f 6064 6066 6063
f 6066 6064 6065
f 6069 6070 6067
f 6067 6068 6069
f 6072 6074 6071
f 6074 6072 6073
f 6076 6078 6075
f 6078 6076 6077
f 6081 6082 6079
f 6079 6080 6081
f 6084 6086 6083
f 6086 6084 6085
f 6089 6090 6087
f 6087 6088 6089
f 6093 6094 6091
f 6091 6092 6093
f 6096 6098 6095
f 6098 6096 6097
f 6101 6102 6099
f 6099 6100 6101
f 6105 6106 6103
f 6103 6104 6105
f 6108 6110 6107
f 6110 6108 6109
f 6112 6114 6111
f 6114 6112 6113
f 6116 6118 6115
f 6118 6116 6117
f 6121 6122 6119
f 6119 6120 6121
f 6125 6126 6123
f 6123 6124 6125
f 6129 6130 6127
f 6127 6128 6129
f 6133 6134 6131
f 6131 6132 6133
f 6137 6138 6135
f 6135 6136 6137
f 6141 6142 6139
f 6139 6140 6141
f 6145 6146 6143
f 6143 6144 6145
f 6151 6152 6147
f 6147 6148 6149
f 6150 6151 6147
f 6147 6149 6150
f 6155 6156 6153
f 6153 6154 6155
f 6159 6160 6157
f 6157 6158 6159
o bldg_81de699e-802c-4794-b57f-323afa19ece9
v -247.329 -51.93 0.507
v -257.445 -45.682 0.504
v -241.807 -20.36 0.504
v -231.69 -26.608 0.507
v -240.912 -41.532 20.666
v -251.029 -35.284 20.663
v -257.449 -45.679 20.663
v -247.333 -51.927 20.666
v -244.709 -39.187 25.2
v -241.816 -34.503 25.2
v -248.137 -30.599 25.198
v -251.03 -35.283 25.198
v -241.811 -20.358 20.663
v -248.136 -30.6 20.663
v -238.019 -36.848 20.666
v -231.694 -26.606 20.666
v -238.021 -36.847 25.826
v -241.816 -34.503 25.825
v -244.709 -39.187 25.825
v -240.913 -41.531 25.826
v -241.807 -20.36 0.504
v -257.445 -45.682 0.504
v -257.449 -45.679 20.663
v -251.029 -35.284 20.663
v -251.03 -35.283 25.198
v -248.137 -30.599 25.198
v -248.136 -30.6 20.663
v -241.811 -20.358 20.663
v -247.333 -51.927 20.666
v -257.449 -45.679 20.663
v -257.445 -45.682 0.504
v -247.329 -51.93 0.507
v -251.029 -35.284 20.663
v -240.912 -41.532 20.666
v -240.913 -41.531 25.826
v -244.709 -39.187 25.825
v -244.709 -39.187 25.2
v -251.03 -35.283 25.198
v -248.137 -30.599 25.198
v -241.816 -34.503 25.2
v -241.816 -34.503 25.825
v -238.021 -36.847 25.826
v -238.019 -36.848 20.666
v -248.136 -30.6 20.663
v -241.816 -34.503 25.2
v -244.709 -39.187 25.2
v -244.709 -39.187 25.825
v -241.816 -34.503 25.825
v -241.811 -20.358 20.663
v -231.694 -26.606 20.666
v -231.69 -26.608 0.507
v -241.807 -20.36 0.504
v -231.694 -26.606 20.666
v -238.019 -36.848 20.666
v -238.021 -36.847 25.826
v -240.913 -41.531 25.826
v -240.912 -41.532 20.666
v -247.333 -51.927 20.666
v -247.329 -51.93 0.507
v -231.69 -26.608 0.507
f 6162 6164 6161
f 6164 6162 6163
f 6167 6168 6165
f 6165 6166 6167
f 6171 6172 6169
f 6169 6170 6171
f 6175 6176 6173
f 6173 6174 6175
f 6179 6180 6177
f 6177 6178 6179
f 6182 6188 6181
f 6187 6185 6186
f 6184 6182 6183
f 6182 6187 6188
f 6187 6184 6185
f 6184 6187 6182
f 6191 6192 6189
f 6189 6190 6191
f 6197 6198 6193
f 6193 6194 6195
f 6195 6196 6197
f 6197 6193 6195
f 6200 6204 6199
f 6204 6202 6203
f 6202 6200 6201
f 6200 6202 6204
f 6206 6208 6205
f 6208 6206 6207
f 6210 6212 6209
f 6212 6210 6211
f 6219 6220 6213
f 6214 6215 6216
f 6217 6218 6219
f 6219 6213 6214
f 6214 6216 6217
f 6217 6219 6214
o bldg_970a88fd-23e2-48e9-8311-2f5fe030bd3f
v -235.255 45.096 0.738
v -234.053 44.394 0.739
v -232.066 47.794 0.739
v -221.849 41.825 0.741
v -223.836 38.425 0.741
v -222.705 37.764 0.742
v -221.422 39.962 0.742
v -193.561 23.685 0.749
v -194.924 21.397 0.749
v -192.963 20.251 0.75
v -197.707 12.132 0.749
v -199.735 13.317 0.749
v -203.09 7.684 0.749
v -201.094 6.519 0.749
v -206.013 -1.902 0.749
v -208.079 -0.695 0.749
v -209.099 -2.408 0.749
v -236.741 13.741 0.741
v -235.735 15.462 0.741
v -236.865 16.123 0.741
v -238.667 13.039 0.741
v -248.884 19.008 0.738
v -247.082 22.092 0.738
v -248.284 22.794 0.738
v -249.257 21.13 0.738
v -290.082 44.981 0.728
v -288.801 47.173 0.728
v -290.821 48.354 0.727
v -286.053 56.514 0.727
v -284.695 55.72 0.728
v -281.363 61.422 0.728
v -282.645 62.171 0.727
v -277.877 70.332 0.728
v -275.842 69.142 0.728
v -274.73 71.046 0.728
v -233.997 47.248 0.738
v -236.879 16.13 71.35
v -223.85 38.432 71.35
v -234.067 44.401 71.347
v -247.096 22.1 71.347
v -192.974 20.257 51.303
v -195.492 21.728 51.303
v -200.235 13.609 51.303
v -197.717 12.138 51.303
v -201.104 6.524 51.008
v -203.623 7.996 51.007
v -208.542 -0.425 51.007
v -206.024 -1.896 51.008
v -209.109 -2.402 47.928
v -208.089 -0.689 47.928
v -235.744 15.468 47.92
v -236.75 13.746 47.92
v -234.007 47.254 51.707
v -274.739 71.051 51.697
v -275.851 69.147 51.697
v -275.342 68.85 51.697
v -275.88 67.93 51.697
v -236.181 44.736 51.707
v -235.789 45.408 51.707
v -235.265 45.101 51.707
v -248.294 22.8 51.817
v -248.818 23.106 51.817
v -247.588 25.212 51.817
v -287.364 48.451 51.807
v -288.286 46.872 51.807
v -288.811 47.179 51.807
v -290.091 44.986 51.807
v -249.267 21.135 51.817
v -223.849 38.432 67.935
v -228.482 30.502 67.935
v -226.995 29.633 67.935
v -222.362 37.563 67.936
v -247.095 22.099 67.847
v -242.27 30.358 67.847
v -243.996 31.366 67.847
v -248.821 23.108 67.847
v -236.878 16.13 66.435
v -247.095 22.099 66.432
v -248.897 19.015 66.432
v -238.68 13.046 66.435
v -283.519 55.033 54.722
v -286.064 56.52 54.721
v -290.831 48.359 54.721
v -288.287 46.873 54.722
v -232.039 24.413 67.935
v -236.878 16.13 67.935
v -235.391 15.261 67.935
v -230.552 23.545 67.935
v -238.651 36.552 66.552
v -240.377 37.561 66.552
v -243.996 31.366 66.552
v -242.27 30.358 66.552
v -226.995 29.633 67.19
v -228.482 30.501 67.19
v -232.039 24.413 67.19
v -230.552 23.545 67.19
v -208.542 -0.425 49.572
v -206.942 2.313 49.572
v -233.788 17.998 49.565
v -235.388 15.259 49.565
v -238.651 36.552 68.237
v -234.066 44.401 68.237
v -235.792 45.409 68.237
v -240.378 37.561 68.237
v -234.066 44.401 66.372
v -223.849 38.431 66.375
v -221.862 41.832 66.375
v -232.079 47.801 66.373
v -275.88 67.93 53.022
v -276.889 66.203 53.022
v -237.19 43.009 53.032
v -236.181 44.736 53.032
v -275.343 68.85 54.722
v -277.888 70.337 54.721
v -282.655 62.176 54.721
v -280.111 60.69 54.722
v -196.858 19.389 49.638
v -195.843 21.126 49.638
v -222.762 36.853 49.631
v -223.777 35.116 49.63
v -222.358 37.561 47.921
v -233.788 17.997 47.92
v -206.942 2.313 47.927
v -203.622 7.995 47.927
v -203.099 7.69 47.928
v -199.745 13.322 47.928
v -200.235 13.609 47.928
v -196.858 19.389 47.928
v -223.777 35.116 47.92
v -222.762 36.853 47.921
v -195.843 21.126 47.928
v -195.491 21.728 47.928
v -194.934 21.402 47.928
v -193.571 23.69 47.928
v -221.431 39.967 47.92
v -222.715 37.769 47.92
v -283.518 55.033 50.207
v -287.364 48.45 50.207
v -247.588 25.212 50.217
v -237.19 43.009 50.217
v -276.889 66.203 50.207
v -280.11 60.689 50.207
v -281.373 61.427 50.207
v -284.704 55.725 50.206
v -284.695 55.72 0.728
v -284.704 55.725 50.206
v -281.373 61.427 50.207
v -281.363 61.422 0.728
v -206.942 2.313 47.927
v -233.788 17.997 47.92
v -233.788 17.998 49.565
v -206.942 2.313 49.572
v -286.064 56.52 54.721
v -283.519 55.033 54.722
v -283.518 55.033 50.207
v -284.704 55.725 50.206
v -284.695 55.72 0.728
v -286.053 56.514 0.727
v -234.053 44.394 0.739
v -234.066 44.401 66.372
v -232.079 47.801 66.373
v -232.066 47.794 0.739
v -230.552 23.545 67.19
v -232.039 24.413 67.19
v -232.039 24.413 67.935
v -230.552 23.545 67.935
v -274.739 71.051 51.697
v -234.007 47.254 51.707
v -233.997 47.248 0.738
v -274.73 71.046 0.728
v -243.996 31.366 67.847
v -243.996 31.366 66.552
v -240.377 37.561 66.552
v -240.378 37.561 68.237
v -235.792 45.409 68.237
v -235.789 45.408 51.707
v -236.181 44.736 51.707
v -236.181 44.736 53.032
v -237.19 43.009 53.032
v -237.19 43.009 50.217
v -247.588 25.212 50.217
v -247.588 25.212 51.817
v -248.818 23.106 51.817
v -248.821 23.108 67.847
v -275.343 68.85 54.722
v -280.111 60.69 54.722
v -280.11 60.689 50.207
v -276.889 66.203 50.207
v -276.889 66.203 53.022
v -275.88 67.93 53.022
v -275.88 67.93 51.697
v -275.342 68.85 51.697
v -247.095 22.099 66.432
v -247.082 22.092 0.738
v -248.884 19.008 0.738
v -248.897 19.015 66.432
v -238.68 13.046 66.435
v -248.897 19.015 66.432
v -248.884 19.008 0.738
v -238.667 13.039 0.741
v -247.096 22.1 71.347
v -247.095 22.099 67.847
v -248.821 23.108 67.847
v -248.818 23.106 51.817
v -248.294 22.8 51.817
v -248.284 22.794 0.738
v -247.082 22.092 0.738
v -247.095 22.099 66.432
v -236.878 16.13 66.435
v -236.865 16.123 0.741
v -235.735 15.462 0.741
v -235.744 15.468 47.92
v -208.089 -0.689 47.928
v -208.079 -0.695 0.749
v -206.013 -1.902 0.749
v -206.024 -1.896 51.008
v -208.542 -0.425 51.007
v -208.542 -0.425 49.572
v -235.388 15.259 49.565
v -235.391 15.261 67.935
v -236.878 16.13 67.935
v -236.879 16.13 71.35
v -228.482 30.501 67.19
v -226.995 29.633 67.19
v -226.995 29.633 67.935
v -228.482 30.502 67.935
v -290.831 48.359 54.721
v -286.064 56.52 54.721
v -286.053 56.514 0.727
v -290.821 48.354 0.727
v -195.843 21.126 47.928
v -195.843 21.126 49.638
v -196.858 19.389 49.638
v -196.858 19.389 47.928
v -200.235 13.609 47.928
v -200.235 13.609 51.303
v -195.492 21.728 51.303
v -195.491 21.728 47.928
v -221.431 39.967 47.92
v -193.571 23.69 47.928
v -193.561 23.685 0.749
v -221.422 39.962 0.742
v -192.974 20.257 51.303
v -197.717 12.138 51.303
v -197.707 12.132 0.749
v -192.963 20.251 0.75
v -288.801 47.173 0.728
v -288.811 47.179 51.807
v -288.286 46.872 51.807
v -288.287 46.873 54.722
v -290.831 48.359 54.721
v -290.821 48.354 0.727
v -203.09 7.684 0.749
v -203.099 7.69 47.928
v -203.622 7.995 47.927
v -203.623 7.996 51.007
v -201.104 6.524 51.008
v -201.094 6.519 0.749
v -203.622 7.995 47.927
v -206.942 2.313 47.927
v -206.942 2.313 49.572
v -208.542 -0.425 49.572
v -208.542 -0.425 51.007
v -203.623 7.996 51.007
v -195.843 21.126 49.638
v -195.843 21.126 47.928
v -222.762 36.853 47.921
v -222.762 36.853 49.631
v -276.889 66.203 53.022
v -276.889 66.203 50.207
v -237.19 43.009 50.217
v -237.19 43.009 53.032
v -208.079 -0.695 0.749
v -208.089 -0.689 47.928
v -209.109 -2.402 47.928
v -209.099 -2.408 0.749
v -223.849 38.431 66.375
v -223.836 38.425 0.741
v -221.849 41.825 0.741
v -221.862 41.832 66.375
v -277.888 70.337 54.721
v -275.343 68.85 54.722
v -275.342 68.85 51.697
v -275.851 69.147 51.697
v -275.842 69.142 0.728
v -277.877 70.332 0.728
v -197.717 12.138 51.303
v -200.235 13.609 51.303
v -200.235 13.609 47.928
v -199.745 13.322 47.928
v -199.735 13.317 0.749
v -197.707 12.132 0.749
v -236.865 16.123 0.741
v -236.878 16.13 66.435
v -238.68 13.046 66.435
v -238.667 13.039 0.741
v -226.995 29.633 67.19
v -230.552 23.545 67.19
v -230.552 23.545 67.935
v -235.391 15.261 67.935
v -235.388 15.259 49.565
v -233.788 17.998 49.565
v -233.788 17.997 47.92
v -222.358 37.561 47.921
v -222.362 37.563 67.936
v -226.995 29.633 67.935
v -222.705 37.764 0.742
v -222.715 37.769 47.92
v -221.431 39.967 47.92
v -221.422 39.962 0.742
v -248.284 22.794 0.738
v -248.294 22.8 51.817
v -249.267 21.135 51.817
v -249.257 21.13 0.738
v -201.104 6.524 51.008
v -206.024 -1.896 51.008
v -206.013 -1.902 0.749
v -201.094 6.519 0.749
v -232.079 47.801 66.373
v -221.862 41.832 66.375
v -221.849 41.825 0.741
v -232.066 47.794 0.739
v -194.924 21.397 0.749
v -194.934 21.402 47.928
v -195.491 21.728 47.928
v -195.492 21.728 51.303
v -192.974 20.257 51.303
v -192.963 20.251 0.75
v -242.27 30.358 66.552
v -243.996 31.366 66.552
v -243.996 31.366 67.847
v -242.27 30.358 67.847
v -228.482 30.502 67.935
v -223.849 38.432 67.935
v -223.85 38.432 71.35
v -236.879 16.13 71.35
v -236.878 16.13 67.935
v -232.039 24.413 67.935
v -232.039 24.413 67.19
v -228.482 30.501 67.19
v -240.377 37.561 66.552
v -238.651 36.552 66.552
v -238.651 36.552 68.237
v -240.378 37.561 68.237
v -223.849 38.431 66.375
v -234.066 44.401 66.372
v -234.053 44.394 0.739
v -235.255 45.096 0.738
v -235.265 45.101 51.707
v -235.789 45.408 51.707
v -235.792 45.409 68.237
v -234.066 44.401 68.237
v -234.067 44.401 71.347
v -223.85 38.432 71.35
v -223.849 38.432 67.935
v -222.362 37.563 67.936
v -222.358 37.561 47.921
v -222.715 37.769 47.92
v -222.705 37.764 0.742
v -223.836 38.425 0.741
v -235.265 45.101 51.707
v -235.255 45.096 0.738
v -233.997 47.248 0.738
v -234.007 47.254 51.707
v -283.519 55.033 54.722
v -288.287 46.873 54.722
v -288.286 46.872 51.807
v -287.364 48.451 51.807
v -287.364 48.45 50.207
v -283.518 55.033 50.207
v -194.934 21.402 47.928
v -194.924 21.397 0.749
v -193.561 23.685 0.749
v -193.571 23.69 47.928
v -249.267 21.135 51.817
v -290.091 44.986 51.807
v -290.082 44.981 0.728
v -249.257 21.13 0.738
v -247.096 22.1 71.347
v -234.067 44.401 71.347
v -234.066 44.401 68.237
v -238.651 36.552 68.237
v -238.651 36.552 66.552
v -242.27 30.358 66.552
v -242.27 30.358 67.847
v -247.095 22.099 67.847
v -236.181 44.736 51.707
v -275.88 67.93 51.697
v -275.88 67.93 53.022
v -236.181 44.736 53.032
v -199.735 13.317 0.749
v -199.745 13.322 47.928
v -203.099 7.69 47.928
v -203.09 7.684 0.749
v -282.655 62.176 54.721
v -277.888 70.337 54.721
v -277.877 70.332 0.728
v -282.645 62.171 0.727
v -247.588 25.212 50.217
v -287.364 48.45 50.207
v -287.364 48.451 51.807
v -247.588 25.212 51.817
v -196.858 19.389 47.928
v -196.858 19.389 49.638
v -223.777 35.116 49.63
v -223.777 35.116 47.92
v -235.744 15.468 47.92
v -235.735 15.462 0.741
v -236.741 13.741 0.741
v -236.75 13.746 47.92
v -222.762 36.853 47.921
v -223.777 35.116 47.92
v -223.777 35.116 49.63
v -222.762 36.853 49.631
v -275.842 69.142 0.728
v -275.851 69.147 51.697
v -274.739 71.051 51.697
v -274.73 71.046 0.728
v -209.109 -2.402 47.928
v -236.75 13.746 47.92
v -236.741 13.741 0.741
v -209.099 -2.408 0.749
v -290.091 44.986 51.807
v -288.811 47.179 51.807
v -288.801 47.173 0.728
v -290.082 44.981 0.728
v -281.363 61.422 0.728
v -281.373 61.427 50.207
v -280.11 60.689 50.207
v -280.111 60.69 54.722
v -282.655 62.176 54.721
v -282.645 62.171 0.727
f 6221 6255 6256
f 6254 6252 6253
f 6250 6248 6249
f 6247 6245 6246
f 6243 6241 6242
f 6239 6237 6238
f 6236 6234 6235
f 6232 6230 6231
f 6229 6227 6228
f 6225 6223 6224
f 6221 6254 6255
f 6254 6251 6252
f 6250 6247 6248
f 6247 6244 6245
f 6243 6240 6241
f 6239 6236 6237
f 6236 6233 6234
f 6232 6229 6230
f 6229 6226 6227
f 6225 6222 6223
f 6221 6251 6254
f 6251 6247 6250
f 6247 6243 6244
f 6243 6239 6240
f 6239 6233 6236
f 6232 6226 6229
f 6226 6222 6225
f 6222 6251 6221
f 6251 6243 6247
f 6243 6233 6239
f 6233 6226 6232
f 6226 6251 6222
f 6251 6233 6243
f 6233 6251 6226
f 6259 6260 6257
f 6257 6258 6259
f 6263 6264 6261
f 6261 6262 6263
f 6267 6268 6265
f 6265 6266 6267
f 6271 6272 6269
f 6269 6270 6271
f 6279 6280 6273
f 6273 6274 6275
f 6276 6277 6278
f 6273 6275 6276
f 6276 6278 6279
f 6279 6273 6276
f 6287 6288 6281
f 6282 6283 6284
f 6285 6286 6287
f 6287 6281 6282
f 6282 6284 6285
f 6285 6287 6282
f 6291 6292 6289
f 6289 6290 6291
f 6295 6296 6293
f 6293 6294 6295
f 6299 6300 6297
f 6297 6298 6299
f 6303 6304 6301
f 6301 6302 6303
f 6307 6308 6305
f 6305 6306 6307
f 6311 6312 6309
f 6309 6310 6311
f 6315 6316 6313
f 6313 6314 6315
f 6319 6320 6317
f 6317 6318 6319
f 6323 6324 6321
f 6321 6322 6323
f 6327 6328 6325
f 6325 6326 6327
f 6331 6332 6329
f 6329 6330 6331
f 6335 6336 6333
f 6333 6334 6335
f 6339 6340 6337
f 6337 6338 6339
f 6355 6356 6341
f 6342 6343 6344
f 6344 6345 6346
f 6347 6348 6349
f 6350 6351 6352
f 6352 6353 6354
f 6354 6355 6341
f 6342 6344 6346
f 6350 6352 6354
f 6342 6346 6347
f 6350 6354 6341
f 6342 6347 6349
f 6349 6350 6341
f 6341 6342 6349
f 6363 6364 6357
f 6357 6358 6359
f 6359 6360 6361
f 6362 6363 6357
f 6359 6361 6362
f 6362 6357 6359
f 6366 6368 6365
f 6368 6366 6367
f 6370 6372 6369
f 6372 6370 6371
f 6373 6377 6378
f 6376 6374 6375
f 6373 6376 6377
f 6376 6373 6374
f 6380 6382 6379
f 6382 6380 6381
f 6384 6386 6383
f 6386 6384 6385
f 6388 6390 6387
f 6390 6388 6389
f 6392 6404 6391
f 6404 6402 6403
f 6402 6400 6401
f 6398 6396 6397
f 6396 6394 6395
f 6392 6402 6404
f 6402 6399 6400
f 6398 6394 6396
f 6393 6402 6392
f 6399 6394 6398
f 6393 6399 6402
f 6399 6393 6394
f 6411 6412 6405
f 6405 6406 6407
f 6407 6408 6409
f 6410 6411 6405
f 6405 6407 6409
f 6409 6410 6405
f 6414 6416 6413
f 6416 6414 6415
f 6419 6420 6417
f 6417 6418 6419
f 6441 6442 6421
f 6422 6423 6424
f 6425 6426 6427
f 6429 6430 6431
f 6433 6434 6435
f 6436 6437 6438
f 6439 6440 6441
f 6441 6421 6422
f 6422 6424 6425
f 6425 6427 6428
f 6429 6431 6432
f 6433 6435 6436
f 6422 6425 6428
f 6433 6436 6438
f 6441 6422 6428
f 6432 6433 6438
f 6441 6428 6429
f 6432 6438 6439
f 6439 6441 6429
f 6429 6432 6439
f 6445 6446 6443
f 6443 6444 6445
f 6448 6450 6447
f 6450 6448 6449
f 6452 6458 6451
f 6457 6455 6456
f 6455 6453 6454
f 6452 6457 6458
f 6457 6453 6455
f 6453 6457 6452
f 6460 6462 6459
f 6462 6460 6461
f 6465 6466 6463
f 6463 6464 6465
f 6471 6472 6467
f 6468 6469 6470
f 6471 6467 6468
f 6468 6470 6471
f 6474 6478 6473
f 6477 6475 6476
f 6474 6477 6478
f 6477 6474 6475
f 6480 6484 6479
f 6484 6482 6483
f 6481 6484 6480
f 6484 6481 6482
f 6486 6488 6485
f 6488 6486 6487
f 6491 6492 6489
f 6489 6490 6491
f 6495 6496 6493
f 6493 6494 6495
f 6499 6500 6497
f 6497 6498 6499
f 6501 6505 6506
f 6504 6502 6503
f 6501 6504 6505
f 6504 6501 6502
f 6511 6512 6507
f 6507 6508 6509
f 6510 6511 6507
f 6507 6509 6510
f 6515 6516 6513
f 6513 6514 6515
f 6525 6526 6517
f 6518 6519 6520
f 6520 6521 6522
f 6522 6523 6524
f 6524 6525 6517
f 6518 6520 6522
f 6522 6524 6517
f 6517 6518 6522
f 6528 6530 6527
f 6530 6528 6529
f 6533 6534 6531
f 6531 6532 6533
f 6537 6538 6535
f 6535 6536 6537
f 6540 6542 6539
f 6542 6540 6541
f 6544 6548 6543
f 6547 6545 6546
f 6544 6547 6548
f 6547 6544 6545
f 6550 6552 6549
f 6552 6550 6551
f 6559 6560 6553
f 6553 6554 6555
f 6555 6556 6557
f 6558 6559 6553
f 6553 6555 6557
f 6557 6558 6553
f 6563 6564 6561
f 6561 6562 6563
f 6565 6579 6580
f 6578 6576 6577
f 6575 6573 6574
f 6572 6570 6571
f 6569 6567 6568
f 6565 6578 6579
f 6578 6575 6576
f 6575 6572 6573
f 6572 6569 6570
f 6569 6566 6567
f 6565 6575 6578
f 6572 6566 6569
f 6566 6575 6565
f 6575 6566 6572
f 6583 6584 6581
f 6581 6582 6583
f 6589 6590 6585
f 6585 6586 6587
f 6588 6589 6585
f 6585 6587 6588
f 6593 6594 6591
f 6591 6592 6593
f 6597 6598 6595
f 6595 6596 6597
f 6600 6606 6599
f 6605 6603 6604
f 6602 6600 6601
f 6600 6605 6606
f 6605 6602 6603
f 6602 6605 6600
f 6608 6610 6607
f 6610 6608 6609
f 6613 6614 6611
f 6611 6612 6613
f 6616 6618 6615
f 6618 6616 6617
f 6620 6622 6619
f 6622 6620 6621
f 6625 6626 6623
f 6623 6624 6625
f 6628 6630 6627
f 6630 6628 6629
f 6632 6634 6631
f 6634 6632 6633
f 6636 6638 6635
f 6638 6636 6637
f 6641 6642 6639
f 6639 6640 6641
f 6644 6646 6643
f 6646 6644 6645
f 6651 6652 6647
f 6648 6649 6650
f 6651 6647 6648
f 6648 6650 6651
o bldg_4c8e55a1-fffa-4d86-b035-4d9d48ace14f
v -126.704 13.041 3.01
v -127.877 11.152 3.01
v -148.031 23.656 3.01
v -151.941 17.353 3.01
v -160.046 22.381 3.01
v -154.153 31.879 3.01
v -145.667 33.787 3.01
v -122.681 19.525 3.01
v -123.054 18.924 3.01
v -121.947 18.238 3.01
v -125.255 12.906 3.01
v -125.748 12.783 3.01
v -126.352 12.823 3.01
v -148.539 26.519 7.325
v -153.591 18.376 7.325
v -151.941 17.353 7.325
v -148.031 23.656 7.325
v -127.877 11.152 7.325
v -126.704 13.041 7.325
v -159.459 22.017 8.066
v -153.591 18.376 8.065
v -148.539 26.519 8.065
v -126.352 12.823 8.065
v -125.748 12.783 8.065
v -125.255 12.906 8.065
v -121.947 18.238 8.065
v -145.222 32.678 8.065
v -154.08 30.686 8.066
v -159.459 22.017 7.326
v -154.08 30.686 7.326
v -145.222 32.678 7.325
v -123.054 18.924 7.325
v -122.681 19.525 7.325
v -145.667 33.787 7.325
v -154.153 31.879 7.326
v -160.046 22.381 7.326
v -153.591 18.376 7.325
v -148.539 26.519 7.325
v -148.539 26.519 8.065
v -153.591 18.376 8.065
v -154.08 30.686 7.326
v -159.459 22.017 7.326
v -159.459 22.017 8.066
v -154.08 30.686 8.066
v -125.255 12.906 8.065
v -125.748 12.783 8.065
v -125.748 12.783 3.01
v -125.255 12.906 3.01
v -123.054 18.924 3.01
v -123.054 18.924 7.325
v -145.222 32.678 7.325
v -145.222 32.678 8.065
v -121.947 18.238 8.065
v -121.947 18.238 3.01
v -160.046 22.381 7.326
v -154.153 31.879 7.326
v -154.153 31.879 3.01
v -160.046 22.381 3.01
v -154.153 31.879 7.326
v -145.667 33.787 7.325
v -145.667 33.787 3.01
v -154.153 31.879 3.01
v -145.667 33.787 7.325
v -122.681 19.525 7.325
v -122.681 19.525 3.01
v -145.667 33.787 3.01
v -121.947 18.238 8.065
v -125.255 12.906 8.065
v -125.255 12.906 3.01
v -121.947 18.238 3.01
v -127.877 11.152 7.325
v -148.031 23.656 7.325
v -148.031 23.656 3.01
v -127.877 11.152 3.01
v -126.352 12.823 8.065
v -148.539 26.519 8.065
v -148.539 26.519 7.325
v -126.704 13.041 7.325
v -126.704 13.041 3.01
v -126.352 12.823 3.01
v -123.054 18.924 7.325
v -123.054 18.924 3.01
v -122.681 19.525 3.01
v -122.681 19.525 7.325
v -126.704 13.041 3.01
v -126.704 13.041 7.325
v -127.877 11.152 7.325
v -127.877 11.152 3.01
v -148.031 23.656 7.325
v -151.941 17.353 7.325
v -151.941 17.353 3.01
v -148.031 23.656 3.01
v -145.222 32.678 7.325
v -154.08 30.686 7.326
v -154.08 30.686 8.066
v -145.222 32.678 8.065
v -125.748 12.783 8.065
v -126.352 12.823 8.065
v -126.352 12.823 3.01
v -125.748 12.783 3.01
v -151.941 17.353 7.325
v -153.591 18.376 7.325
v -153.591 18.376 8.065
v -159.459 22.017 8.066
v -159.459 22.017 7.326
v -160.046 22.381 7.326
v -160.046 22.381 3.01
v -151.941 17.353 3.01
f 6653 6664 6665
f 6664 6662 6663
f 6661 6659 6660
f 6659 6657 6658
f 6657 6655 6656
f 6655 6653 6654
f 6653 6662 6664
f 6659 6655 6657
f 6655 6662 6653
f 6661 6655 6659
f 6655 6661 6662
f 6670 6671 6666
f 6666 6667 6668
f 6669 6670 6666
f 6666 6668 6669
f 6679 6680 6672
f 6672 6673 6674
f 6674 6675 6676
f 6676 6677 6678
f 6679 6672 6674
f 6674 6676 6678
f 6678 6679 6674
f 6687 6688 6681
f 6683 6684 6685
f 6687 6681 6682
f 6683 6685 6686
f 6686 6687 6682
f 6682 6683 6686
f 6691 6692 6689
f 6689 6690 6691
f 6694 6696 6693
f 6696 6694 6695
f 6699 6700 6697
f 6697 6698 6699
f 6702 6706 6701
f 6705 6703 6704
f 6702 6705 6706
f 6705 6702 6703
f 6708 6710 6707
f 6710 6708 6709
f 6712 6714 6711
f 6714 6712 6713
f 6716 6718 6715
f 6718 6716 6717
f 6721 6722 6719
f 6719 6720 6721
f 6725 6726 6723
f 6723 6724 6725
f 6731 6732 6727
f 6727 6728 6729
f 6730 6731 6727
f 6727 6729 6730
f 6735 6736 6733
f 6733 6734 6735
f 6739 6740 6737
f 6737 6738 6739
f 6743 6744 6741
f 6741 6742 6743
f 6746 6748 6745
f 6748 6746 6747
f 6751 6752 6749
f 6749 6750 6751
f 6759 6760 6753
f 6754 6755 6756
f 6757 6758 6759
f 6759 6753 6754
f 6754 6756 6757
f 6757 6759 6754
o bldg_b968161f-3fcc-4af4-9d30-00d6abfdde05
v -90.791 -0.945 3.081
v -86.32 -3.749 3.081
v -92.064 -12.908 3.081
v -97.029 -9.794 3.081
v -96.101 -8.316 3.081
v -117.214 4.643 3.081
v -116.238 6.232 3.081
v -116.4 6.33 3.081
v -116.976 7.225 3.081
v -116.953 7.931 3.081
v -114.416 12.1 3.081
v -114.965 12.437 3.081
v -113.965 14.068 3.081
v -90.439 -0.372 3.081
v -113.806 13.104 7.254
v -91.187 -0.659 7.254
v -91.203 -0.686 7.254
v -90.791 -0.945 7.254
v -90.439 -0.372 7.254
v -113.965 14.068 7.254
v -114.965 12.437 7.254
v -114.416 12.1 7.254
v -116.238 6.232 7.254
v -117.214 4.643 7.254
v -96.101 -8.315 7.254
v -95.059 -6.654 7.254
v -92.064 -12.908 7.974
v -86.32 -3.749 7.974
v -91.203 -0.686 7.974
v -94.895 -6.754 7.974
v -95.059 -6.654 7.974
v -97.029 -9.794 7.974
v -91.187 -0.659 8.259
v -113.806 13.104 8.259
v -116.953 7.931 8.259
v -116.976 7.225 8.259
v -116.4 6.33 8.259
v -94.895 -6.754 8.259
v -116.953 7.931 8.259
v -113.806 13.104 8.259
v -113.806 13.104 7.254
v -114.416 12.1 7.254
v -114.416 12.1 3.081
v -116.953 7.931 3.081
v -90.791 -0.945 3.081
v -90.791 -0.945 7.254
v -91.203 -0.686 7.254
v -91.203 -0.686 7.974
v -86.32 -3.749 7.974
v -86.32 -3.749 3.081
v -90.791 -0.945 7.254
v -90.791 -0.945 3.081
v -90.439 -0.372 3.081
v -90.439 -0.372 7.254
v -113.965 14.068 7.254
v -90.439 -0.372 7.254
v -90.439 -0.372 3.081
v -113.965 14.068 3.081
v -114.416 12.1 3.081
v -114.416 12.1 7.254
v -114.965 12.437 7.254
v -114.965 12.437 3.081
v -116.238 6.232 3.081
v -116.238 6.232 7.254
v -95.059 -6.654 7.254
v -95.059 -6.654 7.974
v -94.895 -6.754 7.974
v -94.895 -6.754 8.259
v -116.4 6.33 8.259
v -116.4 6.33 3.081
v -92.064 -12.908 7.974
v -97.029 -9.794 7.974
v -97.029 -9.794 3.081
v -92.064 -12.908 3.081
v -86.32 -3.749 7.974
v -92.064 -12.908 7.974
v -92.064 -12.908 3.081
v -86.32 -3.749 3.081
v -116.4 6.33 3.081
v -116.4 6.33 8.259
v -116.976 7.225 8.259
v -116.976 7.225 3.081
v -96.101 -8.316 3.081
v -96.101 -8.315 7.254
v -117.214 4.643 7.254
v -117.214 4.643 3.081
v -116.976 7.225 3.081
v -116.976 7.225 8.259
v -116.953 7.931 8.259
v -116.953 7.931 3.081
v -97.029 -9.794 7.974
v -95.059 -6.654 7.974
v -95.059 -6.654 7.254
v -96.101 -8.315 7.254
v -96.101 -8.316 3.081
v -97.029 -9.794 3.081
v -116.238 6.232 7.254
v -116.238 6.232 3.081
v -117.214 4.643 3.081
v -117.214 4.643 7.254
v -91.187 -0.659 7.254
v -113.806 13.104 7.254
v -113.806 13.104 8.259
v -91.187 -0.659 8.259
v -91.203 -0.686 7.254
v -91.187 -0.659 7.254
v -91.187 -0.659 8.259
v -94.895 -6.754 8.259
v -94.895 -6.754 7.974
v -91.203 -0.686 7.974
v -114.965 12.437 7.254
v -113.965 14.068 7.254
v -113.965 14.068 3.081
v -114.965 12.437 3.081
f 6761 6773 6774
f 6773 6771 6772
f 6771 6769 6770
f 6769 6767 6768
f 6767 6765 6766
f 6765 6763 6764
f 6763 6761 6762
f 6761 6771 6773
f 6771 6767 6769
f 6765 6761 6763
f 6761 6767 6771
f 6767 6761 6765
f 6781 6782 6775
f 6776 6777 6778
f 6780 6781 6775
f 6776 6778 6779
f 6779 6780 6775
f 6775 6776 6779
f 6785 6786 6783
f 6783 6784 6785
f 6791 6792 6787
f 6787 6788 6789
f 6790 6791 6787
f 6787 6789 6790
f 6797 6798 6793
f 6793 6794 6795
f 6795 6796 6797
f 6797 6793 6795
f 6800 6804 6799
f 6804 6802 6803
f 6802 6800 6801
f 6800 6802 6804
f 6806 6810 6805
f 6810 6808 6809
f 6808 6806 6807
f 6806 6808 6810
f 6813 6814 6811
f 6811 6812 6813
f 6816 6818 6815
f 6818 6816 6817
f 6821 6822 6819
f 6819 6820 6821
f 6829 6830 6823
f 6824 6825 6826
f 6826 6827 6828
f 6829 6823 6824
f 6824 6826 6828
f 6828 6829 6824
f 6833 6834 6831
f 6831 6832 6833
f 6837 6838 6835
f 6835 6836 6837
f 6840 6842 6839
f 6842 6840 6841
f 6845 6846 6843
f 6843 6844 6845
f 6848 6850 6847
f 6850 6848 6849
f 6851 6855 6856
f 6854 6852 6853
f 6851 6854 6855
f 6854 6851 6852
f 6858 6860 6857
f 6860 6858 6859
f 6862 6864 6861
f 6864 6862 6863
f 6870 6865 6866
f 6867 6868 6869
f 6870 6866 6867
f 6867 6869 6870
f 6872 6874 6871
f 6874 6872 6873
o bldg_59ef8c1c-180a-403d-973d-ef31c0a8299e
v -8.927 -118.724 3.037
v -9.347 -119.47 3.037
v -15.815 -118.352 3.037
v -19.989 -112.983 3.037
v -19.427 -112.067 3.037
v -15.141 -117.32 3.037
v -19.427 -112.067 6.024
v -19.989 -112.983 6.024
v -15.815 -118.352 6.023
v -9.347 -119.47 6.024
v -8.927 -118.724 6.024
v -15.141 -117.32 6.023
v -15.815 -118.352 6.023
v -19.989 -112.983 6.024
v -19.989 -112.983 3.037
v -15.815 -118.352 3.037
v -19.427 -112.067 6.024
v -15.141 -117.32 6.023
v -15.141 -117.32 3.037
v -19.427 -112.067 3.037
v -19.989 -112.983 6.024
v -19.427 -112.067 6.024
v -19.427 -112.067 3.037
v -19.989 -112.983 3.037
v -15.141 -117.32 6.023
v -8.927 -118.724 6.024
v -8.927 -118.724 3.037
v -15.141 -117.32 3.037
v -8.927 -118.724 6.024
v -9.347 -119.47 6.024
v -9.347 -119.47 3.037
v -8.927 -118.724 3.037
v -9.347 -119.47 6.024
v -15.815 -118.352 6.023
v -15.815 -118.352 3.037
v -9.347 -119.47 3.037
f 6876 6880 6875
f 6880 6878 6879
f 6877 6880 6876
f 6880 6877 6878
f 6886 6881 6882
f 6883 6884 6885
f 6886 6882 6883
f 6883 6885 6886
f 6888 6890 6887
f 6890 6888 6889
f 6893 6894 6891
f 6891 6892 6893
f 6896 6898 6895
f 6898 6896 6897
f 6900 6902 6899
f 6902 6900 6901
f 6905 6906 6903
f 6903 6904 6905
f 6909 6910 6907
f 6907 6908 6909
o bldg_9a87d794-901c-45f5-bc64-8389eb2deb34
v -159.779 -216.86 3.273
v -160.12 -215.317 3.273
v -160.124 -213.836 3.273
v -159.771 -212.372 3.273
v -134.048 -172.471 3.273
v -133.044 -171.549 3.273
v -131.525 -170.799 3.273
v -130.021 -170.546 3.273
v -128.133 -170.858 3.273
v -127.172 -171.257 3.273
v -114.948 -179.725 3.273
v -114.634 -179.195 3.273
v -109.398 -182.523 3.273
v -110.702 -184.575 3.273
v -90.8 -197.311 3.273
v -109.953 -227.239 3.273
v -102.763 -231.841 3.273
v -105.433 -236.013 3.273
v -112.623 -231.412 3.273
v -115.409 -235.765 3.273
v -115.358 -235.797 3.273
v -120.198 -243.358 3.273
v -137.139 -232.514 3.273
v -136.018 -230.762 3.273
v -138.892 -228.922 3.273
v -140.011 -230.683 3.273
v -146.906 -226.3 3.273
v -148.272 -228.469 3.273
v -152.309 -225.927 3.273
v -150.932 -223.741 3.273
v -157.942 -219.285 3.273
v -159.131 -217.948 3.273
v -117.327 -236.448 57.875
v -94.481 -200.748 57.875
v -119.339 -184.84 57.875
v -142.185 -220.54 57.875
v -139.488 -220.044 57.875
v -136.659 -215.622 57.875
v -136.064 -216.003 57.875
v -121.009 -192.476 57.875
v -121.738 -192.005 57.875
v -118.36 -186.776 57.875
v -109.562 -192.459 57.875
v -110.538 -193.97 57.875
v -98.405 -201.734 57.875
v -118.299 -232.822 57.875
v -130.247 -225.177 57.875
v -131.106 -226.52 57.875
v -139.993 -220.833 57.875
v -118.36 -186.776 59.31
v -121.738 -192.005 59.31
v -112.94 -197.689 59.31
v -109.562 -192.459 59.31
v -142.98 -221.781 54.67
v -120.457 -236.194 54.67
v -117.07 -238.361 54.67
v -92.816 -200.46 54.67
v -120.781 -182.564 54.67
v -123.722 -187.16 54.67
v -124.476 -186.677 54.67
v -142.493 -214.831 54.67
v -141.82 -215.262 54.67
v -145.116 -220.413 54.67
v -119.663 -234.953 54.67
v -142.185 -220.54 54.67
v -119.339 -184.84 54.67
v -94.481 -200.748 54.67
v -117.327 -236.448 54.67
v -111.526 -229.698 7.561
v -112.623 -231.412 6.04
v -105.433 -236.013 6.04
v -104.121 -233.963 7.86
v -111.099 -229.497 7.86
v -121.358 -211.7 57.755
v -126.118 -208.66 57.755
v -129.103 -213.333 57.755
v -124.344 -216.374 57.755
v -146.906 -226.3 10.4
v -150.932 -223.741 10.4
v -152.309 -225.927 10.4
v -148.272 -228.469 10.4
v -128.872 -193.546 24.945
v -124.476 -186.677 24.945
v -123.722 -187.16 24.945
v -121.128 -183.106 24.945
v -122.839 -182.028 24.945
v -129.745 -192.996 24.945
v -109.953 -227.239 6.04
v -111.088 -229.013 7.561
v -111.099 -229.497 7.86
v -104.121 -233.963 7.86
v -102.763 -231.841 6.04
v -129.843 -206.28 54.67
v -136.064 -216.003 54.67
v -128.074 -221.116 54.67
v -127.772 -221.309 54.67
v -130.247 -225.177 54.67
v -118.299 -232.822 54.67
v -98.405 -201.734 54.67
v -110.538 -193.97 54.67
v -112.94 -197.689 54.67
v -121.009 -192.476 54.67
v -129.103 -213.333 54.67
v -126.118 -208.66 54.67
v -121.358 -211.7 54.67
v -124.344 -216.374 54.67
v -136.659 -215.622 58.93
v -139.993 -220.833 58.93
v -131.106 -226.52 58.93
v -127.772 -221.309 58.93
v -146.33 -218.757 24.945
v -144.717 -219.789 24.945
v -141.82 -215.262 24.945
v -142.493 -214.831 24.945
v -138.404 -208.441 24.945
v -139.344 -207.84 24.945
v -146.33 -218.757 22.085
v -139.344 -207.84 22.085
v -138.405 -208.441 22.085
v -128.872 -193.546 22.085
v -129.745 -192.996 22.085
v -122.839 -182.028 22.085
v -121.128 -183.106 22.085
v -120.781 -182.564 22.085
v -112.708 -187.73 22.085
v -109.398 -182.523 22.085
v -114.634 -179.195 22.085
v -114.948 -179.726 22.085
v -127.172 -171.257 22.085
v -128.133 -170.858 22.085
v -130.021 -170.546 22.085
v -131.525 -170.799 22.085
v -133.044 -171.55 22.085
v -134.048 -172.471 22.085
v -159.771 -212.372 22.085
v -160.124 -213.836 22.085
v -160.12 -215.317 22.085
v -159.779 -216.86 22.085
v -159.131 -217.948 22.085
v -157.942 -219.284 22.085
v -140.011 -230.682 22.085
v -138.892 -228.922 22.085
v -136.018 -230.762 22.085
v -137.139 -232.514 22.085
v -120.198 -243.358 22.085
v -115.358 -235.797 22.085
v -115.409 -235.764 22.085
v -117.07 -238.361 22.085
v -145.116 -220.414 22.085
v -144.717 -219.789 22.085
v -111.088 -229.013 7.561
v -111.526 -229.698 7.561
v -111.099 -229.497 7.86
v -110.702 -184.575 20.135
v -112.708 -187.73 20.135
v -92.816 -200.46 20.135
v -90.801 -197.311 20.135
v -109.953 -227.239 3.273
v -90.8 -197.311 3.273
v -90.801 -197.311 20.135
v -92.816 -200.46 20.135
v -92.816 -200.46 54.67
v -117.07 -238.361 54.67
v -117.07 -238.361 22.085
v -115.409 -235.764 22.085
v -115.409 -235.765 3.273
v -112.623 -231.412 3.273
v -112.623 -231.412 6.04
v -111.526 -229.698 7.561
v -111.088 -229.013 7.561
v -109.953 -227.239 6.04
v -129.103 -213.333 54.67
v -124.344 -216.374 54.67
v -124.344 -216.374 57.755
v -129.103 -213.333 57.755
v -137.139 -232.514 22.085
v -136.018 -230.762 22.085
v -136.018 -230.762 3.273
v -137.139 -232.514 3.273
v -121.009 -192.476 54.67
v -112.94 -197.689 54.67
v -112.94 -197.689 59.31
v -121.738 -192.005 59.31
v -121.738 -192.005 57.875
v -121.009 -192.476 57.875
v -130.247 -225.177 54.67
v -127.772 -221.309 54.67
v -127.772 -221.309 58.93
v -131.106 -226.52 58.93
v -131.106 -226.52 57.875
v -130.247 -225.177 57.875
v -117.327 -236.448 54.67
v -94.481 -200.748 54.67
v -94.481 -200.748 57.875
v -117.327 -236.448 57.875
v -146.906 -226.3 3.273
v -146.906 -226.3 10.4
v -148.272 -228.469 10.4
v -148.272 -228.469 3.273
v -150.932 -223.741 10.4
v -150.932 -223.741 3.273
v -152.309 -225.927 3.273
v -152.309 -225.927 10.4
v -112.708 -187.73 22.085
v -120.781 -182.564 22.085
v -120.781 -182.564 54.67
v -92.816 -200.46 54.67
v -92.816 -200.46 20.135
v -112.708 -187.73 20.135
v -120.781 -182.564 54.67
v -120.781 -182.564 22.085
v -121.128 -183.106 22.085
v -121.128 -183.106 24.945
v -123.722 -187.16 24.945
v -123.722 -187.16 54.67
v -138.404 -208.441 24.945
v -138.405 -208.441 22.085
v -139.344 -207.84 22.085
v -139.344 -207.84 24.945
v -121.358 -211.7 54.67
v -126.118 -208.66 54.67
v -126.118 -208.66 57.755
v -121.358 -211.7 57.755
v -160.12 -215.317 22.085
v -160.124 -213.836 22.085
v -160.124 -213.836 3.273
v -160.12 -215.317 3.273
v -114.634 -179.195 22.085
v -109.398 -182.523 22.085
v -109.398 -182.523 3.273
v -114.634 -179.195 3.273
v -127.172 -171.257 22.085
v -114.948 -179.726 22.085
v -114.948 -179.725 3.273
v -127.172 -171.257 3.273
v -138.892 -228.922 22.085
v -138.892 -228.922 3.273
v -136.018 -230.762 3.273
v -136.018 -230.762 22.085
v -128.133 -170.858 22.085
v -127.172 -171.257 22.085
v -127.172 -171.257 3.273
v -128.133 -170.858 3.273
v -102.763 -231.841 3.273
v -102.763 -231.841 6.04
v -104.121 -233.963 7.86
v -105.433 -236.013 6.04
v -105.433 -236.013 3.273
v -123.722 -187.16 24.945
v -124.476 -186.677 24.945
v -124.476 -186.677 54.67
v -123.722 -187.16 54.67
v -141.82 -215.262 24.945
v -144.717 -219.789 24.945
v -144.717 -219.789 22.085
v -145.116 -220.414 22.085
v -145.116 -220.413 54.67
v -141.82 -215.262 54.67
v -120.457 -236.194 54.67
v -142.98 -221.781 54.67
v -145.116 -220.413 54.67
v -145.116 -220.414 22.085
v -117.07 -238.361 22.085
v -117.07 -238.361 54.67
v -159.131 -217.948 22.085
v -159.779 -216.86 22.085
v -159.779 -216.86 3.273
v -159.131 -217.948 3.273
v -144.717 -219.789 22.085
v -144.717 -219.789 24.945
v -146.33 -218.757 24.945
v -146.33 -218.757 22.085
v -118.299 -232.822 54.67
v -130.247 -225.177 54.67
v -130.247 -225.177 57.875
v -118.299 -232.822 57.875
v -142.185 -220.54 54.67
v -119.663 -234.953 54.67
v -117.327 -236.448 54.67
v -117.327 -236.448 57.875
v -142.185 -220.54 57.875
v -139.993 -220.833 57.875
v -131.106 -226.52 57.875
v -131.106 -226.52 58.93
v -139.993 -220.833 58.93
v -159.771 -212.372 22.085
v -134.048 -172.471 22.085
v -134.048 -172.471 3.273
v -159.771 -212.372 3.273
v -130.021 -170.546 22.085
v -128.133 -170.858 22.085
v -128.133 -170.858 3.273
v -130.021 -170.546 3.273
v -128.872 -193.546 22.085
v -128.872 -193.546 24.945
v -129.745 -192.996 24.945
v -129.745 -192.996 22.085
v -115.358 -235.797 22.085
v -120.198 -243.358 22.085
v -120.198 -243.358 3.273
v -115.358 -235.797 3.273
v -160.124 -213.836 22.085
v -159.771 -212.372 22.085
v -159.771 -212.372 3.273
v -160.124 -213.836 3.273
v -136.659 -215.622 57.875
v -139.488 -220.044 57.875
v -139.993 -220.833 57.875
v -139.993 -220.833 58.93
v -136.659 -215.622 58.93
v -159.779 -216.86 22.085
v -160.12 -215.317 22.085
v -160.12 -215.317 3.273
v -159.779 -216.86 3.273
v -139.344 -207.84 22.085
v -146.33 -218.757 22.085
v -146.33 -218.757 24.945
v -139.344 -207.84 24.945
v -109.562 -192.459 57.875
v -118.36 -186.776 57.875
v -118.36 -186.776 59.31
v -109.562 -192.459 59.31
v -157.942 -219.284 22.085
v -159.131 -217.948 22.085
v -159.131 -217.948 3.273
v -157.942 -219.285 3.273
v -112.94 -197.689 54.67
v -110.538 -193.97 54.67
v -110.538 -193.97 57.875
v -109.562 -192.459 57.875
v -109.562 -192.459 59.31
v -112.94 -197.689 59.31
v -118.36 -186.776 57.875
v -121.738 -192.005 57.875
v -121.738 -192.005 59.31
v -118.36 -186.776 59.31
v -127.772 -221.309 54.67
v -128.074 -221.116 54.67
v -136.064 -216.003 54.67
v -136.064 -216.003 57.875
v -136.659 -215.622 57.875
v -136.659 -215.622 58.93
v -127.772 -221.309 58.93
v -109.398 -182.523 22.085
v -112.708 -187.73 22.085
v -112.708 -187.73 20.135
v -110.702 -184.575 20.135
v -110.702 -184.575 3.273
v -109.398 -182.523 3.273
v -120.198 -243.358 22.085
v -137.139 -232.514 22.085
v -137.139 -232.514 3.273
v -120.198 -243.358 3.273
v -148.272 -228.469 10.4
v -152.309 -225.927 10.4
v -152.309 -225.927 3.273
v -148.272 -228.469 3.273
v -124.344 -216.374 54.67
v -121.358 -211.7 54.67
v -121.358 -211.7 57.755
v -124.344 -216.374 57.755
v -94.481 -200.748 54.67
v -119.339 -184.84 54.67
v -119.339 -184.84 57.875
v -94.481 -200.748 57.875
v -136.064 -216.003 54.67
v -129.843 -206.28 54.67
v -121.009 -192.476 54.67
v -121.009 -192.476 57.875
v -136.064 -216.003 57.875
v -140.011 -230.682 22.085
v -157.942 -219.284 22.085
v -157.942 -219.285 3.273
v -150.932 -223.741 3.273
v -150.932 -223.741 10.4
v -146.906 -226.3 10.4
v -146.906 -226.3 3.273
v -140.011 -230.683 3.273
v -138.892 -228.922 3.273
v -138.892 -228.922 22.085
v -140.011 -230.682 22.085
v -140.011 -230.683 3.273
v -122.839 -182.028 22.085
v -129.745 -192.996 22.085
v -129.745 -192.996 24.945
v -122.839 -182.028 24.945
v -134.048 -172.471 22.085
v -133.044 -171.55 22.085
v -133.044 -171.549 3.273
v -134.048 -172.471 3.273
v -115.409 -235.765 3.273
v -115.409 -235.764 22.085
v -115.358 -235.797 22.085
v -115.358 -235.797 3.273
v -142.493 -214.831 24.945
v -141.82 -215.262 24.945
v -141.82 -215.262 54.67
v -142.493 -214.831 54.67
v -121.128 -183.106 24.945
v -121.128 -183.106 22.085
v -122.839 -182.028 22.085
v -122.839 -182.028 24.945
v -131.525 -170.799 22.085
v -130.021 -170.546 22.085
v -130.021 -170.546 3.273
v -131.525 -170.799 3.273
v -133.044 -171.55 22.085
v -131.525 -170.799 22.085
v -131.525 -170.799 3.273
v -133.044 -171.549 3.273
v -109.953 -227.239 3.273
v -109.953 -227.239 6.04
v -102.763 -231.841 6.04
v -102.763 -231.841 3.273
v -114.948 -179.726 22.085
v -114.634 -179.195 22.085
v -114.634 -179.195 3.273
v -114.948 -179.725 3.273
v -128.872 -193.546 24.945
v -128.872 -193.546 22.085
v -138.405 -208.441 22.085
v -138.404 -208.441 24.945
v -142.493 -214.831 24.945
v -142.493 -214.831 54.67
v -124.476 -186.677 54.67
v -124.476 -186.677 24.945
v -98.405 -201.734 54.67
v -118.299 -232.822 54.67
v -118.299 -232.822 57.875
v -98.405 -201.734 57.875
v -119.339 -184.84 54.67
v -142.185 -220.54 54.67
v -142.185 -220.54 57.875
v -119.339 -184.84 57.875
v -112.623 -231.412 6.04
v -112.623 -231.412 3.273
v -105.433 -236.013 3.273
v -105.433 -236.013 6.04
v -110.702 -184.575 3.273
v -110.702 -184.575 20.135
v -90.801 -197.311 20.135
v -90.8 -197.311 3.273
v -110.538 -193.97 54.67
v -98.405 -201.734 54.67
v -98.405 -201.734 57.875
v -110.538 -193.97 57.875
v -126.118 -208.66 54.67
v -129.103 -213.333 54.67
v -129.103 -213.333 57.755
v -126.118 -208.66 57.755
f 6912 6942 6911
f 6942 6940 6941
f 6940 6938 6939
f 6937 6935 6936
f 6934 6932 6933
f 6932 6930 6931
f 6929 6927 6928
f 6926 6924 6925
f 6924 6922 6923
f 6921 6919 6920
f 6919 6917 6918
f 6917 6915 6916
f 6915 6913 6914
f 6913 6942 6912
f 6940 6937 6938
f 6934 6930 6932
f 6929 6926 6927
f 6926 6922 6924
f 6921 6917 6919
f 6917 6913 6915
f 6913 6940 6942
f 6940 6935 6937
f 6935 6930 6934
f 6929 6922 6926
f 6921 6913 6917
f 6913 6935 6940
f 6935 6929 6930
f 6929 6921 6922
f 6921 6935 6913
f 6935 6921 6929
f 6946 6959 6947
f 6948 6949 6950
f 6953 6954 6955
f 6956 6957 6958
f 6958 6959 6946
f 6945 6946 6947
f 6948 6950 6951
f 6958 6946 6943
f 6945 6947 6948
f 6956 6958 6943
f 6945 6948 6951
f 6955 6956 6943
f 6945 6951 6952
f 6955 6943 6944
f 6944 6945 6952
f 6953 6955 6944
f 6944 6952 6953
f 6962 6963 6960
f 6960 6961 6962
f 6973 6975 6976
f 6974 6975 6973
f 6973 6964 6965
f 6969 6970 6971
f 6972 6973 6976
f 6978 6974 6973
f 6973 6965 6966
f 6969 6971 6972
f 6978 6973 6966
f 6969 6972 6976
f 6977 6978 6966
f 6968 6969 6976
f 6977 6966 6967
f 6967 6968 6976
f 6976 6977 6967
f 6982 6983 6979
f 6979 6980 6981
f 6981 6982 6979
f 6986 6987 6984
f 6984 6985 6986
f 6990 6991 6988
f 6988 6989 6990
f 6996 6997 6992
f 6993 6994 6995
f 6996 6992 6993
f 6993 6995 6996
f 7001 7002 6998
f 6998 6999 7000
f 7000 7001 6998
f 7004 7013 7014
f 7016 7013 7004
f 7004 7005 7006
f 7006 7007 7008
f 7008 7009 7010
f 7011 7012 7003
f 7003 7004 7014
f 7016 7004 7006
f 7008 7010 7011
f 7011 7003 7014
f 7016 7006 7008
f 7011 7014 7015
f 7015 7016 7008
f 7008 7011 7015
f 7019 7020 7017
f 7017 7018 7019
f 7025 7026 7021
f 7021 7022 7023
f 7024 7025 7021
f 7021 7023 7024
f 7059 7060 7027
f 7028 7029 7030
f 7032 7033 7034
f 7034 7035 7036
f 7036 7037 7038
f 7038 7039 7040
f 7040 7041 7042
f 7042 7043 7044
f 7044 7045 7046
f 7046 7047 7048
f 7048 7049 7050
f 7050 7051 7052
f 7053 7054 7055
f 7055 7056 7057
f 7028 7030 7031
f 7032 7034 7036
f 7038 7040 7042
f 7042 7044 7046
f 7046 7048 7050
f 7055 7057 7058
f 7028 7031 7032
f 7032 7036 7038
f 7042 7046 7050
f 7053 7055 7058
f 7027 7028 7032
f 7032 7038 7042
f 7052 7053 7058
f 7027 7032 7042
f 7050 7052 7058
f 7027 7042 7050
f 7050 7058 7059
f 7059 7027 7050
f 7062 7063 7061
f 7066 7067 7064
f 7064 7065 7066
f 7081 7068 7069
f 7069 7070 7071
f 7071 7072 7073
f 7073 7074 7075
f 7075 7076 7077
f 7080 7081 7069
f 7069 7071 7073
f 7073 7075 7077
f 7080 7069 7073
f 7073 7077 7078
f 7079 7080 7073
f 7073 7078 7079
f 7084 7085 7082
f 7082 7083 7084
f 7087 7089 7086
f 7089 7087 7088
f 7095 7090 7091
f 7091 7092 7093
f 7093 7094 7095
f 7095 7091 7093
f 7101 7096 7097
f 7098 7099 7100
f 7101 7097 7098
f 7098 7100 7101
f 7104 7105 7102
f 7102 7103 7104
f 7108 7109 7106
f 7106 7107 7108
f 7111 7113 7110
f 7113 7111 7112
f 7114 7118 7119
f 7118 7116 7117
f 7116 7114 7115
f 7114 7116 7118
f 7121 7125 7120
f 7125 7123 7124
f 7123 7121 7122
f 7121 7123 7125
f 7127 7129 7126
f 7129 7127 7128
f 7131 7133 7130
f 7133 7131 7132
f 7135 7137 7134
f 7137 7135 7136
f 7139 7141 7138
f 7141 7139 7140
f 7143 7145 7142
f 7145 7143 7144
f 7148 7149 7146
f 7146 7147 7148
f 7151 7153 7150
f 7153 7151 7152
f 7157 7158 7154
f 7154 7155 7156
f 7156 7157 7154
f 7160 7162 7159
f 7162 7160 7161
f 7164 7168 7163
f 7168 7166 7167
f 7166 7164 7165
f 7164 7166 7168
f 7173 7174 7169
f 7170 7171 7172
f 7172 7173 7169
f 7169 7170 7172
f 7176 7178 7175
f 7178 7176 7177
f 7181 7182 7179
f 7179 7180 7181
f 7184 7186 7183
f 7186 7184 7185
f 7190 7191 7187
f 7187 7188 7189
f 7189 7190 7187
f 7194 7195 7192
f 7192 7193 7194
f 7197 7199 7196
f 7199 7197 7198
f 7201 7203 7200
f 7203 7201 7202
f 7206 7207 7204
f 7204 7205 7206
f 7210 7211 7208
f 7208 7209 7210
f 7213 7215 7212
f 7215 7213 7214
f 7217 7220 7216
f 7220 7218 7219
f 7218 7220 7217
f 7222 7224 7221
f 7224 7222 7223
f 7226 7228 7225
f 7228 7226 7227
f 7230 7232 7229
f 7232 7230 7231
f 7234 7236 7233
f 7236 7234 7235
f 7241 7242 7237
f 7237 7238 7239
f 7239 7240 7241
f 7241 7237 7239
f 7244 7246 7243
f 7246 7244 7245
f 7248 7253 7247
f 7253 7251 7252
f 7250 7248 7249
f 7253 7250 7251
f 7250 7253 7248
f 7258 7259 7254
f 7254 7255 7256
f 7257 7258 7254
f 7254 7256 7257
f 7262 7263 7260
f 7260 7261 7262
f 7266 7267 7264
f 7264 7265 7266
f 7270 7271 7268
f 7268 7269 7270
f 7273 7275 7272
f 7275 7273 7274
f 7279 7280 7276
f 7276 7277 7278
f 7278 7279 7276
f 7287 7288 7281
f 7281 7282 7283
f 7283 7284 7285
f 7286 7287 7281
f 7281 7283 7285
f 7285 7286 7281
f 7291 7292 7289
f 7289 7290 7291
f 7294 7296 7293
f 7296 7294 7295
f 7298 7300 7297
f 7300 7298 7299
f 7302 7304 7301
f 7304 7302 7303
f 7307 7308 7305
f 7305 7306 7307
f 7310 7312 7309
f 7312 7310 7311
f 7314 7316 7313
f 7316 7314 7315
f 7318 7320 7317
f 7320 7318 7319
f 7322 7324 7321
f 7324 7322 7323
f 7326 7328 7325
f 7328 7326 7327
f 7329 7335 7336
f 7335 7333 7334
f 7332 7330 7331
f 7329 7333 7335
f 7332 7329 7330
f 7329 7332 7333
f 7338 7340 7337
f 7340 7338 7339
f 7342 7344 7341
f 7344 7342 7343
f 7347 7348 7345
f 7345 7346 7347
f 7350 7352 7349
f 7352 7350 7351
f 7355 7356 7353
f 7353 7354 7355
f 7358 7360 7357
f 7360 7358 7359
o bldg_3b31b156-6964-4eb7-9ef9-00f065acfa1d
v -280.416 -30.117 0.392
v -281.265 -31.487 0.392
v -302.388 -18.396 0.387
v -301.538 -17.026 0.387
v -301.764 -16.886 0.387
v -288.035 5.264 0.387
v -287.679 5.044 0.387
v -286.732 6.554 0.387
v -265.638 -6.68 0.392
v -266.513 -8.074 0.392
v -266.18 -8.281 0.393
v -279.908 -30.432 0.392
v -276.734 -13.405 47.97
v -284.106 -8.743 47.969
v -287.882 -14.715 47.968
v -280.51 -19.377 47.97
v -287.112 4.692 45.211
v -267.16 -7.674 45.217
v -266.529 -6.668 45.217
v -286.413 5.807 45.211
v -286.74 6.559 43.596
v -287.688 5.049 43.596
v -287.112 4.692 43.596
v -286.412 5.807 43.596
v -266.529 -6.668 43.602
v -267.16 -7.674 43.602
v -266.522 -8.069 43.602
v -265.647 -6.675 43.602
v -281.84 -29.234 45.546
v -279.916 -30.426 45.547
v -266.188 -8.276 45.547
v -269.374 -6.302 45.546
v -288.044 5.269 45.541
v -293.174 -3.009 45.541
v -296.896 -9.014 45.541
v -301.772 -16.881 45.541
v -274.821 -18.025 45.546
v -277.825 -22.822 45.546
v -279.187 -21.97 45.546
v -276.182 -17.172 45.546
v -284.105 -8.744 45.544
v -275.581 -14.134 45.546
v -277.5 -17.169 45.546
v -279.353 -20.109 45.546
v -287.882 -14.715 45.543
v -274.821 -18.025 48.866
v -276.183 -17.172 48.866
v -279.187 -21.969 48.866
v -277.826 -22.822 48.866
v -278.653 -16.44 47.39
v -277.5 -17.169 47.391
v -275.581 -14.134 47.391
v -276.734 -13.405 47.39
v -278.653 -16.44 47.76
v -280.51 -19.377 47.76
v -279.353 -20.108 47.761
v -277.5 -17.169 47.761
v -280.422 -30.113 33.872
v -301.545 -17.022 33.866
v -302.394 -18.392 33.866
v -281.272 -31.483 33.872
v -279.187 -21.97 45.546
v -277.825 -22.822 45.546
v -277.826 -22.822 48.866
v -279.187 -21.969 48.866
v -266.188 -8.276 45.547
v -279.916 -30.426 45.547
v -279.908 -30.432 0.392
v -266.18 -8.281 0.393
v -287.679 5.044 0.387
v -287.688 5.049 43.596
v -286.74 6.559 43.596
v -286.732 6.554 0.387
v -266.522 -8.069 43.602
v -266.513 -8.074 0.392
v -265.638 -6.68 0.392
v -265.647 -6.675 43.602
v -277.825 -22.822 45.546
v -274.821 -18.025 45.546
v -274.821 -18.025 48.866
v -277.826 -22.822 48.866
v -267.16 -7.674 43.602
v -267.16 -7.674 45.217
v -287.112 4.692 45.211
v -287.112 4.692 43.596
v -287.688 5.049 43.596
v -287.679 5.044 0.387
v -288.035 5.264 0.387
v -288.044 5.269 45.541
v -269.374 -6.302 45.546
v -266.188 -8.276 45.547
v -266.18 -8.281 0.393
v -266.513 -8.074 0.392
v -266.522 -8.069 43.602
v -276.182 -17.172 45.546
v -279.187 -21.97 45.546
v -279.187 -21.969 48.866
v -276.183 -17.172 48.866
v -281.272 -31.483 33.872
v -302.394 -18.392 33.866
v -302.388 -18.396 0.387
v -281.265 -31.487 0.392
v -301.772 -16.881 45.541
v -296.896 -9.014 45.541
v -293.174 -3.009 45.541
v -288.044 5.269 45.541
v -288.035 5.264 0.387
v -301.764 -16.886 0.387
v -284.105 -8.744 45.544
v -287.882 -14.715 45.543
v -287.882 -14.715 47.968
v -284.106 -8.743 47.969
v -279.353 -20.109 45.546
v -277.5 -17.169 45.546
v -275.581 -14.134 45.546
v -275.581 -14.134 47.391
v -277.5 -17.169 47.391
v -277.5 -17.169 47.761
v -279.353 -20.108 47.761
v -275.581 -14.134 47.391
v -275.581 -14.134 45.546
v -284.105 -8.744 45.544
v -284.106 -8.743 47.969
v -276.734 -13.405 47.97
v -276.734 -13.405 47.39
v -287.882 -14.715 45.543
v -279.353 -20.109 45.546
v -279.353 -20.108 47.761
v -280.51 -19.377 47.76
v -280.51 -19.377 47.97
v -287.882 -14.715 47.968
v -280.416 -30.117 0.392
v -280.422 -30.113 33.872
v -281.272 -31.483 33.872
v -281.265 -31.487 0.392
v -266.529 -6.668 43.602
v -286.412 5.807 43.596
v -286.413 5.807 45.211
v -266.529 -6.668 45.217
v -301.538 -17.026 0.387
v -301.545 -17.022 33.866
v -280.422 -30.113 33.872
v -280.416 -30.117 0.392
v -279.908 -30.432 0.392
v -279.916 -30.426 45.547
v -281.84 -29.234 45.546
v -301.772 -16.881 45.541
v -301.764 -16.886 0.387
v -286.74 6.559 43.596
v -265.647 -6.675 43.602
v -265.638 -6.68 0.392
v -286.732 6.554 0.387
v -276.734 -13.405 47.97
v -280.51 -19.377 47.97
v -280.51 -19.377 47.76
v -278.653 -16.44 47.76
v -278.653 -16.44 47.39
v -276.734 -13.405 47.39
v -277.5 -17.169 47.391
v -278.653 -16.44 47.39
v -278.653 -16.44 47.76
v -277.5 -17.169 47.761
v -267.16 -7.674 45.217
v -267.16 -7.674 43.602
v -266.529 -6.668 43.602
v -266.529 -6.668 45.217
v -287.112 4.692 43.596
v -287.112 4.692 45.211
v -286.413 5.807 45.211
v -286.412 5.807 43.596
v -301.545 -17.022 33.866
v -301.538 -17.026 0.387
v -302.388 -18.396 0.387
v -302.394 -18.392 33.866
v -274.821 -18.025 45.546
v -276.182 -17.172 45.546
v -276.183 -17.172 48.866
v -274.821 -18.025 48.866
f 7361 7371 7372
f 7370 7368 7369
f 7367 7365 7366
f 7364 7362 7363
f 7361 7370 7371
f 7370 7367 7368
f 7367 7364 7365
f 7364 7361 7362
f 7361 7367 7370
f 7367 7361 7364
f 7375 7376 7373
f 7373 7374 7375
f 7379 7380 7377
f 7377 7378 7379
f 7381 7382 7383
f 7385 7386 7387
f 7381 7383 7384
f 7385 7387 7388
f 7388 7381 7384
f 7384 7385 7388
f 7398 7399 7396
f 7396 7389 7390
f 7390 7391 7392
f 7392 7393 7394
f 7394 7395 7396
f 7396 7405 7401
f 7402 7403 7404
f 7404 7405 7396
f 7398 7396 7390
f 7394 7396 7401
f 7404 7396 7399
f 7397 7398 7390
f 7392 7394 7401
f 7402 7404 7399
f 7397 7390 7392
f 7392 7401 7402
f 7402 7399 7400
f 7400 7397 7392
f 7392 7402 7400
f 7408 7409 7406
f 7406 7407 7408
f 7412 7413 7410
f 7410 7411 7412
f 7416 7417 7414
f 7414 7415 7416
f 7420 7421 7418
f 7418 7419 7420
f 7424 7425 7422
f 7422 7423 7424
f 7428 7429 7426
f 7426 7427 7428
f 7431 7433 7430
f 7433 7431 7432
f 7436 7437 7434
f 7434 7435 7436
f 7440 7441 7438
f 7438 7439 7440
f 7443 7454 7442
f 7454 7452 7453
f 7449 7447 7448
f 7446 7444 7445
f 7454 7451 7452
f 7449 7446 7447
f 7443 7451 7454
f 7449 7444 7446
f 7444 7451 7443
f 7450 7444 7449
f 7444 7450 7451
f 7456 7458 7455
f 7458 7456 7457
f 7461 7462 7459
f 7459 7460 7461
f 7464 7468 7463
f 7468 7466 7467
f 7465 7468 7464
f 7468 7465 7466
f 7470 7472 7469
f 7472 7470 7471
f 7478 7479 7473
f 7473 7474 7475
f 7475 7476 7477
f 7477 7478 7473
f 7473 7475 7477
f 7481 7485 7480
f 7485 7483 7484
f 7483 7481 7482
f 7481 7483 7485
f 7490 7491 7486
f 7486 7487 7488
f 7489 7490 7486
f 7486 7488 7489
f 7494 7495 7492
f 7492 7493 7494
f 7497 7499 7496
f 7499 7497 7498
f 7507 7508 7500
f 7502 7503 7504
f 7507 7500 7501
f 7502 7504 7505
f 7506 7507 7501
f 7501 7502 7505
f 7505 7506 7501
f 7510 7512 7509
f 7512 7510 7511
f 7517 7518 7513
f 7513 7514 7515
f 7516 7517 7513
f 7513 7515 7516
f 7520 7522 7519
f 7522 7520 7521
f 7525 7526 7523
f 7523 7524 7525
f 7528 7530 7527
f 7530 7528 7529
f 7532 7534 7531
f 7534 7532 7533
f 7536 7538 7535
f 7538 7536 7537
o bldg_1de2bfeb-2b99-4634-b045-041af5225136
v -54.712 -122.812 3.327
v -78.231 -158.205 3.327
v -77.973 -158.377 3.327
v -86.168 -170.666 3.327
v -115.247 -149.586 3.327
v -116.59 -142.498 3.327
v -89.724 -99.608 3.327
v -77.973 -158.377 43.74
v -84.538 -153.998 43.74
v -90.861 -163.478 43.74
v -84.425 -168.053 43.74
v -66.945 -114.705 43.595
v -71.362 -121.288 43.595
v -62.201 -127.436 43.595
v -57.749 -120.8 43.595
v -63.7 -126.43 33.48
v -71.362 -121.288 33.48
v -66.945 -114.705 33.48
v -89.724 -99.608 33.48
v -116.59 -142.498 33.48
v -115.247 -149.586 33.48
v -86.168 -170.665 33.48
v -84.425 -168.053 33.48
v -90.861 -163.478 33.48
v -84.538 -153.998 33.48
v -82.667 -155.246 33.48
v -54.712 -122.812 15.65
v -57.748 -120.8 15.65
v -62.201 -127.436 15.65
v -63.7 -126.43 15.65
v -74.206 -142.391 15.65
v -72.213 -143.684 15.65
v -76.423 -150.178 15.65
v -78.461 -148.857 15.65
v -82.667 -155.246 15.65
v -78.231 -158.205 15.65
v -74.206 -142.391 21.925
v -78.461 -148.857 21.925
v -76.423 -150.178 21.925
v -72.213 -143.684 21.925
v -66.945 -114.705 33.48
v -71.362 -121.288 33.48
v -71.362 -121.288 43.595
v -66.945 -114.705 43.595
v -78.231 -158.205 3.327
v -78.231 -158.205 15.65
v -82.667 -155.246 15.65
v -82.667 -155.246 33.48
v -84.538 -153.998 33.48
v -84.538 -153.998 43.74
v -77.973 -158.377 43.74
v -77.973 -158.377 3.327
v -62.201 -127.436 43.595
v -71.362 -121.288 43.595
v -71.362 -121.288 33.48
v -63.7 -126.43 33.48
v -63.7 -126.43 15.65
v -62.201 -127.436 15.65
v -86.168 -170.666 3.327
v -77.973 -158.377 3.327
v -77.973 -158.377 43.74
v -84.425 -168.053 43.74
v -84.425 -168.053 33.48
v -86.168 -170.665 33.48
v -116.59 -142.498 33.48
v -89.724 -99.608 33.48
v -89.724 -99.608 3.327
v -116.59 -142.498 3.327
v -54.712 -122.812 15.65
v -54.712 -122.812 3.327
v -89.724 -99.608 3.327
v -89.724 -99.608 33.48
v -66.945 -114.705 33.48
v -66.945 -114.705 43.595
v -57.749 -120.8 43.595
v -57.748 -120.8 15.65
v -82.667 -155.246 33.48
v -82.667 -155.246 15.65
v -78.461 -148.857 15.65
v -78.461 -148.857 21.925
v -74.206 -142.391 21.925
v -74.206 -142.391 15.65
v -63.7 -126.43 15.65
v -63.7 -126.43 33.48
v -86.168 -170.665 33.48
v -115.247 -149.586 33.48
v -115.247 -149.586 3.327
v -86.168 -170.666 3.327
v -78.231 -158.205 15.65
v -78.231 -158.205 3.327
v -54.712 -122.812 3.327
v -54.712 -122.812 15.65
v -84.538 -153.998 33.48
v -90.861 -163.478 33.48
v -90.861 -163.478 43.74
v -84.538 -153.998 43.74
v -74.206 -142.391 15.65
v -74.206 -142.391 21.925
v -72.213 -143.684 21.925
v -72.213 -143.684 15.65
v -62.201 -127.436 15.65
v -57.748 -120.8 15.65
v -57.749 -120.8 43.595
v -62.201 -127.436 43.595
v -76.423 -150.178 15.65
v -72.213 -143.684 15.65
v -72.213 -143.684 21.925
v -76.423 -150.178 21.925
v -90.861 -163.478 33.48
v -84.425 -168.053 33.48
v -84.425 -168.053 43.74
v -90.861 -163.478 43.74
v -78.461 -148.857 21.925
v -78.461 -148.857 15.65
v -76.423 -150.178 15.65
v -76.423 -150.178 21.925
v -115.247 -149.586 33.48
v -116.59 -142.498 33.48
v -116.59 -142.498 3.327
v -115.247 -149.586 3.327
f 7540 7545 7539
f 7545 7543 7544
f 7543 7541 7542
f 7540 7543 7545
f 7543 7540 7541
f 7548 7549 7546
f 7546 7547 7548
f 7552 7553 7550
f 7550 7551 7552
f 7563 7564 7554
f 7555 7556 7557
f 7557 7558 7559
f 7559 7560 7561
f 7563 7554 7555
f 7555 7557 7559
f 7559 7561 7562
f 7562 7563 7555
f 7555 7559 7562
f 7574 7565 7566
f 7567 7568 7569
f 7571 7572 7573
f 7574 7566 7567
f 7567 7569 7570
f 7571 7573 7574
f 7574 7567 7570
f 7570 7571 7574
f 7577 7578 7575
f 7575 7576 7577
f 7580 7582 7579
f 7582 7580 7581
f 7584 7590 7583
f 7589 7587 7588
f 7586 7584 7585
f 7584 7589 7590
f 7589 7586 7587
f 7586 7589 7584
f 7595 7596 7591
f 7591 7592 7593
f 7594 7595 7591
f 7591 7593 7594
f 7601 7602 7597
f 7597 7598 7599
f 7599 7600 7601
f 7601 7597 7599
f 7604 7606 7603
f 7606 7604 7605
f 7608 7614 7607
f 7614 7612 7613
f 7611 7609 7610
f 7609 7614 7608
f 7614 7611 7612
f 7611 7614 7609
f 7621 7622 7615
f 7615 7616 7617
f 7619 7620 7621
f 7615 7617 7618
f 7619 7621 7615
f 7615 7618 7619
f 7625 7626 7623
f 7623 7624 7625
f 7629 7630 7627
f 7627 7628 7629
f 7632 7634 7631
f 7634 7632 7633
f 7636 7638 7635
f 7638 7636 7637
f 7641 7642 7639
f 7639 7640 7641
f 7645 7646 7643
f 7643 7644 7645
f 7649 7650 7647
f 7647 7648 7649
f 7653 7654 7651
f 7651 7652 7653
f 7656 7658 7655
f 7658 7656 7657
o bldg_25d86d99-13c5-42c7-b7bd-35bb4fd75e1d
v -280.406 -33.355 0.485
v -264.609 -7.804 0.485
v -263.836 -6.552 0.485
v -242.313 -19.954 0.491
v -249.997 -32.375 0.491
v -251.503 -31.444 0.49
v -254.408 -36.11 0.49
v -253.006 -36.977 0.491
v -257.28 -43.89 0.491
v -256.988 -44.071 0.491
v -258.714 -46.863 0.491
v -256.803 -16.753 49.3
v -264.956 -11.677 49.298
v -276.148 -29.65 49.297
v -257.593 -41.204 49.302
v -246.402 -23.23 49.302
v -254.544 -18.161 49.3
v -254.964 -18.836 49.3
v -257.224 -17.428 49.3
v -262.69 -9.512 39.853
v -261.82 -10.039 39.853
v -261.877 -10.135 39.853
v -260.915 -10.718 39.853
v -260.334 -9.76 39.853
v -262.166 -8.65 39.853
v -263.842 -6.549 31.182
v -264.615 -7.801 31.182
v -263.612 -8.411 31.182
v -262.447 -9.117 31.183
v -261.698 -7.884 31.183
v -276.555 -34.26 21.653
v -279.75 -32.285 21.652
v -280.41 -33.353 21.652
v -277.225 -35.336 21.653
v -263.754 -11.267 30.598
v -263.728 -11.224 30.598
v -264.889 -10.52 30.597
v -264.916 -10.563 30.597
v -256.045 -17.08 49.205
v -256.538 -17.855 49.205
v -255.614 -18.431 49.205
v -255.126 -17.664 49.205
v -265.939 -9.941 32.532
v -264.916 -10.563 32.532
v -263.612 -8.411 31.182
v -264.615 -7.801 31.182
v -253.012 -36.973 32.913
v -254.414 -36.106 32.912
v -259.747 -44.669 32.912
v -258.317 -45.553 32.913
v -257.284 -43.888 21.368
v -258.315 -45.555 21.368
v -261.51 -43.578 21.367
v -262.203 -44.69 21.367
v -258.718 -46.86 21.368
v -256.992 -44.068 21.368
v -244.25 -23.071 32.913
v -245.729 -22.156 32.912
v -251.509 -31.44 32.912
v -250.004 -32.371 32.913
v -279.752 -32.284 32.907
v -278.072 -33.322 32.907
v -275.898 -29.806 32.907
v -276.145 -29.652 32.907
v -264.983 -11.727 32.908
v -266.474 -10.806 32.907
v -263.882 -11.473 41.268
v -264.263 -12.109 41.268
v -258.357 -15.786 41.269
v -257.93 -15.081 41.269
v -263.01 -12.002 41.268
v -262.447 -9.117 31.183
v -263.612 -8.411 31.182
v -264.889 -10.52 30.597
v -263.728 -11.224 30.598
v -263.596 -11.007 30.658
v -262.51 -9.22 31.154
v -263.88 -11.474 32.533
v -263.754 -11.267 32.533
v -264.916 -10.563 32.532
v -265.939 -9.941 32.532
v -266.474 -10.806 32.532
v -264.983 -11.727 32.533
v -264.953 -11.679 32.533
v -264.261 -12.11 32.533
v -261.82 -10.039 39.895
v -262.69 -9.512 39.895
v -263.882 -11.473 41.268
v -263.01 -12.002 41.268
v -262.165 -8.65 35.653
v -260.551 -9.629 35.653
v -260.089 -8.886 35.653
v -261.699 -7.883 35.653
v -243.786 -19.037 33.202
v -245.729 -22.156 33.202
v -244.25 -23.071 33.203
v -242.32 -19.951 33.203
v -259.353 -40.108 36.767
v -261.513 -43.576 36.767
v -259.747 -44.669 36.767
v -257.591 -41.205 36.767
v -276.558 -34.258 36.763
v -274.376 -30.754 36.763
v -275.899 -29.805 36.762
v -278.073 -33.322 36.762
v -260.334 -9.76 36.948
v -260.914 -10.718 36.948
v -261.877 -10.135 36.948
v -263.009 -12.003 36.948
v -257.929 -15.082 36.949
v -258.356 -15.786 36.949
v -256.801 -16.755 36.95
v -257.221 -17.43 36.95
v -256.536 -17.857 36.95
v -256.043 -17.081 36.95
v -255.124 -17.666 36.95
v -255.611 -18.432 36.95
v -254.962 -18.837 36.95
v -254.541 -18.162 36.95
v -246.399 -23.232 36.952
v -243.787 -19.037 36.952
v -260.089 -8.886 36.948
v -260.551 -9.628 36.948
v -259.353 -40.108 37.147
v -274.376 -30.754 37.143
v -277.228 -35.334 37.143
v -262.206 -44.688 37.147
v -255.614 -18.431 49.205
v -256.538 -17.855 49.205
v -256.536 -17.857 36.95
v -257.221 -17.43 36.95
v -257.224 -17.428 49.3
v -254.964 -18.836 49.3
v -254.962 -18.837 36.95
v -255.611 -18.432 36.95
v -263.836 -6.552 0.485
v -264.609 -7.804 0.485
v -280.406 -33.355 0.485
v -280.41 -33.353 21.652
v -279.75 -32.285 21.652
v -279.752 -32.284 32.907
v -266.474 -10.806 32.907
v -266.474 -10.806 32.532
v -265.939 -9.941 32.532
v -264.615 -7.801 31.182
v -263.842 -6.549 31.182
v -261.513 -43.576 36.767
v -259.353 -40.108 36.767
v -259.353 -40.108 37.147
v -262.206 -44.688 37.147
v -262.203 -44.69 21.367
v -261.51 -43.578 21.367
v -257.221 -17.43 36.95
v -256.801 -16.755 36.95
v -256.803 -16.753 49.3
v -257.224 -17.428 49.3
v -280.406 -33.355 0.485
v -258.714 -46.863 0.491
v -258.718 -46.86 21.368
v -262.203 -44.69 21.367
v -262.206 -44.688 37.147
v -277.228 -35.334 37.143
v -277.225 -35.336 21.653
v -280.41 -33.353 21.652
v -262.166 -8.65 39.853
v -262.165 -8.65 35.653
v -261.699 -7.883 35.653
v -261.698 -7.884 31.183
v -262.447 -9.117 31.183
v -262.51 -9.22 31.154
v -263.596 -11.007 30.658
v -263.728 -11.224 30.598
v -263.754 -11.267 30.598
v -263.754 -11.267 32.533
v -263.88 -11.474 32.533
v -264.261 -12.11 32.533
v -264.263 -12.109 41.268
v -263.882 -11.473 41.268
v -262.69 -9.512 39.895
v -262.69 -9.512 39.853
v -261.877 -10.135 36.948
v -261.877 -10.135 39.853
v -261.82 -10.039 39.853
v -261.82 -10.039 39.895
v -263.01 -12.002 41.268
v -263.009 -12.003 36.948
v -254.408 -36.11 0.49
v -254.414 -36.106 32.912
v -253.012 -36.973 32.913
v -253.006 -36.977 0.491
v -258.356 -15.786 36.949
v -257.929 -15.082 36.949
v -257.93 -15.081 41.269
v -258.357 -15.786 41.269
v -246.399 -23.232 36.952
v -254.541 -18.162 36.95
v -254.544 -18.161 49.3
v -246.402 -23.23 49.302
v -249.997 -32.375 0.491
v -242.313 -19.954 0.491
v -242.32 -19.951 33.203
v -244.25 -23.071 33.203
v -244.25 -23.071 32.913
v -250.004 -32.371 32.913
v -263.009 -12.003 36.948
v -263.01 -12.002 41.268
v -257.93 -15.081 41.269
v -257.929 -15.082 36.949
v -257.28 -43.89 0.491
v -257.284 -43.888 21.368
v -256.992 -44.068 21.368
v -256.988 -44.071 0.491
v -255.124 -17.666 36.95
v -256.043 -17.081 36.95
v -256.045 -17.08 49.205
v -255.126 -17.664 49.205
v -276.555 -34.26 21.653
v -276.558 -34.258 36.763
v -278.073 -33.322 36.762
v -278.072 -33.322 32.907
v -279.752 -32.284 32.907
v -279.75 -32.285 21.652
v -256.043 -17.081 36.95
v -256.536 -17.857 36.95
v -256.538 -17.855 49.205
v -256.045 -17.08 49.205
v -254.541 -18.162 36.95
v -254.962 -18.837 36.95
v -254.964 -18.836 49.3
v -254.544 -18.161 49.3
v -264.956 -11.677 49.298
v -256.803 -16.753 49.3
v -256.801 -16.755 36.95
v -258.356 -15.786 36.949
v -258.357 -15.786 41.269
v -264.263 -12.109 41.268
v -264.261 -12.11 32.533
v -264.953 -11.679 32.533
v -253.012 -36.973 32.913
v -258.317 -45.553 32.913
v -258.315 -45.555 21.368
v -257.284 -43.888 21.368
v -257.28 -43.89 0.491
v -253.006 -36.977 0.491
v -274.376 -30.754 37.143
v -259.353 -40.108 37.147
v -259.353 -40.108 36.767
v -257.591 -41.205 36.767
v -257.593 -41.204 49.302
v -276.148 -29.65 49.297
v -276.145 -29.652 32.907
v -275.898 -29.806 32.907
v -275.899 -29.805 36.762
v -274.376 -30.754 36.763
v -255.611 -18.432 36.95
v -255.124 -17.666 36.95
v -255.126 -17.664 49.205
v -255.614 -18.431 49.205
v -275.898 -29.806 32.907
v -278.072 -33.322 32.907
v -278.073 -33.322 36.762
v -275.899 -29.805 36.762
v -260.914 -10.718 36.948
v -260.334 -9.76 36.948
v -260.334 -9.76 39.853
v -260.915 -10.718 39.853
v -251.509 -31.44 32.912
v -245.729 -22.156 32.912
v -245.729 -22.156 33.202
v -243.786 -19.037 33.202
v -243.787 -19.037 36.952
v -246.399 -23.232 36.952
v -246.402 -23.23 49.302
v -257.593 -41.204 49.302
v -257.591 -41.205 36.767
v -259.747 -44.669 36.767
v -259.747 -44.669 32.912
v -254.414 -36.106 32.912
v -254.408 -36.11 0.49
v -251.503 -31.444 0.49
v -263.754 -11.267 30.598
v -264.916 -10.563 30.597
v -264.916 -10.563 32.532
v -263.754 -11.267 32.533
v -243.787 -19.037 36.952
v -243.786 -19.037 33.202
v -242.32 -19.951 33.203
v -242.313 -19.954 0.491
v -263.836 -6.552 0.485
v -263.842 -6.549 31.182
v -261.698 -7.884 31.183
v -261.699 -7.883 35.653
v -260.089 -8.886 35.653
v -260.089 -8.886 36.948
v -260.089 -8.886 35.653
v -260.551 -9.629 35.653
v -260.551 -9.628 36.948
v -260.089 -8.886 36.948
v -251.509 -31.44 32.912
v -251.503 -31.444 0.49
v -249.997 -32.375 0.491
v -250.004 -32.371 32.913
v -256.992 -44.068 21.368
v -258.718 -46.86 21.368
v -258.714 -46.863 0.491
v -256.988 -44.071 0.491
v -261.82 -10.039 39.853
v -262.69 -9.512 39.853
v -262.69 -9.512 39.895
v -261.82 -10.039 39.895
v -264.983 -11.727 32.908
v -276.145 -29.652 32.907
v -276.148 -29.65 49.297
v -264.956 -11.677 49.298
v -264.953 -11.679 32.533
v -264.983 -11.727 32.533
v -262.166 -8.65 39.853
v -260.334 -9.76 39.853
v -260.334 -9.76 36.948
v -260.551 -9.628 36.948
v -260.551 -9.629 35.653
v -262.165 -8.65 35.653
v -277.228 -35.334 37.143
v -274.376 -30.754 37.143
v -274.376 -30.754 36.763
v -276.558 -34.258 36.763
v -276.555 -34.26 21.653
v -277.225 -35.336 21.653
v -264.983 -11.727 32.533
v -266.474 -10.806 32.532
v -266.474 -10.806 32.907
v -264.983 -11.727 32.908
v -245.729 -22.156 32.912
v -244.25 -23.071 32.913
v -244.25 -23.071 33.203
v -245.729 -22.156 33.202
v -264.916 -10.563 30.597
v -264.889 -10.52 30.597
v -263.612 -8.411 31.182
v -264.916 -10.563 32.532
v -261.877 -10.135 39.853
v -261.877 -10.135 36.948
v -260.914 -10.718 36.948
v -260.915 -10.718 39.853
v -258.317 -45.553 32.913
v -259.747 -44.669 32.912
v -259.747 -44.669 36.767
v -261.513 -43.576 36.767
v -261.51 -43.578 21.367
v -258.315 -45.555 21.368
f 7660 7669 7659
f 7669 7667 7668
f 7667 7665 7666
f 7664 7662 7663
f 7662 7660 7661
f 7660 7667 7669
f 7664 7660 7662
f 7660 7665 7667
f 7665 7660 7664
f 7677 7670 7671
f 7671 7672 7673
f 7673 7674 7675
f 7677 7671 7673
f 7673 7675 7676
f 7676 7677 7673
f 7682 7683 7678
f 7679 7680 7681
f 7682 7678 7679
f 7679 7681 7682
f 7687 7688 7684
f 7684 7685 7686
f 7686 7687 7684
f 7691 7692 7689
f 7689 7690 7691
f 7695 7696 7693
f 7693 7694 7695
f 7699 7700 7697
f 7697 7698 7699
f 7703 7704 7701
f 7701 7702 7703
f 7707 7708 7705
f 7705 7706 7707
f 7713 7714 7709
f 7710 7711 7712
f 7713 7709 7710
f 7710 7712 7713
f 7717 7718 7715
f 7715 7716 7717
f 7723 7724 7719
f 7719 7720 7721
f 7722 7723 7719
f 7719 7721 7722
f 7728 7729 7725
f 7725 7726 7727
f 7727 7728 7725
f 7735 7730 7731
f 7731 7732 7733
f 7734 7735 7731
f 7731 7733 7734
f 7742 7743 7736
f 7736 7737 7738
f 7738 7739 7740
f 7740 7741 7742
f 7742 7736 7738
f 7738 7740 7742
f 7746 7747 7744
f 7744 7745 7746
f 7750 7751 7748
f 7748 7749 7750
f 7754 7755 7752
f 7752 7753 7754
f 7758 7759 7756
f 7756 7757 7758
f 7762 7763 7760
f 7760 7761 7762
f 7780 7781 7764
f 7765 7766 7767
f 7768 7769 7770
f 7770 7771 7772
f 7774 7775 7776
f 7777 7778 7779
f 7779 7780 7764
f 7765 7767 7768
f 7770 7772 7773
f 7774 7776 7777
f 7777 7779 7764
f 7764 7765 7768
f 7768 7770 7773
f 7774 7777 7764
f 7764 7768 7773
f 7773 7774 7764
f 7784 7785 7782
f 7782 7783 7784
f 7786 7792 7793
f 7790 7788 7789
f 7786 7791 7792
f 7790 7787 7788
f 7787 7791 7786
f 7791 7787 7790
f 7795 7804 7794
f 7803 7801 7802
f 7801 7799 7800
f 7798 7796 7797
f 7796 7804 7795
f 7803 7799 7801
f 7798 7804 7796
f 7803 7798 7799
f 7798 7803 7804
f 7809 7810 7805
f 7805 7806 7807
f 7808 7809 7805
f 7805 7807 7808
f 7813 7814 7811
f 7811 7812 7813
f 7821 7822 7815
f 7815 7816 7817
f 7818 7819 7820
f 7815 7817 7818
f 7818 7820 7821
f 7821 7815 7818
f 7824 7838 7823
f 7838 7836 7837
f 7836 7834 7835
f 7834 7832 7833
f 7832 7830 7831
f 7829 7827 7828
f 7827 7825 7826
f 7824 7836 7838
f 7836 7832 7834
f 7832 7829 7830
f 7829 7825 7827
f 7824 7832 7836
f 7832 7825 7829
f 7825 7832 7824
f 7843 7844 7839
f 7840 7841 7842
f 7843 7839 7840
f 7840 7842 7843
f 7846 7848 7845
f 7848 7846 7847
f 7851 7852 7849
f 7849 7850 7851
f 7854 7856 7853
f 7856 7854 7855
f 7861 7862 7857
f 7857 7858 7859
f 7859 7860 7861
f 7861 7857 7859
f 7864 7866 7863
f 7866 7864 7865
f 7868 7870 7867
f 7870 7868 7869
f 7872 7874 7871
f 7874 7872 7873
f 7879 7880 7875
f 7875 7876 7877
f 7878 7879 7875
f 7875 7877 7878
f 7882 7884 7881
f 7884 7882 7883
f 7886 7888 7885
f 7888 7886 7887
f 7889 7895 7896
f 7893 7891 7892
f 7889 7894 7895
f 7893 7890 7891
f 7890 7894 7889
f 7894 7890 7893
f 7901 7902 7897
f 7897 7898 7899
f 7900 7901 7897
f 7897 7899 7900
f 7911 7912 7903
f 7904 7905 7906
f 7906 7907 7908
f 7908 7909 7910
f 7904 7906 7908
f 7908 7910 7911
f 7903 7904 7908
f 7908 7911 7903
f 7915 7916 7913
f 7913 7914 7915
f 7918 7920 7917
f 7920 7918 7919
f 7923 7924 7921
f 7921 7922 7923
f 7937 7938 7925
f 7925 7926 7927
f 7927 7928 7929
f 7930 7931 7932
f 7933 7934 7935
f 7936 7937 7925
f 7925 7927 7929
f 7930 7932 7933
f 7933 7935 7936
f 7936 7925 7929
f 7929 7930 7933
f 7933 7936 7929
f 7940 7942 7939
f 7942 7940 7941
f 7944 7952 7943
f 7951 7949 7950
f 7949 7947 7948
f 7947 7945 7946
f 7944 7951 7952
f 7951 7947 7949
f 7947 7944 7945
f 7944 7947 7951
f 7954 7956 7953
f 7956 7954 7955
f 7959 7960 7957
f 7957 7958 7959
f 7963 7964 7961
f 7961 7962 7963
f 7966 7968 7965
f 7968 7966 7967
f 7969 7973 7974
f 7972 7970 7971
f 7969 7972 7973
f 7972 7969 7970
f 7976 7980 7975
f 7980 7978 7979
f 7978 7976 7977
f 7976 7978 7980
f 7981 7985 7986
f 7984 7982 7983
f 7981 7984 7985
f 7984 7981 7982
f 7988 7990 7987
f 7990 7988 7989
f 7993 7994 7991
f 7991 7992 7993
f 7997 7998 7995
f 7995 7996 7997
f 8001 8002 7999
f 7999 8000 8001
f 8007 8008 8003
f 8004 8005 8006
f 8007 8003 8004
f 8004 8006 8007
o bldg_08ed4f6d-4bf2-4eb5-ba4d-5e5f4424a7b6
v -229.982 181.464 2.992
v -244.776 155.983 2.992
v -251.417 159.838 2.992
v -236.623 185.319 2.992
v -251.417 159.838 7.284
v -244.776 155.983 7.284
v -229.982 181.464 7.284
v -236.623 185.319 7.284
v -236.623 185.319 7.284
v -229.982 181.464 7.284
v -229.982 181.464 2.992
v -236.623 185.319 2.992
v -229.982 181.464 7.284
v -244.776 155.983 7.284
v -244.776 155.983 2.992
v -229.982 181.464 2.992
v -244.776 155.983 7.284
v -251.417 159.838 7.284
v -251.417 159.838 2.992
v -244.776 155.983 2.992
v -251.417 159.838 7.284
v -236.623 185.319 7.284
v -236.623 185.319 2.992
v -251.417 159.838 2.992
f 8010 8012 8009
f 8012 8010 8011
f 8015 8016 8013
f 8013 8014 8015
f 8018 8020 8017
f 8020 8018 8019
f 8023 8024 8021
f 8021 8022 8023
f 8027 8028 8025
f 8025 8026 8027
f 8030 8032 8029
f 8032 8030 8031
o bldg_f1547fde-d82e-4ca5-8e85-ea449135e3c4
v -163.904 -290.782 2.529
v -167.017 -288.725 2.529
v -165.908 -287.047 2.529
v -162.795 -289.104 2.529
v -165.908 -287.047 7.565
v -167.017 -288.725 7.565
v -163.904 -290.782 7.565
v -162.795 -289.104 7.565
v -162.795 -289.104 7.565
v -163.904 -290.782 7.565
v -163.904 -290.782 2.529
v -162.795 -289.104 2.529
v -167.017 -288.725 7.565
v -165.908 -287.047 7.565
v -165.908 -287.047 2.529
v -167.017 -288.725 2.529
v -165.908 -287.047 7.565
v -162.795 -289.104 7.565
v -162.795 -289.104 2.529
v -165.908 -287.047 2.529
v -163.904 -290.782 7.565
v -167.017 -288.725 7.565
v -167.017 -288.725 2.529
v -163.904 -290.782 2.529
f 8034 8036 8033
f 8036 8034 8035
f 8039 8040 8037
f 8037 8038 8039
f 8043 8044 8041
f 8041 8042 8043
f 8046 8048 8045
f 8048 8046 8047
f 8050 8052 8049
f 8052 8050 8051
f 8055 8056 8053
f 8053 8054 8055
o bldg_48e44fa0-7e34-4a98-9842-a6d3a8440776
v -311.36 -13.51 2.949
v -294.933 12.406 2.949
v -294.301 12.625 2.949
v -288.28 8.872 2.949
v -287.828 7.729 2.949
v -304.05 -17.863 2.949
v -305.233 -18.194 2.949
v -311.117 -14.526 2.949
v -298.306 -8.802 34.165
v -305.489 -4.249 34.165
v -311.36 -13.51 34.165
v -311.117 -14.526 34.165
v -305.233 -18.194 34.165
v -304.05 -17.863 34.165
v -301.383 2.23 34.165
v -294.2 -2.323 34.165
v -287.828 7.729 34.165
v -288.28 8.872 34.165
v -294.301 12.625 34.165
v -294.933 12.406 34.165
v -298.306 -8.802 38.03
v -294.2 -2.323 38.03
v -301.383 2.23 38.03
v -305.489 -4.249 38.03
v -311.117 -14.526 34.165
v -311.36 -13.51 34.165
v -311.36 -13.51 2.949
v -311.117 -14.526 2.949
v -294.301 12.625 34.165
v -288.28 8.872 34.165
v -288.28 8.872 2.949
v -294.301 12.625 2.949
v -311.36 -13.51 34.165
v -305.489 -4.249 34.165
v -305.489 -4.249 38.03
v -301.383 2.23 38.03
v -301.383 2.23 34.165
v -294.933 12.406 34.165
v -294.933 12.406 2.949
v -311.36 -13.51 2.949
v -305.489 -4.249 34.165
v -298.306 -8.802 34.165
v -298.306 -8.802 38.03
v -305.489 -4.249 38.03
v -294.933 12.406 34.165
v -294.301 12.625 34.165
v -294.301 12.625 2.949
v -294.933 12.406 2.949
v -288.28 8.872 34.165
v -287.828 7.729 34.165
v -287.828 7.729 2.949
v -288.28 8.872 2.949
v -287.828 7.729 34.165
v -294.2 -2.323 34.165
v -294.2 -2.323 38.03
v -298.306 -8.802 38.03
v -298.306 -8.802 34.165
v -304.05 -17.863 34.165
v -304.05 -17.863 2.949
v -287.828 7.729 2.949
v -294.2 -2.323 34.165
v -301.383 2.23 34.165
v -301.383 2.23 38.03
v -294.2 -2.323 38.03
v -304.05 -17.863 34.165
v -305.233 -18.194 34.165
v -305.233 -18.194 2.949
v -304.05 -17.863 2.949
v -305.233 -18.194 34.165
v -311.117 -14.526 34.165
v -311.117 -14.526 2.949
v -305.233 -18.194 2.949
f 8058 8064 8057
f 8064 8062 8063
f 8062 8060 8061
f 8060 8058 8059
f 8058 8062 8064
f 8062 8058 8060
f 8069 8070 8065
f 8065 8066 8067
f 8067 8068 8069
f 8069 8065 8067
f 8075 8076 8071
f 8071 8072 8073
f 8073 8074 8075
f 8075 8071 8073
f 8079 8080 8077
f 8077 8078 8079
f 8082 8084 8081
f 8084 8082 8083
f 8086 8088 8085
f 8088 8086 8087
f 8090 8096 8089
f 8096 8094 8095
f 8093 8091 8092
f 8096 8093 8094
f 8093 8090 8091
f 8090 8093 8096
f 8099 8100 8097
f 8097 8098 8099
f 8102 8104 8101
f 8104 8102 8103
f 8107 8108 8105
f 8105 8106 8107
f 8115 8116 8109
f 8110 8111 8112
f 8113 8114 8115
f 8115 8109 8110
f 8110 8112 8113
f 8113 8115 8110
f 8118 8120 8117
f 8120 8118 8119
f 8123 8124 8121
f 8121 8122 8123
f 8127 8128 8125
f 8125 8126 8127
o bldg_a8dccce9-b6f9-43f2-a6c7-0ec83da6b4b5
v -296.202 13.226 2.917
v -297.008 11.926 2.917
v -296.782 11.785 2.917
v -311.245 -11.544 2.917
v -311.988 -11.084 2.917
v -312.498 -11.908 2.917
v -312.632 -11.825 2.917
v -312.828 -12.141 2.917
v -325.257 -4.436 2.917
v -325.062 -4.12 2.917
v -325.437 -3.888 2.917
v -324.927 -3.063 2.917
v -325.347 -2.802 2.917
v -310.885 20.527 2.917
v -310.306 20.168 2.917
v -309.499 21.469 2.917
v -299.963 9.549 39.817
v -299.303 9.14 38.047
v -297.796 11.571 38.047
v -298.921 11.23 39.817
v -314.162 12.618 39.817
v -314.053 13.112 38.047
v -310.738 18.461 38.047
v -310.684 18.228 39.817
v -311.759 -9.701 39.867
v -311.545 -10.901 38.097
v -309.979 -8.375 38.097
v -310.671 -7.946 39.867
v -318.12 3.311 39.867
v -317.964 3.563 39.867
v -319.506 4.52 39.867
v -323.724 -2.284 39.867
v -311.759 -9.701 39.867
v -310.671 -7.946 39.867
v -311.177 -7.632 39.867
v -311.916 -8.824 39.867
v -323.176 -1.843 39.867
v -319.465 4.144 39.867
v -298.921 11.23 39.817
v -310.765 18.572 39.817
v -314.506 12.537 39.817
v -313.003 11.605 39.817
v -312.871 11.818 39.817
v -314.162 12.618 39.817
v -310.684 18.228 39.817
v -299.266 11.149 39.817
v -300.176 9.681 39.817
v -299.963 9.549 39.817
v -319.506 4.52 39.867
v -319.727 5.644 38.097
v -324.865 -2.644 38.097
v -323.724 -2.284 39.867
v -301.669 3.902 36.987
v -296.782 11.785 36.987
v -297.009 11.926 36.987
v -296.203 13.226 36.987
v -309.499 21.469 36.987
v -310.306 20.168 36.987
v -310.885 20.527 36.987
v -315.771 12.645 36.987
v -324.315 -1.137 36.987
v -325.347 -2.802 36.987
v -324.926 -3.063 36.987
v -325.437 -3.887 36.987
v -325.062 -4.12 36.987
v -325.257 -4.436 36.987
v -312.828 -12.141 36.987
v -312.632 -11.825 36.987
v -312.498 -11.908 36.987
v -311.988 -11.084 36.987
v -311.245 -11.544 36.987
v -315.535 12.498 36.987
v -311.026 19.772 36.987
v -297.796 11.571 36.987
v -299.303 9.14 36.987
v -300.419 9.832 36.987
v -299.419 11.444 36.987
v -310.738 18.461 36.987
v -314.053 13.112 36.987
v -312.62 12.224 36.987
v -313.306 11.116 36.987
v -313.414 10.941 36.987
v -315.643 12.323 36.987
v -306.996 7.205 36.987
v -302.059 4.144 36.987
v -303.716 1.471 36.987
v -308.653 4.531 36.987
v -324.037 -1.309 36.987
v -319.727 5.644 36.987
v -317.521 4.277 36.987
v -318.12 3.311 36.987
v -319.465 4.144 36.987
v -323.176 -1.843 36.987
v -311.916 -8.824 36.987
v -311.177 -7.632 36.987
v -309.979 -8.375 36.987
v -311.545 -10.901 36.987
v -324.865 -2.644 36.987
v -299.266 11.149 39.817
v -299.419 11.444 38.047
v -300.419 9.832 38.047
v -300.176 9.681 39.817
v -317.964 3.563 39.867
v -317.521 4.277 38.097
v -319.727 5.644 38.097
v -319.506 4.52 39.867
v -312.871 11.818 39.817
v -312.62 12.224 38.047
v -314.053 13.112 38.047
v -314.162 12.618 39.817
v -310.765 18.572 39.817
v -311.026 19.772 38.047
v -315.643 12.323 38.047
v -314.506 12.537 39.817
v -310.684 18.228 39.817
v -310.738 18.461 38.047
v -299.419 11.444 38.047
v -299.266 11.149 39.817
v -323.724 -2.284 39.867
v -324.865 -2.644 38.097
v -311.545 -10.901 38.097
v -311.759 -9.701 39.867
v -298.921 11.23 39.817
v -297.796 11.571 38.047
v -311.026 19.772 38.047
v -310.765 18.572 39.817
v -314.506 12.537 39.817
v -315.643 12.323 38.047
v -313.414 10.941 38.047
v -313.003 11.605 39.817
v -303.716 1.471 46.582
v -302.059 4.144 46.582
v -306.996 7.205 46.582
v -308.653 4.531 46.582
v -319.465 4.144 39.867
v -319.465 4.144 36.987
v -318.12 3.311 36.987
v -318.12 3.311 39.867
v -311.988 -11.084 36.987
v -312.498 -11.908 36.987
v -312.498 -11.908 2.917
v -311.988 -11.084 2.917
v -325.062 -4.12 36.987
v -325.437 -3.887 36.987
v -325.437 -3.888 2.917
v -325.062 -4.12 2.917
v -323.176 -1.843 39.867
v -323.176 -1.843 36.987
v -319.465 4.144 36.987
v -319.465 4.144 39.867
v -299.963 9.549 39.817
v -300.419 9.832 38.047
v -299.303 9.14 38.047
v -303.716 1.471 36.987
v -302.059 4.144 36.987
v -302.059 4.144 46.582
v -303.716 1.471 46.582
v -300.419 9.832 36.987
v -299.303 9.14 36.987
v -299.303 9.14 38.047
v -300.419 9.832 38.047
v -299.419 11.444 36.987
v -300.419 9.832 36.987
v -300.419 9.832 38.047
v -299.419 11.444 38.047
v -324.865 -2.644 36.987
v -311.545 -10.901 36.987
v -311.545 -10.901 38.097
v -324.865 -2.644 38.097
v -312.828 -12.141 36.987
v -325.257 -4.436 36.987
v -325.257 -4.436 2.917
v -312.828 -12.141 2.917
v -296.782 11.785 36.987
v -301.669 3.902 36.987
v -311.245 -11.544 36.987
v -311.245 -11.544 2.917
v -296.782 11.785 2.917
v -297.009 11.926 36.987
v -296.782 11.785 36.987
v -296.782 11.785 2.917
v -297.008 11.926 2.917
v -310.306 20.168 36.987
v -309.499 21.469 36.987
v -309.499 21.469 2.917
v -310.306 20.168 2.917
v -297.796 11.571 36.987
v -311.026 19.772 36.987
v -311.026 19.772 38.047
v -297.796 11.571 38.047
v -311.026 19.772 36.987
v -315.535 12.498 36.987
v -315.643 12.323 36.987
v -315.643 12.323 38.047
v -311.026 19.772 38.047
v -325.437 -3.887 36.987
v -324.926 -3.063 36.987
v -324.927 -3.063 2.917
v -325.437 -3.888 2.917
v -310.671 -7.946 39.867
v -309.979 -8.375 38.097
v -309.979 -8.375 36.987
v -311.177 -7.632 36.987
v -311.177 -7.632 39.867
v -311.545 -10.901 36.987
v -309.979 -8.375 36.987
v -309.979 -8.375 38.097
v -311.545 -10.901 38.097
v -302.059 4.144 36.987
v -306.996 7.205 36.987
v -306.996 7.205 46.582
v -302.059 4.144 46.582
v -310.885 20.527 36.987
v -310.306 20.168 36.987
v -310.306 20.168 2.917
v -310.885 20.527 2.917
v -325.347 -2.802 36.987
v -324.315 -1.137 36.987
v -315.771 12.645 36.987
v -310.885 20.527 36.987
v -310.885 20.527 2.917
v -325.347 -2.802 2.917
v -308.653 4.531 36.987
v -303.716 1.471 36.987
v -303.716 1.471 46.582
v -308.653 4.531 46.582
v -306.996 7.205 36.987
v -308.653 4.531 36.987
v -308.653 4.531 46.582
v -306.996 7.205 46.582
v -311.177 -7.632 39.867
v -311.177 -7.632 36.987
v -311.916 -8.824 36.987
v -311.916 -8.824 39.867
v -300.176 9.681 39.817
v -300.419 9.832 38.047
v -299.963 9.549 39.817
v -313.414 10.941 36.987
v -313.306 11.116 36.987
v -312.62 12.224 36.987
v -312.62 12.224 38.047
v -313.414 10.941 38.047
v -314.053 13.112 36.987
v -310.738 18.461 36.987
v -310.738 18.461 38.047
v -314.053 13.112 38.047
v -325.257 -4.436 36.987
v -325.062 -4.12 36.987
v -325.062 -4.12 2.917
v -325.257 -4.436 2.917
v -312.62 12.224 36.987
v -314.053 13.112 36.987
v -314.053 13.112 38.047
v -312.62 12.224 38.047
v -296.203 13.226 36.987
v -297.009 11.926 36.987
v -297.008 11.926 2.917
v -296.202 13.226 2.917
v -324.926 -3.063 36.987
v -325.347 -2.802 36.987
v -325.347 -2.802 2.917
v -324.927 -3.063 2.917
v -312.871 11.818 39.817
v -313.003 11.605 39.817
v -312.62 12.224 38.047
v -312.62 12.224 38.047
v -313.003 11.605 39.817
v -313.414 10.941 38.047
v -299.303 9.14 36.987
v -297.796 11.571 36.987
v -297.796 11.571 38.047
v -299.303 9.14 38.047
v -312.498 -11.908 36.987
v -312.632 -11.825 36.987
v -312.632 -11.825 2.917
v -312.498 -11.908 2.917
v -311.245 -11.544 36.987
v -311.988 -11.084 36.987
v -311.988 -11.084 2.917
v -311.245 -11.544 2.917
v -315.643 12.323 36.987
v -313.414 10.941 36.987
v -313.414 10.941 38.047
v -315.643 12.323 38.047
v -312.632 -11.825 36.987
v -312.828 -12.141 36.987
v -312.828 -12.141 2.917
v -312.632 -11.825 2.917
v -311.916 -8.824 39.867
v -311.916 -8.824 36.987
v -323.176 -1.843 36.987
v -323.176 -1.843 39.867
v -310.738 18.461 36.987
v -299.419 11.444 36.987
v -299.419 11.444 38.047
v -310.738 18.461 38.047
v -309.499 21.469 36.987
v -296.203 13.226 36.987
v -296.202 13.226 2.917
v -309.499 21.469 2.917
v -317.521 4.277 36.987
v -319.727 5.644 36.987
v -319.727 5.644 38.097
v -317.521 4.277 38.097
v -319.727 5.644 36.987
v -324.037 -1.309 36.987
v -324.865 -2.644 36.987
v -324.865 -2.644 38.097
v -319.727 5.644 38.097
v -318.12 3.311 39.867
v -318.12 3.311 36.987
v -317.521 4.277 36.987
v -317.521 4.277 38.097
v -317.964 3.563 39.867
f 8130 8144 8129
f 8143 8141 8142
f 8140 8138 8139
f 8138 8136 8137
f 8135 8133 8134
f 8133 8131 8132
f 8130 8143 8144
f 8143 8140 8141
f 8140 8136 8138
f 8135 8131 8133
f 8131 8143 8130
f 8143 8136 8140
f 8135 8143 8131
f 8143 8135 8136
f 8147 8148 8145
f 8145 8146 8147
f 8151 8152 8149
f 8149 8150 8151
f 8155 8156 8153
f 8153 8154 8155
f 8166 8157 8158
f 8161 8162 8163
f 8166 8158 8159
f 8161 8163 8164
f 8165 8166 8159
f 8160 8161 8164
f 8165 8159 8160
f 8160 8164 8165
f 8175 8176 8167
f 8169 8170 8171
f 8174 8175 8167
f 8169 8171 8172
f 8173 8174 8167
f 8168 8169 8172
f 8173 8167 8168
f 8168 8172 8173
f 8178 8180 8177
f 8180 8178 8179
f 8217 8215 8212
f 8219 8220 8221
f 8221 8222 8223
f 8225 8226 8190
f 8191 8192 8193
f 8193 8194 8195
f 8196 8197 8198
f 8181 8182 8183
f 8183 8184 8185
f 8187 8188 8189
f 8189 8211 8200
f 8204 8205 8206
f 8206 8207 8208
f 8211 8189 8190
f 8190 8226 8216
f 8219 8221 8223
f 8225 8190 8191
f 8191 8193 8195
f 8199 8181 8183
f 8183 8185 8186
f 8187 8189 8200
f 8204 8206 8208
f 8211 8190 8216
f 8218 8219 8223
f 8191 8195 8196
f 8187 8200 8201
f 8203 8204 8208
f 8211 8216 8217
f 8214 8215 8217
f 8218 8223 8224
f 8191 8196 8198
f 8186 8187 8201
f 8203 8208 8209
f 8210 8211 8217
f 8214 8217 8218
f 8225 8191 8198
f 8183 8186 8201
f 8203 8209 8210
f 8210 8217 8212
f 8214 8218 8224
f 8225 8198 8199
f 8183 8201 8202
f 8203 8210 8212
f 8214 8224 8225
f 8225 8199 8183
f 8183 8202 8203
f 8203 8212 8213
f 8214 8225 8183
f 8183 8203 8213
f 8213 8214 8183
f 8228 8230 8227
f 8230 8228 8229
f 8232 8234 8231
f 8234 8232 8233
f 8236 8238 8235
f 8238 8236 8237
f 8240 8242 8239
f 8242 8240 8241
f 8245 8246 8243
f 8243 8244 8245
f 8249 8250 8247
f 8247 8248 8249
f 8252 8254 8251
f 8254 8252 8253
f 8257 8258 8255
f 8255 8256 8257
f 8261 8262 8259
f 8259 8260 8261
f 8265 8266 8263
f 8263 8264 8265
f 8269 8270 8267
f 8267 8268 8269
f 8273 8274 8271
f 8271 8272 8273
f 8277 8278 8275
f 8275 8276 8277
f 8280 8281 8279
f 8284 8285 8282
f 8282 8283 8284
f 8288 8289 8286
f 8286 8287 8288
f 8291 8293 8290
f 8293 8291 8292
f 8296 8297 8294
f 8294 8295 8296
f 8300 8301 8298
f 8298 8299 8300
f 8305 8306 8302
f 8303 8304 8305
f 8305 8302 8303
f 8308 8310 8307
f 8310 8308 8309
f 8312 8314 8311
f 8314 8312 8313
f 8316 8318 8315
f 8318 8316 8317
f 8320 8323 8319
f 8323 8321 8322
f 8321 8323 8320
f 8325 8327 8324
f 8327 8325 8326
f 8329 8332 8328
f 8332 8330 8331
f 8330 8332 8329
f 8335 8336 8333
f 8333 8334 8335
f 8338 8340 8337
f 8340 8338 8339
f 8342 8344 8341
f 8344 8342 8343
f 8346 8350 8345
f 8350 8348 8349
f 8347 8350 8346
f 8350 8347 8348
f 8353 8354 8351
f 8351 8352 8353
f 8356 8358 8355
f 8358 8356 8357
f 8360 8362 8359
f 8362 8360 8361
f 8364 8365 8363
f 8369 8370 8366
f 8366 8367 8368
f 8368 8369 8366
f 8373 8374 8371
f 8371 8372 8373
f 8376 8378 8375
f 8378 8376 8377
f 8380 8382 8379
f 8382 8380 8381
f 8385 8386 8383
f 8383 8384 8385
f 8389 8390 8387
f 8387 8388 8389
f 8392 8393 8391
f 8395 8396 8394
f 8399 8400 8397
f 8397 8398 8399
f 8403 8404 8401
f 8401 8402 8403
f 8407 8408 8405
f 8405 8406 8407
f 8411 8412 8409
f 8409 8410 8411
f 8415 8416 8413
f 8413 8414 8415
f 8418 8420 8417
f 8420 8418 8419
f 8423 8424 8421
f 8421 8422 8423
f 8426 8428 8425
f 8428 8426 8427
f 8430 8432 8429
f 8432 8430 8431
f 8434 8437 8433
f 8437 8435 8436
f 8435 8437 8434
f 8441 8442 8438
f 8438 8439 8440
f 8440 8441 8438
o bldg_3bbb9b07-95f4-4586-b880-b35a65e04184
v 79.967 -5.488 2.197
v 82.289 -1.751 2.197
v 79.117 0.22 2.197
v 81.4 3.895 2.197
v 88.214 -0.338 2.197
v 88.937 0.847 2.197
v 91.791 -0.895 2.197
v 92.039 -0.501 2.197
v 113.663 -14.111 2.197
v 112.74 -15.578 2.197
v 117.141 -18.313 2.197
v 114.763 -22.141 2.197
v 115.895 -22.781 2.197
v 113.878 -26.351 2.197
v 112.597 -25.627 2.197
v 110.241 -29.419 2.197
v 105.724 -26.612 2.197
v 104.803 -28.095 2.197
v 83.108 -14.614 2.197
v 83.381 -14.175 2.197
v 80.757 -12.545 2.197
v 81.406 -11.502 2.197
v 74.524 -7.226 2.197
v 76.819 -3.532 2.197
v 76.819 -3.532 39.312
v 74.524 -7.226 39.312
v 84.181 -13.226 39.312
v 91.082 -2.12 39.312
v 85.905 1.096 39.312
v 81.3 -6.316 39.312
v 83.622 -2.579 39.102
v 85.905 1.096 39.102
v 81.4 3.895 39.102
v 79.117 0.22 39.102
v 83.381 -14.175 31.552
v 84.029 -13.132 31.552
v 81.406 -11.502 31.552
v 80.758 -12.545 31.552
v 91.037 -2.092 31.987
v 91.791 -0.895 31.987
v 88.937 0.847 31.987
v 88.214 -0.338 31.987
v 110.073 -14.608 39.472
v 107.955 -18.016 39.472
v 103.48 -25.218 39.472
v 110.241 -29.418 39.472
v 117.141 -18.312 39.472
v 110.381 -14.112 39.472
v 110.436 -19.625 39.472
v 112.619 -16.259 39.472
v 116.181 -18.568 39.472
v 113.998 -21.934 39.472
v 114.763 -22.141 31.057
v 112.597 -25.627 31.057
v 113.878 -26.351 31.057
v 115.895 -22.78 31.057
v 91.037 -2.092 33.502
v 112.74 -15.578 33.502
v 113.663 -14.111 33.502
v 92.039 -0.501 33.502
v 112.619 -16.259 46.882
v 110.436 -19.625 46.882
v 113.998 -21.934 46.882
v 116.181 -18.568 46.882
v 105.724 -26.612 33.927
v 84.029 -13.132 33.927
v 83.108 -14.614 33.927
v 104.803 -28.094 33.927
v 83.622 -2.579 37.032
v 82.289 -1.751 37.032
v 79.967 -5.488 37.032
v 81.3 -6.316 37.032
v 91.082 -2.12 35.402
v 84.181 -13.226 35.402
v 103.48 -25.218 35.402
v 110.381 -14.112 35.402
v 104.803 -28.094 33.927
v 83.108 -14.614 33.927
v 83.108 -14.614 2.197
v 104.803 -28.095 2.197
v 105.724 -26.612 2.197
v 105.724 -26.612 33.927
v 104.803 -28.094 33.927
v 104.803 -28.095 2.197
v 112.619 -16.259 39.472
v 110.436 -19.625 39.472
v 110.436 -19.625 46.882
v 112.619 -16.259 46.882
v 112.74 -15.578 33.502
v 112.74 -15.578 2.197
v 113.663 -14.111 2.197
v 113.663 -14.111 33.502
v 82.289 -1.751 37.032
v 82.289 -1.751 2.197
v 79.967 -5.488 2.197
v 79.967 -5.488 37.032
v 88.214 -0.338 2.197
v 81.4 3.895 2.197
v 81.4 3.895 39.102
v 85.905 1.096 39.102
v 85.905 1.096 39.312
v 91.082 -2.12 39.312
v 91.082 -2.12 35.402
v 110.381 -14.112 35.402
v 110.381 -14.112 39.472
v 117.141 -18.312 39.472
v 117.141 -18.313 2.197
v 112.74 -15.578 2.197
v 112.74 -15.578 33.502
v 91.037 -2.092 33.502
v 91.037 -2.092 31.987
v 88.214 -0.338 31.987
v 91.791 -0.895 31.987
v 91.791 -0.895 2.197
v 88.937 0.847 2.197
v 88.937 0.847 31.987
v 81.406 -11.502 31.552
v 81.406 -11.502 2.197
v 80.757 -12.545 2.197
v 80.758 -12.545 31.552
v 92.039 -0.501 33.502
v 113.663 -14.111 33.502
v 113.663 -14.111 2.197
v 92.039 -0.501 2.197
v 76.819 -3.532 39.312
v 81.3 -6.316 39.312
v 81.3 -6.316 37.032
v 79.967 -5.488 37.032
v 79.967 -5.488 2.197
v 76.819 -3.532 2.197
v 74.524 -7.226 39.312
v 76.819 -3.532 39.312
v 76.819 -3.532 2.197
v 74.524 -7.226 2.197
v 110.241 -29.419 2.197
v 110.241 -29.418 39.472
v 103.48 -25.218 39.472
v 103.48 -25.218 35.402
v 84.181 -13.226 35.402
v 84.181 -13.226 39.312
v 74.524 -7.226 39.312
v 74.524 -7.226 2.197
v 81.406 -11.502 2.197
v 81.406 -11.502 31.552
v 84.029 -13.132 31.552
v 84.029 -13.132 33.927
v 105.724 -26.612 33.927
v 105.724 -26.612 2.197
v 79.117 0.22 39.102
v 81.4 3.895 39.102
v 81.4 3.895 2.197
v 79.117 0.22 2.197
v 113.998 -21.934 39.472
v 116.181 -18.568 39.472
v 116.181 -18.568 46.882
v 113.998 -21.934 46.882
v 88.214 -0.338 2.197
v 88.214 -0.338 31.987
v 88.937 0.847 31.987
v 88.937 0.847 2.197
v 110.381 -14.112 35.402
v 103.48 -25.218 35.402
v 103.48 -25.218 39.472
v 107.955 -18.016 39.472
v 110.073 -14.608 39.472
v 110.381 -14.112 39.472
v 114.763 -22.141 2.197
v 114.763 -22.141 31.057
v 115.895 -22.78 31.057
v 115.895 -22.781 2.197
v 115.895 -22.78 31.057
v 113.878 -26.351 31.057
v 113.878 -26.351 2.197
v 115.895 -22.781 2.197
v 81.3 -6.316 39.312
v 85.905 1.096 39.312
v 85.905 1.096 39.102
v 83.622 -2.579 39.102
v 83.622 -2.579 37.032
v 81.3 -6.316 37.032
v 82.289 -1.751 2.197
v 82.289 -1.751 37.032
v 83.622 -2.579 37.032
v 83.622 -2.579 39.102
v 79.117 0.22 39.102
v 79.117 0.22 2.197
v 84.181 -13.226 35.402
v 91.082 -2.12 35.402
v 91.082 -2.12 39.312
v 84.181 -13.226 39.312
v 112.597 -25.627 31.057
v 112.597 -25.627 2.197
v 113.878 -26.351 2.197
v 113.878 -26.351 31.057
v 116.181 -18.568 39.472
v 112.619 -16.259 39.472
v 112.619 -16.259 46.882
v 116.181 -18.568 46.882
v 83.108 -14.614 33.927
v 84.029 -13.132 33.927
v 84.029 -13.132 31.552
v 83.381 -14.175 31.552
v 83.381 -14.175 2.197
v 83.108 -14.614 2.197
v 91.791 -0.895 2.197
v 91.791 -0.895 31.987
v 91.037 -2.092 31.987
v 91.037 -2.092 33.502
v 92.039 -0.501 33.502
v 92.039 -0.501 2.197
v 83.381 -14.175 2.197
v 83.381 -14.175 31.552
v 80.758 -12.545 31.552
v 80.757 -12.545 2.197
v 110.436 -19.625 39.472
v 113.998 -21.934 39.472
v 113.998 -21.934 46.882
v 110.436 -19.625 46.882
v 117.141 -18.312 39.472
v 110.241 -29.418 39.472
v 110.241 -29.419 2.197
v 112.597 -25.627 2.197
v 112.597 -25.627 31.057
v 114.763 -22.141 31.057
v 114.763 -22.141 2.197
v 117.141 -18.313 2.197
f 8443 8465 8466
f 8464 8462 8463
f 8462 8460 8461
f 8459 8457 8458
f 8457 8455 8456
f 8454 8452 8453
f 8452 8450 8451
f 8449 8447 8448
f 8447 8445 8446
f 8443 8464 8465
f 8464 8460 8462
f 8459 8455 8457
f 8454 8450 8452
f 8449 8445 8447
f 8444 8464 8443
f 8464 8459 8460
f 8459 8454 8455
f 8454 8449 8450
f 8449 8444 8445
f 8444 8459 8464
f 8459 8449 8454
f 8449 8459 8444
f 8472 8467 8468
f 8469 8470 8471
f 8472 8468 8469
f 8469 8471 8472
f 8475 8476 8473
f 8473 8474 8475
f 8479 8480 8477
f 8477 8478 8479
f 8483 8484 8481
f 8481 8482 8483
f 8487 8491 8492
f 8494 8491 8487
f 8489 8490 8485
f 8485 8486 8487
f 8494 8487 8488
f 8485 8487 8492
f 8493 8494 8488
f 8489 8485 8492
f 8493 8488 8489
f 8489 8492 8493
f 8497 8498 8495
f 8495 8496 8497
f 8501 8502 8499
f 8499 8500 8501
f 8505 8506 8503
f 8503 8504 8505
f 8509 8510 8507
f 8507 8508 8509
f 8513 8514 8511
f 8511 8512 8513
f 8517 8518 8515
f 8515 8516 8517
f 8521 8522 8519
f 8519 8520 8521
f 8525 8526 8523
f 8523 8524 8525
f 8528 8530 8527
f 8530 8528 8529
f 8533 8534 8531
f 8531 8532 8533
f 8536 8538 8535
f 8538 8536 8537
f 8540 8554 8539
f 8554 8552 8553
f 8551 8549 8550
f 8548 8546 8547
f 8545 8543 8544
f 8542 8540 8541
f 8551 8548 8549
f 8545 8542 8543
f 8542 8554 8540
f 8551 8546 8548
f 8545 8554 8542
f 8552 8546 8551
f 8545 8552 8554
f 8552 8545 8546
f 8556 8558 8555
f 8558 8556 8557
f 8560 8562 8559
f 8562 8560 8561
f 8564 8566 8563
f 8566 8564 8565
f 8567 8571 8572
f 8570 8568 8569
f 8567 8570 8571
f 8570 8567 8568
f 8574 8576 8573
f 8576 8574 8575
f 8589 8590 8577
f 8578 8579 8580
f 8581 8582 8583
f 8583 8584 8585
f 8586 8587 8588
f 8589 8577 8578
f 8583 8585 8586
f 8589 8578 8580
f 8581 8583 8586
f 8588 8589 8580
f 8581 8586 8588
f 8588 8580 8581
f 8592 8594 8591
f 8594 8592 8593
f 8597 8598 8595
f 8595 8596 8597
f 8600 8602 8599
f 8602 8600 8601
f 8604 8608 8603
f 8606 8604 8605
f 8604 8607 8608
f 8607 8604 8606
f 8610 8612 8609
f 8612 8610 8611
f 8615 8616 8613
f 8613 8614 8615
f 8617 8621 8622
f 8620 8618 8619
f 8617 8620 8621
f 8620 8617 8618
f 8627 8628 8623
f 8624 8625 8626
f 8627 8623 8624
f 8624 8626 8627
f 8631 8632 8629
f 8629 8630 8631
f 8635 8636 8633
f 8633 8634 8635
f 8638 8640 8637
f 8640 8638 8639
f 8641 8645 8646
f 8644 8642 8643
f 8641 8644 8645
f 8644 8641 8642
f 8648 8652 8647
f 8651 8649 8650
f 8648 8651 8652
f 8651 8648 8649
f 8655 8656 8653
f 8653 8654 8655
f 8659 8660 8657
f 8657 8658 8659
f 8667 8668 8661
f 8662 8663 8664
f 8666 8667 8661
f 8662 8664 8665
f 8665 8666 8661
f 8661 8662 8665
o bldg_9c468849-14fe-42fb-a301-5c23323ee4ec
v -165.194 -290.462 -0.861
v -166.873 -293.058 -0.86
v -161.851 -296.277 -0.859
v -171.017 -310.575 -0.859
v -207.621 -286.902 -0.87
v -207.536 -286.22 -0.87
v -197.354 -270.249 -0.87
v -196.526 -270.198 -0.87
v -168.393 -295.393 32.875
v -183.751 -285.461 32.871
v -182.878 -284.113 32.871
v -193.408 -277.303 32.867
v -191.087 -273.715 32.867
v -196.533 -270.193 32.866
v -197.361 -270.244 32.865
v -207.543 -286.214 32.866
v -207.627 -286.897 32.866
v -180.59 -304.383 32.874
v -179.981 -304.252 32.874
v -177.943 -301.073 32.874
v -168.725 -306.983 32.877
v -161.858 -296.272 32.877
v -166.88 -293.053 32.875
v -191.089 -273.713 41.072
v -193.41 -277.302 41.072
v -182.643 -284.265 41.076
v -180.322 -280.677 41.076
v -177.941 -301.075 21.844
v -179.308 -303.208 21.844
v -170.113 -309.154 21.847
v -168.722 -306.984 21.847
v -180.587 -304.385 19.014
v -171.021 -310.572 19.017
v -170.113 -309.155 19.017
v -179.307 -303.208 19.014
v -179.978 -304.255 19.014
v -168.395 -295.392 40.915
v -165.202 -290.455 40.915
v -180.322 -280.677 40.911
v -182.643 -284.265 40.911
v -182.88 -284.111 40.911
v -183.752 -285.46 40.911
v -177.941 -301.075 21.844
v -168.722 -306.984 21.847
v -168.725 -306.983 32.877
v -177.943 -301.073 32.874
v -182.88 -284.111 40.911
v -182.878 -284.113 32.871
v -183.751 -285.461 32.871
v -183.752 -285.46 40.911
v -207.543 -286.214 32.866
v -197.361 -270.244 32.865
v -197.354 -270.249 -0.87
v -207.536 -286.22 -0.87
v -179.307 -303.208 19.014
v -170.113 -309.155 19.017
v -170.113 -309.154 21.847
v -179.308 -303.208 21.844
v -182.878 -284.113 32.871
v -182.88 -284.111 40.911
v -182.643 -284.265 40.911
v -182.643 -284.265 41.076
v -193.41 -277.302 41.072
v -193.408 -277.303 32.867
v -171.017 -310.575 -0.859
v -161.851 -296.277 -0.859
v -161.858 -296.272 32.877
v -168.725 -306.983 32.877
v -168.722 -306.984 21.847
v -170.113 -309.154 21.847
v -170.113 -309.155 19.017
v -171.021 -310.572 19.017
v -207.627 -286.897 32.866
v -207.543 -286.214 32.866
v -207.536 -286.22 -0.87
v -207.621 -286.902 -0.87
v -165.202 -290.455 40.915
v -168.395 -295.392 40.915
v -168.393 -295.393 32.875
v -166.88 -293.053 32.875
v -166.873 -293.058 -0.86
v -165.194 -290.462 -0.861
v -182.643 -284.265 40.911
v -180.322 -280.677 40.911
v -180.322 -280.677 41.076
v -182.643 -284.265 41.076
v -179.978 -304.255 19.014
v -179.307 -303.208 19.014
v -179.308 -303.208 21.844
v -177.941 -301.075 21.844
v -177.943 -301.073 32.874
v -179.981 -304.252 32.874
v -191.087 -273.715 32.867
v -193.408 -277.303 32.867
v -193.41 -277.302 41.072
v -191.089 -273.713 41.072
v -197.361 -270.244 32.865
v -196.533 -270.193 32.866
v -196.526 -270.198 -0.87
v -197.354 -270.249 -0.87
v -207.621 -286.902 -0.87
v -171.017 -310.575 -0.859
v -171.021 -310.572 19.017
v -180.587 -304.385 19.014
v -180.59 -304.383 32.874
v -207.627 -286.897 32.866
v -165.194 -290.462 -0.861
v -196.526 -270.198 -0.87
v -196.533 -270.193 32.866
v -191.087 -273.715 32.867
v -191.089 -273.713 41.072
v -180.322 -280.677 41.076
v -180.322 -280.677 40.911
v -165.202 -290.455 40.915
v -166.873 -293.058 -0.86
v -166.88 -293.053 32.875
v -161.858 -296.272 32.877
v -161.851 -296.277 -0.859
v -180.587 -304.385 19.014
v -179.978 -304.255 19.014
v -179.981 -304.252 32.874
v -180.59 -304.383 32.874
v -183.751 -285.461 32.871
v -168.393 -295.393 32.875
v -168.395 -295.392 40.915
v -183.752 -285.46 40.911
f 8670 8676 8669
f 8676 8674 8675
f 8674 8672 8673
f 8672 8670 8671
f 8670 8674 8676
f 8674 8670 8672
f 8690 8691 8677
f 8678 8679 8680
f 8680 8681 8682
f 8682 8683 8684
f 8684 8685 8686
f 8686 8687 8688
f 8688 8689 8690
f 8680 8682 8684
f 8684 8686 8688
f 8688 8690 8677
f 8678 8680 8684
f 8684 8688 8677
f 8677 8678 8684
f 8694 8695 8692
f 8692 8693 8694
f 8698 8699 8696
f 8696 8697 8698
f 8704 8700 8701
f 8701 8702 8703
f 8703 8704 8701
f 8709 8710 8705
f 8705 8706 8707
f 8708 8709 8705
f 8705 8707 8708
f 8713 8714 8711
f 8711 8712 8713
f 8716 8718 8715
f 8718 8716 8717
f 8720 8722 8719
f 8722 8720 8721
f 8725 8726 8723
f 8723 8724 8725
f 8731 8732 8727
f 8728 8729 8730
f 8731 8727 8728
f 8728 8730 8731
f 8739 8740 8733
f 8733 8734 8735
f 8735 8736 8737
f 8737 8738 8739
f 8739 8733 8735
f 8735 8737 8739
f 8742 8744 8741
f 8744 8742 8743
f 8749 8750 8745
f 8745 8746 8747
f 8748 8749 8745
f 8745 8747 8748
f 8753 8754 8751
f 8751 8752 8753
f 8759 8760 8755
f 8755 8756 8757
f 8757 8758 8759
f 8759 8755 8757
f 8762 8764 8761
f 8764 8762 8763
f 8766 8768 8765
f 8768 8766 8767
f 8773 8774 8769
f 8769 8770 8771
f 8772 8773 8769
f 8769 8771 8772
f 8776 8782 8775
f 8781 8779 8780
f 8778 8776 8777
f 8776 8781 8782
f 8781 8778 8779
f 8778 8781 8776
f 8784 8786 8783
f 8786 8784 8785
f 8789 8790 8787
f 8787 8788 8789
f 8793 8794 8791
f 8791 8792 8793
o bldg_06b44d83-e482-4301-920c-f22c53c1a264
v -24.452 -108.431 3.023
v -19.362 -111.661 3.023
v -21.284 -114.689 3.023
v -26.374 -111.459 3.023
v -20.916 -112.96 7.251
v -20.187 -111.81 6.621
v -24.269 -109.22 6.621
v -24.998 -110.369 7.251
v -24.998 -110.369 7.251
v -25.488 -111.14 6.621
v -21.405 -113.731 6.621
v -20.916 -112.96 7.251
v -24.757 -108.91 6.621
v -25.975 -110.831 6.621
v -26.374 -111.459 6.621
v -21.284 -114.689 6.621
v -19.362 -111.661 6.621
v -24.452 -108.431 6.621
v -25.488 -111.14 6.621
v -24.269 -109.22 6.621
v -20.187 -111.81 6.621
v -21.405 -113.731 6.621
v -21.284 -114.689 6.621
v -26.374 -111.459 6.621
v -26.374 -111.459 3.023
v -21.284 -114.689 3.023
v -24.452 -108.431 6.621
v -19.362 -111.661 6.621
v -19.362 -111.661 3.023
v -24.452 -108.431 3.023
v -24.998 -110.369 7.251
v -24.269 -109.22 6.621
v -25.488 -111.14 6.621
v -19.362 -111.661 6.621
v -21.284 -114.689 6.621
v -21.284 -114.689 3.023
v -19.362 -111.661 3.023
v -20.916 -112.96 7.251
v -21.405 -113.731 6.621
v -20.187 -111.81 6.621
v -26.374 -111.459 6.621
v -25.975 -110.831 6.621
v -24.757 -108.91 6.621
v -24.452 -108.431 6.621
v -24.452 -108.431 3.023
v -26.374 -111.459 3.023
f 8796 8798 8795
f 8798 8796 8797
f 8801 8802 8799
f 8799 8800 8801
f 8805 8806 8803
f 8803 8804 8805
f 8809 8813 8814
f 8816 8813 8809
f 8811 8812 8807
f 8808 8809 8814
f 8816 8809 8810
f 8807 8808 8814
f 8815 8816 8810
f 8811 8807 8814
f 8815 8810 8811
f 8811 8814 8815
f 8819 8820 8817
f 8817 8818 8819
f 8822 8824 8821
f 8824 8822 8823
f 8826 8827 8825
f 8830 8831 8828
f 8828 8829 8830
f 8833 8834 8832
f 8836 8840 8835
f 8840 8838 8839
f 8837 8840 8836
f 8840 8837 8838
o bldg_6d1b4f24-2b42-473c-b08a-c6d7a252a495
v -87.002 -97.25 2.686
v -73.833 -76.724 2.686
v -73.132 -77.174 2.686
v -72.881 -76.783 2.686
v -39.862 -97.966 2.696
v -53.283 -118.884 2.696
v -44.975 -94.687 59.394
v -61.837 -83.869 59.389
v -75.258 -104.786 59.388
v -58.396 -115.605 59.393
v -53.296 -118.877 59.395
v -39.875 -97.959 59.395
v -58.167 -115.249 59.393
v -53.894 -108.588 59.393
v -50.709 -110.631 59.394
v -54.983 -117.292 59.394
v -50.71 -110.631 63.154
v -53.895 -108.588 63.153
v -58.168 -115.248 63.153
v -54.984 -117.292 63.154
v -83.014 -99.81 33.061
v -70.033 -79.578 33.061
v -62.271 -84.557 33.064
v -61.831 -83.872 33.064
v -72.888 -76.779 33.06
v -73.139 -77.17 33.06
v -73.84 -76.72 33.06
v -87.009 -97.247 33.06
v -75.255 -104.788 46.753
v -62.274 -84.556 46.754
v -70.036 -79.576 46.751
v -83.017 -99.808 46.751
v -50.709 -110.631 59.394
v -53.894 -108.588 59.393
v -53.895 -108.588 63.153
v -50.71 -110.631 63.154
v -73.84 -76.72 33.06
v -73.139 -77.17 33.06
v -73.132 -77.174 2.686
v -73.833 -76.724 2.686
v -75.258 -104.786 59.388
v -75.255 -104.788 46.753
v -83.017 -99.808 46.751
v -83.014 -99.81 33.061
v -87.009 -97.247 33.06
v -87.002 -97.25 2.686
v -53.283 -118.884 2.696
v -53.296 -118.877 59.395
v -58.396 -115.605 59.393
v -54.983 -117.292 59.394
v -50.709 -110.631 59.394
v -50.71 -110.631 63.154
v -54.984 -117.292 63.154
v -39.875 -97.959 59.395
v -53.296 -118.877 59.395
v -53.283 -118.884 2.696
v -39.862 -97.966 2.696
v -70.033 -79.578 33.061
v -83.014 -99.81 33.061
v -83.017 -99.808 46.751
v -70.036 -79.576 46.751
v -87.009 -97.247 33.06
v -73.84 -76.72 33.06
v -73.833 -76.724 2.686
v -87.002 -97.25 2.686
v -58.167 -115.249 59.393
v -54.983 -117.292 59.394
v -54.984 -117.292 63.154
v -58.168 -115.248 63.153
v -73.139 -77.17 33.06
v -72.888 -76.779 33.06
v -72.881 -76.783 2.686
v -73.132 -77.174 2.686
v -39.862 -97.966 2.696
v -72.881 -76.783 2.686
v -72.888 -76.779 33.06
v -61.831 -83.872 33.064
v -61.837 -83.869 59.389
v -44.975 -94.687 59.394
v -39.875 -97.959 59.395
v -62.274 -84.556 46.754
v -75.255 -104.788 46.753
v -75.258 -104.786 59.388
v -61.837 -83.869 59.389
v -61.831 -83.872 33.064
v -62.271 -84.557 33.064
v -62.271 -84.557 33.064
v -70.033 -79.578 33.061
v -70.036 -79.576 46.751
v -62.274 -84.556 46.754
v -53.894 -108.588 59.393
v -58.167 -115.249 59.393
v -58.168 -115.248 63.153
v -53.895 -108.588 63.153
f 8842 8846 8841
f 8846 8844 8845
f 8843 8846 8842
f 8846 8843 8844
f 8849 8853 8854
f 8856 8853 8849
f 8849 8850 8851
f 8851 8852 8847
f 8847 8848 8849
f 8856 8849 8851
f 8847 8849 8854
f 8855 8856 8851
f 8847 8854 8855
f 8855 8851 8847
f 8859 8860 8857
f 8857 8858 8859
f 8867 8868 8861
f 8862 8863 8864
f 8864 8865 8866
f 8866 8867 8861
f 8862 8864 8866
f 8866 8861 8862
f 8871 8872 8869
f 8869 8870 8871
f 8874 8876 8873
f 8876 8874 8875
f 8878 8880 8877
f 8880 8878 8879
f 8889 8881 8882
f 8882 8883 8884
f 8884 8885 8886
f 8886 8887 8888
f 8888 8889 8882
f 8882 8884 8886
f 8886 8888 8882
f 8892 8893 8890
f 8890 8891 8892
f 8896 8897 8894
f 8894 8895 8896
f 8899 8901 8898
f 8901 8899 8900
f 8903 8905 8902
f 8905 8903 8904
f 8908 8909 8906
f 8906 8907 8908
f 8911 8913 8910
f 8913 8911 8912
f 8915 8920 8914
f 8919 8917 8918
f 8917 8915 8916
f 8915 8919 8920
f 8919 8915 8917
f 8921 8925 8926
f 8924 8922 8923
f 8921 8924 8925
f 8924 8921 8922
f 8928 8930 8927
f 8930 8928 8929
f 8932 8934 8931
f 8934 8932 8933
o bldg_08e2e06c-95de-46f2-aa8c-93c82f28ae84
v -291.322 -298.433 -1.125
v -280.388 -305.4 -1.122
v -287.375 -316.235 -1.121
v -298.271 -309.208 -1.125
v -292.583 -300.378 21.996
v -282.093 -307.142 21.999
v -281.231 -305.822 21.999
v -291.69 -298.993 21.996
v -287.381 -316.23 27.615
v -283.532 -310.261 27.615
v -294.427 -303.235 27.612
v -298.276 -309.204 27.612
v -283.532 -310.261 27.615
v -281.687 -307.404 22.41
v -292.583 -300.378 22.406
v -294.427 -303.235 27.612
v -291.687 -298.996 5.196
v -281.228 -305.825 5.199
v -282.09 -307.145 5.199
v -281.684 -307.407 5.2
v -280.389 -305.399 5.2
v -291.323 -298.432 5.196
v -291.323 -298.432 5.196
v -280.389 -305.399 5.2
v -280.388 -305.4 -1.122
v -291.322 -298.433 -1.125
v -292.583 -300.378 22.406
v -292.583 -300.378 21.996
v -291.69 -298.993 21.996
v -291.687 -298.996 5.196
v -291.323 -298.432 5.196
v -291.322 -298.433 -1.125
v -298.271 -309.208 -1.125
v -298.276 -309.204 27.612
v -294.427 -303.235 27.612
v -281.228 -305.825 5.199
v -291.687 -298.996 5.196
v -291.69 -298.993 21.996
v -281.231 -305.822 21.999
v -287.375 -316.235 -1.121
v -280.388 -305.4 -1.122
v -280.389 -305.399 5.2
v -281.684 -307.407 5.2
v -281.687 -307.404 22.41
v -283.532 -310.261 27.615
v -287.381 -316.23 27.615
v -281.684 -307.407 5.2
v -282.09 -307.145 5.199
v -282.093 -307.142 21.999
v -292.583 -300.378 21.996
v -292.583 -300.378 22.406
v -281.687 -307.404 22.41
v -282.09 -307.145 5.199
v -281.228 -305.825 5.199
v -281.231 -305.822 21.999
v -282.093 -307.142 21.999
v -287.375 -316.235 -1.121
v -287.381 -316.23 27.615
v -298.276 -309.204 27.612
v -298.271 -309.208 -1.125
f 8936 8938 8935
f 8938 8936 8937
f 8941 8942 8939
f 8939 8940 8941
f 8945 8946 8943
f 8943 8944 8945
f 8948 8950 8947
f 8950 8948 8949
f 8955 8956 8951
f 8952 8953 8954
f 8955 8951 8952
f 8952 8954 8955
f 8958 8960 8957
f 8960 8958 8959
f 8962 8969 8961
f 8969 8967 8968
f 8967 8965 8966
f 8964 8962 8963
f 8962 8967 8969
f 8967 8964 8965
f 8964 8967 8962
f 8971 8973 8970
f 8973 8971 8972
f 8979 8980 8974
f 8974 8975 8976
f 8977 8978 8979
f 8974 8976 8977
f 8977 8979 8974
f 8982 8986 8981
f 8986 8984 8985
f 8983 8986 8982
f 8986 8983 8984
f 8989 8990 8987
f 8987 8988 8989
f 8993 8994 8991
f 8991 8992 8993
o bldg_93df72ea-c1a8-4752-b4f7-88106e0c811a
v -49.022 -132.201 0.64
v -26.477 -146.688 0.647
v -27.936 -148.959 0.647
v -21.052 -153.382 0.649
v -31.032 -168.914 0.649
v -65.646 -146.672 0.638
v -63.824 -143.837 0.638
v -65.753 -142.598 0.637
v -63.155 -138.556 0.637
v -62.106 -139.23 0.637
v -56.545 -130.575 0.638
v -50.481 -134.472 0.639
v -63.879 -139.667 33.495
v -65.154 -141.651 31.815
v -64.237 -142.24 31.816
v -62.913 -140.287 33.496
v -53.114 -150.935 34.114
v -63.075 -144.489 34.111
v -56.417 -134.155 34.111
v -27.097 -153.044 34.12
v -34.969 -165.262 34.12
v -43.051 -160.055 34.118
v -43.568 -160.859 34.118
v -31.04 -168.909 34.122
v -21.059 -153.378 34.122
v -27.943 -148.954 34.12
v -26.484 -146.684 34.12
v -49.03 -132.197 34.113
v -50.489 -134.467 34.113
v -56.552 -130.571 34.111
v -62.114 -139.226 34.111
v -61.234 -139.79 34.111
v -61.932 -140.876 34.111
v -65.654 -146.667 34.111
v -54.838 -153.617 34.114
v -63.163 -138.551 33.495
v -63.879 -139.667 33.495
v -62.913 -140.287 33.496
v -62.196 -139.172 33.496
v -62.913 -140.287 33.496
v -61.932 -140.876 34.111
v -61.234 -139.79 34.111
v -62.113 -139.226 33.549
v -62.196 -139.172 33.496
v -51.367 -148.214 37.779
v -54.839 -153.617 37.779
v -43.568 -160.859 37.783
v -40.097 -155.456 37.783
v -56.418 -134.155 37.511
v -63.075 -144.488 37.511
v -53.115 -150.935 37.514
v -51.367 -148.214 37.514
v -40.097 -155.456 37.518
v -43.051 -160.055 37.518
v -34.969 -165.261 37.52
v -27.098 -153.043 37.52
v -65.76 -142.594 31.815
v -63.831 -143.833 31.816
v -61.931 -140.876 31.816
v -62.913 -140.288 31.816
v -64.237 -142.24 31.816
v -65.154 -141.651 31.815
v -50.489 -134.467 34.113
v -49.03 -132.197 34.113
v -49.022 -132.201 0.64
v -50.481 -134.472 0.639
v -54.839 -153.617 37.779
v -51.367 -148.214 37.779
v -51.367 -148.214 37.514
v -53.115 -150.935 37.514
v -53.114 -150.935 34.114
v -54.838 -153.617 34.114
v -62.913 -140.288 31.816
v -61.931 -140.876 31.816
v -61.932 -140.876 34.111
v -62.913 -140.287 33.496
v -27.097 -153.044 34.12
v -56.417 -134.155 34.111
v -56.418 -134.155 37.511
v -27.098 -153.043 37.52
v -56.417 -134.155 34.111
v -63.075 -144.489 34.111
v -63.075 -144.488 37.511
v -56.418 -134.155 37.511
v -43.051 -160.055 37.518
v -43.051 -160.055 34.118
v -34.969 -165.262 34.12
v -34.969 -165.261 37.52
v -62.106 -139.23 0.637
v -62.113 -139.226 33.549
v -62.114 -139.226 34.111
v -56.552 -130.571 34.111
v -56.545 -130.575 0.638
v -63.163 -138.551 33.495
v -62.196 -139.172 33.496
v -62.113 -139.226 33.549
v -62.106 -139.23 0.637
v -63.155 -138.556 0.637
v -49.03 -132.197 34.113
v -26.484 -146.684 34.12
v -26.477 -146.688 0.647
v -49.022 -132.201 0.64
v -62.113 -139.226 33.549
v -61.234 -139.79 34.111
v -62.114 -139.226 34.111
v -34.969 -165.262 34.12
v -27.097 -153.044 34.12
v -27.098 -153.043 37.52
v -34.969 -165.261 37.52
v -65.154 -141.651 31.815
v -63.879 -139.667 33.495
v -63.163 -138.551 33.495
v -63.155 -138.556 0.637
v -65.753 -142.598 0.637
v -65.76 -142.594 31.815
v -53.114 -150.935 34.114
v -53.115 -150.935 37.514
v -63.075 -144.488 37.511
v -63.075 -144.489 34.111
v -40.097 -155.456 37.518
v -51.367 -148.214 37.514
v -51.367 -148.214 37.779
v -40.097 -155.456 37.783
v -26.484 -146.684 34.12
v -27.943 -148.954 34.12
v -27.936 -148.959 0.647
v -26.477 -146.688 0.647
v -64.237 -142.24 31.816
v -62.913 -140.288 31.816
v -62.913 -140.287 33.496
v -63.824 -143.837 0.638
v -63.831 -143.833 31.816
v -65.76 -142.594 31.815
v -65.753 -142.598 0.637
v -27.943 -148.954 34.12
v -21.059 -153.378 34.122
v -21.052 -153.382 0.649
v -27.936 -148.959 0.647
v -65.654 -146.667 34.111
v -61.932 -140.876 34.111
v -61.931 -140.876 31.816
v -63.831 -143.833 31.816
v -63.824 -143.837 0.638
v -65.646 -146.672 0.638
v -21.059 -153.378 34.122
v -31.04 -168.909 34.122
v -31.032 -168.914 0.649
v -21.052 -153.382 0.649
v -43.051 -160.055 34.118
v -43.051 -160.055 37.518
v -40.097 -155.456 37.518
v -40.097 -155.456 37.783
v -43.568 -160.859 37.783
v -43.568 -160.859 34.118
v -56.552 -130.571 34.111
v -50.489 -134.467 34.113
v -50.481 -134.472 0.639
v -56.545 -130.575 0.638
v -31.04 -168.909 34.122
v -43.568 -160.859 34.118
v -43.568 -160.859 37.783
v -54.839 -153.617 37.779
v -54.838 -153.617 34.114
v -65.654 -146.667 34.111
v -65.646 -146.672 0.638
v -31.032 -168.914 0.649
f 8996 9006 8995
f 9006 9004 9005
f 9004 9002 9003
f 9001 8999 9000
f 8999 8997 8998
f 8997 9006 8996
f 9006 9002 9004
f 9001 8997 8999
f 8997 9002 9006
f 9002 8997 9001
f 9009 9010 9007
f 9007 9008 9009
f 9028 9029 9011
f 9015 9016 9017
f 9020 9021 9022
f 9024 9025 9026
f 9028 9011 9012
f 9015 9017 9018
f 9020 9022 9023
f 9027 9028 9012
f 9014 9015 9018
f 9026 9027 9012
f 9014 9018 9019
f 9024 9026 9012
f 9013 9014 9019
f 9024 9012 9013
f 9013 9019 9020
f 9023 9024 9013
f 9013 9020 9023
f 9032 9033 9030
f 9030 9031 9032
f 9037 9038 9034
f 9034 9035 9036
f 9036 9037 9034
f 9041 9042 9039
f 9039 9040 9041
f 9050 9043 9044
f 9044 9045 9046
f 9047 9048 9049
f 9050 9044 9046
f 9047 9049 9050
f 9050 9046 9047
f 9055 9056 9051
f 9052 9053 9054
f 9055 9051 9052
f 9052 9054 9055
f 9058 9060 9057
f 9060 9058 9059
f 9061 9065 9066
f 9064 9062 9063
f 9061 9064 9065
f 9064 9061 9062
f 9069 9070 9067
f 9067 9068 9069
f 9072 9074 9071
f 9074 9072 9073
f 9076 9078 9075
f 9078 9076 9077
f 9081 9082 9079
f 9079 9080 9081
f 9084 9087 9083
f 9087 9085 9086
f 9085 9087 9084
f 9089 9092 9088
f 9092 9090 9091
f 9090 9092 9089
f 9094 9096 9093
f 9096 9094 9095
f 9098 9099 9097
f 9102 9103 9100
f 9100 9101 9102
f 9104 9108 9109
f 9108 9106 9107
f 9106 9104 9105
f 9104 9106 9108
f 9112 9113 9110
f 9110 9111 9112
f 9115 9117 9114
f 9117 9115 9116
f 9120 9121 9118
f 9118 9119 9120
f 9123 9124 9122
f 9127 9128 9125
f 9125 9126 9127
f 9130 9132 9129
f 9132 9130 9131
f 9133 9137 9138
f 9136 9134 9135
f 9133 9136 9137
f 9136 9133 9134
f 9141 9142 9139
f 9139 9140 9141
f 9147 9148 9143
f 9144 9145 9146
f 9147 9143 9144
f 9144 9146 9147
f 9150 9152 9149
f 9152 9150 9151
f 9159 9160 9153
f 9154 9155 9156
f 9157 9158 9159
f 9159 9153 9154
f 9154 9156 9157
f 9157 9159 9154
o bldg_d88db37f-ebf1-47f8-ac91-19c4122507dd
v -204.548 -115.782 3.153
v -168.248 -139.436 3.153
v -168.508 -139.835 3.153
v -168.248 -140.005 3.153
v -179.576 -157.39 3.153
v -179.85 -157.212 3.153
v -180.143 -157.661 3.153
v -216.277 -134.115 3.153
v -216.051 -133.769 3.153
v -216.585 -133.42 3.153
v -205.218 -115.976 3.153
v -204.836 -116.225 3.153
v -206.563 -135.298 41.917
v -202.349 -128.83 41.917
v -206.29 -126.262 41.917
v -210.505 -132.73 41.917
v -168.508 -139.835 39.822
v -168.248 -139.436 39.822
v -204.548 -115.782 39.822
v -204.836 -116.225 39.822
v -205.218 -115.976 39.822
v -216.585 -133.42 39.822
v -216.051 -133.769 39.822
v -216.277 -134.116 39.822
v -180.143 -157.661 39.822
v -179.85 -157.211 39.822
v -179.576 -157.39 39.822
v -168.248 -140.005 39.822
v -197.829 -121.239 39.822
v -176.056 -135.426 39.822
v -186.378 -151.267 39.822
v -207.851 -137.275 39.822
v -206.563 -135.298 39.822
v -210.505 -132.73 39.822
v -206.29 -126.262 39.822
v -202.349 -128.83 39.822
v -200.462 -125.935 39.822
v -202.91 -124.34 39.822
v -201.008 -121.42 39.822
v -198.859 -122.82 39.822
v -202.91 -124.34 42.497
v -200.462 -125.935 42.497
v -200.442 -125.904 42.497
v -200.741 -125.708 42.497
v -198.859 -122.82 42.497
v -201.008 -121.42 42.497
v -179.744 -141.086 46.267
v -200.697 -127.433 46.267
v -199.921 -126.243 46.267
v -200.442 -125.904 46.267
v -207.851 -137.275 46.267
v -186.378 -151.267 46.267
v -197.829 -121.239 46.672
v -200.741 -125.708 46.672
v -199.921 -126.243 46.672
v -200.697 -127.433 46.672
v -179.744 -141.086 46.672
v -176.056 -135.426 46.672
v -199.921 -126.243 46.267
v -200.697 -127.433 46.267
v -200.697 -127.433 46.672
v -199.921 -126.243 46.672
v -204.548 -115.782 39.822
v -168.248 -139.436 39.822
v -168.248 -139.436 3.153
v -204.548 -115.782 3.153
v -206.563 -135.298 39.822
v -206.563 -135.298 41.917
v -210.505 -132.73 41.917
v -210.505 -132.73 39.822
v -176.056 -135.426 39.822
v -197.829 -121.239 39.822
v -197.829 -121.239 46.672
v -176.056 -135.426 46.672
v -180.143 -157.661 39.822
v -216.277 -134.116 39.822
v -216.277 -134.115 3.153
v -180.143 -157.661 3.153
v -179.85 -157.211 39.822
v -180.143 -157.661 39.822
v -180.143 -157.661 3.153
v -179.85 -157.212 3.153
v -205.218 -115.976 39.822
v -204.836 -116.225 39.822
v -204.836 -116.225 3.153
v -205.218 -115.976 3.153
v -201.008 -121.42 39.822
v -202.91 -124.34 39.822
v -202.91 -124.34 42.497
v -201.008 -121.42 42.497
v -198.859 -122.82 42.497
v -198.859 -122.82 39.822
v -201.008 -121.42 39.822
v -201.008 -121.42 42.497
v -204.836 -116.225 39.822
v -204.548 -115.782 39.822
v -204.548 -115.782 3.153
v -204.836 -116.225 3.153
v -200.462 -125.935 39.822
v -200.462 -125.935 42.497
v -202.91 -124.34 42.497
v -202.91 -124.34 39.822
v -200.741 -125.708 42.497
v -200.442 -125.904 42.497
v -200.442 -125.904 46.267
v -199.921 -126.243 46.267
v -199.921 -126.243 46.672
v -200.741 -125.708 46.672
v -216.585 -133.42 39.822
v -205.218 -115.976 39.822
v -205.218 -115.976 3.153
v -216.585 -133.42 3.153
v -168.508 -139.835 39.822
v -168.248 -140.005 39.822
v -168.248 -140.005 3.153
v -168.508 -139.835 3.153
v -202.349 -128.83 41.917
v -202.349 -128.83 39.822
v -206.29 -126.262 39.822
v -206.29 -126.262 41.917
v -206.29 -126.262 39.822
v -210.505 -132.73 39.822
v -210.505 -132.73 41.917
v -206.29 -126.262 41.917
v -186.378 -151.267 39.822
v -176.056 -135.426 39.822
v -176.056 -135.426 46.672
v -179.744 -141.086 46.672
v -179.744 -141.086 46.267
v -186.378 -151.267 46.267
v -168.248 -140.005 39.822
v -179.576 -157.39 39.822
v -179.576 -157.39 3.153
v -168.248 -140.005 3.153
v -216.051 -133.769 39.822
v -216.585 -133.42 39.822
v -216.585 -133.42 3.153
v -216.051 -133.769 3.153
v -216.277 -134.116 39.822
v -216.051 -133.769 39.822
v -216.051 -133.769 3.153
v -216.277 -134.115 3.153
v -179.576 -157.39 39.822
v -179.85 -157.211 39.822
v -179.85 -157.212 3.153
v -179.576 -157.39 3.153
v -198.859 -122.82 39.822
v -198.859 -122.82 42.497
v -200.741 -125.708 42.497
v -200.741 -125.708 46.672
v -197.829 -121.239 46.672
v -197.829 -121.239 39.822
v -207.851 -137.275 39.822
v -186.378 -151.267 39.822
v -186.378 -151.267 46.267
v -207.851 -137.275 46.267
v -207.851 -137.275 46.267
v -200.442 -125.904 46.267
v -200.442 -125.904 42.497
v -200.462 -125.935 42.497
v -200.462 -125.935 39.822
v -202.349 -128.83 39.822
v -202.349 -128.83 41.917
v -206.563 -135.298 41.917
v -206.563 -135.298 39.822
v -207.851 -137.275 39.822
v -200.697 -127.433 46.267
v -179.744 -141.086 46.267
v -179.744 -141.086 46.672
v -200.697 -127.433 46.672
v -168.248 -139.436 39.822
v -168.508 -139.835 39.822
v -168.508 -139.835 3.153
v -168.248 -139.436 3.153
f 9162 9172 9161
f 9172 9170 9171
f 9169 9167 9168
f 9166 9164 9165
f 9163 9172 9162
f 9172 9169 9170
f 9169 9166 9167
f 9166 9163 9164
f 9163 9169 9172
f 9169 9163 9166
f 9175 9176 9173
f 9173 9174 9175
f 9182 9194 9195
f 9195 9196 9197
f 9199 9200 9189
f 9192 9193 9194
f 9194 9182 9183
f 9183 9184 9185
f 9186 9187 9188
f 9177 9178 9179
f 9180 9181 9182
f 9195 9197 9198
f 9192 9194 9183
f 9183 9185 9186
f 9186 9188 9177
f 9177 9179 9180
f 9180 9182 9195
f 9195 9198 9199
f 9191 9192 9183
f 9180 9195 9199
f 9191 9183 9186
f 9180 9199 9189
f 9190 9191 9186
f 9177 9180 9189
f 9190 9186 9177
f 9177 9189 9190
f 9205 9206 9201
f 9201 9202 9203
f 9204 9205 9201
f 9201 9203 9204
f 9211 9212 9207
f 9208 9209 9210
f 9211 9207 9208
f 9208 9210 9211
f 9217 9218 9213
f 9213 9214 9215
f 9215 9216 9217
f 9217 9213 9215
f 9220 9222 9219
f 9222 9220 9221
f 9224 9226 9223
f 9226 9224 9225
f 9229 9230 9227
f 9227 9228 9229
f 9232 9234 9231
f 9234 9232 9233
f 9237 9238 9235
f 9235 9236 9237
f 9241 9242 9239
f 9239 9240 9241
f 9244 9246 9243
f 9246 9244 9245
f 9248 9250 9247
f 9250 9248 9249
f 9252 9254 9251
f 9254 9252 9253
f 9256 9258 9255
f 9258 9256 9257
f 9261 9262 9259
f 9259 9260 9261
f 9268 9263 9264
f 9265 9266 9267
f 9268 9264 9265
f 9265 9267 9268
f 9270 9272 9269
f 9272 9270 9271
f 9274 9276 9273
f 9276 9274 9275
f 9278 9280 9277
f 9280 9278 9279
f 9282 9284 9281
f 9284 9282 9283
f 9289 9290 9285
f 9285 9286 9287
f 9287 9288 9289
f 9289 9285 9287
f 9293 9294 9291
f 9291 9292 9293
f 9297 9298 9295
f 9295 9296 9297
f 9300 9302 9299
f 9302 9300 9301
f 9305 9306 9303
f 9303 9304 9305
f 9308 9312 9307
f 9311 9309 9310
f 9308 9311 9312
f 9311 9308 9309
f 9315 9316 9313
f 9313 9314 9315
f 9317 9325 9326
f 9323 9321 9322
f 9320 9318 9319
f 9317 9324 9325
f 9323 9320 9321
f 9320 9317 9318
f 9317 9323 9324
f 9323 9317 9320
f 9329 9330 9327
f 9327 9328 9329
f 9333 9334 9331
f 9331 9332 9333
o bldg_8cc4fcba-5355-494f-b65b-416e1a830a93
v -298.14 -83.246 3.429
v -295.245 -78.406 3.429
v -293.133 -79.668 3.429
v -296.029 -84.509 3.429
v -293.133 -79.668 7.28
v -295.245 -78.406 7.28
v -298.14 -83.246 7.28
v -296.029 -84.509 7.28
v -295.245 -78.406 7.28
v -293.133 -79.668 7.28
v -293.133 -79.668 3.429
v -295.245 -78.406 3.429
v -296.029 -84.509 7.28
v -298.14 -83.246 7.28
v -298.14 -83.246 3.429
v -296.029 -84.509 3.429
v -293.133 -79.668 7.28
v -296.029 -84.509 7.28
v -296.029 -84.509 3.429
v -293.133 -79.668 3.429
v -298.14 -83.246 7.28
v -295.245 -78.406 7.28
v -295.245 -78.406 3.429
v -298.14 -83.246 3.429
f 9336 9338 9335
f 9338 9336 9337
f 9341 9342 9339
f 9339 9340 9341
f 9344 9346 9343
f 9346 9344 9345
f 9349 9350 9347
f 9347 9348 9349
f 9353 9354 9351
f 9351 9352 9353
f 9356 9358 9355
f 9358 9356 9357
o bldg_615b17db-2348-4302-8ed9-4a61508c2f1b
v -25.945 -101.664 3.168
v -28.877 -99.84 3.168
v -26.105 -95.383 3.168
v -25.498 -95.76 3.168
v -20.177 -87.203 3.168
v -17.851 -88.649 3.168
v -20.177 -87.203 6.024
v -25.498 -95.76 6.024
v -26.105 -95.383 6.024
v -28.877 -99.84 6.024
v -25.945 -101.664 6.024
v -17.851 -88.649 6.024
v -20.177 -87.203 6.024
v -17.851 -88.649 6.024
v -17.851 -88.649 3.168
v -20.177 -87.203 3.168
v -26.105 -95.383 6.024
v -25.498 -95.76 6.024
v -25.498 -95.76 3.168
v -26.105 -95.383 3.168
v -25.498 -95.76 6.024
v -20.177 -87.203 6.024
v -20.177 -87.203 3.168
v -25.498 -95.76 3.168
v -28.877 -99.84 6.024
v -26.105 -95.383 6.024
v -26.105 -95.383 3.168
v -28.877 -99.84 3.168
v -25.945 -101.664 6.024
v -28.877 -99.84 6.024
v -28.877 -99.84 3.168
v -25.945 -101.664 3.168
v -17.851 -88.649 6.024
v -25.945 -101.664 6.024
v -25.945 -101.664 3.168
v -17.851 -88.649 3.168
f 9360 9364 9359
f 9364 9362 9363
f 9362 9360 9361
f 9360 9362 9364
f 9369 9370 9365
f 9366 9367 9368
f 9369 9365 9366
f 9366 9368 9369
f 9372 9374 9371
f 9374 9372 9373
f 9376 9378 9375
f 9378 9376 9377
f 9380 9382 9379
f 9382 9380 9381
f 9384 9386 9383
f 9386 9384 9385
f 9389 9390 9387
f 9387 9388 9389
f 9393 9394 9391
f 9391 9392 9393
o bldg_433bf242-e723-4d54-855f-d801dc089db5
v -8.43 -118.265 3.019
v -3.245 -121.647 3.019
v -5.683 -125.385 3.019
v -10.868 -122.003 3.019
v -4.984 -123.012 7.131
v -4.508 -122.23 6.291
v -8.598 -119.741 6.291
v -9.074 -120.523 7.131
v -9.167 -119.395 6.291
v -10.249 -121.054 6.291
v -10.868 -122.003 6.291
v -5.683 -125.385 6.291
v -3.245 -121.647 6.291
v -8.43 -118.265 6.291
v -9.627 -121.432 6.291
v -8.598 -119.741 6.291
v -4.508 -122.23 6.291
v -5.537 -123.921 6.291
v -9.074 -120.523 7.131
v -9.627 -121.432 6.291
v -5.537 -123.921 6.291
v -4.984 -123.012 7.131
v -8.43 -118.265 6.291
v -3.245 -121.647 6.291
v -3.245 -121.647 3.019
v -8.43 -118.265 3.019
v -4.984 -123.012 7.131
v -5.537 -123.921 6.291
v -4.508 -122.23 6.291
v -10.868 -122.003 6.291
v -10.249 -121.054 6.291
v -9.167 -119.395 6.291
v -8.43 -118.265 6.291
v -8.43 -118.265 3.019
v -10.868 -122.003 3.019
v -3.245 -121.647 6.291
v -5.683 -125.385 6.291
v -5.683 -125.385 3.019
v -3.245 -121.647 3.019
v -5.683 -125.385 6.291
v -10.868 -122.003 6.291
v -10.868 -122.003 3.019
v -5.683 -125.385 3.019
v -9.074 -120.523 7.131
v -8.598 -119.741 6.291
v -9.627 -121.432 6.291
f 9396 9398 9395
f 9398 9396 9397
f 9401 9402 9399
f 9399 9400 9401
f 9405 9409 9410
f 9412 9409 9405
f 9407 9408 9403
f 9404 9405 9410
f 9412 9405 9406
f 9403 9404 9410
f 9411 9412 9406
f 9407 9403 9410
f 9411 9406 9407
f 9407 9410 9411
f 9415 9416 9413
f 9413 9414 9415
f 9418 9420 9417
f 9420 9418 9419
f 9422 9423 9421
f 9425 9429 9424
f 9429 9427 9428
f 9426 9429 9425
f 9429 9426 9427
f 9432 9433 9430
f 9430 9431 9432
f 9436 9437 9434
f 9434 9435 9436
f 9439 9440 9438
o bldg_c2b668de-ba25-4c84-a5bd-1c029758f1b9
v -74.951 -219.718 3.54
v -87.804 -211.548 3.54
v -90.195 -215.285 3.54
v -96.545 -211.222 3.54
v -94.166 -207.504 3.54
v -96.132 -206.254 3.54
v -90.377 -197.201 3.54
v -65.594 -212.955 3.54
v -62.848 -226.165 3.54
v -72.286 -240.734 3.54
v -81.187 -234.968 3.54
v -73.977 -223.839 3.54
v -92.789 -200.996 27.389
v -88.886 -203.494 27.389
v -87.526 -201.369 27.389
v -91.435 -198.866 27.389
v -78.219 -230.963 26.274
v -80.695 -234.831 26.274
v -73.77 -239.263 26.274
v -71.294 -235.394 26.274
v -87.804 -211.548 23.134
v -94.165 -207.504 23.134
v -96.545 -211.222 23.134
v -90.195 -215.285 23.134
v -78.871 -216.243 25.674
v -74.769 -209.928 25.674
v -87.232 -201.834 25.674
v -91.334 -208.149 25.674
v -91.707 -207.902 24.189
v -95.597 -205.413 24.189
v -96.132 -206.254 24.189
v -74.951 -219.718 24.189
v -73.977 -223.839 24.189
v -78.483 -230.794 24.189
v -81.187 -234.968 24.189
v -72.286 -240.734 24.189
v -72.047 -240.365 24.189
v -62.848 -226.165 24.189
v -65.594 -212.955 24.189
v -90.377 -197.201 24.189
v -91.435 -198.866 24.189
v -87.526 -201.369 24.189
v -78.871 -216.243 24.189
v -91.334 -208.149 24.189
v -87.232 -201.834 24.189
v -74.769 -209.928 24.189
v -78.219 -230.963 24.189
v -71.294 -235.394 24.189
v -73.77 -239.263 24.189
v -80.695 -234.831 24.189
v -88.886 -203.494 27.839
v -92.789 -200.996 27.839
v -95.597 -205.413 27.839
v -91.707 -207.902 27.839
v -62.848 -226.165 24.189
v -72.047 -240.365 24.189
v -72.286 -240.734 24.189
v -72.286 -240.734 3.54
v -62.848 -226.165 3.54
v -88.886 -203.494 27.389
v -92.789 -200.996 27.389
v -92.789 -200.996 27.839
v -88.886 -203.494 27.839
v -95.597 -205.413 24.189
v -91.707 -207.902 24.189
v -91.707 -207.902 27.839
v -95.597 -205.413 27.839
v -88.886 -203.494 27.839
v -91.707 -207.902 27.839
v -91.707 -207.902 24.189
v -87.526 -201.369 24.189
v -87.526 -201.369 27.389
v -88.886 -203.494 27.389
v -73.77 -239.263 24.189
v -71.294 -235.394 24.189
v -71.294 -235.394 26.274
v -73.77 -239.263 26.274
v -71.294 -235.394 24.189
v -78.219 -230.963 24.189
v -78.219 -230.963 26.274
v -71.294 -235.394 26.274
v -65.594 -212.955 24.189
v -62.848 -226.165 24.189
v -62.848 -226.165 3.54
v -65.594 -212.955 3.54
v -74.769 -209.928 24.189
v -87.232 -201.834 24.189
v -87.232 -201.834 25.674
v -74.769 -209.928 25.674
v -94.165 -207.504 23.134
v -94.166 -207.504 3.54
v -96.545 -211.222 3.54
v -96.545 -211.222 23.134
v -90.377 -197.201 24.189
v -65.594 -212.955 24.189
v -65.594 -212.955 3.54
v -90.377 -197.201 3.54
v -78.219 -230.963 24.189
v -80.695 -234.831 24.189
v -80.695 -234.831 26.274
v -78.219 -230.963 26.274
v -90.195 -215.285 23.134
v -96.545 -211.222 23.134
v -96.545 -211.222 3.54
v -90.195 -215.285 3.54
v -87.804 -211.548 3.54
v -87.804 -211.548 23.134
v -90.195 -215.285 23.134
v -90.195 -215.285 3.54
v -96.132 -206.254 24.189
v -95.597 -205.413 24.189
v -95.597 -205.413 27.839
v -92.789 -200.996 27.839
v -92.789 -200.996 27.389
v -91.435 -198.866 27.389
v -91.435 -198.866 24.189
v -90.377 -197.201 24.189
v -90.377 -197.201 3.54
v -96.132 -206.254 3.54
v -73.977 -223.839 24.189
v -74.951 -219.718 24.189
v -74.951 -219.718 3.54
v -73.977 -223.839 3.54
v -78.871 -216.243 24.189
v -74.769 -209.928 24.189
v -74.769 -209.928 25.674
v -78.871 -216.243 25.674
v -74.951 -219.718 24.189
v -96.132 -206.254 24.189
v -96.132 -206.254 3.54
v -94.166 -207.504 3.54
v -94.165 -207.504 23.134
v -87.804 -211.548 23.134
v -87.804 -211.548 3.54
v -74.951 -219.718 3.54
v -80.695 -234.831 24.189
v -73.77 -239.263 24.189
v -73.77 -239.263 26.274
v -80.695 -234.831 26.274
v -87.526 -201.369 24.189
v -91.435 -198.866 24.189
v -91.435 -198.866 27.389
v -87.526 -201.369 27.389
v -81.187 -234.968 24.189
v -78.483 -230.794 24.189
v -73.977 -223.839 24.189
v -73.977 -223.839 3.54
v -81.187 -234.968 3.54
v -91.334 -208.149 24.189
v -78.871 -216.243 24.189
v -78.871 -216.243 25.674
v -91.334 -208.149 25.674
v -87.232 -201.834 24.189
v -91.334 -208.149 24.189
v -91.334 -208.149 25.674
v -87.232 -201.834 25.674
v -72.286 -240.734 24.189
v -81.187 -234.968 24.189
v -81.187 -234.968 3.54
v -72.286 -240.734 3.54
f 9452 9450 9451
f 9450 9448 9449
f 9448 9446 9447
f 9445 9443 9444
f 9452 9448 9450
f 9448 9445 9446
f 9445 9442 9443
f 9441 9448 9452
f 9448 9442 9445
f 9442 9448 9441
f 9455 9456 9453
f 9453 9454 9455
f 9459 9460 9457
f 9457 9458 9459
f 9463 9464 9461
f 9461 9462 9463
f 9467 9468 9465
f 9465 9466 9467
f 9475 9490 9487
f 9489 9490 9475
f 9475 9476 9477
f 9477 9478 9479
f 9479 9480 9481
f 9469 9470 9471
f 9483 9484 9471
f 9473 9474 9475
f 9489 9475 9477
f 9479 9481 9482
f 9469 9471 9484
f 9483 9471 9472
f 9473 9475 9487
f 9488 9489 9477
f 9482 9469 9484
f 9486 9483 9472
f 9473 9487 9488
f 9488 9477 9479
f 9482 9484 9485
f 9486 9472 9473
f 9473 9488 9479
f 9479 9482 9485
f 9486 9473 9479
f 9479 9485 9486
f 9493 9494 9491
f 9491 9492 9493
f 9498 9499 9495
f 9496 9497 9498
f 9498 9495 9496
f 9501 9503 9500
f 9503 9501 9502
f 9506 9507 9504
f 9504 9505 9506
f 9513 9508 9509
f 9509 9510 9511
f 9511 9512 9513
f 9513 9509 9511
f 9516 9517 9514
f 9514 9515 9516
f 9519 9521 9518
f 9521 9519 9520
f 9524 9525 9522
f 9522 9523 9524
f 9527 9529 9526
f 9529 9527 9528
f 9531 9533 9530
f 9533 9531 9532
f 9535 9537 9534
f 9537 9535 9536
f 9539 9541 9538
f 9541 9539 9540
f 9544 9545 9542
f 9542 9543 9544
f 9548 9549 9546
f 9546 9547 9548
f 9551 9559 9550
f 9559 9557 9558
f 9556 9554 9555
f 9554 9552 9553
f 9559 9556 9557
f 9556 9552 9554
f 9551 9556 9559
f 9556 9551 9552
f 9561 9563 9560
f 9563 9561 9562
f 9566 9567 9564
f 9564 9565 9566
f 9574 9575 9568
f 9569 9570 9571
f 9573 9574 9568
f 9569 9571 9572
f 9572 9573 9568
f 9568 9569 9572
f 9578 9579 9576
f 9576 9577 9578
f 9581 9583 9580
f 9583 9581 9582
f 9585 9588 9584
f 9588 9586 9587
f 9586 9588 9585
f 9591 9592 9589
f 9589 9590 9591
f 9594 9596 9593
f 9596 9594 9595
f 9599 9600 9597
f 9597 9598 9599
o bldg_0c140577-a39c-4b44-a16c-1e3ebc2d4455
v 77.53 1.494 2.296
v 71.92 4.982 2.296
v 72.482 5.886 2.296
v 71.576 6.449 2.296
v 74.142 10.576 2.296
v 80.659 6.525 2.296
v 78.093 2.398 6.51
v 72.482 5.886 6.51
v 71.92 4.982 6.51
v 77.53 1.494 6.51
v 74.142 10.576 9.145
v 71.576 6.449 9.145
v 78.093 2.398 9.145
v 80.659 6.525 9.145
v 77.53 1.494 2.296
v 80.659 6.525 2.296
v 80.659 6.525 9.145
v 78.093 2.398 9.145
v 78.093 2.398 6.51
v 77.53 1.494 6.51
v 72.482 5.886 6.51
v 72.482 5.886 2.296
v 71.92 4.982 2.296
v 71.92 4.982 6.51
v 74.142 10.576 9.145
v 80.659 6.525 9.145
v 80.659 6.525 2.296
v 74.142 10.576 2.296
v 72.482 5.886 2.296
v 72.482 5.886 6.51
v 78.093 2.398 6.51
v 78.093 2.398 9.145
v 71.576 6.449 9.145
v 71.576 6.449 2.296
v 77.53 1.494 6.51
v 71.92 4.982 6.51
v 71.92 4.982 2.296
v 77.53 1.494 2.296
v 71.576 6.449 9.145
v 74.142 10.576 9.145
v 74.142 10.576 2.296
v 71.576 6.449 2.296
f 9602 9606 9601
f 9606 9604 9605
f 9603 9606 9602
f 9606 9603 9604
f 9609 9610 9607
f 9607 9608 9609
f 9613 9614 9611
f 9611 9612 9613
f 9619 9620 9615
f 9615 9616 9617
f 9617 9618 9619
f 9619 9615 9617
f 9622 9624 9621
f 9624 9622 9623
f 9626 9628 9625
f 9628 9626 9627
f 9633 9634 9629
f 9630 9631 9632
f 9633 9629 9630
f 9630 9632 9633
f 9637 9638 9635
f 9635 9636 9637
f 9640 9642 9639
f 9642 9640 9641
o bldg_56fca3d6-6938-44c0-ae75-8de08d933e14
v -333.132 147.018 2.558
v -275.912 113.697 2.557
v -278.094 109.95 2.557
v -277.138 109.39 2.557
v -281.157 102.493 2.557
v -282.108 103.057 2.557
v -283.988 99.827 2.557
v -341.208 133.149 2.558
v -310.654 118.998 37.514
v -321.712 125.556 37.514
v -322.202 124.729 37.514
v -311.144 118.171 37.514
v -293.412 107.862 37.239
v -292.606 109.218 37.239
v -303.604 115.754 37.239
v -304.41 114.398 37.239
v -286.288 105.462 33.354
v -286.254 105.519 33.354
v -310.213 119.742 33.354
v -311.044 118.341 33.354
v -311.144 118.171 33.354
v -322.202 124.729 33.354
v -321.268 126.305 33.354
v -323.603 127.691 33.354
v -323.611 127.676 33.354
v -328.858 130.791 33.354
v -328.849 130.805 33.354
v -329.655 131.284 33.354
v -330.106 130.526 33.354
v -333.477 132.53 33.354
v -333.028 133.286 33.354
v -337.043 135.67 33.354
v -336.188 137.139 33.354
v -337.146 137.7 33.354
v -333.349 144.22 33.354
v -277.744 111.644 33.354
v -278.569 110.228 33.354
v -278.094 109.95 33.354
v -275.912 113.697 33.354
v -333.132 147.018 33.354
v -341.208 133.149 33.354
v -283.989 99.828 33.354
v -282.108 103.057 33.354
v -282.616 103.359 33.354
v -283.384 102.067 33.354
v -287.021 104.229 33.354
v -304.41 114.398 33.354
v -303.604 115.754 33.354
v -292.606 109.218 33.354
v -293.412 107.862 33.354
v -310.213 119.742 40.304
v -321.268 126.305 40.304
v -321.712 125.556 40.304
v -310.654 118.998 40.304
v -329.325 139.964 40.149
v -282.951 112.796 40.149
v -282.453 113.649 40.149
v -328.864 140.752 40.149
v -282.616 103.359 39.914
v -286.254 105.519 39.914
v -286.542 105.034 39.914
v -282.905 102.873 39.914
v -333.217 142.244 42.024
v -337.043 135.67 42.024
v -328.849 130.805 42.024
v -326.164 135.328 42.024
v -322.141 132.94 42.024
v -322.571 132.217 42.024
v -322.18 131.985 42.024
v -321.663 132.863 42.024
v -283.888 110.617 42.024
v -286.077 106.899 42.024
v -323.028 128.659 42.024
v -323.602 127.691 42.024
v -281.157 102.493 42.024
v -277.138 109.39 42.024
v -333.349 144.22 36.429
v -337.146 137.7 36.429
v -336.188 137.139 36.429
v -333.217 142.244 36.429
v -329.325 139.964 36.429
v -328.864 140.752 36.429
v -282.453 113.649 36.429
v -282.951 112.796 36.429
v -278.569 110.228 36.429
v -277.744 111.644 36.429
v -282.905 102.873 37.239
v -286.542 105.034 37.239
v -287.021 104.229 37.239
v -283.384 102.067 37.239
v -321.347 131.49 45.729
v -322.571 132.217 45.729
v -322.141 132.94 45.729
v -326.164 135.328 45.729
v -328.858 130.791 45.729
v -323.611 127.676 45.729
v -283.888 110.617 43.094
v -321.663 132.863 43.094
v -322.18 131.985 43.094
v -321.347 131.49 43.094
v -323.028 128.659 43.094
v -286.077 106.899 43.094
v -329.655 131.284 39.309
v -333.028 133.286 39.309
v -333.477 132.53 39.309
v -330.106 130.526 39.309
v -282.108 103.057 2.557
v -282.108 103.057 33.354
v -283.989 99.828 33.354
v -283.988 99.827 2.557
v -277.744 111.644 33.354
v -333.349 144.22 33.354
v -333.349 144.22 36.429
v -277.744 111.644 36.429
v -323.028 128.659 43.094
v -323.028 128.659 42.024
v -286.077 106.899 42.024
v -286.077 106.899 43.094
v -322.202 124.729 33.354
v -311.144 118.171 33.354
v -311.144 118.171 37.514
v -322.202 124.729 37.514
v -329.325 139.964 36.429
v -329.325 139.964 40.149
v -328.864 140.752 40.149
v -328.864 140.752 36.429
v -341.208 133.149 33.354
v -333.132 147.018 33.354
v -333.132 147.018 2.558
v -341.208 133.149 2.558
v -282.951 112.796 36.429
v -282.951 112.796 40.149
v -329.325 139.964 40.149
v -329.325 139.964 36.429
v -333.217 142.244 36.429
v -333.217 142.244 42.024
v -277.138 109.39 42.024
v -277.138 109.39 2.557
v -278.094 109.95 2.557
v -278.094 109.95 33.354
v -278.569 110.228 33.354
v -278.569 110.228 36.429
v -282.905 102.873 39.914
v -282.905 102.873 37.239
v -283.384 102.067 37.239
v -283.384 102.067 33.354
v -282.616 103.359 33.354
v -282.616 103.359 39.914
v -277.138 109.39 42.024
v -281.157 102.493 42.024
v -281.157 102.493 2.557
v -277.138 109.39 2.557
v -283.989 99.828 33.354
v -341.208 133.149 33.354
v -341.208 133.149 2.558
v -283.988 99.827 2.557
v -328.858 130.791 45.729
v -328.858 130.791 33.354
v -323.611 127.676 33.354
v -323.611 127.676 45.729
v -333.132 147.018 33.354
v -275.912 113.697 33.354
v -275.912 113.697 2.557
v -333.132 147.018 2.558
v -322.571 132.217 42.024
v -322.141 132.94 42.024
v -322.141 132.94 45.729
v -322.571 132.217 45.729
v -286.077 106.899 42.024
v -283.888 110.617 42.024
v -283.888 110.617 43.094
v -286.077 106.899 43.094
v -282.951 112.796 40.149
v -282.951 112.796 36.429
v -282.453 113.649 36.429
v -282.453 113.649 40.149
v -278.569 110.228 36.429
v -278.569 110.228 33.354
v -277.744 111.644 33.354
v -277.744 111.644 36.429
v -333.028 133.286 39.309
v -333.028 133.286 33.354
v -333.477 132.53 33.354
v -333.477 132.53 39.309
v -286.254 105.519 33.354
v -286.288 105.462 33.354
v -287.021 104.229 33.354
v -287.021 104.229 37.239
v -286.542 105.034 37.239
v -286.542 105.034 39.914
v -286.254 105.519 39.914
v -333.028 133.286 39.309
v -329.655 131.284 39.309
v -329.655 131.284 33.354
v -328.849 130.805 33.354
v -328.849 130.805 42.024
v -337.043 135.67 42.024
v -337.043 135.67 33.354
v -333.028 133.286 33.354
v -278.094 109.95 33.354
v -278.094 109.95 2.557
v -275.912 113.697 2.557
v -275.912 113.697 33.354
v -333.349 144.22 33.354
v -337.146 137.7 33.354
v -337.146 137.7 36.429
v -333.349 144.22 36.429
v -286.254 105.519 33.354
v -286.254 105.519 39.914
v -282.616 103.359 39.914
v -282.616 103.359 33.354
v -282.108 103.057 33.354
v -282.108 103.057 2.557
v -281.157 102.493 2.557
v -281.157 102.493 42.024
v -323.602 127.691 42.024
v -323.603 127.691 33.354
v -321.268 126.305 33.354
v -321.268 126.305 40.304
v -310.213 119.742 40.304
v -310.213 119.742 33.354
v -321.268 126.305 33.354
v -322.202 124.729 33.354
v -322.202 124.729 37.514
v -321.712 125.556 37.514
v -321.712 125.556 40.304
v -321.268 126.305 40.304
v -293.412 107.862 33.354
v -292.606 109.218 33.354
v -292.606 109.218 37.239
v -293.412 107.862 37.239
v -282.453 113.649 36.429
v -328.864 140.752 36.429
v -328.864 140.752 40.149
v -282.453 113.649 40.149
v -333.217 142.244 36.429
v -336.188 137.139 36.429
v -336.188 137.139 33.354
v -337.043 135.67 33.354
v -337.043 135.67 42.024
v -333.217 142.244 42.024
v -329.655 131.284 33.354
v -329.655 131.284 39.309
v -330.106 130.526 39.309
v -330.106 130.526 33.354
v -323.611 127.676 33.354
v -323.603 127.691 33.354
v -323.602 127.691 42.024
v -323.028 128.659 42.024
v -323.028 128.659 43.094
v -321.347 131.49 43.094
v -321.347 131.49 45.729
v -323.611 127.676 45.729
v -304.41 114.398 33.354
v -293.412 107.862 33.354
v -293.412 107.862 37.239
v -304.41 114.398 37.239
v -336.188 137.139 33.354
v -336.188 137.139 36.429
v -337.146 137.7 36.429
v -337.146 137.7 33.354
v -286.542 105.034 37.239
v -282.905 102.873 37.239
v -282.905 102.873 39.914
v -286.542 105.034 39.914
v -321.347 131.49 43.094
v -322.18 131.985 43.094
v -322.18 131.985 42.024
v -322.571 132.217 42.024
v -322.571 132.217 45.729
v -321.347 131.49 45.729
v -333.477 132.53 33.354
v -330.106 130.526 33.354
v -330.106 130.526 39.309
v -333.477 132.53 39.309
v -310.654 118.998 40.304
v -310.654 118.998 37.514
v -311.144 118.171 37.514
v -311.144 118.171 33.354
v -311.044 118.341 33.354
v -310.213 119.742 33.354
v -310.213 119.742 40.304
v -322.141 132.94 42.024
v -326.164 135.328 42.024
v -326.164 135.328 45.729
v -322.141 132.94 45.729
v -287.021 104.229 33.354
v -283.384 102.067 33.354
v -283.384 102.067 37.239
v -287.021 104.229 37.239
v -283.888 110.617 42.024
v -321.663 132.863 42.024
v -321.663 132.863 43.094
v -283.888 110.617 43.094
v -292.606 109.218 33.354
v -303.604 115.754 33.354
v -303.604 115.754 37.239
v -292.606 109.218 37.239
v -328.858 130.791 45.729
v -326.164 135.328 45.729
v -326.164 135.328 42.024
v -328.849 130.805 42.024
v -328.849 130.805 33.354
v -328.858 130.791 33.354
v -322.18 131.985 42.024
v -322.18 131.985 43.094
v -321.663 132.863 43.094
v -321.663 132.863 42.024
v -321.712 125.556 37.514
v -310.654 118.998 37.514
v -310.654 118.998 40.304
v -321.712 125.556 40.304
v -303.604 115.754 33.354
v -304.41 114.398 33.354
v -304.41 114.398 37.239
v -303.604 115.754 37.239
f 9644 9650 9643
f 9650 9648 9649
f 9648 9646 9647
f 9645 9650 9644
f 9650 9646 9648
f 9646 9650 9645
f 9653 9654 9651
f 9651 9652 9653
f 9657 9658 9655
f 9655 9656 9657
f 9692 9689 9683
f 9684 9685 9686
f 9659 9660 9661
f 9661 9662 9663
f 9664 9665 9666
f 9668 9669 9670
f 9672 9673 9674
f 9674 9675 9676
f 9678 9679 9680
f 9692 9683 9684
f 9684 9686 9687
f 9664 9666 9667
f 9668 9670 9671
f 9678 9680 9681
f 9691 9692 9684
f 9684 9687 9688
f 9664 9667 9668
f 9677 9678 9681
f 9691 9684 9688
f 9664 9668 9671
f 9677 9681 9682
f 9691 9688 9659
f 9664 9671 9672
f 9676 9677 9682
f 9690 9691 9659
f 9676 9682 9683
f 9690 9659 9661
f 9674 9676 9683
f 9689 9690 9661
f 9672 9674 9683
f 9689 9661 9663
f 9664 9672 9683
f 9683 9689 9663
f 9663 9664 9683
f 9695 9696 9693
f 9693 9694 9695
f 9699 9700 9697
f 9697 9698 9699
f 9703 9704 9701
f 9701 9702 9703
f 9705 9706 9707
f 9709 9710 9711
f 9714 9715 9716
f 9705 9707 9708
f 9709 9711 9712
f 9714 9716 9717
f 9718 9705 9708
f 9708 9709 9712
f 9713 9714 9717
f 9718 9708 9712
f 9713 9717 9718
f 9718 9712 9713
f 9719 9720 9721
f 9722 9723 9724
f 9725 9726 9727
f 9719 9721 9722
f 9725 9727 9728
f 9719 9722 9724
f 9724 9725 9728
f 9728 9719 9724
f 9731 9732 9729
f 9729 9730 9731
f 9737 9738 9733
f 9734 9735 9736
f 9737 9733 9734
f 9734 9736 9737
f 9743 9744 9739
f 9739 9740 9741
f 9742 9743 9739
f 9739 9741 9742
f 9747 9748 9745
f 9745 9746 9747
f 9751 9752 9749
f 9749 9750 9751
f 9754 9756 9753
f 9756 9754 9755
f 9759 9760 9757
f 9757 9758 9759
f 9763 9764 9761
f 9761 9762 9763
f 9766 9768 9765
f 9768 9766 9767
f 9770 9772 9769
f 9772 9770 9771
f 9774 9784 9773
f 9784 9782 9783
f 9782 9780 9781
f 9778 9776 9777
f 9782 9779 9780
f 9778 9775 9776
f 9784 9779 9782
f 9779 9775 9778
f 9774 9779 9784
f 9779 9774 9775
f 9789 9790 9785
f 9786 9787 9788
f 9789 9785 9786
f 9786 9788 9789
f 9793 9794 9791
f 9791 9792 9793
f 9797 9798 9795
f 9795 9796 9797
f 9801 9802 9799
f 9799 9800 9801
f 9804 9806 9803
f 9806 9804 9805
f 9809 9810 9807
f 9807 9808 9809
f 9813 9814 9811
f 9811 9812 9813
f 9817 9818 9815
f 9815 9816 9817
f 9821 9822 9819
f 9819 9820 9821
f 9824 9826 9823
f 9826 9824 9825
f 9828 9833 9827
f 9833 9831 9832
f 9831 9829 9830
f 9828 9831 9833
f 9831 9828 9829
f 9840 9841 9834
f 9835 9836 9837
f 9839 9840 9834
f 9835 9837 9838
f 9838 9839 9834
f 9834 9835 9838
f 9844 9845 9842
f 9842 9843 9844
f 9847 9849 9846
f 9849 9847 9848
f 9862 9863 9850
f 9852 9853 9854
f 9854 9855 9856
f 9858 9859 9860
f 9862 9850 9851
f 9854 9856 9857
f 9858 9860 9861
f 9862 9851 9852
f 9852 9854 9857
f 9857 9858 9861
f 9862 9852 9857
f 9857 9861 9862
f 9865 9869 9864
f 9869 9867 9868
f 9867 9865 9866
f 9865 9867 9869
f 9872 9873 9870
f 9870 9871 9872
f 9875 9877 9874
f 9877 9875 9876
f 9879 9883 9878
f 9882 9880 9881
f 9879 9882 9883
f 9882 9879 9880
f 9886 9887 9884
f 9884 9885 9886
f 9895 9888 9889
f 9890 9891 9892
f 9892 9893 9894
f 9895 9889 9890
f 9892 9894 9895
f 9895 9890 9892
f 9898 9899 9896
f 9896 9897 9898
f 9902 9903 9900
f 9900 9901 9902
f 9906 9907 9904
f 9904 9905 9906
f 9909 9913 9908
f 9913 9911 9912
f 9911 9909 9910
f 9909 9911 9913
f 9916 9917 9914
f 9914 9915 9916
f 9923 9924 9918
f 9919 9920 9921
f 9921 9922 9923
f 9923 9918 9919
f 9919 9921 9923
f 9926 9928 9925
f 9928 9926 9927
f 9931 9932 9929
f 9929 9930 9931
f 9934 9936 9933
f 9936 9934 9935
f 9938 9940 9937
f 9940 9938 9939
f 9941 9945 9946
f 9944 9942 9943
f 9941 9944 9945
f 9944 9941 9942
f 9948 9950 9947
f 9950 9948 9949
f 9953 9954 9951
f 9951 9952 9953
f 9956 9958 9955
f 9958 9956 9957
o bldg_a8627cb6-9ca0-46a7-97b4-e48d983bec7c
v -30.413 -82.304 3.405
v -39.657 -76.705 3.405
v -40.735 -78.38 3.405
v -45.697 -75.186 3.405
v -44.706 -73.646 3.405
v -53.698 -68.198 3.405
v -47.209 -57.487 3.405
v -23.924 -71.594 3.405
v -46.245 -62.561 16.022
v -44.77 -67.683 13.937
v -34.377 -73.979 13.937
v -29.145 -72.92 16.022
v -39.657 -76.705 8.857
v -44.706 -73.646 8.857
v -45.697 -75.186 8.857
v -40.735 -78.38 8.857
v -49.007 -67.12 16.022
v -47.395 -72.016 13.937
v -44.77 -67.683 13.937
v -46.245 -62.561 16.022
v -29.145 -72.92 16.022
v -34.377 -73.979 13.937
v -37.002 -78.312 13.937
v -31.849 -77.384 16.022
v -46.245 -62.561 16.022
v -47.209 -57.487 13.937
v -53.698 -68.198 13.937
v -49.007 -67.12 16.022
v -29.145 -72.92 16.022
v -23.924 -71.594 13.937
v -47.209 -57.487 13.937
v -46.245 -62.561 16.022
v -31.849 -77.384 16.022
v -30.413 -82.304 13.937
v -23.924 -71.594 13.937
v -29.145 -72.92 16.022
v -49.007 -67.12 16.022
v -53.698 -68.198 13.937
v -47.395 -72.016 13.937
v -31.849 -77.384 16.022
v -37.002 -78.312 13.937
v -30.413 -82.304 13.937
v -44.77 -67.683 13.187
v -47.395 -72.016 13.187
v -37.002 -78.312 13.187
v -34.377 -73.979 13.187
v -47.395 -72.016 13.187
v -44.77 -67.683 13.187
v -44.77 -67.683 13.937
v -47.395 -72.016 13.937
v -34.377 -73.979 13.187
v -37.002 -78.312 13.187
v -37.002 -78.312 13.937
v -34.377 -73.979 13.937
v -37.002 -78.312 13.187
v -47.395 -72.016 13.187
v -47.395 -72.016 13.937
v -53.698 -68.198 13.937
v -53.698 -68.198 3.405
v -44.706 -73.646 3.405
v -44.706 -73.646 8.857
v -39.657 -76.705 8.857
v -39.657 -76.705 3.405
v -30.413 -82.304 3.405
v -30.413 -82.304 13.937
v -37.002 -78.312 13.937
v -53.698 -68.198 13.937
v -47.209 -57.487 13.937
v -47.209 -57.487 3.405
v -53.698 -68.198 3.405
v -23.924 -71.594 13.937
v -30.413 -82.304 13.937
v -30.413 -82.304 3.405
v -23.924 -71.594 3.405
v -47.209 -57.487 13.937
v -23.924 -71.594 13.937
v -23.924 -71.594 3.405
v -47.209 -57.487 3.405
v -44.706 -73.646 8.857
v -44.706 -73.646 3.405
v -45.697 -75.186 3.405
v -45.697 -75.186 8.857
v -39.657 -76.705 3.405
v -39.657 -76.705 8.857
v -40.735 -78.38 8.857
v -40.735 -78.38 3.405
v -44.77 -67.683 13.187
v -34.377 -73.979 13.187
v -34.377 -73.979 13.937
v -44.77 -67.683 13.937
v -40.735 -78.38 8.857
v -45.697 -75.186 8.857
v -45.697 -75.186 3.405
v -40.735 -78.38 3.405
f 9960 9966 9959
f 9966 9964 9965
f 9963 9961 9962
f 9960 9964 9966
f 9963 9960 9961
f 9960 9963 9964
f 9969 9970 9967
f 9967 9968 9969
f 9973 9974 9971
f 9971 9972 9973
f 9977 9978 9975
f 9975 9976 9977
f 9981 9982 9979
f 9979 9980 9981
f 9985 9986 9983
f 9983 9984 9985
f 9989 9990 9987
f 9987 9988 9989
f 9993 9994 9991
f 9991 9992 9993
f 9996 9997 9995
f 9999 10000 9998
f 10003 10004 10001
f 10001 10002 10003
f 10007 10008 10005
f 10005 10006 10007
f 10010 10012 10009
f 10012 10010 10011
f 10023 10024 10013
f 10014 10015 10016
f 10016 10017 10018
f 10020 10021 10022
f 10022 10023 10013
f 10014 10016 10018
f 10020 10022 10013
f 10014 10018 10019
f 10019 10020 10013
f 10013 10014 10019
f 10026 10028 10025
f 10028 10026 10027
f 10031 10032 10029
f 10029 10030 10031
f 10034 10036 10033
f 10036 10034 10035
f 10038 10040 10037
f 10040 10038 10039
f 10043 10044 10041
f 10041 10042 10043
f 10047 10048 10045
f 10045 10046 10047
f 10051 10052 10049
f 10049 10050 10051
o bldg_9113cc94-3016-46ec-8485-8da566d8bcde
v -135.546 -257.767 2.868
v -125.47 -264.097 2.868
v -125.255 -263.764 2.868
v -97.123 -281.931 2.868
v -114.161 -308.315 2.868
v -152.289 -283.694 2.868
v -145.058 -272.497 34.152
v -152.289 -283.694 34.152
v -114.161 -308.315 34.152
v -111.617 -304.375 34.152
v -97.123 -281.931 34.152
v -125.255 -263.764 34.152
v -127.607 -267.407 34.152
v -137.603 -260.952 34.152
v -139.375 -286.638 34.152
v -134.606 -279.175 34.152
v -117.882 -289.862 34.152
v -122.651 -297.325 34.152
v -127.607 -267.407 20.152
v -125.47 -264.097 20.152
v -135.546 -257.767 20.152
v -137.603 -260.952 20.152
v -134.606 -279.175 40.202
v -139.375 -286.638 40.202
v -122.651 -297.325 40.202
v -117.882 -289.862 40.202
v -139.375 -286.638 34.152
v -122.651 -297.325 34.152
v -122.651 -297.325 40.202
v -139.375 -286.638 40.202
v -137.603 -260.952 34.152
v -137.603 -260.952 20.152
v -135.546 -257.767 20.152
v -135.546 -257.767 2.868
v -152.289 -283.694 2.868
v -152.289 -283.694 34.152
v -145.058 -272.497 34.152
v -125.255 -263.764 34.152
v -97.123 -281.931 34.152
v -97.123 -281.931 2.868
v -125.255 -263.764 2.868
v -117.882 -289.862 34.152
v -134.606 -279.175 34.152
v -134.606 -279.175 40.202
v -117.882 -289.862 40.202
v -125.47 -264.097 20.152
v -125.47 -264.097 2.868
v -135.546 -257.767 2.868
v -135.546 -257.767 20.152
v -134.606 -279.175 34.152
v -139.375 -286.638 34.152
v -139.375 -286.638 40.202
v -134.606 -279.175 40.202
v -125.47 -264.097 2.868
v -125.47 -264.097 20.152
v -127.607 -267.407 20.152
v -127.607 -267.407 34.152
v -125.255 -263.764 34.152
v -125.255 -263.764 2.868
v -114.161 -308.315 34.152
v -152.289 -283.694 34.152
v -152.289 -283.694 2.868
v -114.161 -308.315 2.868
v -127.607 -267.407 20.152
v -137.603 -260.952 20.152
v -137.603 -260.952 34.152
v -127.607 -267.407 34.152
v -97.123 -281.931 34.152
v -111.617 -304.375 34.152
v -114.161 -308.315 34.152
v -114.161 -308.315 2.868
v -97.123 -281.931 2.868
v -122.651 -297.325 34.152
v -117.882 -289.862 34.152
v -117.882 -289.862 40.202
v -122.651 -297.325 40.202
f 10054 10058 10053
f 10058 10056 10057
f 10056 10054 10055
f 10054 10056 10058
f 10060 10067 10068
f 10070 10067 10060
f 10060 10061 10062
f 10062 10063 10064
f 10065 10066 10059
f 10059 10060 10068
f 10070 10060 10062
f 10065 10059 10068
f 10069 10070 10062
f 10064 10065 10068
f 10069 10062 10064
f 10064 10068 10069
f 10073 10074 10071
f 10071 10072 10073
f 10077 10078 10075
f 10075 10076 10077
f 10081 10082 10079
f 10079 10080 10081
f 10084 10089 10083
f 10089 10087 10088
f 10087 10085 10086
f 10084 10087 10089
f 10087 10084 10085
f 10091 10093 10090
f 10093 10091 10092
f 10095 10097 10094
f 10097 10095 10096
f 10099 10101 10098
f 10101 10099 10100
f 10103 10105 10102
f 10105 10103 10104
f 10107 10111 10106
f 10110 10108 10109
f 10107 10110 10111
f 10110 10107 10108
f 10114 10115 10112
f 10112 10113 10114
f 10117 10119 10116
f 10119 10117 10118
f 10123 10124 10120
f 10121 10122 10123
f 10123 10120 10121
f 10127 10128 10125
f 10125 10126 10127
o bldg_3f730549-ec56-443d-8d68-f215f7c1ee72
v -300.129 -308.473 1.138
v -281.105 -320.568 1.138
v -287.767 -331.045 1.138
v -314.911 -313.89 1.138
v -314.936 -313.937 1.138
v -316.08 -314.482 1.138
v -317.565 -314.412 1.138
v -318.809 -313.818 1.138
v -319.952 -312.268 1.138
v -319.926 -310.721 1.138
v -328.267 -305.45 1.138
v -314.354 -283.225 1.138
v -292.837 -296.824 1.138
v -314.911 -313.89 4.68
v -319.926 -310.721 4.68
v -319.952 -312.268 4.68
v -318.809 -313.818 4.68
v -317.565 -314.412 4.68
v -316.08 -314.482 4.68
v -314.936 -313.937 4.68
v -319.307 -291.138 40.535
v -323.246 -297.429 40.535
v -301.67 -310.935 40.535
v -297.732 -304.644 40.535
v -301.67 -310.935 32.345
v -323.246 -297.429 32.345
v -328.266 -305.45 32.345
v -306.749 -319.048 32.345
v -319.308 -291.138 32.345
v -297.732 -304.644 32.345
v -292.837 -296.824 32.345
v -314.354 -283.226 32.345
v -300.129 -308.473 25.515
v -306.749 -319.048 25.515
v -287.767 -331.045 25.515
v -281.106 -320.568 25.515
v -328.266 -305.45 32.345
v -323.246 -297.429 32.345
v -323.246 -297.429 40.535
v -319.307 -291.138 40.535
v -319.308 -291.138 32.345
v -314.354 -283.226 32.345
v -314.354 -283.225 1.138
v -328.267 -305.45 1.138
v -318.809 -313.818 4.68
v -319.952 -312.268 4.68
v -319.952 -312.268 1.138
v -318.809 -313.818 1.138
v -292.837 -296.824 32.345
v -297.732 -304.644 32.345
v -297.732 -304.644 40.535
v -301.67 -310.935 40.535
v -301.67 -310.935 32.345
v -306.749 -319.048 32.345
v -306.749 -319.048 25.515
v -300.129 -308.473 25.515
v -300.129 -308.473 1.138
v -292.837 -296.824 1.138
v -314.354 -283.226 32.345
v -292.837 -296.824 32.345
v -292.837 -296.824 1.138
v -314.354 -283.225 1.138
v -314.911 -313.89 1.138
v -314.911 -313.89 4.68
v -314.936 -313.937 4.68
v -314.936 -313.937 1.138
v -314.936 -313.937 4.68
v -316.08 -314.482 4.68
v -316.08 -314.482 1.138
v -314.936 -313.937 1.138
v -300.129 -308.473 1.138
v -300.129 -308.473 25.515
v -281.106 -320.568 25.515
v -281.105 -320.568 1.138
v -317.565 -314.412 4.68
v -318.809 -313.818 4.68
v -318.809 -313.818 1.138
v -317.565 -314.412 1.138
v -297.732 -304.644 32.345
v -319.308 -291.138 32.345
v -319.307 -291.138 40.535
v -297.732 -304.644 40.535
v -316.08 -314.482 4.68
v -317.565 -314.412 4.68
v -317.565 -314.412 1.138
v -316.08 -314.482 1.138
v -287.767 -331.045 25.515
v -306.749 -319.048 25.515
v -306.749 -319.048 32.345
v -328.266 -305.45 32.345
v -328.267 -305.45 1.138
v -319.926 -310.721 1.138
v -319.926 -310.721 4.68
v -314.911 -313.89 4.68
v -314.911 -313.89 1.138
v -287.767 -331.045 1.138
v -323.246 -297.429 32.345
v -301.67 -310.935 32.345
v -301.67 -310.935 40.535
v -323.246 -297.429 40.535
v -281.106 -320.568 25.515
v -287.767 -331.045 25.515
v -287.767 -331.045 1.138
v -281.105 -320.568 1.138
v -319.926 -310.721 4.68
v -319.926 -310.721 1.138
v -319.952 -312.268 1.138
v -319.952 -312.268 4.68
f 10129 10140 10141
f 10140 10138 10139
f 10138 10136 10137
f 10136 10134 10135
f 10134 10132 10133
f 10132 10130 10131
f 10129 10138 10140
f 10138 10134 10136
f 10132 10129 10130
f 10138 10132 10134
f 10132 10138 10129
f 10147 10148 10142
f 10142 10143 10144
f 10144 10145 10146
f 10146 10147 10142
f 10142 10144 10146
f 10151 10152 10149
f 10149 10150 10151
f 10155 10156 10153
f 10153 10154 10155
f 10159 10160 10157
f 10157 10158 10159
f 10163 10164 10161
f 10161 10162 10163
f 10166 10172 10165
f 10172 10170 10171
f 10169 10167 10168
f 10172 10169 10170
f 10169 10166 10167
f 10166 10169 10172
f 10174 10176 10173
f 10176 10174 10175
f 10185 10186 10177
f 10178 10179 10180
f 10181 10182 10183
f 10184 10185 10177
f 10178 10180 10181
f 10181 10183 10184
f 10184 10177 10178
f 10178 10181 10184
f 10188 10190 10187
f 10190 10188 10189
f 10193 10194 10191
f 10191 10192 10193
f 10197 10198 10195
f 10195 10196 10197
f 10200 10202 10199
f 10202 10200 10201
f 10205 10206 10203
f 10203 10204 10205
f 10208 10210 10207
f 10210 10208 10209
f 10213 10214 10211
f 10211 10212 10213
f 10223 10224 10215
f 10216 10217 10218
f 10218 10219 10220
f 10222 10223 10215
f 10218 10220 10221
f 10221 10222 10215
f 10216 10218 10221
f 10221 10215 10216
f 10227 10228 10225
f 10225 10226 10227
f 10231 10232 10229
f 10229 10230 10231
f 10234 10236 10233
f 10236 10234 10235
o bldg_29d2fa17-a96f-4f71-b8f6-659340ab3652
v -305.478 -44.597 3.198
v -287.566 -55.806 3.198
v -300.639 -76.69 3.198
v -318.552 -65.482 3.198
v -318.552 -65.481 23.321
v -300.639 -76.69 23.321
v -287.566 -55.806 23.321
v -305.478 -44.597 23.321
v -308.566 -49.531 23.321
v -303.363 -52.885 23.321
v -307.129 -58.791 23.321
v -308.422 -57.958 23.321
v -311.87 -63.212 23.321
v -315.599 -60.766 23.321
v -314.466 -58.955 32.166
v -315.599 -60.766 32.166
v -311.87 -63.212 32.166
v -310.697 -61.425 32.166
v -314.466 -58.955 28.316
v -310.697 -61.425 28.316
v -308.422 -57.958 28.316
v -312.285 -55.471 28.316
v -310.378 -52.425 32.171
v -312.285 -55.471 32.171
v -307.129 -58.791 32.171
v -305.197 -55.761 32.171
v -310.378 -52.425 30.691
v -305.197 -55.761 30.691
v -303.363 -52.885 30.691
v -308.566 -49.531 30.691
v -305.197 -55.761 30.691
v -310.378 -52.425 30.691
v -310.378 -52.425 32.171
v -305.197 -55.761 32.171
v -308.422 -57.958 28.316
v -310.697 -61.425 28.316
v -310.697 -61.425 32.166
v -311.87 -63.212 32.166
v -311.87 -63.212 23.321
v -308.422 -57.958 23.321
v -315.599 -60.766 23.321
v -311.87 -63.212 23.321
v -311.87 -63.212 32.166
v -315.599 -60.766 32.166
v -307.129 -58.791 23.321
v -303.363 -52.885 23.321
v -303.363 -52.885 30.691
v -305.197 -55.761 30.691
v -305.197 -55.761 32.171
v -307.129 -58.791 32.171
v -314.466 -58.955 28.316
v -312.285 -55.471 28.316
v -312.285 -55.471 32.171
v -310.378 -52.425 32.171
v -310.378 -52.425 30.691
v -308.566 -49.531 30.691
v -308.566 -49.531 23.321
v -305.478 -44.597 23.321
v -305.478 -44.597 3.198
v -318.552 -65.482 3.198
v -318.552 -65.481 23.321
v -315.599 -60.766 23.321
v -315.599 -60.766 32.166
v -314.466 -58.955 32.166
v -310.697 -61.425 28.316
v -314.466 -58.955 28.316
v -314.466 -58.955 32.166
v -310.697 -61.425 32.166
v -307.129 -58.791 32.171
v -312.285 -55.471 32.171
v -312.285 -55.471 28.316
v -308.422 -57.958 28.316
v -308.422 -57.958 23.321
v -307.129 -58.791 23.321
v -305.478 -44.597 23.321
v -287.566 -55.806 23.321
v -287.566 -55.806 3.198
v -305.478 -44.597 3.198
v -303.363 -52.885 23.321
v -308.566 -49.531 23.321
v -308.566 -49.531 30.691
v -303.363 -52.885 30.691
v -287.566 -55.806 23.321
v -300.639 -76.69 23.321
v -300.639 -76.69 3.198
v -287.566 -55.806 3.198
v -300.639 -76.69 23.321
v -318.552 -65.481 23.321
v -318.552 -65.482 3.198
v -300.639 -76.69 3.198
f 10238 10240 10237
f 10240 10238 10239
f 10249 10250 10241
f 10241 10242 10243
f 10243 10244 10245
f 10247 10248 10249
f 10249 10241 10243
f 10243 10245 10246
f 10247 10249 10243
f 10243 10246 10247
f 10253 10254 10251
f 10251 10252 10253
f 10257 10258 10255
f 10255 10256 10257
f 10261 10262 10259
f 10259 10260 10261
f 10265 10266 10263
f 10263 10264 10265
f 10268 10270 10267
f 10270 10268 10269
f 10275 10276 10271
f 10272 10273 10274
f 10275 10271 10272
f 10272 10274 10275
f 10279 10280 10277
f 10277 10278 10279
f 10285 10286 10281
f 10281 10282 10283
f 10284 10285 10281
f 10281 10283 10284
f 10287 10299 10300
f 10298 10296 10297
f 10296 10294 10295
f 10293 10291 10292
f 10291 10289 10290
f 10287 10298 10299
f 10296 10293 10294
f 10293 10289 10291
f 10288 10298 10287
f 10298 10293 10296
f 10293 10288 10289
f 10288 10293 10298
f 10302 10304 10301
f 10304 10302 10303
f 10309 10310 10305
f 10305 10306 10307
f 10308 10309 10305
f 10305 10307 10308
f 10312 10314 10311
f 10314 10312 10313
f 10316 10318 10315
f 10318 10316 10317
f 10321 10322 10319
f 10319 10320 10321
f 10325 10326 10323
f 10323 10324 10325
o bldg_f5eca060-6c4d-4e65-9f13-195f0daac210
v -86.168 -9.751 3.723
v -86.037 -15.708 3.723
v -87.623 -15.743 3.723
v -87.56 -18.57 3.723
v -92.084 -18.67 3.723
v -92.206 -13.165 3.723
v -89.567 -13.107 3.723
v -89.64 -9.828 3.723
v -89.567 -13.107 7.219
v -92.206 -13.165 7.219
v -92.084 -18.67 7.219
v -87.56 -18.57 7.219
v -87.623 -15.743 7.219
v -86.037 -15.708 7.219
v -86.168 -9.751 7.219
v -89.64 -9.828 7.219
v -87.623 -15.743 7.219
v -87.56 -18.57 7.219
v -87.56 -18.57 3.723
v -87.623 -15.743 3.723
v -87.56 -18.57 7.219
v -92.084 -18.67 7.219
v -92.084 -18.67 3.723
v -87.56 -18.57 3.723
v -89.64 -9.828 7.219
v -86.168 -9.751 7.219
v -86.168 -9.751 3.723
v -89.64 -9.828 3.723
v -89.567 -13.107 7.219
v -89.64 -9.828 7.219
v -89.64 -9.828 3.723
v -89.567 -13.107 3.723
v -92.084 -18.67 7.219
v -92.206 -13.165 7.219
v -92.206 -13.165 3.723
v -92.084 -18.67 3.723
v -86.037 -15.708 7.219
v -87.623 -15.743 7.219
v -87.623 -15.743 3.723
v -86.037 -15.708 3.723
v -86.168 -9.751 7.219
v -86.037 -15.708 7.219
v -86.037 -15.708 3.723
v -86.168 -9.751 3.723
v -92.206 -13.165 7.219
v -89.567 -13.107 7.219
v -89.567 -13.107 3.723
v -92.206 -13.165 3.723
f 10328 10334 10327
f 10333 10331 10332
f 10331 10329 10330
f 10329 10334 10328
f 10333 10329 10331
f 10329 10333 10334
f 10341 10342 10335
f 10335 10336 10337
f 10337 10338 10339
f 10339 10340 10341
f 10341 10335 10337
f 10337 10339 10341
f 10345 10346 10343
f 10343 10344 10345
f 10349 10350 10347
f 10347 10348 10349
f 10352 10354 10351
f 10354 10352 10353
f 10356 10358 10355
f 10358 10356 10357
f 10360 10362 10359
f 10362 10360 10361
f 10365 10366 10363
f 10363 10364 10365
f 10369 10370 10367
f 10367 10368 10369
f 10372 10374 10371
f 10374 10372 10373
o bldg_aa6db881-017a-4071-a925-50f90cddcb11
v -17.799 -71.001 2.963
v -25.735 -66.053 2.963
v -18.872 -55.047 2.963
v -34.665 -45.2 2.963
v -41.624 -56.36 2.963
v -49.694 -51.328 2.963
v -38.353 -33.139 2.963
v -6.554 -52.966 2.963
v -24.206 -65.848 16.215
v -25.735 -66.053 14.515
v -17.799 -71.001 14.515
v -18.173 -69.61 16.215
v -18.173 -69.61 16.215
v -17.799 -71.001 14.515
v -6.554 -52.966 14.515
v -8.207 -53.627 16.215
v -17.243 -54.681 16.215
v -18.872 -55.047 14.515
v -25.735 -66.053 14.515
v -24.206 -65.848 16.215
v -41.928 -54.798 16.215
v -41.624 -56.36 14.515
v -34.665 -45.2 14.515
v -34.965 -43.631 16.215
v -34.965 -43.631 16.215
v -34.665 -45.2 14.515
v -18.872 -55.047 14.515
v -17.243 -54.681 16.215
v -8.207 -53.627 16.215
v -6.554 -52.966 14.515
v -38.353 -33.139 14.515
v -38.283 -34.874 16.215
v -38.283 -34.874 16.215
v -38.353 -33.139 14.515
v -49.694 -51.328 14.515
v -48.248 -50.857 16.215
v -38.283 -34.874 16.215
v -48.248 -50.857 16.215
v -41.928 -54.798 16.215
v -34.965 -43.631 16.215
v -17.243 -54.681 16.215
v -24.206 -65.848 16.215
v -18.173 -69.61 16.215
v -8.207 -53.627 16.215
v -48.248 -50.857 16.215
v -49.694 -51.328 14.515
v -41.624 -56.36 14.515
v -41.928 -54.798 16.215
v -49.694 -51.328 14.515
v -38.353 -33.139 14.515
v -38.353 -33.139 2.963
v -49.694 -51.328 2.963
v -41.624 -56.36 14.515
v -49.694 -51.328 14.515
v -49.694 -51.328 2.963
v -41.624 -56.36 2.963
v -34.665 -45.2 14.515
v -41.624 -56.36 14.515
v -41.624 -56.36 2.963
v -34.665 -45.2 2.963
v -18.872 -55.047 14.515
v -34.665 -45.2 14.515
v -34.665 -45.2 2.963
v -18.872 -55.047 2.963
v -17.799 -71.001 14.515
v -25.735 -66.053 14.515
v -25.735 -66.053 2.963
v -17.799 -71.001 2.963
v -25.735 -66.053 14.515
v -18.872 -55.047 14.515
v -18.872 -55.047 2.963
v -25.735 -66.053 2.963
v -38.353 -33.139 14.515
v -6.554 -52.966 14.515
v -6.554 -52.966 2.963
v -38.353 -33.139 2.963
v -6.554 -52.966 14.515
v -17.799 -71.001 14.515
v -17.799 -71.001 2.963
v -6.554 -52.966 2.963
f 10376 10382 10375
f 10381 10379 10380
f 10377 10382 10376
f 10381 10378 10379
f 10378 10382 10377
f 10382 10378 10381
f 10385 10386 10383
f 10383 10384 10385
f 10389 10390 10387
f 10387 10388 10389
f 10392 10394 10391
f 10394 10392 10393
f 10397 10398 10395
f 10395 10396 10397
f 10401 10402 10399
f 10399 10400 10401
f 10404 10406 10403
f 10406 10404 10405
f 10408 10410 10407
f 10410 10408 10409
f 10411 10412 10413
f 10415 10416 10417
f 10411 10413 10414
f 10415 10417 10418
f 10418 10411 10414
f 10414 10415 10418
f 10421 10422 10419
f 10419 10420 10421
f 10424 10426 10423
f 10426 10424 10425
f 10429 10430 10427
f 10427 10428 10429
f 10433 10434 10431
f 10431 10432 10433
f 10437 10438 10435
f 10435 10436 10437
f 10441 10442 10439
f 10439 10440 10441
f 10444 10446 10443
f 10446 10444 10445
f 10448 10450 10447
f 10450 10448 10449
f 10453 10454 10451
f 10451 10452 10453
o bldg_cc366cbd-b613-4d2b-b40d-c2b0fe183690
v -39.799 -105.542 3.389
v -31.413 -110.923 3.389
v -34.454 -115.663 3.389
v -42.84 -110.282 3.389
v -34.454 -115.663 6.753
v -31.413 -110.923 6.753
v -39.799 -105.542 6.753
v -42.84 -110.282 6.753
v -34.454 -115.663 6.753
v -42.84 -110.282 6.753
v -42.84 -110.282 3.389
v -34.454 -115.663 3.389
v -31.413 -110.923 6.753
v -34.454 -115.663 6.753
v -34.454 -115.663 3.389
v -31.413 -110.923 3.389
v -42.84 -110.282 6.753
v -39.799 -105.542 6.753
v -39.799 -105.542 3.389
v -42.84 -110.282 3.389
v -39.799 -105.542 6.753
v -31.413 -110.923 6.753
v -31.413 -110.923 3.389
v -39.799 -105.542 3.389
f 10456 10458 10455
f 10458 10456 10457
f 10461 10462 10459
f 10459 10460 10461
f 10465 10466 10463
f 10463 10464 10465
f 10469 10470 10467
f 10467 10468 10469
f 10472 10474 10471
f 10474 10472 10473
f 10476 10478 10475
f 10478 10476 10477
o bldg_bd1119ac-16f0-4954-85d3-33fda95bb99a
v -19.833 -86.209 0.546
v -25.438 -95.264 0.546
v -29.855 -92.53 0.545
v -24.251 -83.475 0.545
v -23.382 -87.004 7.623
v -24.252 -83.475 6.592
v -29.856 -92.529 6.592
v -26.309 -91.733 7.623
v -26.309 -91.733 7.623
v -29.856 -92.529 6.592
v -25.439 -95.263 6.593
v -26.309 -91.733 7.623
v -25.439 -95.263 6.593
v -19.835 -86.209 6.593
v -23.382 -87.004 7.623
v -23.382 -87.004 7.623
v -19.835 -86.209 6.593
v -24.252 -83.475 6.592
v -24.252 -83.475 6.592
v -19.835 -86.209 6.593
v -19.833 -86.209 0.546
v -24.251 -83.475 0.545
v -25.439 -95.263 6.593
v -29.856 -92.529 6.592
v -29.855 -92.53 0.545
v -25.438 -95.264 0.546
v -19.835 -86.209 6.593
v -25.439 -95.263 6.593
v -25.438 -95.264 0.546
v -19.833 -86.209 0.546
v -29.856 -92.529 6.592
v -24.252 -83.475 6.592
v -24.251 -83.475 0.545
v -29.855 -92.53 0.545
f 10480 10482 10479
f 10482 10480 10481
f 10485 10486 10483
f 10483 10484 10485
f 10488 10489 10487
f 10492 10493 10490
f 10490 10491 10492
f 10495 10496 10494
f 10498 10500 10497
f 10500 10498 10499
f 10503 10504 10501
f 10501 10502 10503
f 10507 10508 10505
f 10505 10506 10507
f 10510 10512 10509
f 10512 10510 10511
o bldg_c9cace17-c7b2-4b81-8b8e-b9445f0a687d
v -43.495 -127.051 0.689
v -44.3 -126.535 0.689
v -37.393 -115.745 0.689
v -34.068 -117.873 0.69
v -35.266 -119.745 0.69
v -24.601 -126.572 0.693
v -23.965 -125.577 0.693
v -19.386 -128.508 0.695
v -19.745 -129.068 0.695
v -18.213 -130.048 0.695
v -20.068 -132.947 0.695
v -21.6 -131.966 0.694
v -22.305 -133.069 0.694
v -23.244 -132.468 0.694
v -25.399 -135.836 0.694
v -21.244 -138.496 0.695
v -22.329 -140.192 0.695
v -26.881 -137.278 0.694
v -27.407 -138.099 0.694
v -43.836 -127.583 0.689
v -25.924 -135.776 14.478
v -39.916 -126.82 14.474
v -36.804 -121.959 14.474
v -26.057 -128.838 14.477
v -24.604 -126.57 14.478
v -37.789 -118.13 14.473
v -43.839 -127.582 14.473
v -27.41 -138.098 14.478
v -23.059 -129.37 20.238
v -23.969 -125.575 19.228
v -26.888 -130.135 19.227
v -20.679 -130.522 10.259
v -21.602 -131.965 9.384
v -20.07 -132.946 9.384
v -19.147 -131.503 10.259
v -25.402 -135.834 10.339
v -25.527 -136.03 10.339
v -25.923 -135.777 10.338
v -26.883 -137.277 10.338
v -22.331 -140.19 10.34
v -21.246 -138.495 10.34
v -38.438 -124.51 17.049
v -39.916 -126.82 15.834
v -25.528 -136.03 15.839
v -24.05 -133.72 17.054
v -23.247 -132.466 16.457
v -26.888 -130.136 16.455
v -26.057 -128.838 15.837
v -36.805 -121.958 15.834
v -38.438 -124.51 17.049
v -24.05 -133.72 17.054
v -23.059 -129.37 20.238
v -22.31 -133.066 19.229
v -19.39 -128.505 19.229
v -23.059 -129.37 20.238
v -26.888 -130.135 19.227
v -22.31 -133.066 19.229
v -19.747 -129.067 9.384
v -20.679 -130.522 10.259
v -19.147 -131.503 10.259
v -18.215 -130.047 9.384
v -37.395 -115.743 11.108
v -44.302 -126.534 11.108
v -43.497 -127.049 11.108
v -37.788 -118.131 11.108
v -35.268 -119.744 11.109
v -34.07 -117.872 11.109
v -23.059 -129.37 20.238
v -19.39 -128.505 19.229
v -23.969 -125.575 19.228
v -39.916 -126.82 14.474
v -39.916 -126.82 15.834
v -38.438 -124.51 17.049
v -36.805 -121.958 15.834
v -36.804 -121.959 14.474
v -44.302 -126.534 11.108
v -37.395 -115.743 11.108
v -37.393 -115.745 0.689
v -44.3 -126.535 0.689
v -18.213 -130.048 0.695
v -18.215 -130.047 9.384
v -19.147 -131.503 10.259
v -20.07 -132.946 9.384
v -20.068 -132.947 0.695
v -27.41 -138.098 14.478
v -43.839 -127.582 14.473
v -43.836 -127.583 0.689
v -27.407 -138.099 0.694
v -21.602 -131.965 9.384
v -21.6 -131.966 0.694
v -20.068 -132.947 0.695
v -20.07 -132.946 9.384
v -26.057 -128.838 14.477
v -36.804 -121.959 14.474
v -36.805 -121.958 15.834
v -26.057 -128.838 15.837
v -24.601 -126.572 0.693
v -24.604 -126.57 14.478
v -26.057 -128.838 14.477
v -26.057 -128.838 15.837
v -26.888 -130.136 16.455
v -26.888 -130.135 19.227
v -23.969 -125.575 19.228
v -23.965 -125.577 0.693
v -21.246 -138.495 10.34
v -22.331 -140.19 10.34
v -22.329 -140.192 0.695
v -21.244 -138.496 0.695
v -25.399 -135.836 0.694
v -25.402 -135.834 10.339
v -21.246 -138.495 10.34
v -21.244 -138.496 0.695
v -35.266 -119.745 0.69
v -35.268 -119.744 11.109
v -37.788 -118.131 11.108
v -37.789 -118.13 14.473
v -24.604 -126.57 14.478
v -24.601 -126.572 0.693
v -25.528 -136.03 15.839
v -39.916 -126.82 15.834
v -39.916 -126.82 14.474
v -25.924 -135.776 14.478
v -25.923 -135.777 10.338
v -25.527 -136.03 10.339
v -26.881 -137.278 0.694
v -26.883 -137.277 10.338
v -25.923 -135.777 10.338
v -25.924 -135.776 14.478
v -27.41 -138.098 14.478
v -27.407 -138.099 0.694
v -43.495 -127.051 0.689
v -43.497 -127.049 11.108
v -44.302 -126.534 11.108
v -44.3 -126.535 0.689
v -43.839 -127.582 14.473
v -37.789 -118.13 14.473
v -37.788 -118.131 11.108
v -43.497 -127.049 11.108
v -43.495 -127.051 0.689
v -43.836 -127.583 0.689
v -26.883 -137.277 10.338
v -26.881 -137.278 0.694
v -22.329 -140.192 0.695
v -22.331 -140.19 10.34
v -23.969 -125.575 19.228
v -19.39 -128.505 19.229
v -19.386 -128.508 0.695
v -23.965 -125.577 0.693
v -22.305 -133.069 0.694
v -22.31 -133.066 19.229
v -26.888 -130.135 19.227
v -26.888 -130.136 16.455
v -23.247 -132.466 16.457
v -23.244 -132.468 0.694
v -19.745 -129.068 0.695
v -19.747 -129.067 9.384
v -18.215 -130.047 9.384
v -18.213 -130.048 0.695
v -23.244 -132.468 0.694
v -23.247 -132.466 16.457
v -24.05 -133.72 17.054
v -25.528 -136.03 15.839
v -25.527 -136.03 10.339
v -25.402 -135.834 10.339
v -25.399 -135.836 0.694
v -37.395 -115.743 11.108
v -34.07 -117.872 11.109
v -34.068 -117.873 0.69
v -37.393 -115.745 0.689
v -22.305 -133.069 0.694
v -21.6 -131.966 0.694
v -21.602 -131.965 9.384
v -20.679 -130.522 10.259
v -19.747 -129.067 9.384
v -19.745 -129.068 0.695
v -19.386 -128.508 0.695
v -19.39 -128.505 19.229
v -22.31 -133.066 19.229
v -35.268 -119.744 11.109
v -35.266 -119.745 0.69
v -34.068 -117.873 0.69
v -34.07 -117.872 11.109
f 10513 10531 10532
f 10530 10528 10529
f 10526 10524 10525
f 10524 10522 10523
f 10521 10519 10520
f 10517 10515 10516
f 10515 10513 10514
f 10513 10530 10531
f 10530 10527 10528
f 10526 10522 10524
f 10521 10518 10519
f 10517 10513 10515
f 10513 10527 10530
f 10526 10521 10522
f 10518 10513 10517
f 10513 10526 10527
f 10526 10518 10521
f 10518 10526 10513
f 10539 10540 10533
f 10535 10536 10537
f 10539 10533 10534
f 10535 10537 10538
f 10538 10539 10534
f 10534 10535 10538
f 10542 10543 10541
f 10546 10547 10544
f 10544 10545 10546
f 10552 10553 10548
f 10549 10550 10551
f 10552 10548 10549
f 10549 10551 10552
f 10556 10557 10554
f 10554 10555 10556
f 10562 10563 10558
f 10559 10560 10561
f 10562 10558 10559
f 10559 10561 10562
f 10565 10566 10564
f 10568 10569 10567
f 10572 10573 10570
f 10570 10571 10572
f 10578 10579 10574
f 10574 10575 10576
f 10577 10578 10574
f 10574 10576 10577
f 10581 10582 10580
f 10584 10587 10583
f 10587 10585 10586
f 10585 10587 10584
f 10589 10591 10588
f 10591 10589 10590
f 10595 10596 10592
f 10592 10593 10594
f 10594 10595 10592
f 10599 10600 10597
f 10597 10598 10599
f 10603 10604 10601
f 10601 10602 10603
f 10606 10608 10605
f 10608 10606 10607
f 10610 10616 10609
f 10615 10613 10614
f 10612 10610 10611
f 10610 10615 10616
f 10615 10612 10613
f 10612 10615 10610
f 10619 10620 10617
f 10617 10618 10619
f 10622 10624 10621
f 10624 10622 10623
f 10626 10630 10625
f 10630 10628 10629
f 10628 10626 10627
f 10626 10628 10630
f 10635 10636 10631
f 10631 10632 10633
f 10634 10635 10631
f 10631 10633 10634
f 10641 10642 10637
f 10638 10639 10640
f 10641 10637 10638
f 10638 10640 10641
f 10645 10646 10643
f 10643 10644 10645
f 10647 10651 10652
f 10650 10648 10649
f 10647 10650 10651
f 10650 10647 10648
f 10655 10656 10653
f 10653 10654 10655
f 10658 10660 10657
f 10660 10658 10659
f 10665 10666 10661
f 10662 10663 10664
f 10665 10661 10662
f 10662 10664 10665
f 10668 10670 10667
f 10670 10668 10669
f 10676 10677 10671
f 10671 10672 10673
f 10673 10674 10675
f 10676 10671 10673
f 10673 10675 10676
f 10679 10681 10678
f 10681 10679 10680
f 10690 10682 10683
f 10686 10687 10688
f 10690 10683 10684
f 10686 10688 10689
f 10689 10690 10684
f 10685 10686 10689
f 10689 10684 10685
f 10693 10694 10691
f 10691 10692 10693
o bldg_522aabb3-381d-4d0a-b383-d27b0ad2c8f8
v -36.369 -97.927 3.231
v -27.595 -103.166 3.231
v -31.41 -109.555 3.231
v -40.184 -104.317 3.231
v -30.17 -107.477 9.787
v -27.595 -103.166 7.792
v -36.369 -97.927 7.792
v -38.911 -102.258 9.787
v -38.911 -102.258 9.787
v -40.184 -104.317 7.792
v -31.41 -109.555 7.792
v -30.17 -107.477 9.787
v -38.911 -102.258 9.787
v -36.369 -97.927 7.792
v -40.184 -104.317 7.792
v -31.41 -109.555 7.792
v -40.184 -104.317 7.792
v -40.184 -104.317 3.231
v -31.41 -109.555 3.231
v -40.184 -104.317 7.792
v -36.369 -97.927 7.792
v -36.369 -97.927 3.231
v -40.184 -104.317 3.231
v -36.369 -97.927 7.792
v -27.595 -103.166 7.792
v -27.595 -103.166 3.231
v -36.369 -97.927 3.231
v -27.595 -103.166 3.231
v -27.595 -103.166 7.792
v -30.17 -107.477 9.787
v -31.41 -109.555 7.792
v -31.41 -109.555 3.231
f 10696 10698 10695
f 10698 10696 10697
f 10701 10702 10699
f 10699 10700 10701
f 10705 10706 10703
f 10703 10704 10705
f 10708 10709 10707
f 10712 10713 10710
f 10710 10711 10712
f 10715 10717 10714
f 10717 10715 10716
f 10719 10721 10718
f 10721 10719 10720
f 10725 10726 10722
f 10722 10723 10724
f 10724 10725 10722
o bldg_f83adbab-271a-468c-b8d1-a2c5374b05b5
v -156.681 -316.13 2.024
v -145.504 -298.611 2.024
v -141.851 -292.868 2.024
v -117.253 -308.561 2.024
v -132.09 -331.818 2.024
v -132.152 -331.176 41.519
v -132.09 -331.818 41.119
v -117.253 -308.561 41.119
v -117.588 -308.347 41.519
v -134.441 -305.668 46.119
v -130.781 -299.931 46.119
v -141.851 -292.869 46.119
v -145.504 -298.611 46.119
v -156.096 -315.901 41.519
v -156.681 -316.13 41.119
v -132.09 -331.818 41.119
v -132.152 -331.176 41.519
v -156.096 -315.901 41.519
v -145.192 -298.809 41.519
v -145.504 -298.611 41.119
v -156.681 -316.13 41.119
v -132.152 -331.176 41.519
v -117.588 -308.347 41.519
v -130.781 -299.931 41.519
v -134.441 -305.668 41.519
v -145.192 -298.809 41.519
v -156.096 -315.901 41.519
v -117.253 -308.561 41.119
v -132.09 -331.818 41.119
v -132.09 -331.818 2.024
v -117.253 -308.561 2.024
v -132.09 -331.818 41.119
v -156.681 -316.13 41.119
v -156.681 -316.13 2.024
v -132.09 -331.818 2.024
v -145.504 -298.611 41.119
v -145.504 -298.611 46.119
v -141.851 -292.869 46.119
v -141.851 -292.868 2.024
v -145.504 -298.611 2.024
v -145.504 -298.611 41.119
v -145.192 -298.809 41.519
v -134.441 -305.668 41.519
v -134.441 -305.668 46.119
v -145.504 -298.611 46.119
v -145.504 -298.611 41.119
v -145.504 -298.611 2.024
v -156.681 -316.13 2.024
v -156.681 -316.13 41.119
v -117.253 -308.561 2.024
v -141.851 -292.868 2.024
v -141.851 -292.869 46.119
v -130.781 -299.931 46.119
v -130.781 -299.931 41.519
v -117.588 -308.347 41.519
v -117.253 -308.561 41.119
v -134.441 -305.668 41.519
v -130.781 -299.931 41.519
v -130.781 -299.931 46.119
v -134.441 -305.668 46.119
f 10728 10731 10727
f 10731 10729 10730
f 10729 10731 10728
f 10734 10735 10732
f 10732 10733 10734
f 10738 10739 10736
f 10736 10737 10738
f 10742 10743 10740
f 10740 10741 10742
f 10746 10747 10744
f 10744 10745 10746
f 10752 10753 10748
f 10748 10749 10750
f 10751 10752 10748
f 10748 10750 10751
f 10756 10757 10754
f 10754 10755 10756
f 10760 10761 10758
f 10758 10759 10760
f 10762 10765 10766
f 10765 10763 10764
f 10763 10765 10762
f 10771 10767 10768
f 10768 10769 10770
f 10770 10771 10768
f 10773 10775 10772
f 10775 10773 10774
f 10777 10782 10776
f 10782 10780 10781
f 10780 10778 10779
f 10777 10780 10782
f 10780 10777 10778
f 10785 10786 10783
f 10783 10784 10785
o bldg_3b6c956b-b179-4235-a58d-4767fbd1acbb
v -174.46 -232.725 -0.182
v -173.241 -232.391 -0.182
v -156.032 -243.639 -0.177
v -155.75 -244.638 -0.176
v -155.97 -245.278 -0.176
v -165.346 -259.623 -0.176
v -166.569 -259.808 -0.176
v -168.625 -258.306 -0.177
v -171.317 -262.323 -0.177
v -170.768 -262.879 -0.177
v -170.704 -263.969 -0.177
v -178.752 -276.281 -0.176
v -179.551 -276.448 -0.177
v -180.33 -276.485 -0.177
v -195.044 -266.868 -0.181
v -195.649 -265.806 -0.181
v -195.6 -264.915 -0.182
v -174.275 -258.217 21.191
v -176.686 -256.713 21.513
v -178.45 -259.413 21.513
v -176.306 -260.868 21.219
v -179.143 -265.048 21.23
v -181.214 -263.642 21.513
v -182.551 -265.688 21.513
v -178.704 -274.678 20.592
v -171.361 -263.991 20.558
v -171.296 -263.351 20.591
v -171.66 -262.824 20.658
v -168.196 -257.658 20.65
v -166.095 -258.876 20.376
v -165.501 -258.748 20.327
v -156.447 -244.777 20.334
v -156.508 -244.529 20.355
v -168.791 -244.635 21.512
v -171.452 -248.706 21.512
v -169.663 -249.941 21.267
v -173.192 -255.052 21.285
v -173.841 -254.603 21.374
v -174.045 -254.902 21.375
v -175.052 -254.214 21.513
v -175.123 -254.322 21.513
v -172.764 -255.794 21.198
v -187.01 -253.25 20.08
v -185.913 -253.355 20.08
v -182.553 -248.293 20.08
v -182.892 -247.333 20.08
v -182.903 -246.968 20.08
v -173.934 -233.244 20.08
v -173.507 -233.169 20.08
v -156.579 -244.233 20.085
v -156.447 -244.777 20.085
v -165.5 -258.748 20.085
v -166.095 -258.877 20.085
v -168.196 -257.658 20.084
v -168.629 -258.303 20.085
v -166.574 -259.805 20.085
v -165.35 -259.62 20.085
v -155.974 -245.274 20.085
v -155.754 -244.635 20.085
v -156.036 -243.636 20.085
v -173.245 -232.388 20.08
v -174.464 -232.722 20.079
v -183.223 -246.06 20.08
v -183.416 -247.132 20.08
v -183.182 -248.542 20.08
v -185.988 -252.835 20.08
v -187.127 -252.736 20.08
v -188.053 -253.414 20.08
v -195.604 -264.912 20.08
v -195.653 -265.803 20.08
v -195.049 -266.864 20.08
v -180.334 -276.482 20.085
v -179.556 -276.445 20.085
v -178.756 -276.278 20.085
v -170.709 -263.966 20.085
v -170.772 -262.875 20.085
v -171.322 -262.32 20.085
v -171.66 -262.824 20.085
v -171.295 -263.351 20.085
v -171.361 -263.991 20.085
v -179.298 -275.542 20.085
v -179.915 -275.794 20.085
v -194.482 -266.274 20.08
v -194.843 -265.235 20.08
v -194.649 -265.792 20.368
v -182.551 -265.688 21.513
v -181.214 -263.642 21.513
v -183.26 -262.253 21.232
v -180.423 -258.073 21.242
v -178.45 -259.413 21.513
v -176.686 -256.713 21.513
v -179.229 -255.127 21.172
v -177.717 -252.704 21.165
v -175.123 -254.322 21.513
v -175.052 -254.214 21.513
v -176.884 -252.964 21.261
v -176.669 -252.65 21.261
v -176.722 -252.614 21.254
v -173.193 -247.504 21.272
v -171.452 -248.706 21.512
v -168.791 -244.635 21.512
v -173.685 -233.2 20.336
v -173.934 -233.244 20.315
v -182.903 -246.968 20.315
v -182.892 -247.333 20.339
v -182.553 -248.293 20.431
v -185.913 -253.355 20.426
v -187.01 -253.25 20.315
v -194.843 -265.235 20.315
v -183.18 -248.543 10.51
v -183.414 -247.133 10.51
v -183.221 -246.061 10.51
v -188.051 -253.416 10.51
v -187.125 -252.737 10.51
v -185.986 -252.837 10.51
v -176.306 -260.868 22.273
v -180.423 -258.073 22.272
v -183.26 -262.253 22.272
v -179.143 -265.048 22.273
v -168.791 -244.635 21.512
v -156.508 -244.529 20.355
v -156.579 -244.233 20.32
v -173.507 -233.169 20.315
v -173.685 -233.2 20.336
v -177.718 -252.704 23.557
v -179.229 -255.127 23.557
v -174.275 -258.217 23.558
v -172.764 -255.794 23.558
v -194.482 -266.274 20.315
v -179.915 -275.794 20.32
v -179.298 -275.542 20.413
v -178.704 -274.678 20.592
v -182.551 -265.688 21.513
v -194.649 -265.792 20.368
v -173.193 -247.504 22.492
v -176.722 -252.614 22.492
v -176.67 -252.65 22.492
v -176.098 -251.813 22.492
v -173.259 -253.75 22.493
v -173.841 -254.603 22.493
v -173.192 -255.051 22.493
v -169.663 -249.941 22.493
v -176.099 -251.813 23.737
v -176.884 -252.964 23.737
v -174.045 -254.901 23.738
v -173.259 -253.75 23.738
v -169.663 -249.941 22.493
v -169.663 -249.941 21.267
v -171.452 -248.706 21.512
v -173.193 -247.504 21.272
v -173.193 -247.504 22.492
v -170.772 -262.875 20.085
v -170.709 -263.966 20.085
v -170.704 -263.969 -0.177
v -170.768 -262.879 -0.177
v -183.221 -246.061 10.51
v -183.414 -247.133 10.51
v -183.416 -247.132 20.08
v -183.223 -246.06 20.08
v -176.67 -252.65 22.492
v -176.722 -252.614 22.492
v -176.722 -252.614 21.254
v -176.669 -252.65 21.261
v -182.892 -247.333 20.08
v -182.553 -248.293 20.08
v -182.553 -248.293 20.431
v -182.892 -247.333 20.339
v -168.625 -258.306 -0.177
v -168.629 -258.303 20.085
v -168.196 -257.658 20.084
v -168.196 -257.658 20.65
v -171.66 -262.824 20.658
v -171.66 -262.824 20.085
v -171.322 -262.32 20.085
v -171.317 -262.323 -0.177
v -173.245 -232.388 20.08
v -156.036 -243.636 20.085
v -156.032 -243.639 -0.177
v -173.241 -232.391 -0.182
v -182.553 -248.293 20.08
v -185.913 -253.355 20.08
v -185.913 -253.355 20.426
v -182.553 -248.293 20.431
v -187.01 -253.25 20.08
v -194.843 -265.235 20.08
v -194.843 -265.235 20.315
v -187.01 -253.25 20.315
v -180.334 -276.482 20.085
v -195.049 -266.864 20.08
v -195.044 -266.868 -0.181
v -180.33 -276.485 -0.177
v -173.507 -233.169 20.08
v -173.934 -233.244 20.08
v -173.934 -233.244 20.315
v -173.685 -233.2 20.336
v -173.507 -233.169 20.315
v -185.986 -252.837 10.51
v -187.125 -252.737 10.51
v -187.127 -252.736 20.08
v -185.988 -252.835 20.08
v -183.18 -248.543 10.51
v -185.986 -252.837 10.51
v -185.988 -252.835 20.08
v -183.182 -248.542 20.08
v -178.756 -276.278 20.085
v -179.556 -276.445 20.085
v -179.551 -276.448 -0.177
v -178.752 -276.281 -0.176
v -156.447 -244.777 20.085
v -156.579 -244.233 20.085
v -156.579 -244.233 20.32
v -156.508 -244.529 20.355
v -156.447 -244.777 20.334
v -182.903 -246.968 20.08
v -182.892 -247.333 20.08
v -182.892 -247.333 20.339
v -182.903 -246.968 20.315
v -166.095 -258.877 20.085
v -165.5 -258.748 20.085
v -165.501 -258.748 20.327
v -166.095 -258.876 20.376
v -183.414 -247.133 10.51
v -183.18 -248.543 10.51
v -183.182 -248.542 20.08
v -183.416 -247.132 20.08
v -168.196 -257.658 20.084
v -166.095 -258.877 20.085
v -166.095 -258.876 20.376
v -168.196 -257.658 20.65
v -155.754 -244.635 20.085
v -155.974 -245.274 20.085
v -155.97 -245.278 -0.176
v -155.75 -244.638 -0.176
v -195.653 -265.803 20.08
v -195.604 -264.912 20.08
v -195.6 -264.915 -0.182
v -195.649 -265.806 -0.181
v -177.717 -252.704 21.165
v -179.229 -255.127 21.172
v -179.229 -255.127 23.557
v -177.718 -252.704 23.557
v -173.934 -233.244 20.08
v -182.903 -246.968 20.08
v -182.903 -246.968 20.315
v -173.934 -233.244 20.315
v -165.5 -258.748 20.085
v -156.447 -244.777 20.085
v -156.447 -244.777 20.334
v -165.501 -258.748 20.327
v -173.192 -255.052 21.285
v -169.663 -249.941 21.267
v -169.663 -249.941 22.493
v -173.192 -255.051 22.493
v -183.26 -262.253 21.232
v -181.214 -263.642 21.513
v -179.143 -265.048 21.23
v -179.143 -265.048 22.273
v -183.26 -262.253 22.272
v -179.143 -265.048 21.23
v -176.306 -260.868 21.219
v -176.306 -260.868 22.273
v -179.143 -265.048 22.273
v -187.125 -252.737 10.51
v -188.051 -253.416 10.51
v -188.053 -253.414 20.08
v -187.127 -252.736 20.08
v -179.915 -275.794 20.085
v -179.298 -275.542 20.085
v -179.298 -275.542 20.413
v -179.915 -275.794 20.32
v -185.913 -253.355 20.08
v -187.01 -253.25 20.08
v -187.01 -253.25 20.315
v -185.913 -253.355 20.426
v -170.709 -263.966 20.085
v -178.756 -276.278 20.085
v -178.752 -276.281 -0.176
v -170.704 -263.969 -0.177
v -176.306 -260.868 22.273
v -176.306 -260.868 21.219
v -178.45 -259.413 21.513
v -180.423 -258.073 21.242
v -180.423 -258.073 22.272
v -171.317 -262.323 -0.177
v -171.322 -262.32 20.085
v -170.772 -262.875 20.085
v -170.768 -262.879 -0.177
v -171.361 -263.991 20.085
v -171.295 -263.351 20.085
v -171.296 -263.351 20.591
v -171.361 -263.991 20.558
v -194.482 -266.274 20.08
v -179.915 -275.794 20.085
v -179.915 -275.794 20.32
v -194.482 -266.274 20.315
v -174.464 -232.722 20.079
v -173.245 -232.388 20.08
v -173.241 -232.391 -0.182
v -174.46 -232.725 -0.182
v -179.298 -275.542 20.085
v -171.361 -263.991 20.085
v -171.361 -263.991 20.558
v -178.704 -274.678 20.592
v -179.298 -275.542 20.413
v -179.229 -255.127 21.172
v -176.686 -256.713 21.513
v -174.275 -258.217 21.191
v -174.275 -258.217 23.558
v -179.229 -255.127 23.557
v -171.295 -263.351 20.085
v -171.66 -262.824 20.085
v -171.66 -262.824 20.658
v -171.296 -263.351 20.591
v -172.764 -255.794 23.558
v -172.764 -255.794 21.198
v -175.123 -254.322 21.513
v -177.717 -252.704 21.165
v -177.718 -252.704 23.557
v -176.884 -252.964 23.737
v -176.099 -251.813 23.737
v -176.098 -251.813 22.492
v -176.67 -252.65 22.492
v -176.669 -252.65 21.261
v -176.884 -252.964 21.261
v -194.843 -265.235 20.08
v -194.482 -266.274 20.08
v -194.482 -266.274 20.315
v -194.649 -265.792 20.368
v -194.843 -265.235 20.315
v -174.46 -232.725 -0.182
v -195.6 -264.915 -0.182
v -195.604 -264.912 20.08
v -188.053 -253.414 20.08
v -188.051 -253.416 10.51
v -183.221 -246.061 10.51
v -183.223 -246.06 20.08
v -174.464 -232.722 20.079
v -195.049 -266.864 20.08
v -195.653 -265.803 20.08
v -195.649 -265.806 -0.181
v -195.044 -266.868 -0.181
v -155.974 -245.274 20.085
v -165.35 -259.62 20.085
v -165.346 -259.623 -0.176
v -155.97 -245.278 -0.176
v -165.35 -259.62 20.085
v -166.574 -259.805 20.085
v -166.569 -259.808 -0.176
v -165.346 -259.623 -0.176
v -173.841 -254.603 21.374
v -173.841 -254.603 22.493
v -173.259 -253.75 22.493
v -173.259 -253.75 23.738
v -174.045 -254.901 23.738
v -174.045 -254.902 21.375
v -176.884 -252.964 21.261
v -175.052 -254.214 21.513
v -174.045 -254.902 21.375
v -174.045 -254.901 23.738
v -176.884 -252.964 23.737
v -168.629 -258.303 20.085
v -168.625 -258.306 -0.177
v -166.569 -259.808 -0.176
v -166.574 -259.805 20.085
v -174.275 -258.217 21.191
v -172.764 -255.794 21.198
v -172.764 -255.794 23.558
v -174.275 -258.217 23.558
v -156.036 -243.636 20.085
v -155.754 -244.635 20.085
v -155.75 -244.638 -0.176
v -156.032 -243.639 -0.177
v -179.556 -276.445 20.085
v -180.334 -276.482 20.085
v -180.33 -276.485 -0.177
v -179.551 -276.448 -0.177
v -180.423 -258.073 21.242
v -183.26 -262.253 21.232
v -183.26 -262.253 22.272
v -180.423 -258.073 22.272
v -173.841 -254.603 22.493
v -173.841 -254.603 21.374
v -173.192 -255.052 21.285
v -173.192 -255.051 22.493
v -173.259 -253.75 22.493
v -176.098 -251.813 22.492
v -176.099 -251.813 23.737
v -173.259 -253.75 23.738
v -173.193 -247.504 21.272
v -176.722 -252.614 21.254
v -176.722 -252.614 22.492
v -173.193 -247.504 22.492
v -156.579 -244.233 20.085
v -173.507 -233.169 20.08
v -173.507 -233.169 20.315
v -156.579 -244.233 20.32
f 10788 10803 10787
f 10803 10801 10802
f 10801 10799 10800
f 10799 10797 10798
f 10797 10795 10796
f 10794 10792 10793
f 10792 10790 10791
f 10790 10788 10789
f 10788 10801 10803
f 10801 10797 10799
f 10794 10790 10792
f 10790 10801 10788
f 10801 10795 10797
f 10794 10801 10790
f 10801 10794 10795
f 10804 10805 10806
f 10808 10809 10810
f 10810 10811 10812
f 10812 10813 10814
f 10815 10816 10817
f 10817 10818 10819
f 10819 10820 10821
f 10823 10824 10825
f 10825 10826 10827
f 10804 10806 10807
f 10808 10810 10812
f 10815 10817 10819
f 10819 10821 10822
f 10825 10827 10828
f 10804 10807 10808
f 10808 10812 10814
f 10815 10819 10822
f 10823 10825 10828
f 10804 10808 10814
f 10814 10815 10822
f 10822 10823 10828
f 10828 10804 10814
f 10814 10822 10828
f 10839 10840 10841
f 10841 10842 10843
f 10843 10844 10845
f 10845 10846 10847
f 10848 10849 10850
f 10852 10853 10854
f 10854 10855 10856
f 10856 10857 10858
f 10858 10859 10860
f 10861 10862 10863
f 10863 10864 10865
f 10839 10841 10843
f 10861 10863 10865
f 10838 10839 10843
f 10861 10865 10866
f 10837 10838 10843
f 10860 10861 10866
f 10837 10843 10845
f 10860 10866 10867
f 10836 10837 10845
f 10858 10860 10867
f 10835 10836 10845
f 10858 10867 10868
f 10835 10845 10847
f 10856 10858 10868
f 10834 10835 10847
f 10856 10868 10869
f 10834 10847 10848
f 10856 10869 10870
f 10833 10834 10848
f 10854 10856 10870
f 10833 10848 10850
f 10854 10870 10829
f 10832 10833 10850
f 10852 10854 10829
f 10831 10832 10850
f 10852 10829 10830
f 10831 10850 10851
f 10851 10852 10830
f 10830 10831 10851
f 10894 10895 10871
f 10871 10872 10873
f 10875 10876 10877
f 10879 10880 10881
f 10882 10883 10884
f 10885 10886 10887
f 10887 10888 10889
f 10889 10890 10891
f 10893 10894 10871
f 10871 10873 10874
f 10875 10877 10878
f 10879 10881 10882
f 10885 10887 10889
f 10889 10891 10892
f 10893 10871 10874
f 10874 10875 10878
f 10879 10882 10884
f 10884 10885 10889
f 10892 10893 10874
f 10879 10884 10889
f 10889 10892 10874
f 10878 10879 10889
f 10889 10874 10878
f 10900 10901 10896
f 10897 10898 10899
f 10899 10900 10896
f 10896 10897 10899
f 10904 10905 10902
f 10902 10903 10904
f 10909 10910 10906
f 10906 10907 10908
f 10908 10909 10906
f 10913 10914 10911
f 10911 10912 10913
f 10919 10920 10915
f 10915 10916 10917
f 10917 10918 10919
f 10919 10915 10917
f 10927 10928 10921
f 10921 10922 10923
f 10925 10926 10927
f 10921 10923 10924
f 10925 10927 10921
f 10921 10924 10925
f 10931 10932 10929
f 10929 10930 10931
f 10934 10937 10933
f 10937 10935 10936
f 10935 10937 10934
f 10940 10941 10938
f 10938 10939 10940
f 10943 10945 10942
f 10945 10943 10944
f 10948 10949 10946
f 10946 10947 10948
f 10951 10953 10950
f 10953 10951 10952
f 10960 10961 10954
f 10955 10956 10957
f 10957 10958 10959
f 10960 10954 10955
f 10955 10957 10959
f 10959 10960 10955
f 10963 10965 10962
f 10965 10963 10964
f 10967 10969 10966
f 10969 10967 10968
f 10971 10973 10970
f 10973 10971 10972
f 10976 10977 10974
f 10974 10975 10976
f 10979 10982 10978
f 10982 10980 10981
f 10980 10982 10979
f 10984 10986 10983
f 10986 10984 10985
f 10988 10990 10987
f 10990 10988 10989
f 10993 10994 10991
f 10991 10992 10993
f 10998 10999 10995
f 10995 10996 10997
f 10997 10998 10995
f 11001 11003 11000
f 11003 11001 11002
f 11006 11007 11004
f 11004 11005 11006
f 11009 11011 11008
f 11011 11009 11010
f 11014 11015 11012
f 11012 11013 11014
f 11018 11019 11016
f 11016 11017 11018
f 11021 11023 11020
f 11023 11021 11022
f 11025 11027 11024
f 11027 11025 11026
f 11029 11031 11028
f 11031 11029 11030
f 11034 11035 11032
f 11032 11033 11034
f 11038 11039 11036
f 11036 11037 11038
f 11043 11044 11040
f 11041 11042 11043
f 11043 11040 11041
f 11047 11048 11045
f 11045 11046 11047
f 11050 11052 11049
f 11052 11050 11051
f 11055 11056 11053
f 11053 11054 11055
f 11058 11060 11057
f 11060 11058 11059
f 11063 11064 11061
f 11061 11062 11063
f 11066 11069 11065
f 11069 11067 11068
f 11067 11069 11066
f 11072 11073 11070
f 11070 11071 11072
f 11076 11077 11074
f 11074 11075 11076
f 11080 11081 11078
f 11078 11079 11080
f 11083 11085 11082
f 11085 11083 11084
f 11089 11090 11086
f 11086 11087 11088
f 11088 11089 11086
f 11094 11095 11091
f 11092 11093 11094
f 11094 11091 11092
f 11098 11099 11096
f 11096 11097 11098
f 11101 11104 11100
f 11104 11102 11103
f 11102 11104 11101
f 11105 11109 11110
f 11108 11106 11107
f 11105 11108 11109
f 11108 11105 11106
f 11112 11115 11111
f 11115 11113 11114
f 11113 11115 11112
f 11116 11122 11123
f 11120 11118 11119
f 11116 11121 11122
f 11120 11117 11118
f 11117 11121 11116
f 11121 11117 11120
f 11125 11127 11124
f 11127 11125 11126
f 11130 11131 11128
f 11128 11129 11130
f 11134 11135 11132
f 11132 11133 11134
f 11140 11141 11136
f 11137 11138 11139
f 11140 11136 11137
f 11137 11139 11140
f 11145 11146 11142
f 11143 11144 11145
f 11145 11142 11143
f 11149 11150 11147
f 11147 11148 11149
f 11153 11154 11151
f 11151 11152 11153
f 11157 11158 11155
f 11155 11156 11157
f 11161 11162 11159
f 11159 11160 11161
f 11164 11166 11163
f 11166 11164 11165
f 11169 11170 11167
f 11167 11168 11169
f 11172 11174 11171
f 11174 11172 11173
f 11176 11178 11175
f 11178 11176 11177
f 11180 11182 11179
f 11182 11180 11181
o bldg_add04757-10bc-46b1-a53d-48b226ccfdd2
v -207.762 -117.518 3.254
v -210.169 -121.227 3.254
v -213.636 -117.226 3.254
v -211.229 -113.517 3.254
v -213.636 -117.226 33.686
v -210.169 -121.227 33.686
v -207.762 -117.518 33.686
v -211.229 -113.517 33.686
v -207.762 -117.518 33.686
v -210.169 -121.227 33.686
v -210.169 -121.227 3.254
v -207.762 -117.518 3.254
v -213.636 -117.226 33.686
v -211.229 -113.517 33.686
v -211.229 -113.517 3.254
v -213.636 -117.226 3.254
v -210.169 -121.227 33.686
v -213.636 -117.226 33.686
v -213.636 -117.226 3.254
v -210.169 -121.227 3.254
v -211.229 -113.517 33.686
v -207.762 -117.518 33.686
v -207.762 -117.518 3.254
v -211.229 -113.517 3.254
f 11184 11186 11183
f 11186 11184 11185
f 11189 11190 11187
f 11187 11188 11189
f 11193 11194 11191
f 11191 11192 11193
f 11196 11198 11195
f 11198 11196 11197
f 11200 11202 11199
f 11202 11200 11201
f 11205 11206 11203
f 11203 11204 11205
o bldg_627d16a6-6ea1-45c9-9d3e-241761f46b7d
v -249.192 -230.968 3.117
v -274.198 -270.902 3.117
v -279.237 -267.747 3.117
v -254.231 -227.813 3.117
v -279.237 -267.747 17.914
v -274.198 -270.902 17.914
v -249.192 -230.968 17.914
v -254.231 -227.813 17.914
v -249.192 -230.968 17.914
v -274.198 -270.902 17.914
v -274.198 -270.902 3.117
v -249.192 -230.968 3.117
v -274.198 -270.902 17.914
v -279.237 -267.747 17.914
v -279.237 -267.747 3.117
v -274.198 -270.902 3.117
v -279.237 -267.747 17.914
v -254.231 -227.813 17.914
v -254.231 -227.813 3.117
v -279.237 -267.747 3.117
v -254.231 -227.813 17.914
v -249.192 -230.968 17.914
v -249.192 -230.968 3.117
v -254.231 -227.813 3.117
f 11208 11210 11207
f 11210 11208 11209
f 11213 11214 11211
f 11211 11212 11213
f 11217 11218 11215
f 11215 11216 11217
f 11221 11222 11219
f 11219 11220 11221
f 11224 11226 11223
f 11226 11224 11225
f 11228 11230 11227
f 11230 11228 11229
o bldg_8b2be5b4-a0c2-46ab-8e6f-43807a1763d9
v -334.12 56.52 2.924
v -329.028 65.043 2.924
v -336.789 69.686 2.924
v -319.184 99.117 2.924
v -295.177 84.756 2.924
v -317.852 46.801 2.924
v -313.165 95.516 52.193
v -319.184 99.116 52.193
v -336.789 69.686 52.193
v -330.769 66.085 52.193
v -329.278 53.628 40.558
v -322.489 49.572 40.558
v -317.852 46.801 40.558
v -295.177 84.756 40.558
v -313.165 95.516 40.558
v -330.769 66.085 40.558
v -329.028 65.044 40.558
v -334.12 56.52 40.558
v -317.24 58.414 40.558
v -324.04 62.451 40.558
v -317.054 74.22 40.558
v -310.254 70.183 40.558
v -310.254 70.183 42.228
v -317.054 74.22 42.228
v -324.04 62.451 42.228
v -317.24 58.414 42.228
v -295.177 84.756 40.558
v -317.852 46.801 40.558
v -317.852 46.801 2.924
v -295.177 84.756 2.924
v -336.789 69.686 52.193
v -319.184 99.116 52.193
v -319.184 99.117 2.924
v -336.789 69.686 2.924
v -317.24 58.414 40.558
v -310.254 70.183 40.558
v -310.254 70.183 42.228
v -317.24 58.414 42.228
v -324.04 62.451 40.558
v -317.24 58.414 40.558
v -317.24 58.414 42.228
v -324.04 62.451 42.228
v -317.852 46.801 40.558
v -322.489 49.572 40.558
v -329.278 53.628 40.558
v -334.12 56.52 40.558
v -334.12 56.52 2.924
v -317.852 46.801 2.924
v -317.054 74.22 40.558
v -324.04 62.451 40.558
v -324.04 62.451 42.228
v -317.054 74.22 42.228
v -295.177 84.756 2.924
v -319.184 99.117 2.924
v -319.184 99.116 52.193
v -313.165 95.516 52.193
v -313.165 95.516 40.558
v -295.177 84.756 40.558
v -330.769 66.085 40.558
v -313.165 95.516 40.558
v -313.165 95.516 52.193
v -330.769 66.085 52.193
v -336.789 69.686 2.924
v -329.028 65.043 2.924
v -329.028 65.044 40.558
v -330.769 66.085 40.558
v -330.769 66.085 52.193
v -336.789 69.686 52.193
v -334.12 56.52 40.558
v -329.028 65.044 40.558
v -329.028 65.043 2.924
v -334.12 56.52 2.924
v -310.254 70.183 40.558
v -317.054 74.22 40.558
v -317.054 74.22 42.228
v -310.254 70.183 42.228
f 11232 11236 11231
f 11236 11234 11235
f 11234 11232 11233
f 11232 11234 11236
f 11239 11240 11237
f 11237 11238 11239
f 11248 11250 11251
f 11249 11250 11248
f 11241 11242 11243
f 11245 11246 11247
f 11247 11248 11251
f 11249 11248 11241
f 11245 11247 11251
f 11249 11241 11243
f 11244 11245 11251
f 11252 11249 11243
f 11244 11251 11252
f 11252 11243 11244
f 11255 11256 11253
f 11253 11254 11255
f 11259 11260 11257
f 11257 11258 11259
f 11262 11264 11261
f 11264 11262 11263
f 11267 11268 11265
f 11265 11266 11267
f 11271 11272 11269
f 11269 11270 11271
f 11277 11278 11273
f 11275 11276 11277
f 11277 11273 11274
f 11274 11275 11277
f 11280 11282 11279
f 11282 11280 11281
f 11284 11288 11283
f 11287 11285 11286
f 11284 11287 11288
f 11287 11284 11285
f 11291 11292 11289
f 11289 11290 11291
f 11297 11298 11293
f 11293 11294 11295
f 11296 11297 11293
f 11293 11295 11296
f 11300 11302 11299
f 11302 11300 11301
f 11304 11306 11303
f 11306 11304 11305
o bldg_f37a0539-1b14-4b7b-ac0d-93da8027b3fb
v -225.768 -239.064 2.674
v -228.305 -243.162 2.674
v -233.061 -240.218 2.674
v -230.523 -236.119 2.674
v -233.061 -240.218 5.729
v -228.305 -243.162 5.729
v -225.768 -239.064 5.729
v -230.523 -236.119 5.729
v -225.768 -239.064 5.729
v -228.305 -243.162 5.729
v -228.305 -243.162 2.674
v -225.768 -239.064 2.674
v -228.305 -243.162 5.729
v -233.061 -240.218 5.729
v -233.061 -240.218 2.674
v -228.305 -243.162 2.674
v -233.061 -240.218 5.729
v -230.523 -236.119 5.729
v -230.523 -236.119 2.674
v -233.061 -240.218 2.674
v -230.523 -236.119 5.729
v -225.768 -239.064 5.729
v -225.768 -239.064 2.674
v -230.523 -236.119 2.674
f 11308 11310 11307
f 11310 11308 11309
f 11313 11314 11311
f 11311 11312 11313
f 11317 11318 11315
f 11315 11316 11317
f 11321 11322 11319
f 11319 11320 11321
f 11324 11326 11323
f 11326 11324 11325
f 11328 11330 11327
f 11330 11328 11329
o bldg_841d4376-afdb-4652-9a30-74ae4f67ed9d
v -250.466 99.237 1.953
v -249.878 99.652 1.953
v -249.011 99.868 1.953
v -247.952 99.496 1.953
v -247.279 98.818 1.953
v -247.123 97.947 1.953
v -247.3 97.216 1.953
v -256.791 81.108 1.953
v -261.839 84.178 1.952
v -261.448 84.818 1.952
v -262.471 85.418 1.952
v -262.646 85.187 1.952
v -262.988 84.995 1.952
v -263.305 85.003 1.952
v -268.322 88.018 1.95
v -268.8 88.648 1.95
v -269.182 89.543 1.95
v -269.234 90.755 1.95
v -268.963 91.761 1.95
v -261.77 104.038 1.95
v -260.898 104.854 1.95
v -259.519 105.285 1.95
v -258.416 105.149 1.951
v -251.852 101.359 1.952
v -251.615 101.025 1.952
v -251.551 100.619 1.952
v -251.844 100.049 1.952
v -259.774 95.941 29.662
v -259.426 96.581 29.662
v -260.219 97.013 29.662
v -260.568 96.373 29.662
v -261.844 84.181 26.883
v -256.795 81.111 26.884
v -254.634 84.779 26.884
v -254.849 84.906 26.884
v -256.882 81.456 26.884
v -261.5 84.264 26.883
v -261.237 84.694 26.883
v -261.452 84.821 26.883
v -260.56 94.508 29.662
v -260.211 95.148 29.662
v -261.005 95.58 29.662
v -261.353 94.94 29.662
v -253.046 88.656 28.044
v -254.847 85.601 28.044
v -256.478 86.561 28.044
v -256.781 86.044 28.044
v -254.634 84.779 28.044
v -252.099 89.082 28.044
v -259.263 97.527 29.577
v -258.914 98.168 29.577
v -259.707 98.6 29.577
v -260.056 97.96 29.577
v -260.005 86.966 29.393
v -259.63 87.632 29.393
v -260.471 88.106 29.393
v -260.846 87.44 29.393
v -260.401 89.219 29.393
v -260.026 89.885 29.393
v -260.867 90.359 29.393
v -261.242 89.693 29.393
v -261.98 96.312 29.662
v -261.631 96.952 29.662
v -262.425 97.385 29.662
v -262.774 96.744 29.662
v -255.38 94.285 30.678
v -257.283 95.416 30.678
v -259.818 91.152 30.678
v -257.916 90.021 30.678
v -262.228 92.514 29.577
v -261.879 93.155 29.577
v -262.672 93.587 29.577
v -263.021 92.947 29.577
v -256.78 86.044 25.784
v -258.508 83.096 25.784
v -261.237 84.694 25.783
v -261.499 84.264 25.783
v -256.882 81.456 25.784
v -254.849 84.906 25.784
v -261.596 97.012 29.662
v -261.247 97.653 29.662
v -262.041 98.085 29.662
v -262.389 97.445 29.662
v -259.049 88.563 29.393
v -258.674 89.228 29.393
v -259.515 89.702 29.393
v -259.89 89.036 29.393
v -250.211 92.845 32.429
v -250.2 93.262 32.429
v -250.497 93.145 32.429
v -251.404 93.116 32.429
v -252.149 93.436 32.429
v -252.662 94.308 32.429
v -252.721 94.861 32.429
v -253.068 94.562 32.429
v -255.164 90.84 32.429
v -255.164 90.005 32.429
v -254.72 89.288 32.429
v -254.087 89.014 32.429
v -253.364 88.843 32.429
v -252.31 89.317 32.429
v -254.18 88.73 27.544
v -254.928 89.05 27.544
v -255.442 89.925 27.544
v -255.465 90.915 27.544
v -253.297 94.748 27.544
v -252.759 95.222 27.544
v -252.774 95.364 27.544
v -250.892 98.791 27.544
v -252.642 99.823 27.543
v -252.179 100.722 27.543
v -252.16 100.807 27.543
v -252.251 100.928 27.543
v -258.608 104.594 27.542
v -259.471 104.704 27.541
v -260.609 104.351 27.541
v -261.311 103.67 27.541
v -268.419 91.534 27.541
v -268.65 90.693 27.541
v -268.611 89.676 27.541
v -268.289 88.949 27.541
v -267.934 88.459 27.541
v -263.148 85.563 27.543
v -263.143 85.601 27.543
v -263.037 85.633 27.543
v -262.631 86.207 27.543
v -260.816 85.143 27.543
v -259.382 84.303 27.543
v -257.612 87.323 27.544
v -257.339 87.163 27.544
v -256.435 86.634 27.544
v -256.477 86.561 27.544
v -254.846 85.601 27.544
v -253.046 88.656 27.544
v -253.333 88.527 27.544
v -255.612 89.908 27.544
v -256.727 88.136 27.544
v -257.115 88.38 27.544
v -256.0 90.153 27.544
v -262.424 97.384 27.542
v -261.631 96.952 27.542
v -261.98 96.312 27.542
v -262.773 96.744 27.542
v -262.088 96.24 27.542
v -262.437 95.6 27.542
v -263.23 96.032 27.542
v -262.881 96.672 27.542
v -263.105 93.922 27.542
v -263.454 93.282 27.542
v -264.247 93.714 27.542
v -263.898 94.354 27.542
v -262.979 93.023 27.542
v -262.672 93.587 27.542
v -261.879 93.154 27.542
v -262.228 92.514 27.542
v -263.021 92.946 27.542
v -261.353 94.94 27.542
v -261.004 95.58 27.542
v -260.211 95.148 27.542
v -260.56 94.507 27.542
v -260.975 95.676 27.542
v -260.626 96.316 27.542
v -259.832 95.884 27.542
v -260.144 95.312 27.542
v -260.181 95.244 27.542
v -258.029 94.159 27.543
v -257.282 95.416 27.543
v -255.38 94.284 27.543
v -257.915 90.021 27.543
v -259.818 91.152 27.543
v -259.049 88.562 27.543
v -259.89 89.036 27.543
v -259.515 89.702 27.543
v -258.674 89.228 27.543
v -260.356 89.299 27.543
v -260.401 89.219 27.543
v -260.825 89.458 27.543
v -261.242 89.693 27.543
v -261.146 89.862 27.543
v -260.867 90.358 27.543
v -260.026 89.885 27.543
v -261.352 88.571 27.543
v -260.917 88.326 27.543
v -261.279 87.684 27.543
v -261.292 87.66 27.543
v -262.133 88.134 27.543
v -261.758 88.8 27.543
v -260.846 87.44 27.543
v -260.471 88.105 27.543
v -259.63 87.632 27.543
v -260.005 86.966 27.543
v -260.364 103.994 27.541
v -258.001 102.707 27.542
v -258.818 101.209 27.542
v -261.18 102.496 27.541
v -261.347 98.736 27.542
v -260.999 99.376 27.542
v -260.205 98.944 27.542
v -260.554 98.303 27.542
v -260.056 97.959 27.542
v -259.707 98.6 27.542
v -258.914 98.167 27.542
v -259.262 97.527 27.542
v -259.425 96.581 27.542
v -259.774 95.941 27.542
v -260.567 96.373 27.542
v -260.219 97.013 27.542
v -261.28 97.591 27.542
v -261.596 97.012 27.542
v -262.389 97.444 27.542
v -262.04 98.085 27.542
v -261.247 97.652 27.542
v -262.782 91.584 27.542
v -263.131 90.944 27.542
v -263.925 91.376 27.542
v -263.576 92.016 27.542
v -264.448 92.573 27.542
v -263.996 92.327 27.542
v -264.345 91.687 27.542
v -265.139 92.119 27.542
v -264.965 92.438 27.542
v -264.79 92.759 27.542
v -260.554 98.304 29.577
v -260.206 98.944 29.577
v -260.999 99.376 29.577
v -261.348 98.736 29.577
v -260.609 104.351 28.041
v -259.471 104.704 28.041
v -258.608 104.594 28.042
v -252.252 100.928 28.043
v -252.16 100.807 28.043
v -252.179 100.722 28.043
v -252.643 99.823 28.043
v -250.892 98.791 28.044
v -250.756 99.039 28.044
v -250.471 99.24 28.044
v -251.849 100.052 28.043
v -251.556 100.621 28.043
v -251.62 101.027 28.043
v -251.857 101.361 28.043
v -258.421 105.152 28.042
v -259.524 105.288 28.041
v -260.903 104.856 28.041
v -261.775 104.04 28.041
v -268.968 91.764 28.041
v -269.239 90.758 28.041
v -269.187 89.546 28.041
v -268.805 88.65 28.041
v -268.327 88.021 28.041
v -263.31 85.006 28.043
v -262.993 84.998 28.043
v -262.651 85.19 28.043
v -262.476 85.421 28.043
v -259.686 83.786 28.043
v -259.383 84.303 28.043
v -262.631 86.207 28.043
v -263.037 85.633 28.043
v -263.143 85.602 28.043
v -263.148 85.563 28.043
v -267.934 88.459 28.041
v -268.29 88.949 28.041
v -268.611 89.676 28.041
v -268.65 90.693 28.041
v -268.419 91.534 28.041
v -261.311 103.67 28.041
v -263.132 90.944 29.577
v -262.783 91.584 29.577
v -263.576 92.017 29.577
v -263.925 91.376 29.577
v -262.437 95.6 29.662
v -262.088 96.24 29.662
v -262.881 96.673 29.662
v -263.23 96.032 29.662
v -256.435 86.634 28.969
v -257.612 87.324 28.969
v -259.686 83.786 28.968
v -258.509 83.096 28.969
v -260.182 95.244 29.662
v -259.833 95.884 29.662
v -260.626 96.317 29.662
v -260.975 95.676 29.662
v -263.454 93.282 29.577
v -263.105 93.922 29.577
v -263.899 94.354 29.577
v -264.247 93.714 29.577
v -255.612 89.908 29.834
v -256.001 90.153 29.834
v -257.116 88.38 29.834
v -256.727 88.136 29.834
v -249.885 99.656 39.554
v -250.758 99.04 39.554
v -252.777 95.366 39.554
v -252.664 94.309 39.554
v -252.151 93.437 39.554
v -251.405 93.117 39.554
v -250.498 93.146 39.554
v -249.469 93.55 39.555
v -247.307 97.219 39.555
v -247.13 97.951 39.555
v -247.286 98.821 39.554
v -247.96 99.5 39.554
v -249.018 99.871 39.554
v -252.385 94.401 39.554
v -252.468 95.304 39.554
v -250.54 98.845 39.554
v -249.762 99.388 39.554
v -249.033 99.559 39.554
v -248.116 99.253 39.554
v -247.565 98.676 39.554
v -247.423 97.96 39.554
v -247.582 97.331 39.555
v -249.675 93.792 39.554
v -250.558 93.435 39.554
v -251.351 93.405 39.554
v -251.942 93.674 39.554
v -253.334 88.527 32.679
v -252.1 89.082 32.679
v -249.932 92.761 32.679
v -249.903 93.379 32.679
v -250.2 93.262 32.679
v -250.211 92.845 32.679
v -252.31 89.317 32.679
v -253.364 88.843 32.679
v -254.087 89.014 32.679
v -254.72 89.288 32.679
v -255.164 90.005 32.679
v -255.164 90.84 32.679
v -253.068 94.562 32.679
v -252.721 94.861 32.679
v -252.76 95.223 32.679
v -253.298 94.748 32.679
v -255.466 90.915 32.679
v -255.443 89.925 32.679
v -254.929 89.051 32.679
v -254.181 88.73 32.679
v -264.346 91.687 29.577
v -263.997 92.327 29.577
v -264.79 92.76 29.577
v -265.139 92.12 29.577
v -249.467 93.549 28.045
v -249.902 93.378 28.044
v -249.931 92.761 28.044
v -250.54 98.845 39.304
v -252.468 95.304 39.304
v -252.385 94.401 39.304
v -251.942 93.674 39.304
v -251.351 93.405 39.304
v -250.558 93.435 39.304
v -249.675 93.792 39.304
v -247.582 97.331 39.305
v -247.423 97.96 39.304
v -247.565 98.676 39.304
v -248.116 99.253 39.304
v -249.033 99.559 39.304
v -249.762 99.388 39.304
v -258.818 101.209 28.712
v -258.002 102.707 28.712
v -260.365 103.994 28.711
v -261.181 102.496 28.711
v -261.293 87.66 29.393
v -260.918 88.326 29.393
v -261.759 88.8 29.393
v -262.134 88.134 29.393
v -253.297 94.748 27.544
v -255.465 90.915 27.544
v -255.466 90.915 32.679
v -253.298 94.748 32.679
v -260.567 96.373 27.542
v -259.774 95.941 27.542
v -259.774 95.941 29.662
v -260.568 96.373 29.662
v -253.364 88.843 32.679
v -252.31 89.317 32.679
v -252.31 89.317 32.429
v -253.364 88.843 32.429
v -257.915 90.021 27.543
v -255.38 94.284 27.543
v -255.38 94.285 30.678
v -257.916 90.021 30.678
v -256.78 86.044 25.784
v -256.781 86.044 28.044
v -256.478 86.561 28.044
v -256.477 86.561 27.544
v -256.435 86.634 27.544
v -256.435 86.634 28.969
v -258.509 83.096 28.969
v -258.508 83.096 25.784
v -255.164 90.005 32.679
v -254.72 89.288 32.679
v -254.72 89.288 32.429
v -255.164 90.005 32.429
v -261.242 89.693 27.543
v -260.825 89.458 27.543
v -260.401 89.219 27.543
v -260.401 89.219 29.393
v -261.242 89.693 29.393
v -259.425 96.581 27.542
v -260.219 97.013 27.542
v -260.219 97.013 29.662
v -259.426 96.581 29.662
v -261.596 97.012 27.542
v -261.28 97.591 27.542
v -261.247 97.652 27.542
v -261.247 97.653 29.662
v -261.596 97.012 29.662
v -268.65 90.693 28.041
v -268.611 89.676 28.041
v -268.611 89.676 27.541
v -268.65 90.693 27.541
v -268.419 91.534 28.041
v -268.65 90.693 28.041
v -268.65 90.693 27.541
v -268.419 91.534 27.541
v -252.16 100.807 28.043
v -252.252 100.928 28.043
v -252.251 100.928 27.543
v -252.16 100.807 27.543
v -260.401 89.219 27.543
v -260.356 89.299 27.543
v -260.026 89.885 27.543
v -260.026 89.885 29.393
v -260.401 89.219 29.393
v -263.31 85.006 28.043
v -268.327 88.021 28.041
v -268.322 88.018 1.95
v -263.305 85.003 1.952
v -262.04 98.085 27.542
v -262.389 97.444 27.542
v -262.389 97.445 29.662
v -262.041 98.085 29.662
v -261.237 84.694 25.783
v -258.508 83.096 25.784
v -258.509 83.096 28.969
v -259.686 83.786 28.968
v -259.686 83.786 28.043
v -262.476 85.421 28.043
v -262.471 85.418 1.952
v -261.448 84.818 1.952
v -261.452 84.821 26.883
v -261.237 84.694 26.883
v -259.89 89.036 27.543
v -259.049 88.562 27.543
v -259.049 88.563 29.393
v -259.89 89.036 29.393
v -251.942 93.674 39.554
v -251.351 93.405 39.554
v -251.351 93.405 39.304
v -251.942 93.674 39.304
v -260.471 88.105 27.543
v -260.846 87.44 27.543
v -260.846 87.44 29.393
v -260.471 88.106 29.393
v -258.818 101.209 27.542
v -258.001 102.707 27.542
v -258.002 102.707 28.712
v -258.818 101.209 28.712
v -260.846 87.44 27.543
v -260.005 86.966 27.543
v -260.005 86.966 29.393
v -260.846 87.44 29.393
v -252.149 93.436 32.429
v -251.404 93.116 32.429
v -251.405 93.117 39.554
v -252.151 93.437 39.554
v -252.643 99.823 28.043
v -252.179 100.722 28.043
v -252.179 100.722 27.543
v -252.642 99.823 27.543
v -260.554 98.303 27.542
v -260.205 98.944 27.542
v -260.206 98.944 29.577
v -260.554 98.304 29.577
v -247.13 97.951 39.555
v -247.307 97.219 39.555
v -247.3 97.216 1.953
v -247.123 97.947 1.953
v -256.435 86.634 27.544
v -257.339 87.163 27.544
v -257.612 87.323 27.544
v -257.612 87.324 28.969
v -256.435 86.634 28.969
v -260.219 97.013 27.542
v -260.567 96.373 27.542
v -260.568 96.373 29.662
v -260.219 97.013 29.662
v -260.917 88.326 27.543
v -261.352 88.571 27.543
v -261.758 88.8 27.543
v -261.759 88.8 29.393
v -260.918 88.326 29.393
v -252.76 95.223 32.679
v -252.721 94.861 32.679
v -252.721 94.861 32.429
v -252.662 94.308 32.429
v -252.664 94.309 39.554
v -252.777 95.366 39.554
v -252.774 95.364 27.544
v -252.759 95.222 27.544
v -251.857 101.361 28.043
v -251.62 101.027 28.043
v -251.615 101.025 1.952
v -251.852 101.359 1.952
v -253.068 94.562 32.679
v -255.164 90.84 32.679
v -255.164 90.84 32.429
v -253.068 94.562 32.429
v -250.756 99.039 28.044
v -250.892 98.791 28.044
v -250.892 98.791 27.544
v -252.774 95.364 27.544
v -252.777 95.366 39.554
v -250.758 99.04 39.554
v -256.0 90.153 27.544
v -257.115 88.38 27.544
v -257.116 88.38 29.834
v -256.001 90.153 29.834
v -255.465 90.915 27.544
v -255.442 89.925 27.544
v -255.443 89.925 32.679
v -255.466 90.915 32.679
v -251.556 100.621 28.043
v -251.849 100.052 28.043
v -251.844 100.049 1.952
v -251.551 100.619 1.952
v -252.385 94.401 39.554
v -251.942 93.674 39.554
v -251.942 93.674 39.304
v -252.385 94.401 39.304
v -261.237 84.694 25.783
v -261.237 84.694 26.883
v -261.5 84.264 26.883
v -261.499 84.264 25.783
v -249.018 99.871 39.554
v -247.96 99.5 39.554
v -247.952 99.496 1.953
v -249.011 99.868 1.953
v -255.612 89.908 27.544
v -256.0 90.153 27.544
v -256.001 90.153 29.834
v -255.612 89.908 29.834
v -260.005 86.966 27.543
v -259.63 87.632 27.543
v -259.63 87.632 29.393
v -260.005 86.966 29.393
v -247.582 97.331 39.555
v -247.423 97.96 39.554
v -247.423 97.96 39.304
v -247.582 97.331 39.305
v -262.389 97.444 27.542
v -261.596 97.012 27.542
v -261.596 97.012 29.662
v -262.389 97.445 29.662
v -260.626 96.316 27.542
v -260.975 95.676 27.542
v -260.975 95.676 29.662
v -260.626 96.317 29.662
v -261.292 87.66 27.543
v -261.279 87.684 27.543
v -260.917 88.326 27.543
v -260.918 88.326 29.393
v -261.293 87.66 29.393
v -265.139 92.119 27.542
v -264.345 91.687 27.542
v -264.346 91.687 29.577
v -265.139 92.12 29.577
v -262.782 91.584 27.542
v -263.576 92.016 27.542
v -263.576 92.017 29.577
v -262.783 91.584 29.577
v -262.133 88.134 27.543
v -261.292 87.66 27.543
v -261.293 87.66 29.393
v -262.134 88.134 29.393
v -258.608 104.594 28.042
v -259.471 104.704 28.041
v -259.471 104.704 27.541
v -258.608 104.594 27.542
v -259.63 87.632 27.543
v -260.471 88.105 27.543
v -260.471 88.106 29.393
v -259.63 87.632 29.393
v -260.903 104.856 28.041
v -259.524 105.288 28.041
v -259.519 105.285 1.95
v -260.898 104.854 1.95
v -264.247 93.714 27.542
v -263.454 93.282 27.542
v -263.454 93.282 29.577
v -264.247 93.714 29.577
v -257.115 88.38 27.544
v -256.727 88.136 27.544
v -256.727 88.136 29.834
v -257.116 88.38 29.834
v -268.805 88.65 28.041
v -269.187 89.546 28.041
v -269.182 89.543 1.95
v -268.8 88.648 1.95
v -263.23 96.032 27.542
v -262.437 95.6 27.542
v -262.437 95.6 29.662
v -263.23 96.032 29.662
v -252.252 100.928 28.043
v -258.608 104.594 28.042
v -258.608 104.594 27.542
v -252.251 100.928 27.543
v -247.423 97.96 39.554
v -247.565 98.676 39.554
v -247.565 98.676 39.304
v -247.423 97.96 39.304
v -259.262 97.527 27.542
v -258.914 98.167 27.542
v -258.914 98.168 29.577
v -259.263 97.527 29.577
v -253.334 88.527 32.679
v -253.333 88.527 27.544
v -253.046 88.656 27.544
v -253.046 88.656 28.044
v -252.099 89.082 28.044
v -252.1 89.082 32.679
v -254.087 89.014 32.679
v -253.364 88.843 32.679
v -253.364 88.843 32.429
v -254.087 89.014 32.429
v -263.148 85.563 28.043
v -263.143 85.602 28.043
v -263.143 85.601 27.543
v -263.148 85.563 27.543
v -258.001 102.707 27.542
v -260.364 103.994 27.541
v -260.365 103.994 28.711
v -258.002 102.707 28.712
v -262.651 85.19 28.043
v -262.993 84.998 28.043
v -262.988 84.995 1.952
v -262.646 85.187 1.952
v -261.775 104.04 28.041
v -260.903 104.856 28.041
v -260.898 104.854 1.95
v -261.77 104.038 1.95
v -263.925 91.376 27.542
v -263.131 90.944 27.542
v -263.132 90.944 29.577
v -263.925 91.376 29.577
v -261.631 96.952 27.542
v -262.424 97.384 27.542
v -262.425 97.385 29.662
v -261.631 96.952 29.662
v -247.565 98.676 39.554
v -248.116 99.253 39.554
v -248.116 99.253 39.304
v -247.565 98.676 39.304
v -262.088 96.24 27.542
v -262.881 96.672 27.542
v -262.881 96.673 29.662
v -262.088 96.24 29.662
v -256.727 88.136 27.544
v -255.612 89.908 27.544
v -255.612 89.908 29.834
v -256.727 88.136 29.834
v -255.164 90.84 32.679
v -255.164 90.005 32.679
v -255.164 90.005 32.429
v -255.164 90.84 32.429
v -249.675 93.792 39.554
v -247.582 97.331 39.555
v -247.582 97.331 39.305
v -249.675 93.792 39.304
v -261.5 84.264 26.883
v -256.882 81.456 26.884
v -256.882 81.456 25.784
v -261.499 84.264 25.783
v -269.187 89.546 28.041
v -269.239 90.758 28.041
v -269.234 90.755 1.95
v -269.182 89.543 1.95
v -260.609 104.351 28.041
v -261.311 103.67 28.041
v -261.311 103.67 27.541
v -260.609 104.351 27.541
v -263.105 93.922 27.542
v -263.898 94.354 27.542
v -263.899 94.354 29.577
v -263.105 93.922 29.577
v -257.612 87.324 28.969
v -257.612 87.323 27.544
v -259.382 84.303 27.543
v -259.383 84.303 28.043
v -259.686 83.786 28.043
v -259.686 83.786 28.968
v -251.351 93.405 39.554
v -250.558 93.435 39.554
v -250.558 93.435 39.304
v -251.351 93.405 39.304
v -263.143 85.602 28.043
v -263.037 85.633 28.043
v -263.037 85.633 27.543
v -263.143 85.601 27.543
v -254.849 84.906 25.784
v -254.849 84.906 26.884
v -254.634 84.779 26.884
v -254.634 84.779 28.044
v -256.781 86.044 28.044
v -256.78 86.044 25.784
v -262.228 92.514 27.542
v -261.879 93.154 27.542
v -261.879 93.155 29.577
v -262.228 92.514 29.577
v -259.832 95.884 27.542
v -260.626 96.316 27.542
v -260.626 96.317 29.662
v -259.833 95.884 29.662
v -250.2 93.262 32.679
v -250.2 93.262 32.429
v -250.211 92.845 32.429
v -250.211 92.845 32.679
v -262.773 96.744 27.542
v -261.98 96.312 27.542
v -261.98 96.312 29.662
v -262.774 96.744 29.662
v -262.881 96.672 27.542
v -263.23 96.032 27.542
v -263.23 96.032 29.662
v -262.881 96.673 29.662
v -249.885 99.656 39.554
v -249.018 99.871 39.554
v -249.011 99.868 1.953
v -249.878 99.652 1.953
v -260.975 95.676 27.542
v -260.181 95.244 27.542
v -260.182 95.244 29.662
v -260.975 95.676 29.662
v -252.31 89.317 32.679
v -250.211 92.845 32.679
v -250.211 92.845 32.429
v -252.31 89.317 32.429
v -269.239 90.758 28.041
v -268.968 91.764 28.041
v -268.963 91.761 1.95
v -269.234 90.755 1.95
v -254.72 89.288 32.679
v -254.087 89.014 32.679
v -254.087 89.014 32.429
v -254.72 89.288 32.429
v -252.76 95.223 32.679
v -252.759 95.222 27.544
v -253.297 94.748 27.544
v -253.298 94.748 32.679
v -262.993 84.998 28.043
v -263.31 85.006 28.043
v -263.305 85.003 1.952
v -262.988 84.995 1.952
v -268.968 91.764 28.041
v -261.775 104.04 28.041
v -261.77 104.038 1.95
v -268.963 91.761 1.95
v -247.286 98.821 39.554
v -247.13 97.951 39.555
v -247.123 97.947 1.953
v -247.279 98.818 1.953
v -255.442 89.925 27.544
v -254.928 89.05 27.544
v -254.929 89.051 32.679
v -255.443 89.925 32.679
v -250.892 98.791 27.544
v -250.892 98.791 28.044
v -252.643 99.823 28.043
v -252.642 99.823 27.543
v -250.558 93.435 39.554
v -249.675 93.792 39.554
v -249.675 93.792 39.304
v -250.558 93.435 39.304
v -261.18 102.496 27.541
v -258.818 101.209 27.542
v -258.818 101.209 28.712
v -261.181 102.496 28.711
v -264.345 91.687 27.542
v -263.996 92.327 27.542
v -263.997 92.327 29.577
v -264.346 91.687 29.577
v -260.364 103.994 27.541
v -261.18 102.496 27.541
v -261.181 102.496 28.711
v -260.365 103.994 28.711
v -258.914 98.167 27.542
v -259.707 98.6 27.542
v -259.707 98.6 29.577
v -258.914 98.168 29.577
v -259.049 88.562 27.543
v -258.674 89.228 27.543
v -258.674 89.228 29.393
v -259.049 88.563 29.393
v -263.454 93.282 27.542
v -263.105 93.922 27.542
v -263.105 93.922 29.577
v -263.454 93.282 29.577
v -249.902 93.378 28.044
v -249.903 93.379 32.679
v -249.932 92.761 32.679
v -249.931 92.761 28.044
v -260.205 98.944 27.542
v -260.999 99.376 27.542
v -260.999 99.376 29.577
v -260.206 98.944 29.577
v -260.867 90.358 27.543
v -261.146 89.862 27.543
v -261.242 89.693 27.543
v -261.242 89.693 29.393
v -260.867 90.359 29.393
v -251.62 101.027 28.043
v -251.556 100.621 28.043
v -251.551 100.619 1.952
v -251.615 101.025 1.952
v -262.476 85.421 28.043
v -262.651 85.19 28.043
v -262.646 85.187 1.952
v -262.471 85.418 1.952
v -251.404 93.116 32.429
v -250.497 93.145 32.429
v -250.498 93.146 39.554
v -251.405 93.117 39.554
v -261.879 93.154 27.542
v -262.672 93.587 27.542
v -262.672 93.587 29.577
v -261.879 93.155 29.577
v -261.311 103.67 28.041
v -268.419 91.534 28.041
v -268.419 91.534 27.541
v -261.311 103.67 27.541
v -253.046 88.656 28.044
v -253.046 88.656 27.544
v -254.846 85.601 27.544
v -254.847 85.601 28.044
v -263.131 90.944 27.542
v -262.782 91.584 27.542
v -262.783 91.584 29.577
v -263.132 90.944 29.577
v -260.056 97.959 27.542
v -259.262 97.527 27.542
v -259.263 97.527 29.577
v -260.056 97.96 29.577
v -252.179 100.722 28.043
v -252.16 100.807 28.043
v -252.16 100.807 27.543
v -252.179 100.722 27.543
v -258.674 89.228 27.543
v -259.515 89.702 27.543
v -259.515 89.702 29.393
v -258.674 89.228 29.393
v -261.347 98.736 27.542
v -260.554 98.303 27.542
v -260.554 98.304 29.577
v -261.348 98.736 29.577
v -260.56 94.507 27.542
v -260.211 95.148 27.542
v -260.211 95.148 29.662
v -260.56 94.508 29.662
v -268.29 88.949 28.041
v -267.934 88.459 28.041
v -267.934 88.459 27.541
v -268.289 88.949 27.541
v -259.383 84.303 28.043
v -259.382 84.303 27.543
v -260.816 85.143 27.543
v -262.631 86.207 27.543
v -262.631 86.207 28.043
v -249.033 99.559 39.554
v -249.762 99.388 39.554
v -249.762 99.388 39.304
v -249.033 99.559 39.304
v -263.021 92.946 27.542
v -262.228 92.514 27.542
v -262.228 92.514 29.577
v -263.021 92.947 29.577
v -256.791 81.108 1.953
v -247.3 97.216 1.953
v -247.307 97.219 39.555
v -249.469 93.55 39.555
v -249.467 93.549 28.045
v -249.931 92.761 28.044
v -249.932 92.761 32.679
v -252.1 89.082 32.679
v -252.099 89.082 28.044
v -254.634 84.779 28.044
v -254.634 84.779 26.884
v -256.795 81.111 26.884
v -263.898 94.354 27.542
v -264.247 93.714 27.542
v -264.247 93.714 29.577
v -263.899 94.354 29.577
v -259.707 98.6 27.542
v -260.056 97.959 27.542
v -260.056 97.96 29.577
v -259.707 98.6 29.577
v -262.437 95.6 27.542
v -262.088 96.24 27.542
v -262.088 96.24 29.662
v -262.437 95.6 29.662
v -252.468 95.304 39.554
v -252.385 94.401 39.554
v -252.385 94.401 39.304
v -252.468 95.304 39.304
v -252.721 94.861 32.429
v -252.721 94.861 32.679
v -253.068 94.562 32.679
v -253.068 94.562 32.429
v -261.353 94.94 27.542
v -260.56 94.507 27.542
v -260.56 94.508 29.662
v -261.353 94.94 29.662
v -259.524 105.288 28.041
v -258.421 105.152 28.042
v -258.416 105.149 1.951
v -259.519 105.285 1.95
v -250.54 98.845 39.554
v -252.468 95.304 39.554
v -252.468 95.304 39.304
v -250.54 98.845 39.304
v -264.79 92.759 27.542
v -264.965 92.438 27.542
v -265.139 92.119 27.542
v -265.139 92.12 29.577
v -264.79 92.76 29.577
v -254.849 84.906 26.884
v -254.849 84.906 25.784
v -256.882 81.456 25.784
v -256.882 81.456 26.884
v -256.477 86.561 27.544
v -256.478 86.561 28.044
v -254.847 85.601 28.044
v -254.846 85.601 27.544
v -247.96 99.5 39.554
v -247.286 98.821 39.554
v -247.279 98.818 1.953
v -247.952 99.496 1.953
v -261.247 97.652 27.542
v -262.04 98.085 27.542
v -262.041 98.085 29.662
v -261.247 97.653 29.662
v -267.934 88.459 28.041
v -263.148 85.563 28.043
v -263.148 85.563 27.543
v -267.934 88.459 27.541
v -250.466 99.237 1.953
v -250.471 99.24 28.044
v -250.756 99.039 28.044
v -250.758 99.04 39.554
v -249.885 99.656 39.554
v -249.878 99.652 1.953
v -263.037 85.633 28.043
v -262.631 86.207 28.043
v -262.631 86.207 27.543
v -263.037 85.633 27.543
v -268.611 89.676 28.041
v -268.29 88.949 28.041
v -268.289 88.949 27.541
v -268.611 89.676 27.541
v -261.452 84.821 26.883
v -261.448 84.818 1.952
v -261.839 84.178 1.952
v -261.844 84.181 26.883
v -252.662 94.308 32.429
v -252.149 93.436 32.429
v -252.151 93.437 39.554
v -252.664 94.309 39.554
v -261.758 88.8 27.543
v -262.133 88.134 27.543
v -262.134 88.134 29.393
v -261.759 88.8 29.393
v -262.672 93.587 27.542
v -262.979 93.023 27.542
v -263.021 92.946 27.542
v -263.021 92.947 29.577
v -262.672 93.587 29.577
v -260.181 95.244 27.542
v -260.144 95.312 27.542
v -259.832 95.884 27.542
v -259.833 95.884 29.662
v -260.182 95.244 29.662
v -261.004 95.58 27.542
v -261.353 94.94 27.542
v -261.353 94.94 29.662
v -261.005 95.58 29.662
v -263.996 92.327 27.542
v -264.448 92.573 27.542
v -264.79 92.759 27.542
v -264.79 92.76 29.577
v -263.997 92.327 29.577
v -249.762 99.388 39.554
v -250.54 98.845 39.554
v -250.54 98.845 39.304
v -249.762 99.388 39.304
v -261.98 96.312 27.542
v -261.631 96.952 27.542
v -261.631 96.952 29.662
v -261.98 96.312 29.662
v -255.38 94.284 27.543
v -257.282 95.416 27.543
v -257.283 95.416 30.678
v -255.38 94.285 30.678
v -259.774 95.941 27.542
v -259.425 96.581 27.542
v -259.426 96.581 29.662
v -259.774 95.941 29.662
v -263.576 92.016 27.542
v -263.925 91.376 27.542
v -263.925 91.376 29.577
v -263.576 92.017 29.577
v -259.471 104.704 28.041
v -260.609 104.351 28.041
v -260.609 104.351 27.541
v -259.471 104.704 27.541
v -257.282 95.416 27.543
v -258.029 94.159 27.543
v -259.818 91.152 27.543
v -259.818 91.152 30.678
v -257.283 95.416 30.678
v -260.999 99.376 27.542
v -261.347 98.736 27.542
v -261.348 98.736 29.577
v -260.999 99.376 29.577
v -254.18 88.73 27.544
v -253.333 88.527 27.544
v -253.334 88.527 32.679
v -254.181 88.73 32.679
v -248.116 99.253 39.554
v -249.033 99.559 39.554
v -249.033 99.559 39.304
v -248.116 99.253 39.304
v -268.327 88.021 28.041
v -268.805 88.65 28.041
v -268.8 88.648 1.95
v -268.322 88.018 1.95
v -259.818 91.152 27.543
v -257.915 90.021 27.543
v -257.916 90.021 30.678
v -259.818 91.152 30.678
v -262.424 97.384 27.542
v -262.773 96.744 27.542
v -262.774 96.744 29.662
v -262.425 97.385 29.662
v -250.498 93.146 39.554
v -250.497 93.145 32.429
v -250.2 93.262 32.429
v -250.2 93.262 32.679
v -249.903 93.379 32.679
v -249.902 93.378 28.044
v -249.467 93.549 28.045
v -249.469 93.55 39.555
v -256.795 81.111 26.884
v -261.844 84.181 26.883
v -261.839 84.178 1.952
v -256.791 81.108 1.953
v -258.421 105.152 28.042
v -251.857 101.361 28.043
v -251.852 101.359 1.952
v -258.416 105.149 1.951
v -259.515 89.702 27.543
v -259.89 89.036 27.543
v -259.89 89.036 29.393
v -259.515 89.702 29.393
v -254.928 89.05 27.544
v -254.18 88.73 27.544
v -254.181 88.73 32.679
v -254.929 89.051 32.679
v -250.471 99.24 28.044
v -250.466 99.237 1.953
v -251.844 100.049 1.952
v -251.849 100.052 28.043
v -260.211 95.148 27.542
v -261.004 95.58 27.542
v -261.005 95.58 29.662
v -260.211 95.148 29.662
v -260.026 89.885 27.543
v -260.867 90.358 27.543
v -260.867 90.359 29.393
v -260.026 89.885 29.393
f 11357 11355 11356
f 11355 11353 11354
f 11353 11351 11352
f 11351 11349 11350
f 11349 11347 11348
f 11347 11345 11346
f 11345 11343 11344
f 11343 11341 11342
f 11340 11338 11339
f 11338 11336 11337
f 11336 11334 11335
f 11334 11332 11333
f 11357 11353 11355
f 11353 11349 11351
f 11349 11345 11347
f 11345 11341 11343
f 11340 11336 11338
f 11336 11332 11334
f 11357 11349 11353
f 11349 11341 11345
f 11341 11336 11340
f 11336 11331 11332
f 11331 11349 11357
f 11349 11336 11341
f 11336 11349 11331
f 11360 11361 11358
f 11358 11359 11360
f 11368 11369 11362
f 11363 11364 11365
f 11367 11368 11362
f 11363 11365 11366
f 11366 11367 11362
f 11362 11363 11366
f 11372 11373 11370
f 11370 11371 11372
f 11378 11379 11374
f 11375 11376 11377
f 11378 11374 11375
f 11375 11377 11378
f 11382 11383 11380
f 11380 11381 11382
f 11386 11387 11384
f 11384 11385 11386
f 11390 11391 11388
f 11388 11389 11390
f 11394 11395 11392
f 11392 11393 11394
f 11398 11399 11396
f 11396 11397 11398
f 11402 11403 11400
f 11400 11401 11402
f 11408 11409 11404
f 11405 11406 11407
f 11408 11404 11405
f 11405 11407 11408
f 11412 11413 11410
f 11410 11411 11412
f 11416 11417 11414
f 11414 11415 11416
f 11430 11431 11418
f 11418 11419 11420
f 11423 11424 11425
f 11425 11426 11427
f 11427 11428 11429
f 11429 11430 11418
f 11418 11420 11421
f 11422 11423 11425
f 11425 11427 11429
f 11429 11418 11421
f 11422 11425 11429
f 11429 11421 11422
f 11467 11468 11512
f 11515 11516 11452
f 11521 11518 11452
f 11452 11453 11454
f 11454 11455 11456
f 11457 11458 11459
f 11461 11462 11463
f 11463 11464 11465
f 11436 11437 11438
f 11438 11439 11440
f 11440 11441 11442
f 11442 11443 11444
f 11444 11445 11446
f 11446 11447 11448
f 11448 11525 11522
f 11525 11448 11540
f 11541 11526 11527
f 11542 11538 11539
f 11448 11476 11477
f 11477 11473 11470
f 11472 11473 11477
f 11475 11476 11448
f 11448 11480 11481
f 11481 11487 11488
f 11479 11480 11448
f 11448 11550 11551
f 11552 11486 11482
f 11549 11550 11448
f 11448 11449 11545
f 11499 11500 11544
f 11544 11545 11449
f 11449 11508 11509
f 11506 11507 11508
f 11508 11449 11450
f 11501 11502 11450
f 11450 11451 11452
f 11452 11516 11517
f 11517 11512 11468
f 11467 11512 11513
f 11515 11452 11518
f 11452 11454 11456
f 11456 11457 11459
f 11461 11463 11465
f 11436 11438 11440
f 11440 11442 11444
f 11446 11448 11522
f 11525 11540 11541
f 11529 11526 11541
f 11533 11530 11541
f 11540 11448 11477
f 11472 11477 11474
f 11474 11475 11491
f 11475 11448 11481
f 11490 11487 11481
f 11448 11551 11552
f 11552 11482 11483
f 11485 11486 11552
f 11549 11448 11545
f 11543 11544 11500
f 11544 11449 11509
f 11506 11508 11450
f 11450 11452 11517
f 11514 11515 11518
f 11521 11452 11456
f 11460 11461 11465
f 11435 11436 11440
f 11440 11444 11446
f 11446 11522 11523
f 11525 11541 11527
f 11529 11541 11530
f 11533 11541 11542
f 11540 11477 11470
f 11471 11472 11536
f 11536 11472 11474
f 11474 11491 11492
f 11491 11475 11481
f 11490 11481 11478
f 11479 11448 11552
f 11485 11552 11547
f 11548 11549 11545
f 11546 11543 11500
f 11544 11509 11510
f 11506 11450 11502
f 11501 11450 11517
f 11513 11514 11518
f 11521 11456 11459
f 11459 11460 11465
f 11440 11446 11523
f 11524 11525 11527
f 11528 11529 11530
f 11533 11542 11539
f 11539 11540 11470
f 11470 11471 11536
f 11536 11474 11492
f 11491 11481 11488
f 11490 11478 11479
f 11479 11552 11483
f 11485 11547 11548
f 11548 11545 11546
f 11499 11544 11510
f 11505 11506 11502
f 11501 11517 11468
f 11513 11518 11519
f 11520 11521 11459
f 11459 11465 11432
f 11440 11523 11524
f 11524 11527 11528
f 11528 11530 11531
f 11539 11470 11536
f 11535 11536 11492
f 11495 11491 11488
f 11490 11479 11483
f 11485 11548 11546
f 11499 11510 11511
f 11511 11505 11502
f 11504 11501 11468
f 11467 11513 11519
f 11519 11520 11459
f 11459 11432 11433
f 11440 11524 11528
f 11528 11531 11532
f 11539 11536 11537
f 11535 11492 11493
f 11495 11488 11489
f 11490 11483 11484
f 11485 11546 11500
f 11511 11502 11503
f 11503 11504 11468
f 11467 11519 11459
f 11440 11528 11532
f 11533 11539 11537
f 11535 11493 11494
f 11494 11495 11489
f 11490 11484 11485
f 11485 11500 11496
f 11499 11511 11503
f 11503 11468 11469
f 11467 11459 11433
f 11440 11532 11533
f 11533 11537 11534
f 11535 11494 11489
f 11490 11485 11496
f 11499 11503 11469
f 11466 11467 11433
f 11440 11533 11534
f 11535 11489 11490
f 11490 11496 11497
f 11498 11499 11469
f 11466 11433 11434
f 11440 11534 11535
f 11535 11490 11497
f 11498 11469 11466
f 11466 11434 11435
f 11440 11535 11497
f 11498 11466 11435
f 11440 11497 11498
f 11498 11435 11440
f 11555 11556 11553
f 11553 11554 11555
f 11563 11564 11565
f 11565 11566 11567
f 11567 11568 11569
f 11569 11570 11571
f 11571 11572 11573
f 11573 11574 11575
f 11575 11576 11577
f 11577 11578 11579
f 11579 11580 11581
f 11581 11582 11583
f 11583 11584 11585
f 11585 11586 11587
f 11587 11588 11589
f 11563 11565 11567
f 11583 11585 11587
f 11562 11563 11567
f 11581 11583 11587
f 11561 11562 11567
f 11581 11587 11589
f 11561 11567 11569
f 11579 11581 11589
f 11560 11561 11569
f 11579 11589 11590
f 11559 11560 11569
f 11577 11579 11590
f 11559 11569 11571
f 11577 11590 11591
f 11558 11559 11571
f 11577 11591 11592
f 11557 11558 11571
f 11575 11577 11592
f 11557 11571 11573
f 11575 11592 11593
f 11595 11557 11573
f 11575 11593 11594
f 11594 11595 11573
f 11573 11575 11594
f 11598 11599 11596
f 11596 11597 11598
f 11602 11603 11600
f 11600 11601 11602
f 11606 11607 11604
f 11604 11605 11606
f 11610 11611 11608
f 11608 11609 11610
f 11614 11615 11612
f 11612 11613 11614
f 11618 11619 11616
f 11616 11617 11618
f 11622 11634 11635
f 11633 11634 11622
f 11622 11623 11624
f 11624 11625 11626
f 11627 11628 11629
f 11629 11630 11631
f 11631 11632 11620
f 11621 11622 11635
f 11633 11622 11624
f 11620 11621 11635
f 11645 11633 11624
f 11620 11635 11636
f 11644 11645 11624
f 11620 11636 11637
f 11644 11624 11626
f 11631 11620 11637
f 11643 11644 11626
f 11631 11637 11638
f 11642 11643 11626
f 11631 11638 11639
f 11642 11626 11627
f 11629 11631 11639
f 11641 11642 11627
f 11629 11639 11640
f 11641 11627 11629
f 11629 11640 11641
f 11664 11665 11646
f 11647 11648 11649
f 11649 11650 11651
f 11658 11659 11660
f 11660 11661 11662
f 11662 11663 11664
f 11647 11649 11651
f 11657 11658 11660
f 11647 11651 11652
f 11657 11660 11662
f 11646 11647 11652
f 11656 11657 11662
f 11646 11652 11653
f 11656 11662 11664
f 11664 11646 11653
f 11655 11656 11664
f 11664 11653 11654
f 11654 11655 11664
f 11668 11669 11666
f 11666 11667 11668
f 11671 11672 11670
f 11684 11685 11673
f 11673 11674 11675
f 11675 11676 11677
f 11677 11678 11679
f 11679 11680 11681
f 11681 11682 11683
f 11683 11684 11673
f 11673 11675 11677
f 11677 11679 11681
f 11681 11683 11673
f 11673 11677 11681
f 11688 11689 11686
f 11686 11687 11688
f 11692 11693 11690
f 11690 11691 11692
f 11695 11697 11694
f 11697 11695 11696
f 11700 11701 11698
f 11698 11699 11700
f 11703 11705 11702
f 11705 11703 11704
f 11708 11709 11706
f 11706 11707 11708
f 11716 11717 11710
f 11712 11713 11714
f 11716 11710 11711
f 11712 11714 11715
f 11715 11716 11711
f 11711 11712 11715
f 11720 11721 11718
f 11718 11719 11720
f 11725 11726 11722
f 11722 11723 11724
f 11724 11725 11722
f 11728 11730 11727
f 11730 11728 11729
f 11734 11735 11731
f 11731 11732 11733
f 11733 11734 11731
f 11738 11739 11736
f 11736 11737 11738
f 11742 11743 11740
f 11740 11741 11742
f 11745 11747 11744
f 11747 11745 11746
f 11751 11752 11748
f 11748 11749 11750
f 11750 11751 11748
f 11755 11756 11753
f 11753 11754 11755
f 11758 11760 11757
f 11760 11758 11759
f 11770 11761 11762
f 11762 11763 11764
f 11766 11767 11768
f 11762 11764 11765
f 11766 11768 11769
f 11770 11762 11765
f 11765 11766 11769
f 11769 11770 11765
f 11773 11774 11771
f 11771 11772 11773
f 11776 11778 11775
f 11778 11776 11777
f 11780 11782 11779
f 11782 11780 11781
f 11785 11786 11783
f 11783 11784 11785
f 11789 11790 11787
f 11787 11788 11789
f 11793 11794 11791
f 11791 11792 11793
f 11796 11798 11795
f 11798 11796 11797
f 11801 11802 11799
f 11799 11800 11801
f 11805 11806 11803
f 11803 11804 11805
f 11808 11811 11807
f 11811 11809 11810
f 11809 11811 11808
f 11813 11815 11812
f 11815 11813 11814
f 11817 11820 11816
f 11820 11818 11819
f 11818 11820 11817
f 11821 11827 11828
f 11826 11824 11825
f 11824 11822 11823
f 11821 11826 11827
f 11826 11822 11824
f 11822 11826 11821
f 11831 11832 11829
f 11829 11830 11831
f 11835 11836 11833
f 11833 11834 11835
f 11838 11842 11837
f 11842 11840 11841
f 11840 11838 11839
f 11838 11840 11842
f 11844 11846 11843
f 11846 11844 11845
f 11848 11850 11847
f 11850 11848 11849
f 11853 11854 11851
f 11851 11852 11853
f 11857 11858 11855
f 11855 11856 11857
f 11861 11862 11859
f 11859 11860 11861
f 11864 11866 11863
f 11866 11864 11865
f 11868 11870 11867
f 11870 11868 11869
f 11873 11874 11871
f 11871 11872 11873
f 11876 11878 11875
f 11878 11876 11877
f 11881 11882 11879
f 11879 11880 11881
f 11884 11886 11883
f 11886 11884 11885
f 11890 11891 11887
f 11887 11888 11889
f 11889 11890 11887
f 11894 11895 11892
f 11892 11893 11894
f 11897 11899 11896
f 11899 11897 11898
f 11902 11903 11900
f 11900 11901 11902
f 11906 11907 11904
f 11904 11905 11906
f 11909 11911 11908
f 11911 11909 11910
f 11913 11915 11912
f 11915 11913 11914
f 11918 11919 11916
f 11916 11917 11918
f 11922 11923 11920
f 11920 11921 11922
f 11925 11927 11924
f 11927 11925 11926
f 11930 11931 11928
f 11928 11929 11930
f 11934 11935 11932
f 11932 11933 11934
f 11937 11939 11936
f 11939 11937 11938
f 11942 11943 11940
f 11940 11941 11942
f 11948 11949 11944
f 11944 11945 11946
f 11947 11948 11944
f 11944 11946 11947
f 11951 11953 11950
f 11953 11951 11952
f 11955 11957 11954
f 11957 11955 11956
f 11959 11961 11958
f 11961 11959 11960
f 11964 11965 11962
f 11962 11963 11964
f 11967 11969 11966
f 11969 11967 11968
f 11972 11973 11970
f 11970 11971 11972
f 11975 11977 11974
f 11977 11975 11976
f 11979 11981 11978
f 11981 11979 11980
f 11983 11985 11982
f 11985 11983 11984
f 11988 11989 11986
f 11986 11987 11988
f 11992 11993 11990
f 11990 11991 11992
f 11995 11997 11994
f 11997 11995 11996
f 11999 12001 11998
f 12001 11999 12000
f 12003 12005 12002
f 12005 12003 12004
f 12008 12009 12006
f 12006 12007 12008
f 12011 12013 12010
f 12013 12011 12012
f 12015 12019 12014
f 12019 12017 12018
f 12017 12015 12016
f 12015 12017 12019
f 12021 12023 12020
f 12023 12021 12022
f 12025 12027 12024
f 12027 12025 12026
f 12032 12033 12028
f 12029 12030 12031
f 12032 12028 12029
f 12029 12031 12032
f 12036 12037 12034
f 12034 12035 12036
f 12039 12041 12038
f 12041 12039 12040
f 12043 12045 12042
f 12045 12043 12044
f 12048 12049 12046
f 12046 12047 12048
f 12051 12053 12050
f 12053 12051 12052
f 12055 12057 12054
f 12057 12055 12056
f 12060 12061 12058
f 12058 12059 12060
f 12063 12065 12062
f 12065 12063 12064
f 12067 12069 12066
f 12069 12067 12068
f 12071 12073 12070
f 12073 12071 12072
f 12075 12077 12074
f 12077 12075 12076
f 12080 12081 12078
f 12078 12079 12080
f 12083 12085 12082
f 12085 12083 12084
f 12088 12089 12086
f 12086 12087 12088
f 12091 12093 12090
f 12093 12091 12092
f 12096 12097 12094
f 12094 12095 12096
f 12099 12101 12098
f 12101 12099 12100
f 12104 12105 12102
f 12102 12103 12104
f 12108 12109 12106
f 12106 12107 12108
f 12111 12113 12110
f 12113 12111 12112
f 12115 12117 12114
f 12117 12115 12116
f 12120 12121 12118
f 12118 12119 12120
f 12124 12125 12122
f 12122 12123 12124
f 12128 12129 12126
f 12126 12127 12128
f 12131 12133 12130
f 12133 12131 12132
f 12135 12138 12134
f 12138 12136 12137
f 12136 12138 12135
f 12141 12142 12139
f 12139 12140 12141
f 12145 12146 12143
f 12143 12144 12145
f 12149 12150 12147
f 12147 12148 12149
f 12152 12154 12151
f 12154 12152 12153
f 12157 12158 12155
f 12155 12156 12157
f 12160 12162 12159
f 12162 12160 12161
f 12165 12166 12163
f 12163 12164 12165
f 12169 12170 12167
f 12167 12168 12169
f 12172 12174 12171
f 12174 12172 12173
f 12176 12178 12175
f 12178 12176 12177
f 12181 12182 12179
f 12179 12180 12181
f 12185 12186 12183
f 12183 12184 12185
f 12189 12190 12187
f 12187 12188 12189
f 12192 12195 12191
f 12195 12193 12194
f 12193 12195 12192
f 12198 12199 12196
f 12196 12197 12198
f 12202 12203 12200
f 12200 12201 12202
f 12214 12215 12204
f 12205 12206 12207
f 12209 12210 12211
f 12212 12213 12214
f 12214 12204 12205
f 12205 12207 12208
f 12209 12211 12212
f 12212 12214 12205
f 12205 12208 12209
f 12209 12212 12205
f 12217 12219 12216
f 12219 12217 12218
f 12221 12223 12220
f 12223 12221 12222
f 12226 12227 12224
f 12224 12225 12226
f 12230 12231 12228
f 12228 12229 12230
f 12234 12235 12232
f 12232 12233 12234
f 12238 12239 12236
f 12236 12237 12238
f 12241 12243 12240
f 12243 12241 12242
f 12246 12247 12244
f 12244 12245 12246
f 12249 12252 12248
f 12252 12250 12251
f 12250 12252 12249
f 12254 12256 12253
f 12256 12254 12255
f 12258 12260 12257
f 12260 12258 12259
f 12263 12264 12261
f 12261 12262 12263
f 12266 12268 12265
f 12268 12266 12267
f 12270 12272 12269
f 12272 12270 12271
f 12274 12278 12273
f 12277 12275 12276
f 12274 12277 12278
f 12277 12274 12275
f 12280 12282 12279
f 12282 12280 12281
f 12285 12286 12283
f 12283 12284 12285
f 12288 12290 12287
f 12290 12288 12289
f 12292 12294 12291
f 12294 12292 12293
f 12296 12298 12295
f 12298 12296 12297
f 12300 12303 12299
f 12303 12301 12302
f 12301 12303 12300
f 12307 12308 12304
f 12304 12305 12306
f 12306 12307 12304
f 12310 12312 12309
f 12312 12310 12311
f 12314 12317 12313
f 12317 12315 12316
f 12315 12317 12314
f 12320 12321 12318
f 12318 12319 12320
f 12324 12325 12322
f 12322 12323 12324
f 12327 12329 12326
f 12329 12327 12328
f 12332 12333 12330
f 12330 12331 12332
f 12335 12337 12334
f 12337 12335 12336
f 12340 12341 12338
f 12338 12339 12340
f 12343 12346 12342
f 12346 12344 12345
f 12344 12346 12343
f 12348 12350 12347
f 12350 12348 12349
f 12353 12354 12351
f 12351 12352 12353
f 12357 12358 12355
f 12355 12356 12357
f 12360 12362 12359
f 12362 12360 12361
f 12365 12366 12363
f 12363 12364 12365
f 12368 12370 12367
f 12370 12368 12369
f 12377 12378 12371
f 12371 12372 12373
f 12375 12376 12377
f 12371 12373 12374
f 12375 12377 12371
f 12371 12374 12375
f 12381 12382 12379
f 12379 12380 12381
f 12384 12386 12383
f 12386 12384 12385
f 12388 12390 12387
f 12390 12388 12389
f 12393 12394 12391
f 12391 12392 12393
f 12396 12398 12395
f 12398 12396 12397
f 12400 12402 12399
f 12402 12400 12401
f 12404 12406 12403
f 12406 12404 12405
o bldg_89f40e29-e1db-447a-af54-e2b2cb3e23c1
v -230.62 -319.517 1.637
v -215.555 -296.134 1.637
v -186.637 -314.765 1.637
v -201.702 -338.148 1.637
v -198.624 -313.087 53.011
v -209.224 -306.258 53.011
v -218.773 -321.079 53.011
v -208.173 -327.909 53.011
v -195.871 -308.815 43.161
v -206.472 -301.986 43.161
v -215.555 -296.134 43.161
v -230.62 -319.517 43.161
v -201.702 -338.147 43.161
v -186.637 -314.765 43.161
v -209.224 -306.258 43.161
v -198.624 -313.087 43.161
v -208.173 -327.909 43.161
v -218.773 -321.079 43.161
v -230.62 -319.517 43.161
v -215.555 -296.134 43.161
v -215.555 -296.134 1.637
v -230.62 -319.517 1.637
v -186.637 -314.765 43.161
v -201.702 -338.147 43.161
v -201.702 -338.148 1.637
v -186.637 -314.765 1.637
v -218.773 -321.079 43.161
v -208.173 -327.909 43.161
v -208.173 -327.909 53.011
v -218.773 -321.079 53.011
v -215.555 -296.134 43.161
v -206.472 -301.986 43.161
v -195.871 -308.815 43.161
v -186.637 -314.765 43.161
v -186.637 -314.765 1.637
v -215.555 -296.134 1.637
v -198.624 -313.087 43.161
v -209.224 -306.258 43.161
v -209.224 -306.258 53.011
v -198.624 -313.087 53.011
v -209.224 -306.258 43.161
v -218.773 -321.079 43.161
v -218.773 -321.079 53.011
v -209.224 -306.258 53.011
v -208.173 -327.909 43.161
v -198.624 -313.087 43.161
v -198.624 -313.087 53.011
v -208.173 -327.909 53.011
v -201.702 -338.147 43.161
v -230.62 -319.517 43.161
v -230.62 -319.517 1.637
v -201.702 -338.148 1.637
f 12408 12410 12407
f 12410 12408 12409
f 12413 12414 12411
f 12411 12412 12413
f 12418 12424 12421
f 12423 12424 12418
f 12419 12420 12415
f 12416 12417 12418
f 12423 12418 12419
f 12416 12418 12421
f 12422 12423 12419
f 12415 12416 12421
f 12422 12419 12415
f 12415 12421 12422
f 12426 12428 12425
f 12428 12426 12427
f 12431 12432 12429
f 12429 12430 12431
f 12435 12436 12433
f 12433 12434 12435
f 12438 12442 12437
f 12442 12440 12441
f 12439 12442 12438
f 12442 12439 12440
f 12444 12446 12443
f 12446 12444 12445
f 12448 12450 12447
f 12450 12448 12449
f 12453 12454 12451
f 12451 12452 12453
f 12457 12458 12455
f 12455 12456 12457
o bldg_6de49632-e1c6-4fab-9a99-8d6b639cb550
v -250.078 -262.43 2.558
v -262.592 -282.334 2.558
v -275.204 -274.405 2.558
v -271.508 -268.526 2.558
v -272.201 -268.091 2.558
v -249.297 -231.662 2.558
v -248.604 -232.098 2.558
v -246.456 -228.68 2.558
v -233.844 -236.61 2.558
v -241.108 -248.164 2.558
v -231.799 -254.017 2.558
v -235.611 -260.08 2.558
v -242.11 -255.994 2.558
v -247.268 -264.198 2.558
v -252.154 -262.52 14.702
v -241.965 -246.313 14.702
v -243.764 -245.182 15.462
v -253.954 -261.389 15.462
v -244.613 -244.649 15.462
v -254.803 -260.856 15.462
v -253.954 -261.389 15.462
v -243.764 -245.182 15.462
v -241.108 -248.164 6.697
v -250.078 -262.43 6.697
v -247.268 -264.198 6.697
v -242.11 -255.994 6.697
v -235.611 -260.08 6.697
v -231.799 -254.017 6.697
v -251.432 -240.341 15.462
v -261.622 -256.548 15.462
v -260.841 -257.039 15.462
v -250.651 -240.832 15.462
v -252.876 -239.433 14.702
v -263.066 -255.64 14.702
v -261.622 -256.548 15.462
v -251.432 -240.341 15.462
v -256.519 -253.19 17.497
v -253.293 -255.218 17.497
v -246.796 -244.886 17.497
v -250.022 -242.857 17.497
v -248.604 -232.098 14.702
v -249.297 -231.662 14.702
v -272.201 -268.091 14.702
v -271.508 -268.526 14.702
v -275.204 -274.405 14.703
v -262.592 -282.334 14.703
v -233.844 -236.61 14.702
v -246.456 -228.681 14.702
v -250.651 -240.832 14.702
v -260.841 -257.039 14.702
v -261.622 -256.548 14.702
v -263.066 -255.64 14.702
v -252.876 -239.433 14.702
v -251.432 -240.341 14.702
v -256.519 -253.19 14.702
v -250.022 -242.857 14.702
v -246.796 -244.886 14.702
v -253.293 -255.218 14.702
v -244.613 -244.649 14.702
v -243.764 -245.182 14.702
v -241.965 -246.313 14.702
v -252.154 -262.52 14.702
v -253.954 -261.389 14.702
v -254.803 -260.856 14.702
v -248.604 -232.098 14.702
v -246.456 -228.681 14.702
v -246.456 -228.68 2.558
v -248.604 -232.098 2.558
v -231.799 -254.017 6.697
v -235.611 -260.08 6.697
v -235.611 -260.08 2.558
v -231.799 -254.017 2.558
v -271.508 -268.526 14.702
v -272.201 -268.091 14.702
v -272.201 -268.091 2.558
v -271.508 -268.526 2.558
v -254.803 -260.856 14.702
v -253.954 -261.389 14.702
v -252.154 -262.52 14.702
v -253.954 -261.389 15.462
v -254.803 -260.856 15.462
v -260.841 -257.039 15.462
v -261.622 -256.548 15.462
v -263.066 -255.64 14.702
v -261.622 -256.548 14.702
v -260.841 -257.039 14.702
v -244.613 -244.649 14.702
v -254.803 -260.856 14.702
v -254.803 -260.856 15.462
v -244.613 -244.649 15.462
v -249.297 -231.662 14.702
v -248.604 -232.098 14.702
v -248.604 -232.098 2.558
v -249.297 -231.662 2.558
v -242.11 -255.994 6.697
v -247.268 -264.198 6.697
v -247.268 -264.198 2.558
v -242.11 -255.994 2.558
v -244.613 -244.649 15.462
v -243.764 -245.182 15.462
v -241.965 -246.313 14.702
v -243.764 -245.182 14.702
v -244.613 -244.649 14.702
v -249.297 -231.662 2.558
v -272.201 -268.091 2.558
v -272.201 -268.091 14.702
v -249.297 -231.662 14.702
v -246.796 -244.886 14.702
v -250.022 -242.857 14.702
v -250.022 -242.857 17.497
v -246.796 -244.886 17.497
v -253.293 -255.218 14.702
v -246.796 -244.886 14.702
v -246.796 -244.886 17.497
v -253.293 -255.218 17.497
v -256.519 -253.19 14.702
v -253.293 -255.218 14.702
v -253.293 -255.218 17.497
v -256.519 -253.19 17.497
v -250.651 -240.832 14.702
v -251.432 -240.341 14.702
v -252.876 -239.433 14.702
v -251.432 -240.341 15.462
v -250.651 -240.832 15.462
v -262.592 -282.334 14.703
v -275.204 -274.405 14.703
v -275.204 -274.405 2.558
v -262.592 -282.334 2.558
v -233.844 -236.61 14.702
v -262.592 -282.334 14.703
v -262.592 -282.334 2.558
v -250.078 -262.43 2.558
v -250.078 -262.43 6.697
v -241.108 -248.164 6.697
v -241.108 -248.164 2.558
v -233.844 -236.61 2.558
v -246.456 -228.681 14.702
v -233.844 -236.61 14.702
v -233.844 -236.61 2.558
v -246.456 -228.68 2.558
v -250.022 -242.857 14.702
v -256.519 -253.19 14.702
v -256.519 -253.19 17.497
v -250.022 -242.857 17.497
v -235.611 -260.08 6.697
v -242.11 -255.994 6.697
v -242.11 -255.994 2.558
v -235.611 -260.08 2.558
v -260.841 -257.039 14.702
v -250.651 -240.832 14.702
v -250.651 -240.832 15.462
v -260.841 -257.039 15.462
v -250.078 -262.43 6.697
v -250.078 -262.43 2.558
v -247.268 -264.198 2.558
v -247.268 -264.198 6.697
v -241.108 -248.164 2.558
v -241.108 -248.164 6.697
v -231.799 -254.017 6.697
v -231.799 -254.017 2.558
v -275.204 -274.405 14.703
v -271.508 -268.526 14.702
v -271.508 -268.526 2.558
v -275.204 -274.405 2.558
f 12459 12471 12472
f 12471 12469 12470
f 12468 12466 12467
f 12465 12463 12464
f 12462 12460 12461
f 12471 12468 12469
f 12468 12465 12466
f 12465 12462 12463
f 12462 12459 12460
f 12459 12468 12471
f 12468 12462 12465
f 12462 12468 12459
f 12475 12476 12473
f 12473 12474 12475
f 12479 12480 12477
f 12477 12478 12479
f 12485 12486 12481
f 12481 12482 12483
f 12484 12485 12481
f 12481 12483 12484
f 12489 12490 12487
f 12487 12488 12489
f 12493 12494 12491
f 12491 12492 12493
f 12497 12498 12495
f 12495 12496 12497
f 12517 12518 12519
f 12521 12522 12501
f 12502 12503 12504
f 12505 12506 12499
f 12499 12500 12501
f 12501 12510 12511
f 12511 12512 12507
f 12516 12513 12508
f 12509 12510 12501
f 12520 12521 12501
f 12499 12501 12511
f 12508 12509 12501
f 12520 12501 12502
f 12505 12499 12511
f 12507 12508 12513
f 12516 12508 12501
f 12520 12502 12504
f 12505 12511 12507
f 12507 12513 12514
f 12516 12501 12522
f 12519 12520 12504
f 12505 12507 12514
f 12515 12516 12522
f 12519 12504 12505
f 12505 12514 12515
f 12515 12522 12517
f 12517 12519 12505
f 12505 12515 12517
f 12524 12526 12523
f 12526 12524 12525
f 12529 12530 12527
f 12527 12528 12529
f 12533 12534 12531
f 12531 12532 12533
f 12538 12539 12535
f 12535 12536 12537
f 12537 12538 12535
f 12543 12544 12540
f 12540 12541 12542
f 12542 12543 12540
f 12546 12548 12545
f 12548 12546 12547
f 12550 12552 12549
f 12552 12550 12551
f 12555 12556 12553
f 12553 12554 12555
f 12558 12561 12557
f 12561 12559 12560
f 12559 12561 12558
f 12563 12565 12562
f 12565 12563 12564
f 12567 12569 12566
f 12569 12567 12568
f 12572 12573 12570
f 12570 12571 12572
f 12576 12577 12574
f 12574 12575 12576
f 12579 12582 12578
f 12582 12580 12581
f 12580 12582 12579
f 12585 12586 12583
f 12583 12584 12585
f 12593 12594 12587
f 12587 12588 12589
f 12589 12590 12591
f 12592 12593 12587
f 12587 12589 12591
f 12591 12592 12587
f 12596 12598 12595
f 12598 12596 12597
f 12600 12602 12599
f 12602 12600 12601
f 12605 12606 12603
f 12603 12604 12605
f 12609 12610 12607
f 12607 12608 12609
f 12613 12614 12611
f 12611 12612 12613
f 12616 12618 12615
f 12618 12616 12617
f 12620 12622 12619
f 12622 12620 12621
o bldg_1510e06c-b3d7-4955-9a51-a96bd7a37c38
v -305.959 191.501 3.402
v -327.691 204.231 3.402
v -316.084 224.062 3.402
v -319.012 225.747 3.402
v -312.677 236.751 3.402
v -309.671 235.021 3.402
v -309.216 235.798 3.402
v -296.316 228.273 3.402
v -295.4 229.838 3.402
v -257.731 207.79 3.402
v -258.615 206.28 3.402
v -245.223 198.467 3.402
v -245.617 197.793 3.402
v -243.177 196.379 3.402
v -249.045 186.254 3.402
v -250.061 186.843 3.402
v -255.351 177.723 3.402
v -256.854 178.594 3.402
v -263.765 166.785 3.402
v -285.651 179.605 3.402
v -288.088 175.44 3.402
v -308.401 187.327 3.402
v -316.127 200.79 18.804
v -317.55 198.291 18.804
v -309.243 193.425 18.804
v -307.738 195.896 18.804
v -287.552 176.356 9.712
v -308.161 187.736 9.296
v -287.849 175.849 9.296
v -316.127 200.79 23.054
v -326.249 206.694 23.054
v -327.691 204.231 23.054
v -317.55 198.291 23.054
v -305.959 191.501 9.54
v -306.294 190.927 9.712
v -297.591 186.599 9.541
v -305.153 215.84 95.911
v -310.887 219.229 95.911
v -311.35 218.446 95.606
v -305.616 215.057 95.606
v -287.849 175.849 9.296
v -308.401 187.327 8.829
v -288.088 175.44 8.829
v -280.876 180.226 14.729
v -283.829 181.948 14.729
v -284.553 182.041 14.729
v -286.156 182.519 14.729
v -286.965 182.783 14.729
v -288.024 180.995 14.729
v -282.407 177.704 14.729
v -302.606 191.874 13.534
v -303.635 190.139 13.534
v -288.024 180.995 13.534
v -286.965 182.783 13.534
v -287.754 183.04 13.534
v -289.262 183.617 13.534
v -290.848 184.265 13.534
v -292.451 184.958 13.534
v -293.899 185.7 13.534
v -295.32 186.503 13.534
v -296.717 187.333 13.534
v -298.105 188.326 13.534
v -299.498 189.262 13.534
v -300.793 190.331 13.534
v -302.062 191.37 13.534
v -245.617 197.793 9.884
v -256.854 178.594 9.884
v -255.351 177.723 9.884
v -250.061 186.843 9.884
v -249.045 186.254 9.884
v -243.177 196.379 9.884
v -283.829 181.949 87.304
v -286.305 183.393 87.304
v -288.755 184.229 87.304
v -292.863 186.036 87.304
v -296.183 187.916 87.304
v -299.578 190.359 87.304
v -302.286 192.716 87.304
v -305.07 194.34 87.304
v -305.006 194.258 87.304
v -303.371 192.584 87.304
v -302.062 191.37 87.304
v -300.793 190.332 87.304
v -299.498 189.262 87.304
v -298.105 188.326 87.304
v -296.717 187.333 87.304
v -295.32 186.503 87.304
v -293.899 185.7 87.304
v -292.451 184.958 87.304
v -290.848 184.265 87.304
v -289.262 183.617 87.304
v -287.754 183.041 87.304
v -286.156 182.52 87.304
v -284.553 182.041 87.304
v -308.161 187.736 9.296
v -308.401 187.327 8.829
v -287.849 175.849 9.296
v -278.207 183.96 96.364
v -266.03 204.992 96.364
v -294.091 221.237 96.364
v -306.267 200.205 96.364
v -314.658 219.55 92.359
v -320.888 208.67 92.359
v -306.267 200.205 92.359
v -297.204 215.86 92.359
v -294.091 221.237 92.359
v -266.03 204.992 92.359
v -278.207 183.96 92.359
v -267.66 177.853 92.359
v -265.729 181.224 92.359
v -268.519 182.822 92.359
v -266.17 186.924 92.359
v -258.901 182.762 92.359
v -250.417 197.583 92.359
v -307.852 231.434 92.359
v -303.086 219.337 92.359
v -305.989 214.426 92.359
v -311.723 217.815 92.359
v -308.82 222.726 92.359
v -303.439 218.74 95.606
v -303.086 219.337 95.264
v -309.173 222.129 95.606
v -285.651 179.605 9.543
v -297.591 186.599 9.541
v -306.294 190.927 9.712
v -285.982 179.04 9.712
v -257.732 207.79 74.559
v -295.4 229.838 74.559
v -296.316 228.273 74.559
v -287.834 223.325 74.559
v -286.681 223.147 74.559
v -285.091 222.627 74.559
v -283.506 222.065 74.559
v -282.014 221.45 74.559
v -280.446 220.761 74.559
v -278.861 220.027 74.559
v -277.432 219.248 74.559
v -276.033 218.408 74.559
v -274.658 217.543 74.559
v -273.296 216.514 74.559
v -271.927 215.542 74.559
v -270.661 214.44 74.559
v -269.419 213.369 74.559
v -268.142 212.122 74.559
v -267.567 211.502 74.559
v -258.615 206.28 74.559
v -309.173 222.129 95.606
v -303.086 219.337 95.264
v -308.82 222.726 95.264
v -309.61 221.389 95.911
v -303.439 218.74 95.606
v -309.173 222.129 95.606
v -274.121 172.851 18.559
v -272.579 175.386 18.559
v -280.876 180.226 18.559
v -282.407 177.704 18.559
v -263.735 174.318 94.924
v -258.901 182.762 94.924
v -266.17 186.924 94.924
v -268.519 182.822 94.924
v -265.729 181.224 94.924
v -268.215 176.884 94.924
v -304.497 216.95 96.084
v -303.876 218.0 95.911
v -310.231 220.339 96.084
v -287.131 177.076 9.949
v -307.865 188.243 9.712
v -287.552 176.356 9.712
v -285.982 179.04 9.712
v -306.294 190.927 9.712
v -307.444 188.963 9.949
v -287.131 177.076 9.949
v -283.091 221.233 87.344
v -279.883 219.852 87.344
v -276.725 218.242 87.344
v -274.121 216.638 87.344
v -271.601 214.799 87.344
v -269.361 212.548 87.344
v -267.567 211.502 87.344
v -268.142 212.122 87.344
v -269.419 213.369 87.344
v -270.661 214.44 87.344
v -271.927 215.542 87.344
v -273.296 216.514 87.344
v -274.658 217.543 87.344
v -276.033 218.408 87.344
v -277.432 219.248 87.344
v -278.861 220.027 87.344
v -280.446 220.761 87.344
v -282.014 221.45 87.344
v -283.506 222.065 87.344
v -285.091 222.627 87.344
v -286.681 223.147 87.344
v -287.834 223.325 87.344
v -285.463 221.942 87.344
v -304.497 216.95 96.084
v -310.231 220.339 96.084
v -310.887 219.229 95.911
v -305.153 215.84 95.911
v -303.876 218.0 95.911
v -303.439 218.74 95.606
v -309.61 221.389 95.911
v -305.616 215.057 95.606
v -311.35 218.446 95.606
v -311.723 217.815 95.264
v -305.989 214.426 95.264
v -316.084 224.062 10.339
v -309.671 235.021 10.339
v -312.677 236.751 10.339
v -319.012 225.747 10.339
v -310.231 220.339 96.084
v -303.876 218.0 95.911
v -309.61 221.389 95.911
v -302.606 191.874 14.724
v -303.371 192.584 14.724
v -305.006 194.258 14.724
v -305.07 194.34 14.724
v -307.738 195.896 14.724
v -309.243 193.425 14.724
v -303.635 190.139 14.724
v -307.865 188.243 9.712
v -308.161 187.736 9.296
v -287.552 176.356 9.712
v -307.444 188.963 9.949
v -307.865 188.243 9.712
v -287.131 177.076 9.949
v -285.463 221.942 91.924
v -309.215 235.798 91.924
v -324.028 210.488 91.924
v -326.248 206.694 91.924
v -302.286 192.716 91.924
v -299.578 190.36 91.924
v -296.183 187.916 91.924
v -292.863 186.036 91.924
v -288.755 184.229 91.924
v -286.305 183.393 91.924
v -265.491 171.251 91.924
v -262.256 169.364 91.924
v -245.223 198.468 91.924
v -269.361 212.548 91.924
v -271.601 214.799 91.924
v -274.121 216.638 91.924
v -276.725 218.242 91.924
v -279.883 219.852 91.924
v -283.091 221.233 91.924
v -320.888 208.67 91.924
v -307.852 231.434 91.924
v -250.417 197.583 91.924
v -263.735 174.318 91.924
v -268.215 176.884 91.924
v -267.66 177.853 91.924
v -262.256 169.363 24.529
v -272.579 175.386 24.529
v -274.121 172.851 24.529
v -263.765 166.785 24.529
v -299.498 189.262 13.534
v -298.105 188.326 13.534
v -298.105 188.326 87.304
v -299.498 189.262 87.304
v -302.286 192.716 87.304
v -299.578 190.359 87.304
v -299.578 190.36 91.924
v -302.286 192.716 91.924
v -296.717 187.333 13.534
v -295.32 186.503 13.534
v -295.32 186.503 87.304
v -296.717 187.333 87.304
v -283.091 221.233 87.344
v -285.463 221.942 87.344
v -285.463 221.942 91.924
v -283.091 221.233 91.924
v -271.927 215.542 74.559
v -273.296 216.514 74.559
v -273.296 216.514 87.344
v -271.927 215.542 87.344
v -286.965 182.783 13.534
v -288.024 180.995 13.534
v -288.024 180.995 14.729
v -286.965 182.783 14.729
v -292.863 186.036 87.304
v -288.755 184.229 87.304
v -288.755 184.229 91.924
v -292.863 186.036 91.924
v -285.651 179.605 3.402
v -285.651 179.605 9.543
v -285.982 179.04 9.712
v -287.131 177.076 9.949
v -287.552 176.356 9.712
v -287.849 175.849 9.296
v -288.088 175.44 8.829
v -288.088 175.44 3.402
v -286.156 182.519 14.729
v -284.553 182.041 14.729
v -284.553 182.041 87.304
v -286.156 182.52 87.304
v -274.658 217.543 74.559
v -276.033 218.408 74.559
v -276.033 218.408 87.344
v -274.658 217.543 87.344
v -280.876 180.226 14.729
v -282.407 177.704 14.729
v -282.407 177.704 18.559
v -280.876 180.226 18.559
v -302.062 191.37 13.534
v -300.793 190.331 13.534
v -300.793 190.332 87.304
v -302.062 191.37 87.304
v -266.03 204.992 92.359
v -294.091 221.237 92.359
v -294.091 221.237 96.364
v -266.03 204.992 96.364
v -279.883 219.852 87.344
v -283.091 221.233 87.344
v -283.091 221.233 91.924
v -279.883 219.852 91.924
v -309.671 235.021 10.339
v -309.671 235.021 3.402
v -312.677 236.751 3.402
v -312.677 236.751 10.339
v -286.965 182.783 14.729
v -286.156 182.519 14.729
v -286.156 182.52 87.304
v -287.754 183.041 87.304
v -287.754 183.04 13.534
v -286.965 182.783 13.534
v -250.417 197.583 91.924
v -307.852 231.434 91.924
v -307.852 231.434 92.359
v -250.417 197.583 92.359
v -268.215 176.884 91.924
v -263.735 174.318 91.924
v -263.735 174.318 94.924
v -268.215 176.884 94.924
v -249.045 186.254 9.884
v -250.061 186.843 9.884
v -250.061 186.843 3.402
v -249.045 186.254 3.402
v -267.567 211.502 87.344
v -267.567 211.502 74.559
v -268.142 212.122 74.559
v -268.142 212.122 87.344
v -309.243 193.425 14.724
v -307.738 195.896 14.724
v -307.738 195.896 18.804
v -309.243 193.425 18.804
v -311.723 217.815 92.359
v -305.989 214.426 92.359
v -305.989 214.426 95.264
v -311.723 217.815 95.264
v -278.861 220.027 74.559
v -280.446 220.761 74.559
v -280.446 220.761 87.344
v -278.861 220.027 87.344
v -245.223 198.467 3.402
v -258.615 206.28 3.402
v -258.615 206.28 74.559
v -267.567 211.502 74.559
v -267.567 211.502 87.344
v -269.361 212.548 87.344
v -269.361 212.548 91.924
v -245.223 198.468 91.924
v -290.848 184.265 13.534
v -289.262 183.617 13.534
v -289.262 183.617 87.304
v -290.848 184.265 87.304
v -316.084 224.062 3.402
v -316.084 224.062 10.339
v -319.012 225.747 10.339
v -319.012 225.747 3.402
v -278.207 183.96 92.359
v -278.207 183.96 96.364
v -306.267 200.205 96.364
v -306.267 200.205 92.359
v -320.888 208.67 92.359
v -320.888 208.67 91.924
v -267.66 177.853 91.924
v -267.66 177.853 92.359
v -250.061 186.843 9.884
v -255.351 177.723 9.884
v -255.351 177.723 3.402
v -250.061 186.843 3.402
v -292.451 184.958 13.534
v -290.848 184.265 13.534
v -290.848 184.265 87.304
v -292.451 184.958 87.304
v -276.725 218.242 87.344
v -279.883 219.852 87.344
v -279.883 219.852 91.924
v -276.725 218.242 91.924
v -303.086 219.337 92.359
v -303.086 219.337 95.264
v -303.439 218.74 95.606
v -303.876 218.0 95.911
v -304.497 216.95 96.084
v -305.153 215.84 95.911
v -305.616 215.057 95.606
v -305.989 214.426 95.264
v -305.989 214.426 92.359
v -294.091 221.237 92.359
v -297.204 215.86 92.359
v -306.267 200.205 92.359
v -306.267 200.205 96.364
v -294.091 221.237 96.364
v -305.07 194.34 14.724
v -305.006 194.258 14.724
v -305.006 194.258 87.304
v -305.07 194.34 87.304
v -272.579 175.386 18.559
v -274.121 172.851 18.559
v -274.121 172.851 24.529
v -272.579 175.386 24.529
v -268.215 176.884 94.924
v -265.729 181.224 94.924
v -265.729 181.224 92.359
v -267.66 177.853 92.359
v -267.66 177.853 91.924
v -268.215 176.884 91.924
v -243.177 196.379 9.884
v -249.045 186.254 9.884
v -249.045 186.254 3.402
v -243.177 196.379 3.402
v -299.578 190.359 87.304
v -296.183 187.916 87.304
v -296.183 187.916 91.924
v -299.578 190.36 91.924
v -283.506 222.065 74.559
v -285.091 222.627 74.559
v -285.091 222.627 87.344
v -283.506 222.065 87.344
v -273.296 216.514 74.559
v -274.658 217.543 74.559
v -274.658 217.543 87.344
v -273.296 216.514 87.344
v -308.401 187.327 3.402
v -308.401 187.327 8.829
v -308.161 187.736 9.296
v -307.865 188.243 9.712
v -307.444 188.963 9.949
v -306.294 190.927 9.712
v -305.959 191.501 9.54
v -305.959 191.501 3.402
v -276.033 218.408 74.559
v -277.432 219.248 74.559
v -277.432 219.248 87.344
v -276.033 218.408 87.344
v -289.262 183.617 13.534
v -287.754 183.04 13.534
v -287.754 183.041 87.304
v -289.262 183.617 87.304
v -256.854 178.594 9.884
v -256.854 178.594 3.402
v -255.351 177.723 3.402
v -255.351 177.723 9.884
v -269.419 213.369 74.559
v -270.661 214.44 74.559
v -270.661 214.44 87.344
v -269.419 213.369 87.344
v -271.601 214.799 87.344
v -274.121 216.638 87.344
v -274.121 216.638 91.924
v -271.601 214.799 91.924
v -258.901 182.762 92.359
v -266.17 186.924 92.359
v -266.17 186.924 94.924
v -258.901 182.762 94.924
v -303.086 219.337 92.359
v -308.82 222.726 92.359
v -308.82 222.726 95.264
v -303.086 219.337 95.264
v -309.215 235.798 91.924
v -285.463 221.942 91.924
v -285.463 221.942 87.344
v -287.834 223.325 87.344
v -287.834 223.325 74.559
v -296.316 228.273 74.559
v -296.316 228.273 3.402
v -309.216 235.798 3.402
v -316.084 224.062 3.402
v -327.691 204.231 3.402
v -327.691 204.231 23.054
v -326.249 206.694 23.054
v -326.248 206.694 91.924
v -324.028 210.488 91.924
v -309.215 235.798 91.924
v -309.216 235.798 3.402
v -309.671 235.021 3.402
v -309.671 235.021 10.339
v -316.084 224.062 10.339
v -245.617 197.793 3.402
v -245.617 197.793 9.884
v -243.177 196.379 9.884
v -243.177 196.379 3.402
v -287.834 223.325 74.559
v -287.834 223.325 87.344
v -286.681 223.147 87.344
v -286.681 223.147 74.559
v -302.286 192.716 91.924
v -326.248 206.694 91.924
v -326.249 206.694 23.054
v -316.127 200.79 23.054
v -316.127 200.79 18.804
v -307.738 195.896 18.804
v -307.738 195.896 14.724
v -305.07 194.34 14.724
v -305.07 194.34 87.304
v -302.286 192.716 87.304
v -280.446 220.761 74.559
v -282.014 221.45 74.559
v -282.014 221.45 87.344
v -280.446 220.761 87.344
v -268.142 212.122 74.559
v -269.419 213.369 74.559
v -269.419 213.369 87.344
v -268.142 212.122 87.344
v -288.088 175.44 8.829
v -308.401 187.327 8.829
v -308.401 187.327 3.402
v -288.088 175.44 3.402
v -270.661 214.44 74.559
v -271.927 215.542 74.559
v -271.927 215.542 87.344
v -270.661 214.44 87.344
v -280.876 180.226 18.559
v -272.579 175.386 18.559
v -272.579 175.386 24.529
v -262.256 169.363 24.529
v -262.256 169.364 91.924
v -265.491 171.251 91.924
v -286.305 183.393 91.924
v -286.305 183.393 87.304
v -283.829 181.949 87.304
v -283.829 181.948 14.729
v -280.876 180.226 14.729
v -317.55 198.291 18.804
v -316.127 200.79 18.804
v -316.127 200.79 23.054
v -317.55 198.291 23.054
v -311.723 217.815 92.359
v -311.723 217.815 95.264
v -311.35 218.446 95.606
v -310.887 219.229 95.911
v -310.231 220.339 96.084
v -309.61 221.389 95.911
v -309.173 222.129 95.606
v -308.82 222.726 95.264
v -308.82 222.726 92.359
v -295.32 186.503 13.534
v -293.899 185.7 13.534
v -293.899 185.7 87.304
v -295.32 186.503 87.304
v -305.006 194.258 14.724
v -303.371 192.584 14.724
v -303.371 192.584 87.304
v -305.006 194.258 87.304
v -274.121 216.638 87.344
v -276.725 218.242 87.344
v -276.725 218.242 91.924
v -274.121 216.638 91.924
v -288.755 184.229 87.304
v -286.305 183.393 87.304
v -286.305 183.393 91.924
v -288.755 184.229 91.924
v -278.207 183.96 92.359
v -266.03 204.992 92.359
v -266.03 204.992 96.364
v -278.207 183.96 96.364
v -302.606 191.874 13.534
v -302.062 191.37 13.534
v -302.062 191.37 87.304
v -303.371 192.584 87.304
v -303.371 192.584 14.724
v -302.606 191.874 14.724
v -300.793 190.331 13.534
v -299.498 189.262 13.534
v -299.498 189.262 87.304
v -300.793 190.332 87.304
v -298.105 188.326 13.534
v -296.717 187.333 13.534
v -296.717 187.333 87.304
v -298.105 188.326 87.304
v -269.361 212.548 87.344
v -271.601 214.799 87.344
v -271.601 214.799 91.924
v -269.361 212.548 91.924
v -266.17 186.924 92.359
v -268.519 182.822 92.359
v -268.519 182.822 94.924
v -266.17 186.924 94.924
v -296.316 228.273 3.402
v -296.316 228.273 74.559
v -295.4 229.838 74.559
v -295.4 229.838 3.402
v -309.243 193.425 18.804
v -317.55 198.291 18.804
v -317.55 198.291 23.054
v -327.691 204.231 23.054
v -327.691 204.231 3.402
v -305.959 191.501 3.402
v -305.959 191.501 9.54
v -297.591 186.599 9.541
v -285.651 179.605 9.543
v -285.651 179.605 3.402
v -263.765 166.785 3.402
v -263.765 166.785 24.529
v -274.121 172.851 24.529
v -274.121 172.851 18.559
v -282.407 177.704 18.559
v -282.407 177.704 14.729
v -288.024 180.995 14.729
v -288.024 180.995 13.534
v -303.635 190.139 13.534
v -303.635 190.139 14.724
v -309.243 193.425 14.724
v -277.432 219.248 74.559
v -278.861 220.027 74.559
v -278.861 220.027 87.344
v -277.432 219.248 87.344
v -296.183 187.916 87.304
v -292.863 186.036 87.304
v -292.863 186.036 91.924
v -296.183 187.916 91.924
v -285.091 222.627 74.559
v -286.681 223.147 74.559
v -286.681 223.147 87.344
v -285.091 222.627 87.344
v -319.012 225.747 10.339
v -312.677 236.751 10.339
v -312.677 236.751 3.402
v -319.012 225.747 3.402
v -295.4 229.838 74.559
v -257.732 207.79 74.559
v -257.731 207.79 3.402
v -295.4 229.838 3.402
v -262.256 169.364 91.924
v -262.256 169.363 24.529
v -263.765 166.785 24.529
v -263.765 166.785 3.402
v -256.854 178.594 3.402
v -256.854 178.594 9.884
v -245.617 197.793 9.884
v -245.617 197.793 3.402
v -245.223 198.467 3.402
v -245.223 198.468 91.924
v -307.852 231.434 91.924
v -320.888 208.67 91.924
v -320.888 208.67 92.359
v -314.658 219.55 92.359
v -307.852 231.434 92.359
v -303.635 190.139 13.534
v -302.606 191.874 13.534
v -302.606 191.874 14.724
v -303.635 190.139 14.724
v -293.899 185.7 13.534
v -292.451 184.958 13.534
v -292.451 184.958 87.304
v -293.899 185.7 87.304
v -268.519 182.822 92.359
v -265.729 181.224 92.359
v -265.729 181.224 94.924
v -268.519 182.822 94.924
v -284.553 182.041 14.729
v -283.829 181.948 14.729
v -283.829 181.949 87.304
v -284.553 182.041 87.304
v -282.014 221.45 74.559
v -283.506 222.065 74.559
v -283.506 222.065 87.344
v -282.014 221.45 87.344
v -258.615 206.28 74.559
v -258.615 206.28 3.402
v -257.731 207.79 3.402
v -257.732 207.79 74.559
v -258.901 182.762 94.924
v -263.735 174.318 94.924
v -263.735 174.318 91.924
v -250.417 197.583 91.924
v -250.417 197.583 92.359
v -258.901 182.762 92.359
f 12623 12643 12644
f 12642 12640 12641
f 12640 12638 12639
f 12638 12636 12637
f 12635 12633 12634
f 12633 12631 12632
f 12630 12628 12629
f 12628 12626 12627
f 12625 12623 12624
f 12623 12642 12643
f 12642 12638 12640
f 12638 12635 12636
f 12635 12631 12633
f 12630 12626 12628
f 12625 12642 12623
f 12642 12635 12638
f 12635 12630 12631
f 12630 12625 12626
f 12625 12635 12642
f 12635 12625 12630
f 12647 12648 12645
f 12645 12646 12647
f 12650 12651 12649
f 12654 12655 12652
f 12652 12653 12654
f 12657 12658 12656
f 12661 12662 12659
f 12659 12660 12661
f 12664 12665 12663
f 12671 12672 12666
f 12666 12667 12668
f 12669 12670 12671
f 12671 12666 12668
f 12668 12669 12671
f 12687 12673 12674
f 12675 12676 12677
f 12683 12684 12685
f 12685 12686 12687
f 12675 12677 12678
f 12685 12687 12674
f 12675 12678 12679
f 12683 12685 12674
f 12675 12679 12680
f 12682 12683 12674
f 12674 12675 12680
f 12681 12682 12674
f 12674 12680 12681
f 12692 12693 12688
f 12688 12689 12690
f 12691 12692 12688
f 12688 12690 12691
f 12715 12716 12694
f 12694 12695 12696
f 12699 12700 12701
f 12701 12702 12703
f 12703 12704 12705
f 12705 12706 12707
f 12707 12708 12709
f 12709 12710 12711
f 12711 12712 12713
f 12713 12714 12715
f 12715 12694 12696
f 12699 12701 12703
f 12703 12705 12707
f 12707 12709 12711
f 12711 12713 12715
f 12715 12696 12697
f 12698 12699 12703
f 12703 12707 12711
f 12711 12715 12697
f 12698 12703 12711
f 12711 12697 12698
f 12718 12719 12717
f 12722 12723 12720
f 12720 12721 12722
f 12725 12740 12741
f 12739 12740 12725
f 12725 12726 12727
f 12730 12731 12732
f 12734 12735 12736
f 12737 12724 12725
f 12739 12725 12727
f 12730 12732 12733
f 12737 12725 12741
f 12738 12739 12727
f 12729 12730 12733
f 12737 12741 12738
f 12738 12727 12728
f 12729 12733 12734
f 12737 12738 12728
f 12729 12734 12736
f 12736 12737 12728
f 12728 12729 12736
f 12743 12744 12742
f 12747 12748 12745
f 12745 12746 12747
f 12767 12768 12749
f 12750 12751 12752
f 12761 12762 12763
f 12763 12764 12765
f 12766 12767 12749
f 12750 12752 12753
f 12765 12766 12749
f 12750 12753 12754
f 12763 12765 12749
f 12750 12754 12755
f 12761 12763 12749
f 12750 12755 12756
f 12760 12761 12749
f 12750 12756 12757
f 12759 12760 12749
f 12750 12757 12758
f 12759 12749 12750
f 12750 12758 12759
f 12770 12771 12769
f 12773 12774 12772
f 12777 12778 12775
f 12775 12776 12777
f 12783 12784 12779
f 12779 12780 12781
f 12781 12782 12783
f 12783 12779 12781
f 12786 12787 12785
f 12789 12790 12788
f 12793 12794 12791
f 12791 12792 12793
f 12816 12817 12795
f 12799 12800 12801
f 12801 12802 12803
f 12804 12805 12806
f 12806 12807 12808
f 12808 12809 12810
f 12810 12811 12812
f 12812 12813 12814
f 12814 12815 12816
f 12816 12795 12796
f 12799 12801 12803
f 12803 12804 12806
f 12806 12808 12810
f 12810 12812 12814
f 12814 12816 12796
f 12798 12799 12803
f 12803 12806 12810
f 12810 12814 12796
f 12798 12803 12810
f 12810 12796 12797
f 12797 12798 12810
f 12820 12821 12818
f 12818 12819 12820
f 12823 12824 12822
f 12827 12828 12825
f 12825 12826 12827
f 12831 12832 12829
f 12829 12830 12831
f 12834 12835 12833
f 12841 12842 12836
f 12838 12839 12840
f 12840 12841 12836
f 12837 12838 12840
f 12840 12836 12837
f 12844 12845 12843
f 12847 12848 12846
f 12852 12868 12869
f 12872 12873 12868
f 12868 12852 12853
f 12853 12854 12855
f 12855 12856 12857
f 12858 12859 12860
f 12862 12863 12864
f 12864 12865 12866
f 12866 12867 12849
f 12850 12851 12852
f 12872 12868 12853
f 12853 12855 12857
f 12862 12864 12866
f 12850 12852 12869
f 12871 12872 12853
f 12853 12857 12858
f 12862 12866 12849
f 12849 12850 12869
f 12871 12853 12858
f 12862 12849 12869
f 12871 12858 12860
f 12861 12862 12869
f 12870 12871 12860
f 12861 12869 12870
f 12870 12860 12861
f 12876 12877 12874
f 12874 12875 12876
f 12880 12881 12878
f 12878 12879 12880
f 12884 12885 12882
f 12882 12883 12884
f 12888 12889 12886
f 12886 12887 12888
f 12891 12893 12890
f 12893 12891 12892
f 12895 12897 12894
f 12897 12895 12896
f 12899 12901 12898
f 12901 12899 12900
f 12904 12905 12902
f 12902 12903 12904
f 12912 12913 12906
f 12906 12907 12908
f 12908 12909 12910
f 12910 12911 12912
f 12912 12906 12908
f 12908 12910 12912
f 12916 12917 12914
f 12914 12915 12916
f 12919 12921 12918
f 12921 12919 12920
f 12923 12925 12922
f 12925 12923 12924
f 12928 12929 12926
f 12926 12927 12928
f 12931 12933 12930
f 12933 12931 12932
f 12935 12937 12934
f 12937 12935 12936
f 12939 12941 12938
f 12941 12939 12940
f 12946 12947 12942
f 12942 12943 12944
f 12944 12945 12946
f 12946 12942 12944
f 12949 12951 12948
f 12951 12949 12950
f 12954 12955 12952
f 12952 12953 12954
f 12958 12959 12956
f 12956 12957 12958
f 12962 12963 12960
f 12960 12961 12962
f 12966 12967 12964
f 12964 12965 12966
f 12970 12971 12968
f 12968 12969 12970
f 12973 12975 12972
f 12975 12973 12974
f 12977 12983 12976
f 12983 12981 12982
f 12980 12978 12979
f 12978 12983 12977
f 12983 12980 12981
f 12980 12983 12978
f 12986 12987 12984
f 12984 12985 12986
f 12990 12991 12988
f 12988 12989 12990
f 12998 12999 12992
f 12992 12993 12994
f 12995 12996 12997
f 12997 12998 12992
f 12992 12994 12995
f 12995 12997 12992
f 13002 13003 13000
f 13000 13001 13002
f 13006 13007 13004
f 13004 13005 13006
f 13009 13011 13008
f 13011 13009 13010
f 13019 13020 13012
f 13012 13013 13014
f 13014 13015 13016
f 13016 13017 13018
f 13018 13019 13012
f 13012 13014 13016
f 13016 13018 13012
f 13022 13025 13021
f 13025 13023 13024
f 13023 13025 13022
f 13027 13029 13026
f 13029 13027 13028
f 13031 13033 13030
f 13033 13031 13032
f 13035 13039 13034
f 13039 13037 13038
f 13037 13035 13036
f 13035 13037 13039
f 13042 13043 13040
f 13040 13041 13042
f 13046 13047 13044
f 13044 13045 13046
f 13049 13051 13048
f 13051 13049 13050
f 13053 13055 13052
f 13055 13053 13054
f 13057 13063 13056
f 13063 13061 13062
f 13061 13059 13060
f 13059 13057 13058
f 13057 13061 13063
f 13061 13057 13059
f 13065 13067 13064
f 13067 13065 13066
f 13070 13071 13068
f 13068 13069 13070
f 13074 13075 13072
f 13072 13073 13074
f 13077 13079 13076
f 13079 13077 13078
f 13081 13083 13080
f 13083 13081 13082
f 13085 13087 13084
f 13087 13085 13086
f 13089 13091 13088
f 13091 13089 13090
f 13092 13098 13099
f 13097 13095 13096
f 13095 13093 13094
f 13092 13097 13098
f 13097 13093 13095
f 13093 13097 13092
f 13101 13110 13100
f 13109 13107 13108
f 13105 13103 13104
f 13103 13101 13102
f 13109 13106 13107
f 13106 13103 13105
f 13103 13110 13101
f 13110 13106 13109
f 13106 13110 13103
f 13112 13114 13111
f 13114 13112 13113
f 13116 13118 13115
f 13118 13116 13117
f 13127 13128 13119
f 13120 13121 13122
f 13122 13123 13124
f 13124 13125 13126
f 13127 13119 13120
f 13120 13122 13124
f 13124 13126 13127
f 13127 13120 13124
f 13130 13132 13129
f 13132 13130 13131
f 13134 13136 13133
f 13136 13134 13135
f 13139 13140 13137
f 13137 13138 13139
f 13142 13144 13141
f 13144 13142 13143
f 13154 13155 13145
f 13145 13146 13147
f 13147 13148 13149
f 13150 13151 13152
f 13153 13154 13145
f 13145 13147 13149
f 13149 13150 13152
f 13153 13145 13149
f 13149 13152 13153
f 13158 13159 13156
f 13156 13157 13158
f 13161 13168 13160
f 13168 13166 13167
f 13166 13164 13165
f 13164 13162 13163
f 13162 13168 13161
f 13168 13164 13166
f 13164 13168 13162
f 13171 13172 13169
f 13169 13170 13171
f 13174 13176 13173
f 13176 13174 13175
f 13178 13180 13177
f 13180 13178 13179
f 13183 13184 13181
f 13181 13182 13183
f 13187 13188 13185
f 13185 13186 13187
f 13194 13189 13190
f 13190 13191 13192
f 13192 13193 13194
f 13194 13190 13192
f 13197 13198 13195
f 13195 13196 13197
f 13201 13202 13199
f 13199 13200 13201
f 13205 13206 13203
f 13203 13204 13205
f 13208 13210 13207
f 13210 13208 13209
f 13212 13214 13211
f 13214 13212 13213
f 13235 13215 13216
f 13216 13217 13218
f 13218 13219 13220
f 13221 13222 13223
f 13223 13224 13225
f 13225 13226 13227
f 13228 13229 13230
f 13230 13231 13232
f 13233 13234 13235
f 13235 13216 13218
f 13218 13220 13221
f 13225 13227 13228
f 13235 13218 13221
f 13223 13225 13228
f 13233 13235 13221
f 13223 13228 13230
f 13232 13233 13221
f 13221 13223 13230
f 13230 13232 13221
f 13237 13239 13236
f 13239 13237 13238
f 13242 13243 13240
f 13240 13241 13242
f 13245 13247 13244
f 13247 13245 13246
f 13249 13251 13248
f 13251 13249 13250
f 13253 13255 13252
f 13255 13253 13254
f 13265 13256 13257
f 13257 13258 13259
f 13259 13260 13261
f 13262 13263 13264
f 13265 13257 13259
f 13262 13264 13265
f 13265 13259 13261
f 13261 13262 13265
f 13267 13270 13266
f 13269 13267 13268
f 13267 13269 13270
f 13273 13274 13271
f 13271 13272 13273
f 13277 13278 13275
f 13275 13276 13277
f 13281 13282 13279
f 13279 13280 13281
f 13285 13286 13283
f 13283 13284 13285
f 13288 13290 13287
f 13290 13288 13289
f 13293 13294 13291
f 13291 13292 13293
f 13300 13295 13296
f 13297 13298 13299
f 13300 13296 13297
f 13297 13299 13300
o bldg_cbb0fd74-3743-42f2-9692-2679be6a3f78
v 51.633 20.516 21.8
v 44.335 23.402 21.8
v 39.13 15.525 21.8
v 45.784 11.261 21.8
v 58.583 17.768 19.152
v 48.633 2.711 19.152
v 48.633 2.711 2.257
v 58.583 17.768 2.257
v 48.633 2.711 19.152
v 36.124 10.977 19.152
v 42.379 6.844 2.257
v 42.379 6.844 2.257
v 36.124 10.977 19.152
v 36.124 10.977 2.257
v 48.633 2.711 19.152
v 42.379 6.844 2.257
v 48.633 2.711 2.257
v 51.633 20.516 21.8
v 45.784 11.261 21.8
v 45.784 11.261 19.152
v 51.633 20.516 19.152
v 45.784 11.261 21.8
v 39.13 15.525 21.8
v 39.13 15.525 19.152
v 45.784 11.261 19.152
v 39.13 15.525 2.257
v 36.124 10.977 2.257
v 36.124 10.977 19.152
v 39.13 15.525 19.152
v 44.335 23.402 2.257
v 39.13 15.525 2.257
v 39.13 15.525 19.152
v 44.335 23.402 21.8
v 44.335 23.402 21.8
v 39.13 15.525 19.152
v 39.13 15.525 21.8
v 58.583 17.768 19.152
v 55.108 19.142 2.257
v 51.633 20.516 19.152
v 58.583 17.768 19.152
v 58.583 17.768 2.257
v 55.108 19.142 2.257
v 55.108 19.142 2.257
v 51.633 20.516 2.257
v 51.633 20.516 19.152
v 51.633 20.516 21.8
v 51.633 20.516 19.152
v 44.335 23.402 21.8
v 51.633 20.516 2.257
v 44.335 23.402 2.257
v 44.335 23.402 21.8
v 51.633 20.516 19.152
v 58.583 17.768 2.257
v 48.633 2.711 2.257
v 42.379 6.844 2.257
v 36.124 10.977 2.257
v 39.13 15.525 2.257
v 44.335 23.402 2.257
v 51.633 20.516 2.257
v 55.108 19.142 2.257
v 48.633 2.711 19.152
v 45.784 11.261 19.152
v 36.124 10.977 19.152
v 45.784 11.261 19.152
v 39.13 15.525 19.152
v 36.124 10.977 19.152
v 58.583 17.768 19.152
v 45.784 11.261 19.152
v 48.633 2.711 19.152
v 58.583 17.768 19.152
v 51.633 20.516 19.152
v 45.784 11.261 19.152
f 13303 13304 13301
f 13301 13302 13303
f 13307 13308 13305
f 13305 13306 13307
f 13310 13311 13309
f 13313 13314 13312
f 13316 13317 13315
f 13320 13321 13318
f 13318 13319 13320
f 13324 13325 13322
f 13322 13323 13324
f 13327 13329 13326
f 13329 13327 13328
f 13331 13333 13330
f 13333 13331 13332
f 13335 13336 13334
f 13338 13339 13337
f 13341 13342 13340
f 13344 13345 13343
f 13347 13348 13346
f 13350 13352 13349
f 13352 13350 13351
f 13354 13360 13353
f 13359 13357 13358
f 13357 13355 13356
f 13355 13360 13354
f 13360 13357 13359
f 13357 13360 13355
f 13362 13363 13361
f 13365 13366 13364
f 13368 13369 13367
f 13371 13372 13370
o bldg_c747c4e6-ebd5-4249-a66d-cafdfb77e185
v 14.11 28.277 24.851
v 13.951 28.374 24.851
v 13.717 27.986 24.851
v 14.11 28.277 24.851
v 13.717 27.986 24.851
v 13.038 22.596 24.851
v 20.67 24.316 24.851
v 14.11 28.277 24.851
v 13.038 22.596 24.851
v 31.558 17.742 24.851
v 20.67 24.316 24.851
v 15.968 9.082 24.851
v 23.561 4.497 24.851
v 13.717 27.986 24.851
v 11.151 23.736 24.851
v 13.038 22.596 24.851
v 13.498 18.331 24.851
v 13.038 22.596 24.851
v 11.273 19.674 24.851
v 20.67 24.316 24.851
v 13.038 22.596 24.851
v 13.498 18.331 24.851
v 15.968 9.082 24.851
v 13.498 18.331 24.851
v 10.066 12.646 24.851
v 20.67 24.316 24.851
v 13.498 18.331 24.851
v 15.968 9.082 24.851
v 13.498 18.331 27.82
v 10.066 12.646 27.82
v 10.066 12.646 24.851
v 13.498 18.331 24.851
v 13.038 22.596 24.851
v 11.151 23.736 24.851
v 11.151 23.736 27.82
v 13.038 22.596 27.82
v 13.038 22.596 27.82
v 11.273 19.674 27.82
v 11.273 19.674 24.851
v 13.038 22.596 24.851
v 13.498 18.331 24.851
v 11.273 19.674 24.851
v 11.273 19.674 27.82
v 13.498 18.331 27.82
v 8.124 18.724 31.01
v 5.911 15.155 31.01
v 5.911 15.155 33.24
v 8.124 18.724 33.24
v 13.717 27.986 2.333
v 12.427 28.765 2.333
v 12.427 28.765 23.117
v 13.717 27.986 23.117
v 11.151 23.736 23.117
v 9.854 24.505 23.117
v 9.854 24.505 2.333
v 11.151 23.736 2.333
v 12.427 28.765 23.117
v 11.141 26.635 2.333
v 9.854 24.505 23.117
v 12.427 28.765 23.117
v 12.427 28.765 2.333
v 11.141 26.635 2.333
v 11.141 26.635 2.333
v 9.854 24.505 2.333
v 9.854 24.505 23.117
v 11.233 16.88 33.24
v 9.025 13.275 33.24
v 9.025 13.275 27.82
v 11.233 16.88 27.82
v 11.233 16.88 33.24
v 11.233 16.88 27.82
v 8.124 18.724 31.01
v 11.233 16.88 27.82
v 8.124 18.724 27.82
v 8.124 18.724 31.01
v 11.233 16.88 33.24
v 8.124 18.724 31.01
v 8.124 18.724 33.24
v 8.124 18.724 31.01
v 8.124 18.724 27.82
v 6.728 19.567 31.01
v 8.124 18.724 2.333
v 6.728 19.567 2.333
v 6.728 19.567 31.01
v 8.124 18.724 27.82
v 6.728 19.567 2.333
v 4.558 15.973 2.333
v 4.558 15.973 31.01
v 6.728 19.567 31.01
v 23.198 28.502 7.805
v 20.67 24.316 7.805
v 20.67 24.316 2.333
v 23.198 28.502 2.333
v 16.638 32.464 2.333
v 14.11 28.277 2.333
v 14.11 28.277 7.754
v 16.638 32.464 7.754
v 23.198 28.502 2.333
v 16.638 32.464 2.333
v 16.638 32.464 7.754
v 23.198 28.502 7.805
v 14.11 28.277 7.754
v 14.11 28.277 2.333
v 13.951 28.374 2.333
v 14.11 28.277 7.754
v 13.951 28.374 2.333
v 13.951 28.374 24.851
v 14.11 28.277 24.851
v 20.67 24.316 7.805
v 14.11 28.277 7.754
v 14.11 28.277 24.851
v 20.67 24.316 24.851
v 31.558 17.742 24.851
v 26.114 21.029 2.333
v 20.67 24.316 24.851
v 31.558 17.742 24.851
v 31.558 17.742 2.333
v 26.114 21.029 2.333
v 26.114 21.029 2.333
v 20.67 24.316 2.333
v 20.67 24.316 7.805
v 26.114 21.029 2.333
v 20.67 24.316 7.805
v 20.67 24.316 24.851
v 31.558 17.742 24.851
v 23.561 4.497 24.851
v 23.561 4.497 2.333
v 31.558 17.742 2.333
v 10.066 12.646 24.851
v 9.025 13.275 27.82
v 9.025 13.275 2.333
v 10.066 12.646 2.333
v 10.066 12.646 27.82
v 9.025 13.275 27.82
v 10.066 12.646 24.851
v 9.025 13.275 27.82
v 6.72 14.667 33.24
v 6.72 14.667 2.333
v 9.025 13.275 2.333
v 9.025 13.275 33.24
v 6.72 14.667 33.24
v 9.025 13.275 27.82
v 6.315 14.911 2.333
v 5.911 15.155 31.01
v 5.911 15.155 2.333
v 6.315 14.911 2.333
v 5.911 15.155 33.24
v 5.911 15.155 31.01
v 6.72 14.667 33.24
v 5.911 15.155 33.24
v 6.315 14.911 2.333
v 6.72 14.667 33.24
v 6.315 14.911 2.333
v 6.72 14.667 2.333
v 5.911 15.155 31.01
v 4.558 15.973 31.01
v 4.558 15.973 2.333
v 5.911 15.155 2.333
v 23.561 4.497 24.851
v 15.968 9.082 24.851
v 15.968 9.082 2.333
v 23.561 4.497 2.333
v 15.968 9.082 24.851
v 10.066 12.646 24.851
v 13.017 10.864 2.333
v 13.017 10.864 2.333
v 10.066 12.646 24.851
v 10.066 12.646 2.333
v 15.968 9.082 24.851
v 13.017 10.864 2.333
v 15.968 9.082 2.333
v 11.151 23.736 24.851
v 11.151 23.736 23.117
v 8.124 18.724 27.82
v 11.151 23.736 27.82
v 11.151 23.736 24.851
v 8.124 18.724 27.82
v 11.151 23.736 2.333
v 8.124 18.724 2.333
v 8.124 18.724 27.82
v 11.151 23.736 23.117
v 13.717 27.986 23.117
v 11.151 23.736 23.117
v 11.151 23.736 24.851
v 13.717 27.986 24.851
v 13.951 28.374 2.333
v 13.717 27.986 2.333
v 13.717 27.986 23.117
v 13.951 28.374 24.851
v 13.951 28.374 24.851
v 13.717 27.986 23.117
v 13.717 27.986 24.851
v 23.198 28.502 2.333
v 20.67 24.316 2.333
v 26.114 21.029 2.333
v 31.558 17.742 2.333
v 23.561 4.497 2.333
v 15.968 9.082 2.333
v 13.017 10.864 2.333
v 10.066 12.646 2.333
v 9.025 13.275 2.333
v 6.72 14.667 2.333
v 6.315 14.911 2.333
v 5.911 15.155 2.333
v 4.558 15.973 2.333
v 6.728 19.567 2.333
v 8.124 18.724 2.333
v 11.151 23.736 2.333
v 9.854 24.505 2.333
v 11.141 26.635 2.333
v 12.427 28.765 2.333
v 13.717 27.986 2.333
v 13.951 28.374 2.333
v 14.11 28.277 2.333
v 16.638 32.464 2.333
v 23.198 28.502 7.805
v 16.638 32.464 7.754
v 14.11 28.277 7.754
v 23.198 28.502 7.805
v 14.11 28.277 7.754
v 20.67 24.316 7.805
v 6.728 19.567 31.01
v 4.558 15.973 31.01
v 5.911 15.155 31.01
v 8.124 18.724 31.01
v 8.124 18.724 33.24
v 5.911 15.155 33.24
v 6.72 14.667 33.24
v 11.233 16.88 33.24
v 8.124 18.724 33.24
v 6.72 14.667 33.24
v 9.025 13.275 33.24
v 13.498 18.331 27.82
v 11.273 19.674 27.82
v 11.233 16.88 27.82
v 11.273 19.674 27.82
v 11.151 23.736 27.82
v 8.124 18.724 27.82
v 13.498 18.331 27.82
v 11.233 16.88 27.82
v 10.066 12.646 27.82
v 11.273 19.674 27.82
v 8.124 18.724 27.82
v 11.233 16.88 27.82
v 13.038 22.596 27.82
v 11.151 23.736 27.82
v 11.273 19.674 27.82
v 11.233 16.88 27.82
v 9.025 13.275 27.82
v 10.066 12.646 27.82
v 12.427 28.765 23.117
v 9.854 24.505 23.117
v 11.151 23.736 23.117
v 13.717 27.986 23.117
f 13374 13375 13373
f 13377 13378 13376
f 13380 13381 13379
f 13384 13385 13382
f 13382 13383 13384
f 13387 13388 13386
f 13390 13391 13389
f 13393 13394 13392
f 13396 13397 13395
f 13399 13400 13398
f 13403 13404 13401
f 13401 13402 13403
f 13406 13408 13405
f 13408 13406 13407
f 13411 13412 13409
f 13409 13410 13411
f 13414 13416 13413
f 13416 13414 13415
f 13418 13420 13417
f 13420 13418 13419
f 13422 13424 13421
f 13424 13422 13423
f 13427 13428 13425
f 13425 13426 13427
f 13430 13431 13429
f 13433 13434 13432
f 13436 13437 13435
f 13440 13441 13438
f 13438 13439 13440
f 13443 13444 13442
f 13446 13447 13445
f 13449 13450 13448
f 13452 13453 13451
f 13455 13457 13454
f 13457 13455 13456
f 13459 13461 13458
f 13461 13459 13460
f 13464 13465 13462
f 13462 13463 13464
f 13467 13469 13466
f 13469 13467 13468
f 13471 13473 13470
f 13473 13471 13472
f 13475 13476 13474
f 13478 13480 13477
f 13480 13478 13479
f 13482 13484 13481
f 13484 13482 13483
f 13486 13487 13485
f 13489 13490 13488
f 13492 13493 13491
f 13495 13496 13494
f 13499 13500 13497
f 13497 13498 13499
f 13503 13504 13501
f 13501 13502 13503
f 13506 13507 13505
f 13510 13511 13508
f 13508 13509 13510
f 13513 13514 13512
f 13516 13517 13515
f 13519 13520 13518
f 13522 13523 13521
f 13525 13526 13524
f 13529 13530 13527
f 13527 13528 13529
f 13533 13534 13531
f 13531 13532 13533
f 13536 13537 13535
f 13539 13540 13538
f 13542 13543 13541
f 13545 13546 13544
f 13548 13549 13547
f 13551 13553 13550
f 13553 13551 13552
f 13555 13557 13554
f 13557 13555 13556
f 13559 13561 13558
f 13561 13559 13560
f 13563 13564 13562
f 13566 13587 13565
f 13586 13584 13585
f 13584 13582 13583
f 13582 13580 13581
f 13579 13577 13578
f 13577 13575 13576
f 13575 13573 13574
f 13572 13570 13571
f 13570 13568 13569
f 13566 13586 13587
f 13584 13580 13582
f 13579 13575 13577
f 13573 13570 13572
f 13570 13567 13568
f 13566 13584 13586
f 13584 13579 13580
f 13579 13573 13575
f 13573 13567 13570
f 13567 13584 13566
f 13584 13573 13579
f 13573 13584 13567
f 13589 13590 13588
f 13592 13593 13591
f 13596 13597 13594
f 13594 13595 13596
f 13599 13600 13598
f 13603 13604 13601
f 13601 13602 13603
f 13606 13607 13605
f 13609 13610 13608
f 13612 13613 13611
f 13615 13616 13614
f 13618 13619 13617
f 13621 13622 13620
f 13625 13626 13623
f 13623 13624 13625
o bldg_0daf1be6-ea91-4478-a165-fbd1753933d9
v 31.246 -2.904 16.927
v 27.289 -0.29 16.927
v 25.129 -3.561 16.927
v 29.086 -6.175 16.927
v 39.706 1.966 2.589
v 32.099 6.991 2.589
v 32.099 6.991 14.989
v 39.706 1.966 14.989
v 39.706 1.966 14.989
v 27.77 -16.103 14.989
v 27.77 -16.103 2.589
v 39.706 1.966 2.589
v 27.77 -16.103 14.989
v 20.163 -11.078 14.989
v 20.163 -11.078 2.589
v 27.77 -16.103 2.589
v 31.246 -2.904 16.927
v 29.086 -6.175 16.927
v 29.086 -6.175 14.989
v 31.246 -2.904 14.989
v 29.086 -6.175 16.927
v 25.129 -3.561 16.927
v 25.129 -3.561 14.989
v 29.086 -6.175 14.989
v 32.099 6.991 2.589
v 27.289 -0.29 2.589
v 27.289 -0.29 14.989
v 32.099 6.991 14.989
v 25.129 -3.561 2.589
v 20.163 -11.078 2.589
v 20.163 -11.078 14.989
v 25.129 -3.561 14.989
v 27.289 -0.29 2.589
v 25.129 -3.561 2.589
v 25.129 -3.561 14.989
v 27.289 -0.29 14.989
v 27.289 -0.29 14.989
v 25.129 -3.561 14.989
v 25.129 -3.561 16.927
v 27.289 -0.29 16.927
v 31.246 -2.904 14.989
v 27.289 -0.29 14.989
v 27.289 -0.29 16.927
v 31.246 -2.904 16.927
v 39.706 1.966 2.589
v 27.77 -16.103 2.589
v 20.163 -11.078 2.589
v 25.129 -3.561 2.589
v 27.289 -0.29 2.589
v 32.099 6.991 2.589
v 29.086 -6.175 14.989
v 20.163 -11.078 14.989
v 27.77 -16.103 14.989
v 29.086 -6.175 14.989
v 25.129 -3.561 14.989
v 20.163 -11.078 14.989
v 39.706 1.966 14.989
v 29.086 -6.175 14.989
v 27.77 -16.103 14.989
v 39.706 1.966 14.989
v 31.246 -2.904 14.989
v 29.086 -6.175 14.989
v 39.706 1.966 14.989
v 32.099 6.991 14.989
v 31.246 -2.904 14.989
v 32.099 6.991 14.989
v 27.289 -0.29 14.989
v 31.246 -2.904 14.989
f 13629 13630 13627
f 13627 13628 13629
f 13632 13634 13631
f 13634 13632 13633
f 13637 13638 13635
f 13635 13636 13637
f 13641 13642 13639
f 13639 13640 13641
f 13645 13646 13643
f 13643 13644 13645
f 13649 13650 13647
f 13647 13648 13649
f 13652 13654 13651
f 13654 13652 13653
f 13656 13658 13655
f 13658 13656 13657
f 13660 13662 13659
f 13662 13660 13661
f 13664 13666 13663
f 13666 13664 13665
f 13668 13670 13667
f 13670 13668 13669
f 13672 13676 13671
f 13676 13674 13675
f 13674 13672 13673
f 13672 13674 13676
f 13678 13679 13677
f 13681 13682 13680
f 13684 13685 13683
f 13687 13688 13686
f 13690 13691 13689
f 13693 13694 13692
o bldg_2640de94-bdbe-4f48-8d27-5bad21392bc9
v 74.635 64.373 9.507
v 69.593 67.814 9.507
v 73.073 62.172 8.194
v 77.736 68.739 7.556
v 75.247 70.506 1.67
v 72.759 72.273 7.543
v 77.736 68.739 7.556
v 77.736 68.739 1.67
v 75.247 70.506 1.67
v 75.247 70.506 1.67
v 72.759 72.273 1.67
v 72.759 72.273 7.543
v 76.199 66.575 7.926
v 71.213 70.096 7.926
v 71.213 70.096 7.977
v 76.199 66.575 7.977
v 77.736 68.739 7.556
v 76.199 66.575 7.926
v 76.199 66.575 1.67
v 77.736 68.739 1.67
v 76.199 66.575 7.926
v 74.635 64.373 9.507
v 74.635 64.373 1.67
v 76.199 66.575 1.67
v 76.199 66.575 7.977
v 74.635 64.373 9.507
v 76.199 66.575 7.926
v 74.635 64.373 9.507
v 73.073 62.172 8.194
v 73.073 62.172 1.67
v 74.635 64.373 1.67
v 73.073 62.172 8.194
v 68.096 65.706 8.181
v 70.584 63.939 1.67
v 70.584 63.939 1.67
v 68.096 65.706 8.181
v 68.096 65.706 1.67
v 73.073 62.172 8.194
v 70.584 63.939 1.67
v 73.073 62.172 1.67
v 72.759 72.273 7.543
v 71.986 71.185 1.67
v 71.213 70.096 7.926
v 72.759 72.273 7.543
v 72.759 72.273 1.67
v 71.986 71.185 1.67
v 71.986 71.185 1.67
v 71.213 70.096 1.67
v 71.213 70.096 7.926
v 71.213 70.096 7.977
v 71.213 70.096 7.926
v 69.593 67.814 9.507
v 71.213 70.096 1.67
v 69.593 67.814 1.67
v 69.593 67.814 9.507
v 71.213 70.096 7.926
v 69.593 67.814 1.67
v 68.096 65.706 1.67
v 68.096 65.706 8.181
v 69.593 67.814 9.507
v 77.736 68.739 1.67
v 76.199 66.575 1.67
v 74.635 64.373 1.67
v 73.073 62.172 1.67
v 70.584 63.939 1.67
v 68.096 65.706 1.67
v 69.593 67.814 1.67
v 71.213 70.096 1.67
v 71.986 71.185 1.67
v 72.759 72.273 1.67
v 75.247 70.506 1.67
v 73.073 62.172 8.194
v 69.593 67.814 9.507
v 68.096 65.706 8.181
v 74.635 64.373 9.507
v 71.213 70.096 7.977
v 69.593 67.814 9.507
v 76.199 66.575 7.977
v 71.213 70.096 7.977
v 74.635 64.373 9.507
v 76.199 66.575 7.926
v 72.759 72.273 7.543
v 71.213 70.096 7.926
v 77.736 68.739 7.556
v 72.759 72.273 7.543
v 76.199 66.575 7.926
f 13696 13697 13695
f 13699 13700 13698
f 13702 13703 13701
f 13705 13706 13704
f 13708 13710 13707
f 13710 13708 13709
f 13713 13714 13711
f 13711 13712 13713
f 13717 13718 13715
f 13715 13716 13717
f 13720 13721 13719
f 13724 13725 13722
f 13722 13723 13724
f 13727 13728 13726
f 13730 13731 13729
f 13733 13734 13732
f 13736 13737 13735
f 13739 13740 13738
f 13742 13743 13741
f 13745 13746 13744
f 13748 13750 13747
f 13750 13748 13749
f 13752 13754 13751
f 13754 13752 13753
f 13756 13765 13755
f 13765 13763 13764
f 13762 13760 13761
f 13760 13758 13759
f 13758 13756 13757
f 13756 13763 13765
f 13762 13758 13760
f 13758 13763 13756
f 13763 13758 13762
f 13767 13768 13766
f 13770 13771 13769
f 13773 13774 13772
f 13776 13777 13775
f 13779 13780 13778
o bldg_e274e5c9-3ee6-4c4a-a9f6-c69c0a31049f
v 65.788 53.119 7.633
v 61.727 56.045 7.633
v 59.29 52.661 7.633
v 63.351 49.735 7.633
v 67.857 52.594 1.827
v 66.185 53.742 1.827
v 66.185 53.742 5.797
v 67.857 52.594 5.797
v 67.857 52.594 5.797
v 62.967 45.334 5.797
v 65.412 48.964 1.827
v 65.412 48.964 1.827
v 62.967 45.334 5.797
v 62.967 45.334 1.827
v 67.857 52.594 5.797
v 65.412 48.964 1.827
v 67.857 52.594 1.827
v 62.967 45.334 5.797
v 57.133 49.246 5.797
v 57.133 49.246 1.827
v 62.967 45.334 1.827
v 66.185 53.742 1.827
v 65.788 53.119 1.827
v 65.788 53.119 5.797
v 66.185 53.742 5.797
v 65.788 53.119 7.633
v 63.351 49.735 7.633
v 63.351 49.735 5.797
v 65.788 53.119 5.797
v 63.351 49.735 7.633
v 59.29 52.661 7.633
v 59.29 52.661 5.797
v 63.351 49.735 5.797
v 59.29 52.661 1.827
v 57.133 49.246 1.827
v 57.133 49.246 5.797
v 59.29 52.661 5.797
v 61.727 56.045 7.633
v 60.509 54.353 1.827
v 59.29 52.661 7.633
v 61.727 56.045 7.633
v 61.727 56.045 1.827
v 60.509 54.353 1.827
v 60.509 54.353 1.827
v 59.29 52.661 1.827
v 59.29 52.661 5.797
v 60.509 54.353 1.827
v 59.29 52.661 5.797
v 59.29 52.661 7.633
v 65.788 53.119 7.633
v 65.788 53.119 5.797
v 61.727 56.045 7.633
v 65.788 53.119 1.827
v 61.727 56.045 1.827
v 61.727 56.045 7.633
v 65.788 53.119 5.797
v 66.185 53.742 1.827
v 67.857 52.594 1.827
v 65.412 48.964 1.827
v 62.967 45.334 1.827
v 57.133 49.246 1.827
v 59.29 52.661 1.827
v 60.509 54.353 1.827
v 61.727 56.045 1.827
v 65.788 53.119 1.827
v 63.351 49.735 5.797
v 57.133 49.246 5.797
v 62.967 45.334 5.797
v 67.857 52.594 5.797
v 63.351 49.735 5.797
v 62.967 45.334 5.797
v 63.351 49.735 5.797
v 59.29 52.661 5.797
v 57.133 49.246 5.797
v 67.857 52.594 5.797
v 65.788 53.119 5.797
v 63.351 49.735 5.797
v 67.857 52.594 5.797
v 66.185 53.742 5.797
v 65.788 53.119 5.797
f 13783 13784 13781
f 13781 13782 13783
f 13786 13788 13785
f 13788 13786 13787
f 13790 13791 13789
f 13793 13794 13792
f 13796 13797 13795
f 13800 13801 13798
f 13798 13799 13800
f 13803 13805 13802
f 13805 13803 13804
f 13808 13809 13806
f 13806 13807 13808
f 13812 13813 13810
f 13810 13811 13812
f 13815 13817 13814
f 13817 13815 13816
f 13819 13820 13818
f 13822 13823 13821
f 13825 13826 13824
f 13828 13829 13827
f 13831 13832 13830
f 13834 13836 13833
f 13836 13834 13835
f 13838 13845 13837
f 13845 13843 13844
f 13843 13841 13842
f 13841 13839 13840
f 13839 13845 13838
f 13845 13841 13843
f 13841 13845 13839
f 13847 13848 13846
f 13850 13851 13849
f 13853 13854 13852
f 13856 13857 13855
f 13859 13860 13858
o bldg_c7f2eff3-f487-44ad-8564-e077aa89960c
v -67.349 21.29 15.455
v -80.318 29.061 15.455
v -84.703 21.743 15.455
v -71.734 13.972 15.455
v -80.318 29.061 17.418
v -84.703 21.743 17.418
v -84.703 21.743 15.455
v -80.318 29.061 15.455
v -83.008 30.673 17.418
v -85.201 27.014 2.434
v -87.393 23.355 17.418
v -83.008 30.673 17.418
v -83.008 30.673 2.434
v -85.201 27.014 2.434
v -85.201 27.014 2.434
v -87.393 23.355 2.434
v -87.393 23.355 17.418
v -67.349 21.29 15.455
v -71.734 13.972 15.455
v -71.734 13.972 2.434
v -67.349 21.29 2.434
v -84.703 21.743 15.455
v -87.393 23.355 17.418
v -87.393 23.355 2.434
v -84.703 21.743 2.434
v -84.703 21.743 17.418
v -87.393 23.355 17.418
v -84.703 21.743 15.455
v -71.734 13.972 15.455
v -84.703 21.743 15.455
v -84.703 21.743 2.434
v -71.734 13.972 2.434
v -80.318 29.061 17.418
v -80.318 29.061 15.455
v -83.008 30.673 17.418
v -80.318 29.061 2.434
v -83.008 30.673 2.434
v -83.008 30.673 17.418
v -80.318 29.061 15.455
v -67.349 21.29 2.434
v -80.318 29.061 2.434
v -80.318 29.061 15.455
v -67.349 21.29 15.455
v -67.349 21.29 2.434
v -71.734 13.972 2.434
v -84.703 21.743 2.434
v -87.393 23.355 2.434
v -85.201 27.014 2.434
v -83.008 30.673 2.434
v -80.318 29.061 2.434
v -83.008 30.673 17.418
v -87.393 23.355 17.418
v -84.703 21.743 17.418
v -80.318 29.061 17.418
f 13863 13864 13861
f 13861 13862 13863
f 13867 13868 13865
f 13865 13866 13867
f 13870 13871 13869
f 13873 13874 13872
f 13876 13877 13875
f 13880 13881 13878
f 13878 13879 13880
f 13884 13885 13882
f 13882 13883 13884
f 13887 13888 13886
f 13891 13892 13889
f 13889 13890 13891
f 13894 13895 13893
f 13897 13899 13896
f 13899 13897 13898
f 13901 13903 13900
f 13903 13901 13902
f 13905 13910 13904
f 13910 13908 13909
f 13908 13906 13907
f 13906 13910 13905
f 13910 13906 13908
f 13913 13914 13911
f 13911 13912 13913
o bldg_04670063-1b50-4a0f-aff8-7a3b8a095c39
v 78.499 48.232 7.135
v 72.614 52.179 7.135
v 68.678 46.309 7.135
v 74.564 42.362 7.135
v 67.027 47.416 6.498
v 64.805 44.102 6.498
v 64.805 44.102 1.901
v 67.027 47.416 1.901
v 64.805 44.102 6.498
v 62.967 45.334 5.797
v 63.886 44.718 1.901
v 63.886 44.718 1.901
v 62.967 45.334 5.797
v 62.967 45.334 1.901
v 64.805 44.102 6.498
v 63.886 44.718 1.901
v 64.805 44.102 1.901
v 67.857 52.594 5.797
v 65.412 48.964 1.901
v 62.967 45.334 5.797
v 67.857 52.594 5.797
v 67.857 52.594 1.901
v 65.412 48.964 1.901
v 65.412 48.964 1.901
v 62.967 45.334 1.901
v 62.967 45.334 5.797
v 69.112 54.458 1.901
v 67.857 52.594 1.901
v 67.857 52.594 5.797
v 69.112 54.458 5.797
v 78.499 48.232 7.135
v 74.564 42.362 7.135
v 74.564 42.362 1.901
v 78.499 48.232 1.901
v 68.678 46.309 7.135
v 67.027 47.416 6.498
v 67.027 47.416 1.901
v 68.678 46.309 1.901
v 74.564 42.362 7.135
v 68.678 46.309 7.135
v 68.678 46.309 1.901
v 74.564 42.362 1.901
v 72.614 52.179 1.901
v 69.112 54.458 1.901
v 69.112 54.458 5.797
v 72.614 52.179 7.135
v 78.499 48.232 1.901
v 72.614 52.179 1.901
v 72.614 52.179 7.135
v 78.499 48.232 7.135
v 78.499 48.232 1.901
v 74.564 42.362 1.901
v 68.678 46.309 1.901
v 67.027 47.416 1.901
v 64.805 44.102 1.901
v 63.886 44.718 1.901
v 62.967 45.334 1.901
v 65.412 48.964 1.901
v 67.857 52.594 1.901
v 69.112 54.458 1.901
v 72.614 52.179 1.901
v 72.614 52.179 7.135
v 69.112 54.458 5.797
v 67.857 52.594 5.797
v 68.678 46.309 7.135
v 67.857 52.594 5.797
v 67.027 47.416 6.498
v 72.614 52.179 7.135
v 67.857 52.594 5.797
v 68.678 46.309 7.135
v 67.857 52.594 5.797
v 62.967 45.334 5.797
v 67.027 47.416 6.498
v 67.027 47.416 6.498
v 62.967 45.334 5.797
v 64.805 44.102 6.498
f 13917 13918 13915
f 13915 13916 13917
f 13921 13922 13919
f 13919 13920 13921
f 13924 13925 13923
f 13927 13928 13926
f 13930 13931 13929
f 13933 13934 13932
f 13936 13937 13935
f 13939 13940 13938
f 13942 13944 13941
f 13944 13942 13943
f 13947 13948 13945
f 13945 13946 13947
f 13951 13952 13949
f 13949 13950 13951
f 13955 13956 13953
f 13953 13954 13955
f 13958 13960 13957
f 13960 13958 13959
f 13962 13964 13961
f 13964 13962 13963
f 13966 13975 13965
f 13975 13973 13974
f 13973 13971 13972
f 13971 13969 13970
f 13968 13966 13967
f 13966 13973 13975
f 13973 13969 13971
f 13968 13973 13966
f 13973 13968 13969
f 13977 13978 13976
f 13980 13981 13979
f 13983 13984 13982
f 13986 13987 13985
f 13989 13990 13988
o bldg_0810981b-47e3-4809-b576-618afefa1cee
v 10.236 -26.679 17.813
v 0.524 -20.699 17.813
v -1.88 -24.604 17.813
v 7.832 -30.584 17.813
v 14.979 -18.976 2.665
v 10.236 -26.679 2.665
v 10.236 -26.679 15.365
v 14.979 -18.976 15.365
v 22.135 -23.382 15.365
v 18.557 -21.179 2.665
v 14.979 -18.976 15.365
v 22.135 -23.382 15.365
v 22.135 -23.382 2.665
v 18.557 -21.179 2.665
v 18.557 -21.179 2.665
v 14.979 -18.976 2.665
v 14.979 -18.976 15.365
v 22.135 -23.382 15.365
v 15.64 -33.931 15.365
v 15.64 -33.931 2.665
v 22.135 -23.382 2.665
v 15.64 -33.931 15.365
v 8.368 -35.277 15.365
v 8.368 -35.277 2.665
v 15.64 -33.931 2.665
v 8.368 -35.277 15.365
v -26.9 -13.563 15.365
v -26.9 -13.563 2.665
v 8.368 -35.277 2.665
v -22.548 -6.495 2.665
v -26.9 -13.563 2.665
v -26.9 -13.563 15.365
v -22.548 -6.495 15.365
v 10.236 -26.679 17.813
v 7.832 -30.584 17.813
v 7.832 -30.584 15.365
v 10.236 -26.679 15.365
v 7.832 -30.584 17.813
v -1.88 -24.604 17.813
v -1.88 -24.604 15.365
v 7.832 -30.584 15.365
v 0.524 -20.699 15.365
v -1.88 -24.604 15.365
v -1.88 -24.604 17.813
v 0.524 -20.699 17.813
v 0.524 -20.699 2.665
v -22.548 -6.495 2.665
v -22.548 -6.495 15.365
v 0.524 -20.699 15.365
v 10.236 -26.679 17.813
v 5.38 -23.689 2.665
v 0.524 -20.699 17.813
v 10.236 -26.679 15.365
v 10.236 -26.679 2.665
v 5.38 -23.689 2.665
v 10.236 -26.679 17.813
v 10.236 -26.679 15.365
v 5.38 -23.689 2.665
v 5.38 -23.689 2.665
v 0.524 -20.699 2.665
v 0.524 -20.699 15.365
v 5.38 -23.689 2.665
v 0.524 -20.699 15.365
v 0.524 -20.699 17.813
v 18.557 -21.179 2.665
v 22.135 -23.382 2.665
v 15.64 -33.931 2.665
v 8.368 -35.277 2.665
v -26.9 -13.563 2.665
v -22.548 -6.495 2.665
v 0.524 -20.699 2.665
v 5.38 -23.689 2.665
v 10.236 -26.679 2.665
v 14.979 -18.976 2.665
v 0.524 -20.699 15.365
v -22.548 -6.495 15.365
v -26.9 -13.563 15.365
v -1.88 -24.604 15.365
v 8.368 -35.277 15.365
v -1.88 -24.604 15.365
v -26.9 -13.563 15.365
v 15.64 -33.931 15.365
v 7.832 -30.584 15.365
v 8.368 -35.277 15.365
v 22.135 -23.382 15.365
v 10.236 -26.679 15.365
v 15.64 -33.931 15.365
v 8.368 -35.277 15.365
v 7.832 -30.584 15.365
v -1.88 -24.604 15.365
v 22.135 -23.382 15.365
v 14.979 -18.976 15.365
v 10.236 -26.679 15.365
v 15.64 -33.931 15.365
v 10.236 -26.679 15.365
v 7.832 -30.584 15.365
f 13993 13994 13991
f 13991 13992 13993
f 13996 13998 13995
f 13998 13996 13997
f 14000 14001 13999
f 14003 14004 14002
f 14006 14007 14005
f 14010 14011 14008
f 14008 14009 14010
f 14014 14015 14012
f 14012 14013 14014
f 14018 14019 14016
f 14016 14017 14018
f 14021 14023 14020
f 14023 14021 14022
f 14026 14027 14024
f 14024 14025 14026
f 14030 14031 14028
f 14028 14029 14030
f 14033 14035 14032
f 14035 14033 14034
f 14037 14039 14036
f 14039 14037 14038
f 14041 14042 14040
f 14044 14045 14043
f 14047 14048 14046
f 14050 14051 14049
f 14053 14054 14052
f 14056 14064 14055
f 14062 14060 14061
f 14060 14058 14059
f 14058 14056 14057
f 14056 14063 14064
f 14062 14058 14060
f 14058 14063 14056
f 14063 14058 14062
f 14067 14068 14065
f 14065 14066 14067
f 14070 14071 14069
f 14073 14074 14072
f 14076 14077 14075
f 14079 14080 14078
f 14082 14083 14081
f 14085 14086 14084
o bldg_18564144-4d54-46b6-8ad7-bcd202a15f9e
v -24.762 -5.342 15.455
v -40.599 4.271 15.455
v -44.839 -2.713 15.455
v -29.002 -12.326 15.455
v -24.762 -5.342 15.455
v -29.002 -12.326 15.455
v -29.002 -12.326 2.489
v -24.762 -5.342 2.489
v -29.002 -12.326 15.455
v -44.839 -2.713 15.455
v -44.839 -2.713 2.489
v -29.002 -12.326 2.489
v -40.599 4.271 15.455
v -42.719 0.779 2.489
v -44.839 -2.713 15.455
v -40.599 4.271 15.455
v -40.599 4.271 2.489
v -42.719 0.779 2.489
v -42.719 0.779 2.489
v -44.839 -2.713 2.489
v -44.839 -2.713 15.455
v -24.762 -5.342 2.489
v -40.599 4.271 2.489
v -40.599 4.271 15.455
v -24.762 -5.342 15.455
v -24.762 -5.342 2.489
v -29.002 -12.326 2.489
v -44.839 -2.713 2.489
v -42.719 0.779 2.489
v -40.599 4.271 2.489
f 14089 14090 14087
f 14087 14088 14089
f 14093 14094 14091
f 14091 14092 14093
f 14097 14098 14095
f 14095 14096 14097
f 14100 14101 14099
f 14103 14104 14102
f 14106 14107 14105
f 14109 14111 14108
f 14111 14109 14110
f 14113 14116 14112
f 14116 14114 14115
f 14114 14116 14113
o bldg_0ed0261c-f1fe-4438-aed9-2d72b5d47c84
v 90.797 65.927 6.753
v 81.238 72.126 6.753
v 75.862 63.837 6.753
v 85.421 57.638 6.753
v 90.797 65.927 6.753
v 85.421 57.638 6.753
v 85.421 57.638 1.639
v 90.797 65.927 1.639
v 85.421 57.638 6.753
v 75.862 63.837 6.753
v 75.862 63.837 1.639
v 85.421 57.638 1.639
v 81.238 72.126 1.639
v 75.862 63.837 1.639
v 75.862 63.837 6.753
v 81.238 72.126 6.753
v 90.797 65.927 1.639
v 81.238 72.126 1.639
v 81.238 72.126 6.753
v 90.797 65.927 6.753
v 85.421 57.638 1.639
v 75.862 63.837 1.639
v 81.238 72.126 1.639
v 90.797 65.927 1.639
f 14119 14120 14117
f 14117 14118 14119
f 14123 14124 14121
f 14121 14122 14123
f 14127 14128 14125
f 14125 14126 14127
f 14130 14132 14129
f 14132 14130 14131
f 14134 14136 14133
f 14136 14134 14135
f 14138 14140 14137
f 14140 14138 14139
o bldg_11a9173f-6acd-4f74-b6e0-9354dde5d08e
v -106.968 147.639 5.981
v -112.111 158.157 5.739
v -114.324 156.177 5.714
v -89.483 193.888 9.054
v -96.647 191.345 1.686
v -103.811 188.802 8.965
v -89.483 193.888 9.054
v -89.483 193.888 1.686
v -96.647 191.345 1.686
v -96.647 191.345 1.686
v -103.811 188.802 1.686
v -103.811 188.802 8.965
v -85.885 183.117 8.289
v -87.684 188.502 1.686
v -89.483 193.888 9.054
v -85.885 183.117 8.289
v -85.885 183.117 1.686
v -87.684 188.502 1.686
v -87.684 188.502 1.686
v -89.483 193.888 1.686
v -89.483 193.888 9.054
v -80.243 170.471 7.486
v -83.064 176.794 1.686
v -85.885 183.117 8.289
v -80.243 170.471 7.486
v -80.243 170.471 1.686
v -83.064 176.794 1.686
v -83.064 176.794 1.686
v -85.885 183.117 1.686
v -85.885 183.117 8.289
v -99.674 177.429 8.021
v -103.811 188.802 8.965
v -101.742 183.115 1.686
v -101.742 183.115 1.686
v -103.811 188.802 8.965
v -103.811 188.802 1.686
v -99.674 177.429 8.021
v -101.742 183.115 1.686
v -99.674 177.429 1.686
v -97.244 170.93 7.333
v -99.674 177.429 8.021
v -99.674 177.429 1.686
v -97.244 170.93 1.686
v -80.243 170.471 7.486
v -106.968 147.639 5.981
v -106.968 147.639 1.686
v -80.243 170.471 1.686
v -106.968 147.639 5.981
v -114.324 156.177 5.714
v -110.646 151.908 1.686
v -110.646 151.908 1.686
v -114.324 156.177 5.714
v -114.324 156.177 1.686
v -106.968 147.639 5.981
v -110.646 151.908 1.686
v -106.968 147.639 1.686
v -97.244 170.93 7.333
v -104.677 164.543 1.686
v -112.111 158.157 5.739
v -97.244 170.93 7.333
v -97.244 170.93 1.686
v -104.677 164.543 1.686
v -104.677 164.543 1.686
v -112.111 158.157 1.686
v -112.111 158.157 5.739
v -112.111 158.157 1.686
v -114.324 156.177 1.686
v -114.324 156.177 5.714
v -112.111 158.157 5.739
v -89.483 193.888 1.686
v -87.684 188.502 1.686
v -85.885 183.117 1.686
v -83.064 176.794 1.686
v -80.243 170.471 1.686
v -106.968 147.639 1.686
v -110.646 151.908 1.686
v -114.324 156.177 1.686
v -112.111 158.157 1.686
v -104.677 164.543 1.686
v -97.244 170.93 1.686
v -99.674 177.429 1.686
v -101.742 183.115 1.686
v -103.811 188.802 1.686
v -96.647 191.345 1.686
v -80.243 170.471 7.486
v -97.244 170.93 7.333
v -106.968 147.639 5.981
v -97.244 170.93 7.333
v -112.111 158.157 5.739
v -106.968 147.639 5.981
v -85.885 183.117 8.289
v -99.674 177.429 8.021
v -97.244 170.93 7.333
v -80.243 170.471 7.486
v -85.885 183.117 8.289
v -97.244 170.93 7.333
v -85.885 183.117 8.289
v -103.811 188.802 8.965
v -99.674 177.429 8.021
v -85.885 183.117 8.289
v -89.483 193.888 9.054
v -103.811 188.802 8.965
f 14142 14143 14141
f 14145 14146 14144
f 14148 14149 14147
f 14151 14152 14150
f 14154 14155 14153
f 14157 14158 14156
f 14160 14161 14159
f 14163 14164 14162
f 14166 14167 14165
f 14169 14170 14168
f 14172 14173 14171
f 14175 14176 14174
f 14178 14179 14177
f 14181 14183 14180
f 14183 14181 14182
f 14186 14187 14184
f 14184 14185 14186
f 14189 14190 14188
f 14192 14193 14191
f 14195 14196 14194
f 14198 14199 14197
f 14201 14202 14200
f 14204 14205 14203
f 14207 14209 14206
f 14209 14207 14208
f 14211 14224 14210
f 14224 14222 14223
f 14222 14220 14221
f 14220 14218 14219
f 14218 14216 14217
f 14216 14214 14215
f 14214 14212 14213
f 14212 14224 14211
f 14224 14220 14222
f 14220 14216 14218
f 14216 14212 14214
f 14212 14220 14224
f 14220 14212 14216
f 14226 14227 14225
f 14229 14230 14228
f 14232 14233 14231
f 14235 14236 14234
f 14238 14239 14237
f 14241 14242 14240
o bldg_60133bf8-eaa5-47b6-b2c0-e0e27536cb66
v -88.065 30.226 5.408
v -92.256 32.767 5.408
v -95.082 28.105 4.898
v -90.891 25.565 4.898
v -88.065 30.226 2.299
v -90.891 25.565 2.299
v -95.082 28.105 2.299
v -93.669 30.436 2.299
v -92.256 32.767 2.299
v -90.891 25.565 4.898
v -95.082 28.105 4.898
v -95.082 28.105 2.299
v -90.891 25.565 2.299
v -92.256 32.767 5.408
v -93.669 30.436 2.299
v -95.082 28.105 4.898
v -92.256 32.767 5.408
v -92.256 32.767 2.299
v -93.669 30.436 2.299
v -93.669 30.436 2.299
v -95.082 28.105 2.299
v -95.082 28.105 4.898
v -88.065 30.226 2.299
v -92.256 32.767 2.299
v -92.256 32.767 5.408
v -88.065 30.226 5.408
v -88.065 30.226 5.408
v -90.891 25.565 4.898
v -90.891 25.565 2.299
v -88.065 30.226 2.299
f 14245 14246 14243
f 14243 14244 14245
f 14248 14251 14247
f 14251 14249 14250
f 14249 14251 14248
f 14254 14255 14252
f 14252 14253 14254
f 14257 14258 14256
f 14260 14261 14259
f 14263 14264 14262
f 14266 14268 14265
f 14268 14266 14267
f 14271 14272 14269
f 14269 14270 14271
o bldg_327ac16d-98e8-46f4-b890-31b36101c58e
v 65.157 28.333 9.94
v 62.391 36.933 9.392
v 59.271 32.28 9.392
v 74.564 42.362 9.966
v 62.391 36.933 9.392
v 65.157 28.333 9.94
v 74.564 42.362 9.966
v 68.678 46.309 9.392
v 62.391 36.933 9.392
v 62.391 36.933 9.392
v 60.74 38.04 8.334
v 60.74 38.04 1.901
v 62.391 36.933 1.901
v 64.805 44.102 8.334
v 62.772 41.071 1.901
v 60.74 38.04 8.334
v 64.805 44.102 8.334
v 64.805 44.102 1.901
v 62.772 41.071 1.901
v 62.772 41.071 1.901
v 60.74 38.04 1.901
v 60.74 38.04 8.334
v 67.027 47.416 1.901
v 64.805 44.102 1.901
v 64.805 44.102 8.334
v 67.027 47.416 8.334
v 74.564 42.362 9.966
v 65.157 28.333 9.94
v 65.157 28.333 1.901
v 74.564 42.362 1.901
v 65.157 28.333 9.94
v 59.271 32.28 9.392
v 59.271 32.28 1.901
v 65.157 28.333 1.901
v 62.391 36.933 1.901
v 59.271 32.28 1.901
v 59.271 32.28 9.392
v 62.391 36.933 9.392
v 68.678 46.309 9.392
v 67.852 46.863 1.901
v 67.027 47.416 8.334
v 68.678 46.309 9.392
v 68.678 46.309 1.901
v 67.852 46.863 1.901
v 67.852 46.863 1.901
v 67.027 47.416 1.901
v 67.027 47.416 8.334
v 74.564 42.362 1.901
v 68.678 46.309 1.901
v 68.678 46.309 9.392
v 74.564 42.362 9.966
v 67.852 46.863 1.901
v 68.678 46.309 1.901
v 74.564 42.362 1.901
v 65.157 28.333 1.901
v 59.271 32.28 1.901
v 62.391 36.933 1.901
v 60.74 38.04 1.901
v 62.772 41.071 1.901
v 64.805 44.102 1.901
v 67.027 47.416 1.901
v 64.805 44.102 8.334
v 60.74 38.04 8.334
v 62.391 36.933 9.392
v 68.678 46.309 9.392
v 64.805 44.102 8.334
v 62.391 36.933 9.392
v 68.678 46.309 9.392
v 67.027 47.416 8.334
v 64.805 44.102 8.334
f 14274 14275 14273
f 14277 14278 14276
f 14280 14281 14279
f 14284 14285 14282
f 14282 14283 14284
f 14287 14288 14286
f 14290 14291 14289
f 14293 14294 14292
f 14296 14298 14295
f 14298 14296 14297
f 14301 14302 14299
f 14299 14300 14301
f 14305 14306 14303
f 14303 14304 14305
f 14308 14310 14307
f 14310 14308 14309
f 14312 14313 14311
f 14315 14316 14314
f 14318 14319 14317
f 14321 14323 14320
f 14323 14321 14322
f 14324 14332 14333
f 14332 14330 14331
f 14329 14327 14328
f 14327 14325 14326
f 14325 14332 14324
f 14332 14329 14330
f 14329 14325 14327
f 14325 14329 14332
f 14335 14336 14334
f 14338 14339 14337
f 14341 14342 14340
o bldg_24f938db-114c-4275-bdc7-efbc8904a605
v 10.066 12.646 7.748
v 9.025 13.275 7.754
v 6.72 14.667 7.766
v -0.441 2.808 7.766
v 8.807 -2.776 7.715
v 15.968 9.082 7.715
v 15.968 9.082 7.715
v 8.807 -2.776 7.715
v 8.807 -2.776 2.695
v 15.968 9.082 2.695
v 8.807 -2.776 7.715
v -0.441 2.808 7.766
v -0.441 2.808 2.695
v 8.807 -2.776 2.695
v 6.72 14.667 2.695
v -0.441 2.808 2.695
v -0.441 2.808 7.766
v 6.72 14.667 7.766
v 15.968 9.082 2.695
v 10.066 12.646 2.695
v 10.066 12.646 7.748
v 15.968 9.082 7.715
v 9.025 13.275 2.695
v 6.72 14.667 2.695
v 6.72 14.667 7.766
v 9.025 13.275 7.754
v 10.066 12.646 2.695
v 9.025 13.275 2.695
v 9.025 13.275 7.754
v 10.066 12.646 7.748
v 15.968 9.082 2.695
v 8.807 -2.776 2.695
v -0.441 2.808 2.695
v 6.72 14.667 2.695
v 9.025 13.275 2.695
v 10.066 12.646 2.695
f 14347 14348 14343
f 14343 14344 14345
f 14345 14346 14347
f 14347 14343 14345
f 14351 14352 14349
f 14349 14350 14351
f 14355 14356 14353
f 14353 14354 14355
f 14358 14360 14357
f 14360 14358 14359
f 14362 14364 14361
f 14364 14362 14363
f 14366 14368 14365
f 14368 14366 14367
f 14370 14372 14369
f 14372 14370 14371
f 14374 14378 14373
f 14378 14376 14377
f 14376 14374 14375
f 14374 14376 14378
o bldg_96f67c5a-8a55-4a99-abec-0651d92cc037
v 64.805 44.102 8.449
v 62.967 45.334 8.449
v 57.133 49.246 8.449
v 50.014 38.63 8.449
v 57.686 33.486 8.449
v 60.74 38.04 8.449
v 64.805 44.102 8.449
v 60.74 38.04 8.449
v 60.74 38.04 1.932
v 64.805 44.102 1.932
v 60.74 38.04 8.449
v 57.686 33.486 8.449
v 57.686 33.486 1.932
v 60.74 38.04 1.932
v 57.686 33.486 8.449
v 50.014 38.63 8.449
v 50.014 38.63 1.932
v 57.686 33.486 1.932
v 57.133 49.246 1.932
v 50.014 38.63 1.932
v 50.014 38.63 8.449
v 57.133 49.246 8.449
v 62.967 45.334 1.932
v 57.133 49.246 1.932
v 57.133 49.246 8.449
v 62.967 45.334 8.449
v 64.805 44.102 1.932
v 62.967 45.334 1.932
v 62.967 45.334 8.449
v 64.805 44.102 8.449
v 60.74 38.04 1.932
v 57.686 33.486 1.932
v 50.014 38.63 1.932
v 57.133 49.246 1.932
v 62.967 45.334 1.932
v 64.805 44.102 1.932
f 14383 14384 14379
f 14380 14381 14382
f 14382 14383 14379
f 14379 14380 14382
f 14387 14388 14385
f 14385 14386 14387
f 14391 14392 14389
f 14389 14390 14391
f 14395 14396 14393
f 14393 14394 14395
f 14398 14400 14397
f 14400 14398 14399
f 14402 14404 14401
f 14404 14402 14403
f 14406 14408 14405
f 14408 14406 14407
f 14410 14414 14409
f 14413 14411 14412
f 14411 14414 14410
f 14414 14411 14413
o bldg_9ee2bcca-e548-4d9e-a4c2-95a94319bb49
v 82.53 54.611 7.021
v 75.569 58.985 7.021
v 71.992 53.291 7.021
v 78.953 48.917 7.021
v 73.035 60.577 1.837
v 69.457 54.884 1.837
v 69.457 54.884 5.427
v 73.035 60.577 5.427
v 82.53 54.611 7.021
v 78.953 48.917 7.021
v 78.953 48.917 1.837
v 82.53 54.611 1.837
v 71.992 53.291 5.427
v 69.457 54.884 5.427
v 69.457 54.884 1.837
v 71.992 53.291 1.837
v 75.472 51.104 1.837
v 71.992 53.291 5.427
v 71.992 53.291 1.837
v 75.472 51.104 1.837
v 71.992 53.291 7.021
v 71.992 53.291 5.427
v 78.953 48.917 7.021
v 71.992 53.291 7.021
v 75.472 51.104 1.837
v 78.953 48.917 7.021
v 75.472 51.104 1.837
v 78.953 48.917 1.837
v 75.569 58.985 5.427
v 71.992 53.291 5.427
v 71.992 53.291 7.021
v 75.569 58.985 7.021
v 75.569 58.985 1.837
v 73.035 60.577 1.837
v 73.035 60.577 5.427
v 75.569 58.985 5.427
v 82.53 54.611 7.021
v 79.049 56.798 1.837
v 75.569 58.985 7.021
v 82.53 54.611 7.021
v 82.53 54.611 1.837
v 79.049 56.798 1.837
v 79.049 56.798 1.837
v 75.569 58.985 1.837
v 75.569 58.985 5.427
v 79.049 56.798 1.837
v 75.569 58.985 5.427
v 75.569 58.985 7.021
v 82.53 54.611 1.837
v 78.953 48.917 1.837
v 75.472 51.104 1.837
v 71.992 53.291 1.837
v 69.457 54.884 1.837
v 73.035 60.577 1.837
v 75.569 58.985 1.837
v 79.049 56.798 1.837
v 73.035 60.577 5.427
v 69.457 54.884 5.427
v 71.992 53.291 5.427
v 75.569 58.985 5.427
f 14417 14418 14415
f 14415 14416 14417
f 14420 14422 14419
f 14422 14420 14421
f 14425 14426 14423
f 14423 14424 14425
f 14429 14430 14427
f 14427 14428 14429
f 14432 14433 14431
f 14435 14436 14434
f 14438 14439 14437
f 14441 14442 14440
f 14444 14446 14443
f 14446 14444 14445
f 14448 14450 14447
f 14450 14448 14449
f 14452 14453 14451
f 14455 14456 14454
f 14458 14459 14457
f 14461 14462 14460
f 14464 14470 14463
f 14469 14467 14468
f 14466 14464 14465
f 14464 14469 14470
f 14469 14466 14467
f 14466 14469 14464
f 14473 14474 14471
f 14471 14472 14473
o bldg_576f2aa9-7373-4f17-aa6f-2e61bdf70ac2
v 168.764 -322.637 53.156
v 168.761 -322.635 37.781
v 146.42 -310.389 37.788
v 146.419 -310.388 34.873
v 169.474 -323.026 34.866
v 169.471 -323.025 21.466
v 189.857 -334.201 21.46
v 189.865 -334.204 53.15
v 168.764 -322.637 53.156
v 186.571 -290.043 53.155
v 186.569 -290.042 46.185
v 171.69 -317.278 46.186
v 171.688 -317.277 37.781
v 168.761 -322.635 37.781
v 211.011 -294.694 3.76
v 211.011 -294.7 20.639
v 210.942 -294.804 20.639
v 210.945 -294.805 33.944
v 211.018 -294.697 33.944
v 149.214 -305.291 46.192
v 149.212 -305.29 39.775
v 134.942 -297.679 35.916
v 134.941 -297.679 34.877
v 149.211 -305.29 34.872
v 149.212 -305.29 37.787
v 171.688 -317.277 37.781
v 171.69 -317.278 46.186
v 183.279 -288.24 54.136
v 183.277 -288.24 46.186
v 186.569 -290.042 46.185
v 186.571 -290.043 53.155
v 187.267 -290.424 53.155
v 187.267 -290.424 54.135
v 204.289 -332.528 41.157
v 204.287 -332.528 33.787
v 200.351 -339.715 33.787
v 200.348 -339.714 21.457
v 200.843 -338.812 21.457
v 200.839 -338.81 3.758
v 215.817 -311.456 3.757
v 215.824 -311.459 33.941
v 215.825 -311.46 41.156
v 164.478 -276.998 37.627
v 164.477 -276.998 34.002
v 148.596 -267.99 34.006
v 148.596 -267.99 35.757
v 164.651 -277.096 40.155
v 164.65 -277.096 37.626
v 209.708 -306.309 52.888
v 206.173 -304.373 52.889
v 205.004 -306.511 52.889
v 208.538 -308.447 52.888
v 138.487 -285.742 39.717
v 138.486 -285.742 37.947
v 138.486 -285.742 34.877
v 139.87 -282.912 34.877
v 139.87 -282.912 34.007
v 150.632 -260.912 34.006
v 150.631 -260.912 29.921
v 151.571 -258.989 29.921
v 151.57 -258.988 24.646
v 151.681 -258.762 24.646
v 151.684 -258.763 37.946
v 145.876 -270.635 37.947
v 145.877 -270.635 39.717
v 199.633 -341.025 21.457
v 200.843 -338.812 21.457
v 200.348 -339.714 21.457
v 189.955 -334.023 21.46
v 189.857 -334.201 21.46
v 169.471 -323.025 21.466
v 168.845 -324.167 21.466
v 209.704 -306.308 33.943
v 206.168 -304.371 33.944
v 206.173 -304.373 52.889
v 209.708 -306.309 52.888
v 164.883 -276.67 37.626
v 164.65 -277.096 37.626
v 164.651 -277.096 40.155
v 149.212 -305.29 39.775
v 149.214 -305.291 46.192
v 164.885 -276.671 46.191
v 184.405 -286.175 37.621
v 184.409 -286.177 54.136
v 184.892 -286.441 54.136
v 184.903 -286.446 103.206
v 180.529 -284.05 103.207
v 180.513 -284.044 37.622
v 186.569 -290.042 46.185
v 183.277 -288.24 46.186
v 183.908 -287.088 46.186
v 164.885 -276.671 46.191
v 149.214 -305.291 46.192
v 171.69 -317.278 46.186
v 211.011 -294.694 3.76
v 211.018 -294.697 33.944
v 221.42 -301.238 33.941
v 221.413 -301.235 3.757
v 136.147 -247.753 24.651
v 167.724 -267.485 24.642
v 167.723 -267.474 3.773
v 136.142 -247.751 3.782
v 122.678 -278.009 37.951
v 128.183 -280.702 37.95
v 135.093 -265.676 37.95
v 138.446 -267.218 37.949
v 145.876 -270.635 37.947
v 151.684 -258.763 37.946
v 148.535 -257.223 37.947
v 134.902 -250.554 37.951
v 139.445 -265.047 37.949
v 141.945 -259.61 37.949
v 146.478 -261.694 37.947
v 143.977 -267.132 37.947
v 190.246 -283.308 37.62
v 189.942 -283.864 37.62
v 189.946 -283.866 53.155
v 190.25 -283.309 53.155
v 191.279 -283.882 37.62
v 191.275 -283.88 20.645
v 191.917 -282.69 20.645
v 191.921 -282.692 37.62
v 149.212 -305.29 39.775
v 164.651 -277.096 40.155
v 148.596 -267.99 35.757
v 134.942 -297.679 35.916
v 205.004 -306.511 52.889
v 205.001 -306.51 41.159
v 208.535 -308.446 41.158
v 208.538 -308.447 52.888
v 146.479 -261.695 41.627
v 146.478 -261.694 37.947
v 141.945 -259.61 37.949
v 141.946 -259.61 41.629
v 193.89 -326.834 41.16
v 193.888 -326.834 33.79
v 204.287 -332.528 33.787
v 204.289 -332.528 41.157
v 135.094 -265.676 39.72
v 135.093 -265.676 37.95
v 128.183 -280.702 37.95
v 128.183 -280.702 39.72
v 164.885 -276.671 46.191
v 183.908 -287.088 46.186
v 183.906 -287.087 37.621
v 164.883 -276.67 37.626
v 191.921 -282.692 37.62
v 191.917 -282.69 20.645
v 211.011 -294.7 20.639
v 211.011 -294.694 3.76
v 191.276 -282.288 3.766
v 167.723 -267.474 3.773
v 167.731 -267.477 37.627
v 215.824 -311.459 33.941
v 208.946 -307.693 33.943
v 208.947 -307.694 41.158
v 215.825 -311.46 41.156
v 187.363 -281.953 103.206
v 184.903 -286.446 103.206
v 184.892 -286.441 54.136
v 187.143 -282.331 54.136
v 187.139 -282.329 37.621
v 187.348 -281.947 37.621
v 134.9 -250.553 24.651
v 151.681 -258.762 24.646
v 151.57 -258.988 24.646
v 167.591 -267.761 24.642
v 167.724 -267.485 24.642
v 136.147 -247.753 24.651
v 167.419 -272.038 37.626
v 167.419 -272.038 34.001
v 164.477 -276.998 34.002
v 164.478 -276.998 37.627
v 187.143 -282.331 54.136
v 184.892 -286.441 54.136
v 184.409 -286.177 54.136
v 183.279 -288.24 54.136
v 187.267 -290.424 54.135
v 190.648 -284.25 54.135
v 134.902 -250.554 37.951
v 148.535 -257.223 37.947
v 151.684 -258.763 37.946
v 151.681 -258.762 24.646
v 134.9 -250.553 24.651
v 134.894 -250.551 3.782
v 182.974 -279.551 37.622
v 187.348 -281.947 37.621
v 187.139 -282.329 37.621
v 189.942 -283.864 37.62
v 190.246 -283.308 37.62
v 191.279 -283.882 37.62
v 191.921 -282.692 37.62
v 167.731 -267.477 37.627
v 165.95 -271.167 37.627
v 167.419 -272.038 37.626
v 164.478 -276.998 37.627
v 164.65 -277.096 37.626
v 164.883 -276.67 37.626
v 183.906 -287.087 37.621
v 184.405 -286.175 37.621
v 180.513 -284.044 37.622
v 189.958 -334.024 33.79
v 189.955 -334.023 21.46
v 200.348 -339.714 21.457
v 200.351 -339.715 33.787
v 141.446 -283.536 34.876
v 134.941 -297.679 34.877
v 134.942 -297.679 35.916
v 148.596 -267.99 35.757
v 148.596 -267.99 34.006
v 141.446 -283.536 34.006
v 128.183 -280.702 37.95
v 138.486 -285.742 37.947
v 138.487 -285.742 39.717
v 128.183 -280.702 39.72
v 204.289 -332.528 41.157
v 215.825 -311.46 41.156
v 208.947 -307.694 41.158
v 208.535 -308.446 41.158
v 205.001 -306.51 41.159
v 193.89 -326.834 41.16
v 141.446 -283.536 34.876
v 141.446 -283.536 34.006
v 139.87 -282.912 34.007
v 139.87 -282.912 34.877
v 115.196 -294.791 3.783
v 199.629 -341.024 3.758
v 199.633 -341.025 21.457
v 168.845 -324.167 21.466
v 168.849 -324.168 34.866
v 115.204 -294.794 34.882
v 167.592 -267.761 29.917
v 167.591 -267.761 24.642
v 151.57 -258.988 24.646
v 151.571 -258.989 29.921
v 141.946 -259.61 41.629
v 141.945 -259.61 37.949
v 139.445 -265.047 37.949
v 139.446 -265.047 41.629
v 136.142 -247.751 3.782
v 134.894 -250.551 3.782
v 134.9 -250.553 24.651
v 136.147 -247.753 24.651
v 145.877 -270.635 39.717
v 135.094 -265.676 39.72
v 128.183 -280.702 39.72
v 138.487 -285.742 39.717
v 200.351 -339.715 33.787
v 204.287 -332.528 33.787
v 193.888 -326.834 33.79
v 189.958 -334.024 33.79
v 165.95 -271.167 37.627
v 165.949 -271.166 34.002
v 167.419 -272.038 34.001
v 167.419 -272.038 37.626
v 145.877 -270.635 39.717
v 145.876 -270.635 37.947
v 138.446 -267.218 37.949
v 135.093 -265.676 37.95
v 135.094 -265.676 39.72
v 187.363 -281.953 103.206
v 187.348 -281.947 37.621
v 182.974 -279.551 37.622
v 182.989 -279.558 103.207
v 221.42 -301.238 33.941
v 215.824 -311.459 33.941
v 215.817 -311.456 3.757
v 221.413 -301.235 3.757
v 187.267 -290.424 54.135
v 187.267 -290.424 53.155
v 190.648 -284.25 53.155
v 190.648 -284.25 54.135
v 139.446 -265.047 41.629
v 139.445 -265.047 37.949
v 143.977 -267.132 37.947
v 143.978 -267.132 41.627
v 189.958 -334.024 33.79
v 193.888 -326.834 33.79
v 193.89 -326.834 41.16
v 205.001 -306.51 41.159
v 205.004 -306.511 52.889
v 206.173 -304.373 52.889
v 206.168 -304.371 33.944
v 211.293 -294.998 33.944
v 211.297 -295.0 53.149
v 189.865 -334.204 53.15
v 189.857 -334.201 21.46
v 189.955 -334.023 21.46
v 182.989 -279.558 103.207
v 180.529 -284.05 103.207
v 184.903 -286.446 103.206
v 187.363 -281.953 103.206
v 200.839 -338.81 3.758
v 199.629 -341.024 3.758
v 115.196 -294.791 3.783
v 134.894 -250.551 3.782
v 136.142 -247.751 3.782
v 167.723 -267.474 3.773
v 191.276 -282.288 3.766
v 211.011 -294.694 3.76
v 221.413 -301.235 3.757
v 215.817 -311.456 3.757
v 166.662 -269.69 34.002
v 166.661 -269.689 29.917
v 150.631 -260.912 29.921
v 150.632 -260.912 34.006
v 139.87 -282.912 34.877
v 138.486 -285.742 34.877
v 122.677 -278.009 34.881
v 115.204 -294.794 34.882
v 168.849 -324.168 34.866
v 169.474 -323.026 34.866
v 146.419 -310.388 34.873
v 149.211 -305.29 34.872
v 134.941 -297.679 34.877
v 141.446 -283.536 34.876
v 191.279 -283.882 37.62
v 190.246 -283.308 37.62
v 190.25 -283.309 53.155
v 211.297 -295.0 53.149
v 211.293 -294.998 33.944
v 210.945 -294.805 33.944
v 210.942 -294.804 20.639
v 191.275 -283.88 20.645
v 141.446 -283.536 34.006
v 148.596 -267.99 34.006
v 164.477 -276.998 34.002
v 167.419 -272.038 34.001
v 165.949 -271.166 34.002
v 166.662 -269.69 34.002
v 150.632 -260.912 34.006
v 139.87 -282.912 34.007
v 143.978 -267.132 41.627
v 143.977 -267.132 37.947
v 146.478 -261.694 37.947
v 146.479 -261.695 41.627
v 122.678 -278.009 37.951
v 122.677 -278.009 34.881
v 138.486 -285.742 34.877
v 138.486 -285.742 37.947
v 128.183 -280.702 37.95
v 206.168 -304.371 33.944
v 209.704 -306.308 33.943
v 208.946 -307.693 33.943
v 215.824 -311.459 33.941
v 221.42 -301.238 33.941
v 211.018 -294.697 33.944
v 210.945 -294.805 33.944
v 211.293 -294.998 33.944
v 200.839 -338.81 3.758
v 200.843 -338.812 21.457
v 199.633 -341.025 21.457
v 199.629 -341.024 3.758
v 187.143 -282.331 54.136
v 190.648 -284.25 54.135
v 190.648 -284.25 53.155
v 189.946 -283.866 53.155
v 189.942 -283.864 37.62
v 187.139 -282.329 37.621
v 168.849 -324.168 34.866
v 168.845 -324.167 21.466
v 169.471 -323.025 21.466
v 169.474 -323.026 34.866
v 150.631 -260.912 29.921
v 166.661 -269.689 29.917
v 167.592 -267.761 29.917
v 151.571 -258.989 29.921
v 182.989 -279.558 103.207
v 182.974 -279.551 37.622
v 180.513 -284.044 37.622
v 180.529 -284.05 103.207
v 190.648 -284.25 53.155
v 187.267 -290.424 53.155
v 186.571 -290.043 53.155
v 168.764 -322.637 53.156
v 189.865 -334.204 53.15
v 211.297 -295.0 53.149
v 190.25 -283.309 53.155
v 189.946 -283.866 53.155
v 149.212 -305.29 37.787
v 149.211 -305.29 34.872
v 146.419 -310.388 34.873
v 146.42 -310.389 37.788
v 167.723 -267.474 3.773
v 167.724 -267.485 24.642
v 167.591 -267.761 24.642
v 167.592 -267.761 29.917
v 166.661 -269.689 29.917
v 166.662 -269.69 34.002
v 165.949 -271.166 34.002
v 165.95 -271.167 37.627
v 167.731 -267.477 37.627
v 168.761 -322.635 37.781
v 171.688 -317.277 37.781
v 149.212 -305.29 37.787
v 146.42 -310.389 37.788
v 191.275 -283.88 20.645
v 210.942 -294.804 20.639
v 211.011 -294.7 20.639
v 191.917 -282.69 20.645
v 139.446 -265.047 41.629
v 143.978 -267.132 41.627
v 146.479 -261.695 41.627
v 141.946 -259.61 41.629
v 209.708 -306.309 52.888
v 208.538 -308.447 52.888
v 208.535 -308.446 41.158
v 208.947 -307.694 41.158
v 208.946 -307.693 33.943
v 209.704 -306.308 33.943
v 134.894 -250.551 3.782
v 115.196 -294.791 3.783
v 115.204 -294.794 34.882
v 122.677 -278.009 34.881
v 122.678 -278.009 37.951
v 134.902 -250.554 37.951
v 183.906 -287.087 37.621
v 183.908 -287.088 46.186
v 183.277 -288.24 46.186
v 183.279 -288.24 54.136
v 184.409 -286.177 54.136
v 184.405 -286.175 37.621
f 14481 14482 14475
f 14476 14477 14478
f 14479 14480 14481
f 14481 14475 14476
f 14476 14478 14479
f 14479 14481 14476
f 14483 14487 14488
f 14486 14484 14485
f 14483 14486 14487
f 14486 14483 14484
f 14490 14493 14489
f 14493 14491 14492
f 14491 14493 14490
f 14500 14501 14494
f 14495 14496 14497
f 14497 14498 14499
f 14499 14500 14494
f 14495 14497 14499
f 14499 14494 14495
f 14506 14507 14502
f 14502 14503 14504
f 14505 14506 14502
f 14502 14504 14505
f 14515 14516 14508
f 14509 14510 14511
f 14512 14513 14514
f 14514 14515 14508
f 14509 14511 14512
f 14514 14508 14509
f 14509 14512 14514
f 14517 14521 14522
f 14521 14519 14520
f 14519 14517 14518
f 14517 14519 14521
f 14525 14526 14523
f 14523 14524 14525
f 14538 14539 14527
f 14528 14529 14530
f 14530 14531 14532
f 14532 14533 14534
f 14534 14535 14536
f 14538 14527 14528
f 14528 14530 14532
f 14534 14536 14537
f 14538 14528 14532
f 14532 14534 14537
f 14537 14538 14532
f 14545 14546 14540
f 14540 14541 14542
f 14542 14543 14544
f 14544 14545 14540
f 14540 14542 14544
f 14548 14550 14547
f 14550 14548 14549
f 14552 14556 14551
f 14556 14554 14555
f 14553 14556 14552
f 14556 14553 14554
f 14561 14562 14557
f 14558 14559 14560
f 14561 14557 14558
f 14558 14560 14561
f 14567 14568 14563
f 14564 14565 14566
f 14567 14563 14564
f 14564 14566 14567
f 14570 14572 14569
f 14572 14570 14571
f 14574 14576 14573
f 14576 14574 14575
f 14579 14585 14586
f 14581 14582 14583
f 14584 14577 14578
f 14584 14578 14579
f 14588 14585 14579
f 14584 14579 14586
f 14588 14579 14580
f 14583 14584 14586
f 14588 14580 14581
f 14583 14586 14587
f 14587 14588 14581
f 14581 14583 14587
f 14590 14592 14589
f 14592 14590 14591
f 14595 14596 14593
f 14593 14594 14595
f 14599 14600 14597
f 14597 14598 14599
f 14603 14604 14601
f 14601 14602 14603
f 14606 14608 14605
f 14608 14606 14607
f 14611 14612 14609
f 14609 14610 14611
f 14614 14616 14613
f 14616 14614 14615
f 14618 14620 14617
f 14620 14618 14619
f 14622 14627 14621
f 14627 14625 14626
f 14625 14623 14624
f 14622 14625 14627
f 14625 14622 14623
f 14629 14631 14628
f 14631 14629 14630
f 14636 14637 14632
f 14632 14633 14634
f 14635 14636 14632
f 14632 14634 14635
f 14643 14638 14639
f 14639 14640 14641
f 14641 14642 14643
f 14643 14639 14641
f 14645 14647 14644
f 14647 14645 14646
f 14652 14653 14648
f 14649 14650 14651
f 14652 14648 14649
f 14649 14651 14652
f 14654 14658 14659
f 14658 14656 14657
f 14655 14658 14654
f 14658 14655 14656
f 14661 14662 14663
f 14664 14665 14666
f 14666 14667 14668
f 14670 14671 14672
f 14672 14673 14674
f 14661 14663 14664
f 14666 14668 14669
f 14669 14670 14672
f 14672 14674 14675
f 14660 14661 14664
f 14669 14672 14675
f 14660 14664 14666
f 14669 14675 14660
f 14660 14666 14669
f 14678 14679 14676
f 14676 14677 14678
f 14680 14684 14685
f 14684 14682 14683
f 14682 14680 14681
f 14680 14682 14684
f 14688 14689 14686
f 14686 14687 14688
f 14694 14695 14690
f 14690 14691 14692
f 14693 14694 14690
f 14690 14692 14693
f 14697 14699 14696
f 14699 14697 14698
f 14704 14705 14700
f 14700 14701 14702
f 14703 14704 14700
f 14700 14702 14703
f 14707 14709 14706
f 14709 14707 14708
f 14711 14713 14710
f 14713 14711 14712
f 14715 14717 14714
f 14717 14715 14716
f 14720 14721 14718
f 14718 14719 14720
f 14724 14725 14722
f 14722 14723 14724
f 14728 14729 14726
f 14726 14727 14728
f 14731 14734 14730
f 14734 14732 14733
f 14732 14734 14731
f 14736 14738 14735
f 14738 14736 14737
f 14741 14742 14739
f 14739 14740 14741
f 14745 14746 14743
f 14743 14744 14745
f 14749 14750 14747
f 14747 14748 14749
f 14761 14762 14751
f 14751 14752 14753
f 14753 14754 14755
f 14756 14757 14758
f 14760 14761 14751
f 14756 14758 14759
f 14760 14751 14753
f 14755 14756 14759
f 14760 14753 14755
f 14755 14759 14760
f 14765 14766 14763
f 14763 14764 14765
f 14776 14774 14775
f 14773 14771 14772
f 14771 14769 14770
f 14769 14767 14768
f 14767 14774 14776
f 14774 14771 14773
f 14771 14767 14769
f 14767 14771 14774
f 14778 14780 14777
f 14780 14778 14779
f 14789 14790 14781
f 14782 14783 14784
f 14784 14785 14786
f 14787 14788 14789
f 14789 14781 14782
f 14784 14786 14787
f 14789 14782 14784
f 14784 14787 14789
f 14791 14797 14798
f 14796 14794 14795
f 14794 14792 14793
f 14791 14796 14797
f 14794 14791 14792
f 14791 14794 14796
f 14805 14806 14799
f 14800 14801 14802
f 14803 14804 14805
f 14805 14799 14800
f 14800 14802 14803
f 14803 14805 14800
f 14809 14810 14807
f 14807 14808 14809
f 14815 14811 14812
f 14812 14813 14814
f 14814 14815 14812
f 14823 14816 14817
f 14817 14818 14819
f 14821 14822 14823
f 14823 14817 14819
f 14820 14821 14823
f 14823 14819 14820
f 14826 14827 14824
f 14824 14825 14826
f 14828 14832 14833
f 14831 14829 14830
f 14828 14831 14832
f 14831 14828 14829
f 14836 14837 14834
f 14834 14835 14836
f 14840 14841 14838
f 14838 14839 14840
f 14843 14845 14842
f 14845 14843 14844
f 14852 14853 14846
f 14847 14848 14849
f 14849 14850 14851
f 14851 14852 14846
f 14847 14849 14851
f 14851 14846 14847
f 14855 14857 14854
f 14857 14855 14856
f 14859 14866 14858
f 14866 14864 14865
f 14863 14861 14862
f 14861 14859 14860
f 14866 14863 14864
f 14861 14866 14859
f 14866 14861 14863
f 14869 14870 14867
f 14867 14868 14869
f 14873 14874 14871
f 14871 14872 14873
f 14877 14878 14875
f 14875 14876 14877
f 14883 14884 14879
f 14879 14880 14881
f 14882 14883 14879
f 14879 14881 14882
f 14886 14890 14885
f 14890 14888 14889
f 14888 14886 14887
f 14886 14888 14890
f 14892 14896 14891
f 14895 14893 14894
f 14892 14895 14896
f 14895 14892 14893
o bldg_0efcebb8-be4d-42d0-99e9-d55da9d6b692
v 19.147 -299.27 39.207
v 19.147 -299.27 36.642
v 36.564 -310.957 36.642
v 36.564 -310.957 39.207
v 46.21 -296.581 39.207
v 46.21 -296.581 36.642
v 28.794 -284.894 36.642
v 28.794 -284.894 39.207
v 28.794 -284.894 39.207
v 19.147 -299.27 39.207
v 36.564 -310.957 39.207
v 46.21 -296.581 39.207
v 37.693 -312.655 36.642
v 16.8 -298.636 36.642
v 16.8 -298.636 3.826
v 37.693 -312.655 3.826
v 51.331 -292.331 36.642
v 37.693 -312.655 36.642
v 37.693 -312.655 3.826
v 51.331 -292.331 3.826
v 30.437 -278.312 36.642
v 51.331 -292.331 36.642
v 51.331 -292.331 3.826
v 30.437 -278.312 3.826
v 28.794 -284.894 39.207
v 28.794 -284.894 36.642
v 19.147 -299.27 36.642
v 19.147 -299.27 39.207
v 16.8 -298.636 36.642
v 17.235 -297.987 36.642
v 26.882 -283.611 36.642
v 30.437 -278.312 36.642
v 30.437 -278.312 3.826
v 16.8 -298.636 3.826
v 36.564 -310.957 39.207
v 36.564 -310.957 36.642
v 46.21 -296.581 36.642
v 46.21 -296.581 39.207
v 16.8 -298.636 3.826
v 30.437 -278.312 3.826
v 51.331 -292.331 3.826
v 37.693 -312.655 3.826
v 26.882 -283.611 36.642
v 17.235 -297.987 36.642
v 16.8 -298.636 36.642
v 37.693 -312.655 36.642
v 51.331 -292.331 36.642
v 30.437 -278.312 36.642
v 19.147 -299.27 36.642
v 28.794 -284.894 36.642
v 46.21 -296.581 36.642
v 36.564 -310.957 36.642
f 14899 14900 14897
f 14897 14898 14899
f 14902 14904 14901
f 14904 14902 14903
f 14907 14908 14905
f 14905 14906 14907
f 14911 14912 14909
f 14909 14910 14911
f 14915 14916 14913
f 14913 14914 14915
f 14918 14920 14917
f 14920 14918 14919
f 14922 14924 14921
f 14924 14922 14923
f 14926 14930 14925
f 14930 14928 14929
f 14927 14930 14926
f 14930 14927 14928
f 14933 14934 14931
f 14931 14932 14933
f 14936 14938 14935
f 14938 14936 14937
f 14941 14945 14946
f 14948 14945 14941
f 14943 14944 14939
f 14940 14941 14946
f 14948 14941 14942
f 14939 14940 14946
f 14947 14948 14942
f 14943 14939 14946
f 14947 14942 14943
f 14943 14946 14947
o bldg_74e4c817-e182-4eab-85bc-8424333e00d2
v 272.809 -313.499 20.826
v 272.809 -313.499 19.906
v 276.518 -307.843 19.906
v 276.518 -307.843 20.826
v 273.37 -314.614 19.906
v 263.157 -307.916 19.906
v 263.157 -307.916 3.519
v 273.37 -314.614 3.519
v 277.748 -307.939 19.906
v 277.748 -307.939 3.519
v 261.778 -297.465 3.519
v 261.778 -297.465 19.906
v 264.027 -298.94 19.906
v 264.027 -298.94 21.326
v 269.421 -302.477 21.326
v 269.421 -302.477 19.906
v 262.603 -308.76 3.519
v 256.847 -304.984 3.519
v 261.778 -297.465 3.519
v 277.748 -307.939 3.519
v 273.37 -314.614 3.519
v 263.157 -307.916 3.519
v 273.37 -314.614 19.906
v 277.748 -307.939 19.906
v 269.421 -302.477 19.906
v 269.095 -302.975 19.906
v 276.518 -307.843 19.906
v 272.809 -313.499 19.906
v 258.219 -303.929 19.906
v 261.928 -298.274 19.906
v 263.701 -299.437 19.906
v 264.027 -298.94 19.906
v 261.778 -297.465 19.906
v 256.847 -304.984 19.906
v 262.603 -308.76 19.906
v 263.157 -307.916 19.906
v 263.157 -307.916 19.906
v 262.603 -308.76 19.906
v 262.603 -308.76 3.519
v 263.157 -307.916 3.519
v 261.928 -298.274 20.826
v 261.282 -301.825 22.471
v 273.756 -310.005 22.471
v 276.518 -307.843 20.826
v 269.095 -302.975 20.826
v 268.541 -303.819 21.326
v 263.147 -300.282 21.326
v 263.701 -299.437 20.826
v 276.518 -307.843 19.906
v 269.095 -302.975 19.906
v 269.095 -302.975 20.826
v 276.518 -307.843 20.826
v 277.748 -307.939 19.906
v 273.37 -314.614 19.906
v 273.37 -314.614 3.519
v 277.748 -307.939 3.519
v 261.282 -301.825 22.471
v 261.928 -298.274 20.826
v 258.219 -303.929 20.826
v 256.847 -304.984 19.906
v 261.778 -297.465 19.906
v 261.778 -297.465 3.519
v 256.847 -304.984 3.519
v 258.219 -303.929 20.826
v 258.219 -303.929 19.906
v 272.809 -313.499 19.906
v 272.809 -313.499 20.826
v 263.701 -299.437 19.906
v 263.701 -299.437 20.826
v 263.147 -300.282 21.326
v 264.027 -298.94 21.326
v 264.027 -298.94 19.906
v 264.027 -298.94 21.326
v 263.147 -300.282 21.326
v 268.541 -303.819 21.326
v 269.421 -302.477 21.326
v 269.421 -302.477 21.326
v 268.541 -303.819 21.326
v 269.095 -302.975 20.826
v 269.095 -302.975 19.906
v 269.421 -302.477 19.906
v 261.928 -298.274 20.826
v 261.928 -298.274 19.906
v 258.219 -303.929 19.906
v 258.219 -303.929 20.826
v 262.603 -308.76 19.906
v 256.847 -304.984 19.906
v 256.847 -304.984 3.519
v 262.603 -308.76 3.519
v 261.928 -298.274 20.826
v 263.701 -299.437 20.826
v 263.701 -299.437 19.906
v 261.928 -298.274 19.906
v 261.282 -301.825 22.471
v 258.219 -303.929 20.826
v 272.809 -313.499 20.826
v 273.756 -310.005 22.471
v 273.756 -310.005 22.471
v 272.809 -313.499 20.826
v 276.518 -307.843 20.826
f 14951 14952 14949
f 14949 14950 14951
f 14955 14956 14953
f 14953 14954 14955
f 14958 14964 14957
f 14964 14962 14963
f 14961 14959 14960
f 14959 14964 14958
f 14964 14961 14962
f 14961 14964 14959
f 14966 14970 14965
f 14970 14968 14969
f 14968 14966 14967
f 14966 14968 14970
f 14972 14973 14974
f 14978 14979 14980
f 14982 14983 14984
f 14972 14974 14975
f 14978 14980 14981
f 14971 14972 14975
f 14977 14978 14981
f 14971 14975 14976
f 14977 14981 14982
f 14984 14971 14976
f 14977 14982 14984
f 14984 14976 14977
f 14987 14988 14985
f 14985 14986 14987
f 14995 14996 14989
f 14990 14991 14992
f 14992 14993 14994
f 14995 14989 14990
f 14990 14992 14994
f 14994 14995 14990
f 14998 15000 14997
f 15000 14998 14999
f 15003 15004 15001
f 15001 15002 15003
f 15006 15007 15005
f 15009 15011 15008
f 15011 15009 15010
f 15014 15015 15012
f 15012 15013 15014
f 15017 15020 15016
f 15019 15017 15018
f 15017 15019 15020
f 15023 15024 15021
f 15021 15022 15023
f 15028 15029 15025
f 15025 15026 15027
f 15027 15028 15025
f 15031 15033 15030
f 15033 15031 15032
f 15036 15037 15034
f 15034 15035 15036
f 15039 15041 15038
f 15041 15039 15040
f 15044 15045 15042
f 15042 15043 15044
f 15047 15048 15046
o bldg_3a0315eb-e305-4099-afc3-2ee7332fe924
v 152.661 -178.239 43.692
v 104.224 -147.565 43.692
v 104.224 -147.565 2.848
v 152.661 -178.239 2.848
v 130.958 -105.201 43.692
v 179.542 -135.915 43.692
v 179.542 -135.915 2.848
v 130.958 -105.201 2.848
v 136.413 -126.407 52.892
v 136.413 -126.407 43.692
v 125.656 -143.422 43.692
v 125.656 -143.422 52.892
v 122.086 -117.35 43.692
v 111.336 -134.369 43.692
v 103.864 -146.197 43.692
v 104.224 -147.565 43.692
v 152.661 -178.239 43.692
v 154.125 -177.818 43.692
v 179.897 -137.421 43.692
v 179.542 -135.915 43.692
v 130.958 -105.201 43.692
v 129.495 -105.622 43.692
v 125.656 -143.422 43.692
v 136.413 -126.407 43.692
v 166.284 -145.291 43.692
v 155.527 -162.306 43.692
v 179.542 -135.915 43.692
v 179.897 -137.421 43.692
v 179.898 -137.421 2.848
v 179.542 -135.915 2.848
v 166.284 -145.291 52.892
v 166.284 -145.291 43.692
v 136.413 -126.407 43.692
v 136.413 -126.407 52.892
v 125.656 -143.422 52.892
v 125.656 -143.422 43.692
v 155.527 -162.306 43.692
v 155.527 -162.306 52.892
v 104.224 -147.565 2.848
v 103.864 -146.197 2.848
v 129.495 -105.622 2.848
v 130.958 -105.201 2.848
v 179.542 -135.915 2.848
v 179.898 -137.421 2.848
v 154.125 -177.818 2.848
v 152.661 -178.239 2.848
v 155.527 -162.306 52.892
v 166.284 -145.291 52.892
v 136.413 -126.407 52.892
v 125.656 -143.422 52.892
v 103.864 -146.197 43.692
v 111.336 -134.369 43.692
v 122.086 -117.35 43.692
v 129.495 -105.622 43.692
v 129.495 -105.622 2.848
v 103.864 -146.197 2.848
v 104.224 -147.565 43.692
v 103.864 -146.197 43.692
v 103.864 -146.197 2.848
v 104.224 -147.565 2.848
v 154.125 -177.818 43.692
v 152.661 -178.239 43.692
v 152.661 -178.239 2.848
v 154.125 -177.818 2.848
v 155.527 -162.306 52.892
v 155.527 -162.306 43.692
v 166.284 -145.291 43.692
v 166.284 -145.291 52.892
v 129.495 -105.622 43.692
v 130.958 -105.201 43.692
v 130.958 -105.201 2.848
v 129.495 -105.622 2.848
v 179.897 -137.421 43.692
v 154.125 -177.818 43.692
v 154.125 -177.818 2.848
v 179.898 -137.421 2.848
f 15051 15052 15049
f 15049 15050 15051
f 15054 15056 15053
f 15056 15054 15055
f 15058 15060 15057
f 15060 15058 15059
f 15063 15071 15072
f 15074 15071 15063
f 15063 15064 15065
f 15065 15066 15067
f 15067 15068 15069
f 15069 15070 15061
f 15061 15062 15063
f 15074 15063 15065
f 15067 15069 15061
f 15061 15063 15072
f 15073 15074 15065
f 15067 15061 15072
f 15073 15065 15067
f 15067 15072 15073
f 15077 15078 15075
f 15075 15076 15077
f 15080 15082 15079
f 15082 15080 15081
f 15085 15086 15083
f 15083 15084 15085
f 15088 15094 15087
f 15094 15092 15093
f 15092 15090 15091
f 15090 15088 15089
f 15088 15092 15094
f 15092 15088 15090
f 15097 15098 15095
f 15095 15096 15097
f 15100 15104 15099
f 15104 15102 15103
f 15101 15104 15100
f 15104 15101 15102
f 15106 15108 15105
f 15108 15106 15107
f 15111 15112 15109
f 15109 15110 15111
f 15115 15116 15113
f 15113 15114 15115
f 15118 15120 15117
f 15120 15118 15119
f 15123 15124 15121
f 15121 15122 15123
o bldg_53748e94-fc98-4e6f-acac-8ab8a1e7873c
v 143.357 -244.749 7.821
v 140.202 -249.668 7.821
v 140.202 -249.668 3.661
v 143.357 -244.749 3.661
v 135.133 -248.742 7.821
v 131.035 -246.508 7.821
v 131.035 -246.508 3.661
v 135.133 -248.742 3.661
v 131.035 -246.508 7.821
v 135.426 -239.662 7.821
v 135.426 -239.662 3.661
v 131.035 -246.508 3.661
v 135.426 -239.662 7.821
v 143.357 -244.749 7.821
v 143.357 -244.749 3.661
v 135.426 -239.662 3.661
v 140.202 -249.668 7.821
v 143.357 -244.749 7.821
v 135.426 -239.662 7.821
v 131.035 -246.508 7.821
v 135.133 -248.742 7.821
v 136.189 -247.095 7.821
v 135.133 -248.742 3.661
v 131.035 -246.508 3.661
v 135.426 -239.662 3.661
v 143.357 -244.749 3.661
v 140.202 -249.668 3.661
v 136.189 -247.095 3.661
v 136.189 -247.095 7.821
v 135.133 -248.742 7.821
v 135.133 -248.742 3.661
v 136.189 -247.095 3.661
v 140.202 -249.668 7.821
v 136.189 -247.095 7.821
v 136.189 -247.095 3.661
v 140.202 -249.668 3.661
f 15127 15128 15125
f 15125 15126 15127
f 15131 15132 15129
f 15129 15130 15131
f 15134 15136 15133
f 15136 15134 15135
f 15138 15140 15137
f 15140 15138 15139
f 15146 15141 15142
f 15142 15143 15144
f 15144 15145 15146
f 15146 15142 15144
f 15148 15152 15147
f 15152 15150 15151
f 15150 15148 15149
f 15148 15150 15152
f 15155 15156 15153
f 15153 15154 15155
f 15159 15160 15157
f 15157 15158 15159
o bldg_3a2169c9-74fc-4624-805c-ceabd41bab89
v 227.819 -265.168 26.82
v 213.344 -255.949 26.82
v 213.344 -255.949 3.427
v 227.819 -265.168 3.427
v 221.558 -243.051 21.33
v 236.033 -252.269 21.33
v 237.005 -250.743 21.33
v 222.53 -241.524 21.33
v 236.033 -252.269 21.33
v 221.558 -243.051 21.33
v 221.558 -243.051 23.68
v 236.033 -252.269 23.68
v 222.53 -241.524 3.427
v 221.558 -243.051 3.427
v 221.558 -243.051 21.33
v 222.53 -241.524 21.33
v 234.739 -254.301 26.82
v 234.739 -254.301 23.68
v 220.264 -245.083 23.68
v 220.264 -245.083 26.82
v 237.005 -250.743 3.427
v 237.005 -250.743 21.33
v 236.033 -252.269 21.33
v 235.425 -253.223 21.33
v 235.426 -253.223 3.427
v 220.264 -245.083 26.82
v 220.264 -245.083 23.68
v 221.558 -243.051 23.68
v 221.558 -243.051 21.33
v 221.558 -243.051 3.427
v 213.344 -255.949 3.427
v 213.344 -255.949 26.82
v 221.558 -243.051 23.68
v 220.264 -245.083 23.68
v 234.739 -254.301 23.68
v 236.033 -252.269 23.68
v 222.53 -241.524 21.33
v 237.005 -250.743 21.33
v 237.005 -250.743 3.427
v 222.53 -241.524 3.427
v 227.819 -265.168 3.427
v 235.426 -253.223 3.427
v 235.425 -253.223 21.33
v 236.033 -252.269 21.33
v 236.033 -252.269 23.68
v 234.739 -254.301 23.68
v 234.739 -254.301 26.82
v 227.819 -265.168 26.82
v 227.819 -265.168 26.82
v 234.739 -254.301 26.82
v 220.264 -245.083 26.82
v 213.344 -255.949 26.82
v 221.558 -243.051 3.427
v 222.53 -241.524 3.427
v 237.005 -250.743 3.427
v 235.426 -253.223 3.427
v 227.819 -265.168 3.427
v 213.344 -255.949 3.427
f 15163 15164 15161
f 15161 15162 15163
f 15167 15168 15165
f 15165 15166 15167
f 15170 15172 15169
f 15172 15170 15171
f 15174 15176 15173
f 15176 15174 15175
f 15178 15180 15177
f 15180 15178 15179
f 15184 15185 15181
f 15181 15182 15183
f 15183 15184 15181
f 15187 15192 15186
f 15192 15190 15191
f 15189 15187 15188
f 15187 15190 15192
f 15190 15187 15189
f 15195 15196 15193
f 15193 15194 15195
f 15198 15200 15197
f 15200 15198 15199
f 15207 15208 15201
f 15201 15202 15203
f 15203 15204 15205
f 15206 15207 15201
f 15201 15203 15205
f 15205 15206 15201
f 15211 15212 15209
f 15209 15210 15211
f 15214 15218 15213
f 15218 15216 15217
f 15216 15214 15215
f 15214 15216 15218
o bldg_c54cb79e-30d2-40d4-a700-05b0ae189b01
v 230.86 -44.912 9.462
v 235.538 -38.024 9.462
v 235.538 -38.024 2.159
v 230.86 -44.912 2.159
v 230.86 -44.912 2.159
v 235.538 -38.024 2.159
v 241.556 -42.111 2.159
v 236.879 -48.999 2.159
v 236.879 -48.999 9.462
v 230.86 -44.912 9.462
v 230.86 -44.912 2.159
v 236.879 -48.999 2.159
v 241.556 -42.111 9.462
v 235.538 -38.024 9.462
v 230.86 -44.912 9.462
v 236.879 -48.999 9.462
v 235.538 -38.024 9.462
v 241.556 -42.111 9.462
v 241.556 -42.111 2.159
v 235.538 -38.024 2.159
v 241.556 -42.111 9.462
v 236.879 -48.999 9.462
v 236.879 -48.999 2.159
v 241.556 -42.111 2.159
f 15220 15222 15219
f 15222 15220 15221
f 15224 15226 15223
f 15226 15224 15225
f 15229 15230 15227
f 15227 15228 15229
f 15233 15234 15231
f 15231 15232 15233
f 15236 15238 15235
f 15238 15236 15237
f 15241 15242 15239
f 15239 15240 15241
o bldg_ddb780df-5f91-4e37-9433-f597d26dca74
v 215.753 184.381 5.272
v 213.793 181.414 5.272
v 213.793 181.414 2.854
v 215.753 184.381 2.854
v 211.154 183.158 5.272
v 211.095 184.756 5.272
v 211.095 184.756 2.854
v 211.154 183.158 2.854
v 213.793 181.414 5.272
v 211.154 183.158 5.272
v 211.154 183.158 2.854
v 213.793 181.414 2.854
v 215.753 184.381 5.272
v 212.338 186.638 5.272
v 211.095 184.756 5.272
v 211.154 183.158 5.272
v 213.793 181.414 5.272
v 211.095 184.756 5.272
v 212.338 186.638 5.272
v 212.338 186.638 2.854
v 211.095 184.756 2.854
v 211.154 183.158 2.854
v 211.095 184.756 2.854
v 212.338 186.638 2.854
v 215.753 184.381 2.854
v 213.793 181.414 2.854
v 212.338 186.638 5.272
v 215.753 184.381 5.272
v 215.753 184.381 2.854
v 212.338 186.638 2.854
f 15245 15246 15243
f 15243 15244 15245
f 15248 15250 15247
f 15250 15248 15249
f 15253 15254 15251
f 15251 15252 15253
f 15258 15259 15255
f 15255 15256 15257
f 15257 15258 15255
f 15261 15263 15260
f 15263 15261 15262
f 15265 15268 15264
f 15268 15266 15267
f 15266 15268 15265
f 15270 15272 15269
f 15272 15270 15271
o bldg_eaad46ef-c092-45a0-86bf-2bb2cec0b0de
v 243.601 -280.311 33.363
v 243.601 -280.311 26.343
v 242.176 -282.468 26.343
v 242.176 -282.468 33.363
v 240.526 -277.036 26.343
v 240.526 -277.036 24.938
v 238.353 -275.6 24.938
v 238.353 -275.6 26.343
v 242.176 -282.468 33.363
v 242.176 -282.468 26.343
v 245.205 -284.47 26.343
v 245.205 -284.47 33.363
v 248.138 -286.408 26.343
v 250.135 -283.388 26.343
v 246.797 -281.181 26.343
v 247.222 -280.537 26.343
v 240.952 -276.392 26.343
v 240.526 -277.036 26.343
v 238.353 -275.6 26.343
v 233.675 -282.678 26.343
v 245.456 -290.467 26.343
v 246.63 -282.313 26.343
v 245.205 -284.47 26.343
v 242.176 -282.468 26.343
v 243.601 -280.311 26.343
v 231.171 -286.468 19.813
v 231.171 -286.468 16.758
v 242.953 -294.254 16.758
v 242.953 -294.254 19.813
v 245.205 -284.47 33.363
v 246.63 -282.313 33.363
v 243.601 -280.311 33.363
v 242.176 -282.468 33.363
v 244.067 -292.57 22.898
v 245.456 -290.467 22.898
v 233.675 -282.678 22.898
v 232.284 -284.783 22.898
v 232.284 -284.783 22.898
v 233.675 -282.678 22.898
v 233.675 -282.678 26.343
v 238.353 -275.6 26.343
v 238.353 -275.6 24.938
v 239.465 -273.917 24.938
v 239.465 -273.917 3.436
v 229.966 -288.291 3.436
v 229.966 -288.291 16.758
v 231.171 -286.468 16.758
v 231.171 -286.468 19.813
v 232.284 -284.783 19.813
v 233.675 -282.678 26.343
v 233.675 -282.678 22.898
v 245.456 -290.467 22.898
v 245.456 -290.467 26.343
v 240.952 -276.392 26.343
v 240.952 -276.392 24.938
v 240.526 -277.036 24.938
v 240.526 -277.036 26.343
v 246.797 -281.181 26.343
v 250.135 -283.388 26.343
v 250.135 -283.388 3.436
v 246.797 -281.181 3.436
v 243.11 -276.327 24.938
v 242.424 -277.365 24.938
v 242.424 -277.365 3.436
v 243.11 -276.327 3.436
v 232.284 -284.783 22.898
v 232.284 -284.783 19.813
v 244.067 -292.57 19.813
v 244.067 -292.57 22.898
v 242.953 -294.254 19.813
v 244.067 -292.57 19.813
v 232.284 -284.783 19.813
v 231.171 -286.468 19.813
v 241.749 -296.078 3.436
v 250.135 -283.388 3.436
v 250.135 -283.388 26.343
v 248.138 -286.408 26.343
v 245.456 -290.467 26.343
v 245.456 -290.467 22.898
v 244.067 -292.57 22.898
v 244.067 -292.57 19.813
v 242.953 -294.254 19.813
v 242.953 -294.254 16.758
v 241.749 -296.077 16.758
v 241.749 -296.077 16.758
v 242.953 -294.254 16.758
v 231.171 -286.468 16.758
v 229.966 -288.291 16.758
v 241.749 -296.078 3.436
v 229.966 -288.291 3.436
v 239.465 -273.917 3.436
v 243.11 -276.327 3.436
v 242.424 -277.365 3.436
v 247.222 -280.537 3.436
v 246.797 -281.181 3.436
v 250.135 -283.388 3.436
v 241.749 -296.077 16.758
v 229.966 -288.291 16.758
v 229.966 -288.291 3.436
v 241.749 -296.078 3.436
v 247.222 -280.537 26.343
v 246.797 -281.181 26.343
v 246.797 -281.181 3.436
v 247.222 -280.537 3.436
v 242.424 -277.365 3.436
v 242.424 -277.365 24.938
v 240.952 -276.392 24.938
v 240.952 -276.392 26.343
v 247.222 -280.537 26.343
v 247.222 -280.537 3.436
v 246.63 -282.313 33.363
v 246.63 -282.313 26.343
v 243.601 -280.311 26.343
v 243.601 -280.311 33.363
v 239.465 -273.917 24.938
v 238.353 -275.6 24.938
v 240.526 -277.036 24.938
v 240.952 -276.392 24.938
v 242.424 -277.365 24.938
v 243.11 -276.327 24.938
v 245.205 -284.47 33.363
v 245.205 -284.47 26.343
v 246.63 -282.313 26.343
v 246.63 -282.313 33.363
v 239.465 -273.917 24.938
v 243.11 -276.327 24.938
v 243.11 -276.327 3.436
v 239.465 -273.917 3.436
f 15274 15276 15273
f 15276 15274 15275
f 15278 15280 15277
f 15280 15278 15279
f 15283 15284 15281
f 15281 15282 15283
f 15292 15296 15297
f 15295 15296 15292
f 15292 15293 15285
f 15285 15286 15287
f 15287 15288 15289
f 15290 15291 15292
f 15295 15292 15285
f 15287 15289 15290
f 15290 15292 15297
f 15294 15295 15285
f 15287 15290 15297
f 15294 15285 15287
f 15287 15297 15294
f 15300 15301 15298
f 15298 15299 15300
f 15304 15305 15302
f 15302 15303 15304
f 15308 15309 15306
f 15306 15307 15308
f 15311 15321 15310
f 15321 15319 15320
f 15319 15317 15318
f 15317 15315 15316
f 15314 15312 15313
f 15311 15319 15321
f 15319 15315 15317
f 15314 15311 15312
f 15311 15315 15319
f 15315 15311 15314
f 15324 15325 15322
f 15322 15323 15324
f 15327 15329 15326
f 15329 15327 15328
f 15331 15333 15330
f 15333 15331 15332
f 15336 15337 15334
f 15334 15335 15336
f 15340 15341 15338
f 15338 15339 15340
f 15344 15345 15342
f 15342 15343 15344
f 15355 15356 15346
f 15346 15347 15348
f 15349 15350 15351
f 15351 15352 15353
f 15353 15354 15355
f 15355 15346 15348
f 15348 15349 15351
f 15351 15353 15355
f 15355 15348 15351
f 15359 15360 15357
f 15357 15358 15359
f 15362 15368 15361
f 15367 15365 15366
f 15365 15363 15364
f 15362 15367 15368
f 15365 15362 15363
f 15362 15365 15367
f 15371 15372 15369
f 15369 15370 15371
f 15375 15376 15373
f 15373 15374 15375
f 15378 15382 15377
f 15381 15379 15380
f 15378 15381 15382
f 15381 15378 15379
f 15384 15386 15383
f 15386 15384 15385
f 15391 15392 15387
f 15387 15388 15389
f 15390 15391 15387
f 15387 15389 15390
f 15395 15396 15393
f 15393 15394 15395
f 15398 15400 15397
f 15400 15398 15399
o bldg_805d45d4-5b49-42a0-93c9-c31d07b4e7d9
v 43.045 -185.661 6.09
v 44.492 -183.464 6.09
v 44.492 -183.464 3.603
v 43.045 -185.661 3.603
v 44.492 -183.464 6.09
v 43.045 -185.661 6.09
v 48.466 -189.233 6.09
v 49.913 -187.037 6.09
v 44.492 -183.464 6.09
v 49.913 -187.037 6.09
v 49.913 -187.037 3.603
v 44.492 -183.464 3.603
v 48.466 -189.233 3.603
v 43.045 -185.661 3.603
v 44.492 -183.464 3.603
v 49.913 -187.037 3.603
v 49.913 -187.037 6.09
v 48.466 -189.233 6.09
v 48.466 -189.233 3.603
v 49.913 -187.037 3.603
v 48.466 -189.233 6.09
v 43.045 -185.661 6.09
v 43.045 -185.661 3.603
v 48.466 -189.233 3.603
f 15402 15404 15401
f 15404 15402 15403
f 15407 15408 15405
f 15405 15406 15407
f 15410 15412 15409
f 15412 15410 15411
f 15414 15416 15413
f 15416 15414 15415
f 15419 15420 15417
f 15417 15418 15419
f 15423 15424 15421
f 15421 15422 15423
o bldg_f260dcad-6b06-4666-aaea-947249576460
v -12.236 -248.74 37.899
v -12.029 -248.869 37.899
v -3.017 -254.497 37.899
v -3.017 -254.497 3.656
v -12.236 -248.74 3.656
v -22.142 -285.12 34.494
v -29.569 -280.481 34.494
v -29.569 -280.481 3.656
v -22.142 -285.12 3.656
v -17.593 -245.394 39.544
v -18.93 -247.536 39.544
v -13.366 -251.011 39.544
v -12.029 -248.869 39.544
v -17.593 -245.394 3.656
v -17.593 -245.394 39.544
v -12.029 -248.869 39.544
v -12.029 -248.869 37.899
v -12.236 -248.74 37.899
v -12.236 -248.74 3.656
v -4.355 -256.639 34.494
v -14.112 -250.546 34.494
v -18.93 -247.536 34.494
v -31.066 -266.968 34.494
v -26.614 -269.749 34.494
v -24.354 -266.131 34.494
v -20.644 -268.448 34.494
v -22.903 -272.066 34.494
v -23.918 -271.432 34.494
v -29.569 -280.481 34.494
v -22.142 -285.12 34.494
v -22.903 -272.066 37.834
v -22.903 -272.066 34.494
v -20.644 -268.448 34.494
v -20.644 -268.448 37.834
v -20.644 -268.448 37.834
v -20.644 -268.448 34.494
v -24.354 -266.131 34.494
v -24.354 -266.131 37.834
v -13.366 -251.011 39.544
v -13.366 -251.011 37.899
v -12.029 -248.869 37.899
v -12.029 -248.869 39.544
v -31.066 -266.968 3.656
v -17.593 -245.394 3.656
v -12.236 -248.74 3.656
v -3.017 -254.497 3.656
v -22.142 -285.12 3.656
v -29.569 -280.481 3.656
v -23.918 -271.433 3.656
v -3.017 -254.497 37.899
v -12.029 -248.869 37.899
v -13.366 -251.011 37.899
v -4.355 -256.639 37.899
v -18.93 -247.536 39.544
v -18.93 -247.536 34.494
v -14.112 -250.546 34.494
v -14.112 -250.546 37.899
v -13.366 -251.011 37.899
v -13.366 -251.011 39.544
v -24.354 -266.131 37.834
v -26.614 -269.749 37.834
v -22.903 -272.066 37.834
v -20.644 -268.448 37.834
v -4.355 -256.639 34.494
v -22.142 -285.12 34.494
v -22.142 -285.12 3.656
v -3.017 -254.497 3.656
v -3.017 -254.497 37.899
v -4.355 -256.639 37.899
v -14.112 -250.546 37.899
v -14.112 -250.546 34.494
v -4.355 -256.639 34.494
v -4.355 -256.639 37.899
v -13.366 -251.011 37.899
v -17.593 -245.394 3.656
v -31.066 -266.968 3.656
v -31.066 -266.968 34.494
v -18.93 -247.536 34.494
v -18.93 -247.536 39.544
v -17.593 -245.394 39.544
v -29.569 -280.481 34.494
v -23.918 -271.432 34.494
v -23.918 -271.433 3.656
v -29.569 -280.481 3.656
v -24.354 -266.131 37.834
v -24.354 -266.131 34.494
v -26.614 -269.749 34.494
v -26.614 -269.749 37.834
v -26.614 -269.749 37.834
v -26.614 -269.749 34.494
v -31.066 -266.968 34.494
v -31.066 -266.968 3.656
v -23.918 -271.433 3.656
v -23.918 -271.432 34.494
v -22.903 -272.066 34.494
v -22.903 -272.066 37.834
f 15426 15429 15425
f 15429 15427 15428
f 15427 15429 15426
f 15432 15433 15430
f 15430 15431 15432
f 15436 15437 15434
f 15434 15435 15436
f 15439 15443 15438
f 15442 15440 15441
f 15439 15442 15443
f 15442 15439 15440
f 15453 15454 15444
f 15445 15446 15447
f 15447 15448 15449
f 15451 15452 15453
f 15444 15445 15447
f 15451 15453 15444
f 15444 15447 15449
f 15450 15451 15444
f 15444 15449 15450
f 15457 15458 15455
f 15455 15456 15457
f 15460 15462 15459
f 15462 15460 15461
f 15465 15466 15463
f 15463 15464 15465
f 15468 15473 15467
f 15473 15471 15472
f 15471 15469 15470
f 15469 15473 15468
f 15473 15469 15471
f 15476 15477 15474
f 15474 15475 15476
f 15482 15483 15478
f 15478 15479 15480
f 15481 15482 15478
f 15478 15480 15481
f 15486 15487 15484
f 15484 15485 15486
f 15492 15493 15488
f 15488 15489 15490
f 15491 15492 15488
f 15488 15490 15491
f 15498 15494 15495
f 15495 15496 15497
f 15497 15498 15495
f 15499 15503 15504
f 15502 15500 15501
f 15499 15502 15503
f 15502 15499 15500
f 15506 15508 15505
f 15508 15506 15507
f 15510 15512 15509
f 15512 15510 15511
f 15519 15520 15513
f 15514 15515 15516
f 15516 15517 15518
f 15518 15519 15513
f 15514 15516 15518
f 15518 15513 15514
o bldg_1c240188-28af-4fa7-8bd8-3b02fae45cda
v 77.493 -251.81 3.566
v 67.445 -269.169 3.566
v 67.445 -269.169 16.118
v 75.598 -255.084 16.118
v 75.598 -255.084 17.878
v 77.493 -251.81 17.878
v 88.719 -268.082 86.153
v 88.719 -268.082 81.653
v 93.943 -258.463 81.653
v 93.943 -258.463 86.153
v 77.416 -265.944 81.653
v 77.416 -265.944 16.118
v 73.793 -272.616 16.118
v 73.793 -272.616 81.653
v 75.875 -246.071 17.878
v 80.596 -248.635 17.878
v 80.596 -248.635 16.118
v 79.634 -248.112 16.118
v 79.634 -248.112 3.566
v 75.875 -246.071 3.566
v 102.808 -240.968 81.803
v 102.954 -241.142 81.653
v 114.691 -231.262 81.653
v 114.545 -231.089 81.803
v 112.481 -228.637 3.566
v 112.368 -228.732 3.566
v 112.368 -228.732 79.468
v 112.481 -228.637 79.468
v 83.574 -241.307 3.566
v 83.574 -241.307 16.118
v 86.638 -243.081 16.118
v 86.638 -243.081 28.748
v 80.733 -239.662 28.748
v 80.733 -239.662 3.566
v 94.281 -255.809 84.403
v 94.281 -255.809 81.653
v 86.087 -251.36 81.653
v 86.087 -251.36 84.403
v 76.754 -255.711 17.878
v 76.754 -255.711 16.118
v 80.596 -248.635 16.118
v 80.596 -248.635 17.878
v 119.147 -232.413 81.653
v 91.957 -282.48 81.653
v 91.957 -282.481 3.566
v 119.147 -232.413 3.566
v 88.719 -268.082 86.153
v 79.674 -263.169 86.153
v 79.674 -263.169 84.403
v 87.867 -267.62 84.403
v 87.867 -267.62 81.653
v 88.719 -268.082 81.653
v 73.793 -272.616 81.653
v 73.793 -272.616 16.118
v 67.445 -269.169 16.118
v 67.445 -269.169 3.566
v 91.957 -282.481 3.566
v 91.957 -282.48 81.653
v 74.95 -264.604 81.653
v 96.925 -224.138 81.653
v 96.925 -224.138 26.688
v 94.376 -228.831 26.688
v 94.376 -228.831 28.748
v 86.638 -243.081 28.748
v 86.638 -243.081 16.118
v 74.949 -264.605 16.118
v 80.733 -239.662 28.748
v 86.638 -243.081 28.748
v 94.376 -228.831 28.748
v 88.854 -225.635 28.748
v 115.199 -230.269 81.653
v 101.964 -223.082 81.653
v 100.373 -226.011 81.653
v 99.971 -225.793 81.653
v 96.925 -224.138 81.653
v 74.95 -264.604 81.653
v 77.416 -265.944 81.653
v 73.793 -272.616 81.653
v 91.957 -282.48 81.653
v 119.147 -232.413 81.653
v 102.676 -240.811 81.653
v 114.412 -230.931 81.653
v 114.691 -231.262 81.653
v 102.954 -241.142 81.653
v 86.087 -251.36 81.653
v 94.281 -255.809 81.653
v 93.091 -258.0 81.653
v 93.943 -258.463 81.653
v 88.719 -268.082 81.653
v 87.867 -267.62 81.653
v 86.195 -270.699 81.653
v 78.001 -266.25 81.653
v 99.899 -224.857 26.688
v 99.523 -225.549 26.688
v 99.523 -225.549 3.566
v 99.899 -224.857 3.566
v 79.674 -263.169 86.153
v 88.719 -268.082 86.153
v 93.943 -258.463 86.153
v 84.898 -253.55 86.153
v 88.854 -225.635 28.748
v 94.376 -228.831 28.748
v 94.376 -228.831 26.688
v 89.958 -226.274 26.688
v 89.958 -226.274 3.566
v 88.854 -225.634 3.566
v 114.545 -231.089 81.803
v 114.691 -231.262 81.653
v 114.412 -230.931 81.653
v 67.445 -269.169 3.566
v 77.493 -251.81 3.566
v 73.836 -249.824 3.566
v 75.875 -246.071 3.566
v 79.634 -248.112 3.566
v 83.574 -241.307 3.566
v 80.733 -239.662 3.566
v 88.854 -225.634 3.566
v 89.958 -226.274 3.566
v 92.816 -221.01 3.566
v 99.899 -224.857 3.566
v 99.523 -225.549 3.566
v 100.373 -226.011 3.566
v 101.964 -223.082 3.566
v 112.368 -228.732 3.566
v 112.481 -228.637 3.566
v 112.724 -228.925 3.566
v 119.147 -232.413 3.566
v 91.957 -282.481 3.566
v 83.574 -241.307 3.566
v 79.634 -248.112 3.566
v 79.634 -248.112 16.118
v 83.574 -241.307 16.118
v 93.091 -258.0 81.653
v 93.091 -258.0 84.403
v 84.898 -253.55 84.403
v 84.898 -253.55 86.153
v 93.943 -258.463 86.153
v 93.943 -258.463 81.653
v 77.493 -251.81 3.566
v 77.493 -251.81 17.878
v 73.836 -249.824 17.878
v 73.836 -249.824 3.566
v 86.087 -251.36 84.403
v 84.898 -253.55 84.403
v 93.091 -258.0 84.403
v 94.281 -255.809 84.403
v 86.195 -270.699 84.403
v 87.867 -267.62 84.403
v 79.674 -263.169 84.403
v 78.001 -266.25 84.403
v 86.638 -243.081 16.118
v 83.574 -241.307 16.118
v 79.634 -248.112 16.118
v 80.596 -248.635 16.118
v 76.754 -255.711 16.118
v 75.598 -255.084 16.118
v 67.445 -269.169 16.118
v 73.793 -272.616 16.118
v 77.416 -265.944 16.118
v 74.949 -264.605 16.118
v 112.481 -228.637 3.566
v 112.481 -228.637 79.468
v 112.724 -228.925 79.742
v 112.724 -228.925 3.566
v 86.087 -251.36 81.653
v 78.001 -266.25 81.653
v 78.001 -266.25 84.403
v 79.674 -263.169 84.403
v 79.674 -263.169 86.153
v 84.898 -253.55 86.153
v 84.898 -253.55 84.403
v 86.087 -251.36 84.403
v 75.598 -255.084 17.878
v 75.598 -255.084 16.118
v 76.754 -255.711 16.118
v 76.754 -255.711 17.878
v 99.899 -224.857 26.688
v 92.816 -221.011 26.688
v 89.958 -226.274 26.688
v 94.376 -228.831 26.688
v 96.925 -224.138 26.688
v 99.523 -225.549 26.688
v 114.545 -231.089 81.803
v 114.412 -230.931 81.653
v 102.676 -240.811 81.653
v 102.808 -240.968 81.803
v 92.816 -221.011 26.688
v 99.899 -224.857 26.688
v 99.899 -224.857 3.566
v 92.816 -221.01 3.566
v 74.95 -264.604 81.653
v 74.949 -264.605 16.118
v 77.416 -265.944 16.118
v 77.416 -265.944 81.653
v 102.954 -241.142 81.653
v 102.808 -240.968 81.803
v 102.676 -240.811 81.653
v 92.816 -221.01 3.566
v 89.958 -226.274 3.566
v 89.958 -226.274 26.688
v 92.816 -221.011 26.688
v 80.596 -248.635 17.878
v 75.875 -246.071 17.878
v 73.836 -249.824 17.878
v 77.493 -251.81 17.878
v 75.598 -255.084 17.878
v 76.754 -255.711 17.878
v 86.195 -270.699 81.653
v 87.867 -267.62 81.653
v 87.867 -267.62 84.403
v 86.195 -270.699 84.403
v 100.373 -226.011 81.653
v 101.964 -223.082 81.653
v 101.964 -223.082 3.566
v 100.373 -226.011 3.566
v 101.964 -223.082 81.653
v 115.199 -230.269 81.653
v 119.147 -232.413 81.653
v 119.147 -232.413 3.566
v 112.724 -228.925 3.566
v 112.724 -228.925 79.742
v 112.368 -228.732 79.468
v 112.368 -228.732 3.566
v 101.964 -223.082 3.566
v 99.523 -225.549 3.566
v 99.523 -225.549 26.688
v 96.925 -224.138 26.688
v 96.925 -224.138 81.653
v 99.971 -225.793 81.653
v 100.373 -226.011 81.653
v 100.373 -226.011 3.566
v 80.733 -239.662 28.748
v 88.854 -225.635 28.748
v 88.854 -225.634 3.566
v 80.733 -239.662 3.566
v 78.001 -266.25 84.403
v 78.001 -266.25 81.653
v 86.195 -270.699 81.653
v 86.195 -270.699 84.403
v 112.481 -228.637 79.468
v 112.368 -228.732 79.468
v 112.724 -228.925 79.742
v 73.836 -249.824 17.878
v 75.875 -246.071 17.878
v 75.875 -246.071 3.566
v 73.836 -249.824 3.566
v 94.281 -255.809 84.403
v 93.091 -258.0 84.403
v 93.091 -258.0 81.653
v 94.281 -255.809 81.653
f 15522 15526 15521
f 15526 15524 15525
f 15524 15522 15523
f 15522 15524 15526
f 15529 15530 15527
f 15527 15528 15529
f 15532 15534 15531
f 15534 15532 15533
f 15535 15539 15540
f 15538 15536 15537
f 15535 15538 15539
f 15538 15535 15536
f 15543 15544 15541
f 15541 15542 15543
f 15546 15548 15545
f 15548 15546 15547
f 15553 15554 15549
f 15550 15551 15552
f 15553 15549 15550
f 15550 15552 15553
f 15556 15558 15555
f 15558 15556 15557
f 15561 15562 15559
f 15559 15560 15561
f 15565 15566 15563
f 15563 15564 15565
f 15571 15572 15567
f 15567 15568 15569
f 15570 15571 15567
f 15567 15569 15570
f 15577 15578 15573
f 15574 15575 15576
f 15577 15573 15574
f 15574 15576 15577
f 15580 15586 15579
f 15586 15584 15585
f 15583 15581 15582
f 15580 15584 15586
f 15583 15580 15581
f 15580 15583 15584
f 15589 15590 15587
f 15587 15588 15589
f 15605 15601 15602
f 15606 15607 15608
f 15609 15610 15611
f 15611 15612 15598
f 15599 15600 15591
f 15591 15592 15593
f 15594 15595 15596
f 15597 15598 15612
f 15611 15598 15599
f 15593 15594 15596
f 15596 15597 15612
f 15609 15611 15599
f 15596 15612 15605
f 15608 15609 15599
f 15593 15596 15605
f 15604 15601 15605
f 15606 15608 15599
f 15591 15593 15605
f 15604 15605 15606
f 15591 15605 15602
f 15603 15604 15606
f 15591 15602 15603
f 15603 15606 15599
f 15599 15591 15603
f 15615 15616 15613
f 15613 15614 15615
f 15619 15620 15617
f 15617 15618 15619
f 15621 15625 15626
f 15624 15622 15623
f 15621 15624 15625
f 15624 15621 15622
f 15628 15629 15627
f 15631 15648 15630
f 15648 15646 15647
f 15646 15644 15645
f 15644 15642 15643
f 15641 15639 15640
f 15638 15636 15637
f 15634 15632 15633
f 15631 15646 15648
f 15646 15642 15644
f 15641 15638 15639
f 15638 15635 15636
f 15634 15631 15632
f 15631 15642 15646
f 15642 15638 15641
f 15634 15642 15631
f 15642 15635 15638
f 15635 15642 15634
f 15650 15652 15649
f 15652 15650 15651
f 15654 15658 15653
f 15657 15655 15656
f 15654 15657 15658
f 15657 15654 15655
f 15661 15662 15659
f 15659 15660 15661
f 15665 15666 15663
f 15663 15664 15665
f 15669 15670 15667
f 15667 15668 15669
f 15680 15671 15672
f 15672 15673 15674
f 15675 15676 15677
f 15677 15678 15679
f 15680 15672 15674
f 15677 15679 15680
f 15680 15674 15675
f 15675 15677 15680
f 15683 15684 15681
f 15681 15682 15683
f 15686 15692 15685
f 15691 15689 15690
f 15688 15686 15687
f 15686 15691 15692
f 15691 15688 15689
f 15688 15691 15686
f 15695 15696 15693
f 15693 15694 15695
f 15701 15702 15697
f 15698 15699 15700
f 15701 15697 15698
f 15698 15700 15701
f 15705 15706 15703
f 15703 15704 15705
f 15708 15710 15707
f 15710 15708 15709
f 15713 15714 15711
f 15711 15712 15713
f 15716 15717 15715
f 15719 15721 15718
f 15721 15719 15720
f 15726 15727 15722
f 15722 15723 15724
f 15725 15726 15722
f 15722 15724 15725
f 15730 15731 15728
f 15728 15729 15730
f 15733 15735 15732
f 15735 15733 15734
f 15736 15743 15744
f 15741 15739 15740
f 15739 15737 15738
f 15736 15742 15743
f 15741 15737 15739
f 15737 15742 15736
f 15742 15737 15741
f 15746 15751 15745
f 15751 15749 15750
f 15749 15747 15748
f 15746 15749 15751
f 15749 15746 15747
f 15753 15755 15752
f 15755 15753 15754
f 15758 15759 15756
f 15756 15757 15758
f 15761 15762 15760
f 15764 15766 15763
f 15766 15764 15765
f 15769 15770 15767
f 15767 15768 15769
o bldg_3cffe9be-305e-433b-ba87-a40e76293db4
v 203.599 -210.075 7.12
v 201.571 -212.893 7.12
v 201.571 -212.893 3.406
v 203.599 -210.075 3.406
v 198.719 -210.841 7.12
v 200.747 -208.023 7.12
v 200.747 -208.023 3.406
v 198.719 -210.841 3.406
v 203.599 -210.075 7.12
v 200.747 -208.023 7.12
v 198.719 -210.841 7.12
v 201.571 -212.893 7.12
v 198.719 -210.841 3.406
v 200.747 -208.023 3.406
v 203.599 -210.075 3.406
v 201.571 -212.893 3.406
v 201.571 -212.893 7.12
v 198.719 -210.841 7.12
v 198.719 -210.841 3.406
v 201.571 -212.893 3.406
v 200.747 -208.023 7.12
v 203.599 -210.075 7.12
v 203.599 -210.075 3.406
v 200.747 -208.023 3.406
f 15773 15774 15771
f 15771 15772 15773
f 15776 15778 15775
f 15778 15776 15777
f 15781 15782 15779
f 15779 15780 15781
f 15784 15786 15783
f 15786 15784 15785
f 15789 15790 15787
f 15787 15788 15789
f 15792 15794 15791
f 15794 15792 15793
o bldg_0294f7ec-9418-4a8f-a8aa-1846c03e70fe
v 264.306 -291.03 3.403
v 260.294 -288.425 3.403
v 260.294 -288.425 27.525
v 264.306 -291.03 27.525
v 250.689 -284.655 27.525
v 255.039 -287.479 27.525
v 255.039 -287.479 26.12
v 251.014 -284.865 26.12
v 251.014 -284.865 3.403
v 250.689 -284.655 3.403
v 264.306 -291.03 27.525
v 259.623 -298.243 27.525
v 254.795 -305.678 14.2
v 254.795 -305.678 3.403
v 259.623 -298.243 3.403
v 264.306 -291.03 3.403
v 252.362 -282.79 26.12
v 256.387 -285.403 26.12
v 256.387 -285.403 3.403
v 252.362 -282.79 3.403
v 251.014 -284.865 26.12
v 255.039 -287.479 26.12
v 256.387 -285.403 26.12
v 252.362 -282.79 26.12
v 259.623 -298.243 27.525
v 264.306 -291.03 27.525
v 260.294 -288.425 27.525
v 257.94 -292.051 27.525
v 253.811 -289.37 27.525
v 255.039 -287.479 27.525
v 250.689 -284.655 27.525
v 247.133 -290.132 27.525
v 252.362 -282.79 3.403
v 251.014 -284.865 3.403
v 251.014 -284.865 26.12
v 252.362 -282.79 26.12
v 254.795 -305.678 14.2
v 259.623 -298.243 27.525
v 247.133 -290.132 27.525
v 242.305 -297.567 14.2
v 254.795 -305.678 14.2
v 242.305 -297.567 14.2
v 242.305 -297.567 3.403
v 254.795 -305.678 3.403
v 255.039 -287.479 27.525
v 253.811 -289.37 27.525
v 253.811 -289.37 36.185
v 257.348 -283.923 36.185
v 257.348 -283.923 3.403
v 256.387 -285.403 3.403
v 256.387 -285.403 26.12
v 255.039 -287.479 26.12
v 257.94 -292.051 36.185
v 257.94 -292.051 27.525
v 260.294 -288.425 27.525
v 260.294 -288.425 3.403
v 261.477 -286.604 3.403
v 261.477 -286.604 36.185
v 250.689 -284.655 3.403
v 247.133 -290.132 3.403
v 242.305 -297.567 3.403
v 242.305 -297.567 14.2
v 247.133 -290.132 27.525
v 250.689 -284.655 27.525
v 261.477 -286.604 36.185
v 257.348 -283.923 36.185
v 253.811 -289.37 36.185
v 257.94 -292.051 36.185
v 251.014 -284.865 3.403
v 252.362 -282.79 3.403
v 256.387 -285.403 3.403
v 257.348 -283.923 3.403
v 261.477 -286.604 3.403
v 260.294 -288.425 3.403
v 264.306 -291.03 3.403
v 259.623 -298.243 3.403
v 254.795 -305.678 3.403
v 242.305 -297.567 3.403
v 247.133 -290.132 3.403
v 250.689 -284.655 3.403
v 257.94 -292.051 36.185
v 253.811 -289.37 36.185
v 253.811 -289.37 27.525
v 257.94 -292.051 27.525
v 257.348 -283.923 36.185
v 261.477 -286.604 36.185
v 261.477 -286.604 3.403
v 257.348 -283.923 3.403
f 15796 15798 15795
f 15798 15796 15797
f 15799 15803 15804
f 15802 15800 15801
f 15799 15802 15803
f 15802 15799 15800
f 15809 15810 15805
f 15805 15806 15807
f 15807 15808 15809
f 15809 15805 15807
f 15812 15814 15811
f 15814 15812 15813
f 15817 15818 15815
f 15815 15816 15817
f 15825 15826 15819
f 15819 15820 15821
f 15823 15824 15825
f 15819 15821 15822
f 15823 15825 15819
f 15819 15822 15823
f 15828 15830 15827
f 15830 15828 15829
f 15833 15834 15831
f 15831 15832 15833
f 15837 15838 15835
f 15835 15836 15837
f 15839 15845 15846
f 15845 15843 15844
f 15842 15840 15841
f 15845 15842 15843
f 15842 15839 15840
f 15839 15842 15845
f 15852 15847 15848
f 15849 15850 15851
f 15852 15848 15849
f 15849 15851 15852
f 15854 15858 15853
f 15858 15856 15857
f 15856 15854 15855
f 15854 15856 15858
f 15861 15862 15859
f 15859 15860 15861
f 15863 15873 15874
f 15873 15871 15872
f 15870 15868 15869
f 15868 15866 15867
f 15865 15863 15864
f 15863 15871 15873
f 15871 15868 15870
f 15868 15865 15866
f 15865 15871 15863
f 15871 15865 15868
f 15877 15878 15875
f 15875 15876 15877
f 15880 15882 15879
f 15882 15880 15881
o bldg_7686c8b4-c57c-4c06-ac5e-313eca1bcf33
v 65.483 -219.749 22.381
v 67.679 -221.16 22.381
v 67.679 -221.16 18.336
v 67.079 -220.775 18.336
v 67.079 -220.775 15.511
v 65.483 -219.749 15.511
v 68.094 -219.196 15.511
v 67.079 -220.775 15.511
v 67.079 -220.775 18.336
v 68.094 -219.196 18.336
v 57.018 -232.918 3.623
v 66.497 -218.17 3.623
v 71.029 -221.083 3.623
v 61.55 -235.831 3.623
v 58.615 -233.944 15.511
v 65.181 -223.728 15.511
v 63.585 -222.702 15.511
v 57.018 -232.918 15.511
v 71.029 -221.083 18.336
v 61.55 -235.83 18.336
v 61.55 -235.831 3.623
v 71.029 -221.083 3.623
v 58.615 -233.944 18.336
v 65.181 -223.728 18.336
v 65.181 -223.728 15.511
v 58.615 -233.944 15.511
v 67.079 -220.775 15.511
v 68.094 -219.196 15.511
v 66.497 -218.17 15.511
v 65.483 -219.749 15.511
v 65.781 -224.114 22.381
v 65.781 -224.114 18.336
v 67.679 -221.16 18.336
v 67.679 -221.16 22.381
v 71.029 -221.083 18.336
v 68.094 -219.196 18.336
v 67.079 -220.775 18.336
v 67.679 -221.16 18.336
v 65.781 -224.114 18.336
v 65.181 -223.728 18.336
v 58.615 -233.944 18.336
v 61.55 -235.83 18.336
v 58.615 -233.944 18.336
v 58.615 -233.944 15.511
v 57.018 -232.918 15.511
v 57.018 -232.918 3.623
v 61.55 -235.831 3.623
v 61.55 -235.83 18.336
v 57.018 -232.918 15.511
v 63.585 -222.702 15.511
v 63.585 -222.702 22.381
v 65.483 -219.749 22.381
v 65.483 -219.749 15.511
v 66.497 -218.17 15.511
v 66.497 -218.17 3.623
v 57.018 -232.918 3.623
v 63.585 -222.702 22.381
v 65.781 -224.114 22.381
v 67.679 -221.16 22.381
v 65.483 -219.749 22.381
v 65.181 -223.728 15.511
v 65.181 -223.728 18.336
v 65.781 -224.114 18.336
v 65.781 -224.114 22.381
v 63.585 -222.702 22.381
v 63.585 -222.702 15.511
v 71.029 -221.083 3.623
v 66.497 -218.17 3.623
v 66.497 -218.17 15.511
v 68.094 -219.196 15.511
v 68.094 -219.196 18.336
v 71.029 -221.083 18.336
f 15884 15888 15883
f 15888 15886 15887
f 15886 15884 15885
f 15884 15886 15888
f 15890 15892 15889
f 15892 15890 15891
f 15894 15896 15893
f 15896 15894 15895
f 15899 15900 15897
f 15897 15898 15899
f 15903 15904 15901
f 15901 15902 15903
f 15906 15908 15905
f 15908 15906 15907
f 15911 15912 15909
f 15909 15910 15911
f 15915 15916 15913
f 15913 15914 15915
f 15923 15924 15917
f 15917 15918 15919
f 15921 15922 15923
f 15917 15919 15920
f 15921 15923 15917
f 15917 15920 15921
f 15929 15930 15925
f 15926 15927 15928
f 15929 15925 15926
f 15926 15928 15929
f 15932 15938 15931
f 15938 15936 15937
f 15935 15933 15934
f 15938 15935 15936
f 15935 15932 15933
f 15932 15935 15938
f 15941 15942 15939
f 15939 15940 15941
f 15947 15948 15943
f 15944 15945 15946
f 15947 15943 15944
f 15944 15946 15947
f 15950 15954 15949
f 15954 15952 15953
f 15952 15950 15951
f 15950 15952 15954
o bldg_886b446e-a410-4832-b60e-034c8a449278
v 105.162 6.352 23.921
v 93.869 13.91 23.921
v 93.869 13.91 27.121
v 87.263 18.33 27.121
v 87.263 18.33 1.57
v 105.162 6.352 1.57
v 120.989 25.744 1.57
v 101.117 39.039 1.57
v 101.117 39.039 27.121
v 119.02 27.062 27.121
v 119.02 27.062 16.481
v 120.989 25.744 16.481
v 120.989 25.744 16.481
v 116.713 19.352 16.481
v 116.713 19.352 1.57
v 120.989 25.744 1.57
v 105.162 6.352 23.921
v 115.533 21.851 23.921
v 104.237 29.408 23.921
v 93.869 13.91 23.921
v 104.237 29.408 27.121
v 104.237 29.408 23.921
v 115.533 21.851 23.921
v 115.533 21.851 27.121
v 114.743 20.67 16.481
v 119.02 27.062 16.481
v 119.02 27.062 27.121
v 115.533 21.851 27.121
v 115.533 21.851 23.921
v 105.162 6.352 23.921
v 105.162 6.352 1.57
v 114.743 20.67 1.57
v 114.743 20.67 1.57
v 105.162 6.352 1.57
v 87.263 18.33 1.57
v 101.117 39.039 1.57
v 120.989 25.744 1.57
v 116.713 19.352 1.57
v 116.713 19.352 16.481
v 114.743 20.67 16.481
v 114.743 20.67 1.57
v 116.713 19.352 1.57
v 87.263 18.33 27.121
v 101.117 39.039 27.121
v 101.117 39.039 1.57
v 87.263 18.33 1.57
v 93.869 13.91 27.121
v 93.869 13.91 23.921
v 104.237 29.408 23.921
v 104.237 29.408 27.121
v 119.02 27.062 27.121
v 101.117 39.039 27.121
v 87.263 18.33 27.121
v 93.869 13.91 27.121
v 104.237 29.408 27.121
v 115.533 21.851 27.121
v 120.989 25.744 16.481
v 119.02 27.062 16.481
v 114.743 20.67 16.481
v 116.713 19.352 16.481
f 15959 15960 15955
f 15956 15957 15958
f 15959 15955 15956
f 15956 15958 15959
f 15962 15966 15961
f 15965 15963 15964
f 15962 15965 15966
f 15965 15962 15963
f 15969 15970 15967
f 15967 15968 15969
f 15973 15974 15971
f 15971 15972 15973
f 15977 15978 15975
f 15975 15976 15977
f 15985 15986 15979
f 15979 15980 15981
f 15981 15982 15983
f 15983 15984 15985
f 15985 15979 15981
f 15981 15983 15985
f 15987 15991 15992
f 15991 15989 15990
f 15989 15987 15988
f 15987 15989 15991
f 15995 15996 15993
f 15993 15994 15995
f 15998 16000 15997
f 16000 15998 15999
f 16003 16004 16001
f 16001 16002 16003
f 16009 16010 16005
f 16006 16007 16008
f 16009 16005 16006
f 16006 16008 16009
f 16013 16014 16011
f 16011 16012 16013
o bldg_f65c7637-daf9-4855-bb93-aef8c82d01f9
v -5.802 -302.646 47.815
v -5.802 -302.646 41.945
v -5.132 -301.615 41.945
v -5.132 -301.615 47.815
v -34.433 -298.541 48.045
v -28.029 -288.683 48.045
v -28.029 -288.683 47.815
v -28.029 -288.683 41.945
v -33.383 -296.925 41.945
v -33.383 -296.925 33.44
v -34.4 -298.49 33.44
v -34.4 -298.49 3.47
v -34.434 -298.541 3.47
v -10.32 -291.014 3.47
v -10.32 -291.014 15.175
v -13.347 -295.349 15.175
v -13.347 -295.349 27.555
v -9.795 -290.262 27.555
v -9.795 -290.262 3.47
v -17.344 -289.691 15.175
v -18.815 -291.797 15.175
v -18.815 -291.797 33.44
v -19.261 -292.436 33.44
v -19.261 -292.436 47.815
v -19.329 -292.533 47.815
v -19.329 -292.533 47.915
v -17.344 -289.691 47.915
v -3.78 -294.463 27.555
v -7.192 -299.348 27.555
v -7.192 -299.348 3.47
v -3.78 -294.463 3.47
v -30.296 -284.338 33.44
v -21.551 -290.019 33.44
v -21.551 -290.019 3.47
v -30.296 -284.338 3.47
v -15.712 -290.752 47.915
v -17.344 -289.691 47.915
v -19.329 -292.533 47.915
v -17.6 -293.657 47.915
v -34.826 -295.988 33.44
v -33.383 -296.925 33.44
v -33.383 -296.925 41.945
v -34.826 -295.988 41.945
v -28.584 -286.38 41.945
v -34.826 -295.988 41.945
v -33.383 -296.925 41.945
v -28.029 -288.683 41.945
v -27.143 -287.316 41.945
v -18.815 -291.797 15.175
v -18.996 -291.679 15.175
v -18.996 -291.679 33.44
v -18.815 -291.797 33.44
v -15.712 -290.752 47.915
v -17.6 -293.657 47.915
v -17.6 -293.657 47.815
v -17.535 -293.557 47.815
v -17.535 -293.557 33.44
v -17.111 -292.904 33.44
v -17.111 -292.904 15.175
v -15.712 -290.752 15.175
v -0.844 -303.472 33.44
v -7.397 -313.559 33.44
v -7.397 -313.559 3.47
v -0.844 -303.472 3.47
v -19.2 -286.403 46.96
v -21.975 -290.673 46.96
v -19.421 -292.332 46.96
v -16.646 -288.063 46.96
v -7.397 -313.559 33.44
v -0.844 -303.472 33.44
v -17.111 -292.904 33.44
v -17.535 -293.557 33.44
v -3.823 -302.465 33.44
v -10.065 -312.073 33.44
v -11.217 -311.325 33.44
v -12.056 -312.627 33.44
v -34.616 -298.354 33.44
v -36.82 -294.38 33.44
v -36.82 -294.38 3.47
v -34.616 -298.354 3.47
v -17.535 -293.557 33.44
v -17.535 -293.557 47.815
v -5.132 -301.615 47.815
v -5.132 -301.615 41.945
v -3.823 -302.465 41.945
v -3.823 -302.465 33.44
v -19.261 -292.436 47.815
v -27.143 -287.316 47.815
v -28.029 -288.683 47.815
v -5.802 -302.646 47.815
v -5.132 -301.615 47.815
v -17.535 -293.557 47.815
v -17.6 -293.657 47.815
v -19.329 -292.533 47.815
v -34.616 -298.354 3.47
v -34.4 -298.49 3.47
v -34.4 -298.49 33.44
v -34.616 -298.354 33.44
v -12.267 -312.942 48.045
v -12.056 -312.627 33.44
v -11.217 -311.325 41.945
v -19.421 -292.332 33.44
v -18.996 -291.679 33.44
v -18.996 -291.679 15.175
v -16.646 -288.063 15.175
v -16.646 -288.063 46.96
v -19.421 -292.332 46.96
v -5.643 -302.746 48.045
v -28.029 -288.683 48.045
v -34.433 -298.541 48.045
v -12.267 -312.942 48.045
v -28.584 -286.38 41.945
v -27.143 -287.316 41.945
v -27.143 -287.316 47.815
v -19.261 -292.436 47.815
v -19.261 -292.436 33.44
v -19.421 -292.332 33.44
v -19.421 -292.332 46.96
v -21.975 -290.673 46.96
v -21.975 -290.673 33.44
v -28.584 -286.379 33.44
v -19.2 -286.403 46.96
v -16.646 -288.063 46.96
v -16.646 -288.063 15.175
v -16.647 -288.062 3.47
v -19.2 -286.402 3.47
v -12.056 -312.627 3.47
v -12.267 -312.942 3.47
v -34.434 -298.541 3.47
v -34.4 -298.49 3.47
v -34.616 -298.354 3.47
v -36.82 -294.38 3.47
v -30.296 -284.338 3.47
v -21.551 -290.019 3.47
v -19.2 -286.402 3.47
v -16.647 -288.062 3.47
v -15.958 -287.076 3.47
v -10.32 -291.014 3.47
v -9.795 -290.262 3.47
v -3.78 -294.463 3.47
v -7.192 -299.348 3.47
v -0.844 -303.472 3.47
v -7.397 -313.559 3.47
v -5.643 -302.746 48.045
v -5.643 -302.746 41.945
v -5.802 -302.646 41.945
v -5.802 -302.646 47.815
v -28.029 -288.683 47.815
v -28.029 -288.683 48.045
v -15.712 -290.752 47.915
v -15.712 -290.752 15.175
v -17.344 -289.691 15.175
v -17.344 -289.691 47.915
v -11.217 -311.325 41.945
v -12.056 -312.627 33.44
v -11.217 -311.325 33.44
v -17.111 -292.904 33.44
v -0.844 -303.472 33.44
v -0.844 -303.472 3.47
v -7.192 -299.348 3.47
v -7.192 -299.348 27.555
v -13.347 -295.349 27.555
v -13.347 -295.349 15.175
v -17.111 -292.904 15.175
v -19.329 -292.533 47.915
v -19.329 -292.533 47.815
v -17.6 -293.657 47.815
v -17.6 -293.657 47.915
v -15.958 -287.076 15.175
v -10.32 -291.014 15.175
v -10.32 -291.014 3.47
v -15.958 -287.076 3.47
v -9.795 -290.262 27.555
v -3.78 -294.463 27.555
v -3.78 -294.463 3.47
v -9.795 -290.262 3.47
v -16.646 -288.063 15.175
v -15.958 -287.076 15.175
v -15.958 -287.076 3.47
v -16.647 -288.062 3.47
v -12.056 -312.627 3.47
v -12.056 -312.627 33.44
v -12.267 -312.942 48.045
v -12.267 -312.942 3.47
v -36.82 -294.38 33.44
v -30.296 -284.338 33.44
v -30.296 -284.338 3.47
v -36.82 -294.38 3.47
v -28.584 -286.38 41.945
v -28.584 -286.379 33.44
v -34.826 -295.988 33.44
v -34.826 -295.988 41.945
v -7.397 -313.559 33.44
v -12.056 -312.627 33.44
v -12.056 -312.627 3.47
v -7.397 -313.559 3.47
v -10.065 -312.073 41.945
v -11.217 -311.325 41.945
v -11.217 -311.325 33.44
v -10.065 -312.073 33.44
v -5.802 -302.646 41.945
v -5.643 -302.746 41.945
v -11.217 -311.325 41.945
v -10.065 -312.073 41.945
v -3.823 -302.465 41.945
v -5.132 -301.615 41.945
v -12.267 -312.942 48.045
v -11.217 -311.325 41.945
v -5.643 -302.746 41.945
v -5.643 -302.746 48.045
v -18.815 -291.797 33.44
v -18.996 -291.679 33.44
v -19.421 -292.332 33.44
v -19.261 -292.436 33.44
v -27.143 -287.316 47.815
v -27.143 -287.316 41.945
v -28.029 -288.683 41.945
v -28.029 -288.683 47.815
v -12.267 -312.942 48.045
v -34.433 -298.541 48.045
v -34.434 -298.541 3.47
v -12.267 -312.942 3.47
v -21.551 -290.019 3.47
v -21.551 -290.019 33.44
v -21.975 -290.673 33.44
v -21.975 -290.673 46.96
v -19.2 -286.403 46.96
v -19.2 -286.402 3.47
v -34.826 -295.988 33.44
v -28.584 -286.379 33.44
v -21.975 -290.673 33.44
v -21.551 -290.019 33.44
v -30.296 -284.338 33.44
v -36.82 -294.38 33.44
v -34.616 -298.354 33.44
v -34.4 -298.49 33.44
v -33.383 -296.925 33.44
v -10.065 -312.073 41.945
v -10.065 -312.073 33.44
v -3.823 -302.465 33.44
v -3.823 -302.465 41.945
v -10.32 -291.014 15.175
v -15.958 -287.076 15.175
v -16.646 -288.063 15.175
v -18.996 -291.679 15.175
v -18.815 -291.797 15.175
v -17.344 -289.691 15.175
v -15.712 -290.752 15.175
v -17.111 -292.904 15.175
v -13.347 -295.349 15.175
v -9.795 -290.262 27.555
v -13.347 -295.349 27.555
v -7.192 -299.348 27.555
v -3.78 -294.463 27.555
f 16017 16018 16015
f 16015 16016 16017
f 16019 16026 16027
f 16025 16023 16024
f 16023 16021 16022
f 16021 16019 16020
f 16019 16025 16026
f 16023 16019 16021
f 16019 16023 16025
f 16029 16033 16028
f 16032 16030 16031
f 16029 16032 16033
f 16032 16029 16030
f 16035 16041 16034
f 16041 16039 16040
f 16038 16036 16037
f 16036 16041 16035
f 16041 16038 16039
f 16038 16041 16036
f 16044 16045 16042
f 16042 16043 16044
f 16047 16049 16046
f 16049 16047 16048
f 16052 16053 16050
f 16050 16051 16052
f 16056 16057 16054
f 16054 16055 16056
f 16061 16062 16058
f 16058 16059 16060
f 16060 16061 16058
f 16064 16066 16063
f 16066 16064 16065
f 16073 16074 16067
f 16067 16068 16069
f 16070 16071 16072
f 16072 16073 16067
f 16067 16069 16070
f 16070 16072 16067
f 16077 16078 16075
f 16075 16076 16077
f 16081 16082 16079
f 16079 16080 16081
f 16084 16085 16086
f 16088 16089 16090
f 16084 16086 16087
f 16088 16090 16083
f 16083 16084 16087
f 16087 16088 16083
f 16092 16094 16091
f 16094 16092 16093
f 16096 16100 16095
f 16100 16098 16099
f 16098 16096 16097
f 16096 16098 16100
f 16108 16101 16102
f 16102 16103 16104
f 16104 16105 16106
f 16108 16102 16104
f 16104 16106 16107
f 16107 16108 16104
f 16111 16112 16109
f 16109 16110 16111
f 16114 16115 16113
f 16120 16121 16116
f 16117 16118 16119
f 16120 16116 16117
f 16117 16119 16120
f 16124 16125 16122
f 16122 16123 16124
f 16127 16135 16126
f 16135 16133 16134
f 16132 16130 16131
f 16127 16133 16135
f 16132 16129 16130
f 16128 16133 16127
f 16133 16129 16132
f 16129 16133 16128
f 16137 16140 16136
f 16140 16138 16139
f 16138 16140 16137
f 16141 16156 16157
f 16155 16153 16154
f 16152 16150 16151
f 16150 16148 16149
f 16148 16146 16147
f 16146 16144 16145
f 16144 16142 16143
f 16141 16155 16156
f 16155 16152 16153
f 16152 16148 16150
f 16148 16144 16146
f 16144 16141 16142
f 16141 16152 16155
f 16152 16144 16148
f 16144 16152 16141
f 16158 16162 16163
f 16161 16159 16160
f 16158 16161 16162
f 16161 16158 16159
f 16165 16167 16164
f 16167 16165 16166
f 16169 16170 16168
f 16171 16177 16178
f 16175 16173 16174
f 16171 16176 16177
f 16175 16172 16173
f 16172 16176 16171
f 16176 16172 16175
f 16181 16182 16179
f 16179 16180 16181
f 16184 16186 16183
f 16186 16184 16185
f 16188 16190 16187
f 16190 16188 16189
f 16192 16194 16191
f 16194 16192 16193
f 16197 16198 16195
f 16195 16196 16197
f 16200 16202 16199
f 16202 16200 16201
f 16204 16206 16203
f 16206 16204 16205
f 16209 16210 16207
f 16207 16208 16209
f 16213 16214 16211
f 16211 16212 16213
f 16219 16220 16215
f 16216 16217 16218
f 16219 16215 16216
f 16216 16218 16219
f 16223 16224 16221
f 16221 16222 16223
f 16227 16228 16225
f 16225 16226 16227
f 16230 16232 16229
f 16232 16230 16231
f 16235 16236 16233
f 16233 16234 16235
f 16238 16242 16237
f 16242 16240 16241
f 16240 16238 16239
f 16238 16240 16242
f 16250 16251 16243
f 16244 16245 16246
f 16248 16249 16250
f 16244 16246 16247
f 16248 16250 16243
f 16243 16244 16247
f 16247 16248 16243
f 16254 16255 16252
f 16252 16253 16254
f 16263 16264 16256
f 16256 16257 16258
f 16258 16259 16260
f 16262 16263 16256
f 16258 16260 16261
f 16261 16262 16256
f 16256 16258 16261
f 16267 16268 16265
f 16265 16266 16267
o bldg_7aee4199-215f-487a-825b-cb7957214e96
v 204.344 -61.634 6.737
v 205.583 -69.715 6.267
v 234.574 -29.047 6.267
v 226.744 -30.211 6.737
v 204.344 -61.634 6.737
v 196.776 -63.436 6.267
v 205.583 -69.715 6.267
v 196.776 -63.436 6.267
v 225.766 -22.769 6.267
v 225.766 -22.769 2.22
v 196.775 -63.437 2.22
v 205.583 -69.715 6.267
v 196.776 -63.436 6.267
v 196.775 -63.437 2.22
v 205.583 -69.715 2.22
v 234.574 -29.047 6.267
v 205.583 -69.715 6.267
v 205.583 -69.715 2.22
v 234.574 -29.047 2.22
v 225.766 -22.769 6.267
v 234.574 -29.047 6.267
v 234.574 -29.047 2.22
v 225.766 -22.769 2.22
v 226.744 -30.211 6.737
v 225.766 -22.769 6.267
v 196.776 -63.436 6.267
v 204.344 -61.634 6.737
v 226.744 -30.211 6.737
v 234.574 -29.047 6.267
v 225.766 -22.769 6.267
v 196.775 -63.437 2.22
v 225.766 -22.769 2.22
v 234.574 -29.047 2.22
v 205.583 -69.715 2.22
f 16271 16272 16269
f 16269 16270 16271
f 16274 16275 16273
f 16277 16279 16276
f 16279 16277 16278
f 16282 16283 16280
f 16280 16281 16282
f 16286 16287 16284
f 16284 16285 16286
f 16289 16291 16288
f 16291 16289 16290
f 16294 16295 16292
f 16292 16293 16294
f 16297 16298 16296
f 16300 16302 16299
f 16302 16300 16301
o bldg_9b7220c3-96c8-436b-b840-14d5cd47f1f3
v 101.244 -132.599 20.283
v 96.219 -129.419 20.283
v 96.219 -129.419 3.131
v 101.244 -132.599 3.131
v 96.219 -129.419 20.283
v 103.52 -117.881 20.283
v 103.52 -117.881 3.131
v 96.219 -129.419 3.131
v 108.545 -121.06 20.283
v 101.244 -132.599 20.283
v 101.244 -132.599 3.131
v 108.545 -121.06 3.131
v 108.545 -121.06 20.283
v 103.52 -117.881 20.283
v 96.219 -129.419 20.283
v 101.244 -132.599 20.283
v 96.219 -129.419 3.131
v 103.52 -117.881 3.131
v 108.545 -121.06 3.131
v 101.244 -132.599 3.131
v 103.52 -117.881 20.283
v 108.545 -121.06 20.283
v 108.545 -121.06 3.131
v 103.52 -117.881 3.131
f 16305 16306 16303
f 16303 16304 16305
f 16308 16310 16307
f 16310 16308 16309
f 16313 16314 16311
f 16311 16312 16313
f 16317 16318 16315
f 16315 16316 16317
f 16320 16322 16319
f 16322 16320 16321
f 16324 16326 16323
f 16326 16324 16325
o bldg_75af61b2-1226-4d89-ada0-b325eadbe735
v -49.451 -307.082 37.464
v -52.634 -311.933 37.464
v -52.634 -311.933 2.998
v -49.451 -307.082 2.998
v -42.254 -318.744 34.664
v -55.315 -338.646 34.664
v -55.314 -338.646 2.998
v -42.254 -318.744 2.998
v -73.027 -291.613 37.464
v -49.451 -307.082 37.464
v -49.451 -307.082 2.998
v -73.027 -291.612 2.998
v -49.451 -307.082 2.998
v -52.634 -311.933 2.998
v -45.559 -316.576 2.998
v -42.254 -318.744 2.998
v -55.314 -338.646 2.998
v -58.618 -336.479 2.998
v -65.693 -331.836 2.998
v -69.108 -337.041 2.998
v -92.685 -321.572 2.998
v -73.027 -291.612 2.998
v -55.315 -338.646 34.664
v -58.618 -336.479 43.639
v -83.371 -320.237 43.639
v -83.371 -320.237 37.464
v -65.693 -331.836 37.464
v -65.693 -331.836 2.998
v -58.618 -336.479 2.998
v -55.314 -338.646 2.998
v -45.559 -316.576 43.639
v -70.312 -300.334 43.639
v -83.371 -320.237 43.639
v -58.618 -336.479 43.639
v -42.254 -318.744 2.998
v -45.559 -316.576 2.998
v -52.634 -311.933 2.998
v -52.634 -311.933 37.464
v -70.312 -300.334 37.464
v -70.312 -300.334 43.639
v -45.559 -316.576 43.639
v -42.254 -318.744 34.664
v -65.693 -331.836 37.464
v -83.371 -320.237 37.464
v -70.312 -300.334 37.464
v -52.634 -311.933 37.464
v -49.451 -307.082 37.464
v -73.027 -291.613 37.464
v -92.685 -321.572 37.464
v -69.108 -337.041 37.464
v -69.108 -337.041 2.998
v -65.693 -331.836 2.998
v -65.693 -331.836 37.464
v -69.108 -337.041 37.464
v -70.312 -300.334 43.639
v -70.312 -300.334 37.464
v -83.371 -320.237 37.464
v -83.371 -320.237 43.639
v -69.108 -337.041 37.464
v -92.685 -321.572 37.464
v -92.685 -321.572 2.998
v -69.108 -337.041 2.998
v -58.618 -336.479 43.639
v -55.315 -338.646 34.664
v -42.254 -318.744 34.664
v -45.559 -316.576 43.639
v -92.685 -321.572 37.464
v -73.027 -291.613 37.464
v -73.027 -291.612 2.998
v -92.685 -321.572 2.998
f 16329 16330 16327
f 16327 16328 16329
f 16333 16334 16331
f 16331 16332 16333
f 16336 16338 16335
f 16338 16336 16337
f 16340 16348 16339
f 16348 16346 16347
f 16344 16342 16343
f 16342 16340 16341
f 16348 16345 16346
f 16345 16342 16344
f 16340 16345 16348
f 16345 16340 16342
f 16355 16356 16349
f 16349 16350 16351
f 16351 16352 16353
f 16353 16354 16355
f 16349 16351 16353
f 16353 16355 16349
f 16359 16360 16357
f 16357 16358 16359
f 16362 16368 16361
f 16368 16366 16367
f 16366 16364 16365
f 16364 16362 16363
f 16368 16364 16366
f 16364 16368 16362
f 16375 16376 16369
f 16371 16372 16373
f 16375 16369 16370
f 16371 16373 16374
f 16374 16375 16370
f 16370 16371 16374
f 16379 16380 16377
f 16377 16378 16379
f 16382 16384 16381
f 16384 16382 16383
f 16387 16388 16385
f 16385 16386 16387
f 16391 16392 16389
f 16389 16390 16391
f 16394 16396 16393
f 16396 16394 16395
o bldg_d59788d9-419f-44c6-918d-1ef0f3327ae2
v 103.493 45.824 9.413
v 114.932 63.162 9.413
v 114.932 63.162 1.221
v 103.493 45.824 1.221
v 120.642 34.51 9.413
v 103.493 45.824 9.413
v 103.493 45.824 1.221
v 120.642 34.51 1.221
v 114.932 63.162 9.413
v 132.081 51.848 9.413
v 132.081 51.848 1.221
v 114.932 63.162 1.221
v 132.081 51.848 9.413
v 120.642 34.51 9.413
v 120.642 34.51 1.221
v 132.081 51.848 1.221
v 120.642 34.51 9.413
v 132.081 51.848 9.413
v 114.932 63.162 9.413
v 103.493 45.824 9.413
v 114.932 63.162 1.221
v 132.081 51.848 1.221
v 120.642 34.51 1.221
v 103.493 45.824 1.221
f 16398 16400 16397
f 16400 16398 16399
f 16403 16404 16401
f 16401 16402 16403
f 16406 16408 16405
f 16408 16406 16407
f 16411 16412 16409
f 16409 16410 16411
f 16415 16416 16413
f 16413 16414 16415
f 16418 16420 16417
f 16420 16418 16419
o bldg_0f44abd5-d61f-4afe-a7c6-74c6b4bd3799
v 98.973 -141.819 14.282
v 136.193 -82.833 14.282
v 136.193 -82.833 2.783
v 98.972 -141.819 2.783
v 104.185 -145.108 14.282
v 98.973 -141.819 14.282
v 98.972 -141.819 2.783
v 104.185 -145.108 2.783
v 129.317 -105.281 14.282
v 104.185 -145.108 14.282
v 104.185 -145.108 2.783
v 129.317 -105.281 2.783
v 136.193 -82.833 14.282
v 98.973 -141.819 14.282
v 104.185 -145.108 14.282
v 129.317 -105.281 14.282
v 131.309 -104.818 14.282
v 153.278 -118.68 14.282
v 164.59 -100.752 14.282
v 164.59 -100.752 14.282
v 153.278 -118.68 14.282
v 153.278 -118.68 2.783
v 164.59 -100.752 2.783
v 131.309 -104.818 14.282
v 129.317 -105.281 14.282
v 129.317 -105.281 2.783
v 131.309 -104.818 2.783
v 136.193 -82.833 14.282
v 164.59 -100.752 14.282
v 164.59 -100.752 2.783
v 136.193 -82.833 2.783
v 153.278 -118.68 2.783
v 131.309 -104.818 2.783
v 129.317 -105.281 2.783
v 104.185 -145.108 2.783
v 98.972 -141.819 2.783
v 136.193 -82.833 2.783
v 164.59 -100.752 2.783
v 153.278 -118.68 14.282
v 131.309 -104.818 14.282
v 131.309 -104.818 2.783
v 153.278 -118.68 2.783
f 16422 16424 16421
f 16424 16422 16423
f 16427 16428 16425
f 16425 16426 16427
f 16431 16432 16429
f 16429 16430 16431
f 16438 16439 16433
f 16433 16434 16435
f 16437 16438 16433
f 16433 16435 16436
f 16436 16437 16433
f 16442 16443 16440
f 16440 16441 16442
f 16446 16447 16444
f 16444 16445 16446
f 16449 16451 16448
f 16451 16449 16450
f 16453 16458 16452
f 16457 16455 16456
f 16453 16457 16458
f 16457 16454 16455
f 16454 16457 16453
f 16461 16462 16459
f 16459 16460 16461
o bldg_96004ed0-3baa-4174-aacb-1119fb809cdd
v 107.955 6.685 4.373
v 106.693 4.761 4.373
v 113.209 0.485 4.373
v 114.472 2.409 4.373
v 113.209 0.485 4.373
v 106.693 4.761 4.373
v 106.693 4.761 0.943
v 113.209 0.485 0.943
v 113.209 0.485 0.943
v 106.693 4.761 0.943
v 107.955 6.685 0.943
v 114.472 2.409 0.943
v 114.472 2.409 4.373
v 113.209 0.485 4.373
v 113.209 0.485 0.943
v 114.472 2.409 0.943
v 107.955 6.685 4.373
v 114.472 2.409 4.373
v 114.472 2.409 0.943
v 107.955 6.685 0.943
v 106.693 4.761 4.373
v 107.955 6.685 4.373
v 107.955 6.685 0.943
v 106.693 4.761 0.943
f 16465 16466 16463
f 16463 16464 16465
f 16469 16470 16467
f 16467 16468 16469
f 16472 16474 16471
f 16474 16472 16473
f 16477 16478 16475
f 16475 16476 16477
f 16480 16482 16479
f 16482 16480 16481
f 16484 16486 16483
f 16486 16484 16485
o bldg_448536dd-ffb5-4575-8da3-1b23f6c558c3
v 38.683 -201.475 33.808
v 32.689 -197.735 33.808
v 32.689 -197.735 3.537
v 38.683 -201.475 3.537
v 40.728 -198.196 33.808
v 38.683 -201.475 33.808
v 38.683 -201.475 3.537
v 40.728 -198.196 3.537
v 32.689 -197.735 33.808
v 40.525 -185.175 33.808
v 40.525 -185.175 3.537
v 32.689 -197.735 3.537
v 62.186 -200.815 33.808
v 51.568 -217.859 33.808
v 51.568 -217.86 3.537
v 62.186 -200.815 3.537
v 40.525 -185.175 33.808
v 41.477 -185.202 33.808
v 41.477 -185.202 3.537
v 40.525 -185.175 3.537
v 61.753 -197.882 33.808
v 62.337 -199.537 33.808
v 62.337 -199.537 3.537
v 61.753 -197.882 3.537
v 41.477 -185.202 33.808
v 61.753 -197.882 33.808
v 61.753 -197.882 3.537
v 41.477 -185.202 3.537
v 51.568 -217.859 33.808
v 50.907 -218.014 33.808
v 50.907 -218.014 3.537
v 51.568 -217.86 3.537
v 47.42 -202.371 33.808
v 40.728 -198.196 33.808
v 40.728 -198.196 3.537
v 47.42 -202.371 3.537
v 50.907 -218.014 33.808
v 51.568 -217.859 33.808
v 62.186 -200.815 33.808
v 62.337 -199.537 33.808
v 61.753 -197.882 33.808
v 41.477 -185.202 33.808
v 40.525 -185.175 33.808
v 32.689 -197.735 33.808
v 38.683 -201.475 33.808
v 40.728 -198.196 33.808
v 47.42 -202.371 33.808
v 41.372 -212.065 33.808
v 50.907 -218.014 33.808
v 41.372 -212.065 33.808
v 41.372 -212.066 3.537
v 50.907 -218.014 3.537
v 47.42 -202.371 3.537
v 40.728 -198.196 3.537
v 38.683 -201.475 3.537
v 32.689 -197.735 3.537
v 40.525 -185.175 3.537
v 41.477 -185.202 3.537
v 61.753 -197.882 3.537
v 62.337 -199.537 3.537
v 62.186 -200.815 3.537
v 51.568 -217.86 3.537
v 50.907 -218.014 3.537
v 41.372 -212.066 3.537
v 62.337 -199.537 33.808
v 62.186 -200.815 33.808
v 62.186 -200.815 3.537
v 62.337 -199.537 3.537
v 41.372 -212.065 33.808
v 47.42 -202.371 33.808
v 47.42 -202.371 3.537
v 41.372 -212.066 3.537
f 16489 16490 16487
f 16487 16488 16489
f 16493 16494 16491
f 16491 16492 16493
f 16496 16498 16495
f 16498 16496 16497
f 16501 16502 16499
f 16499 16500 16501
f 16504 16506 16503
f 16506 16504 16505
f 16509 16510 16507
f 16507 16508 16509
f 16512 16514 16511
f 16514 16512 16513
f 16517 16518 16515
f 16515 16516 16517
f 16521 16522 16519
f 16519 16520 16521
f 16533 16534 16523
f 16523 16524 16525
f 16525 16526 16527
f 16527 16528 16529
f 16529 16530 16531
f 16533 16523 16525
f 16525 16527 16529
f 16529 16531 16532
f 16532 16533 16525
f 16525 16529 16532
f 16537 16538 16535
f 16535 16536 16537
f 16539 16549 16550
f 16549 16547 16548
f 16547 16545 16546
f 16545 16543 16544
f 16543 16541 16542
f 16539 16547 16549
f 16547 16543 16545
f 16543 16540 16541
f 16540 16547 16539
f 16547 16540 16543
f 16553 16554 16551
f 16551 16552 16553
f 16556 16558 16555
f 16558 16556 16557
o bldg_9d51f6ed-413b-4e93-986a-a7ebf2d43b9e
v 105.172 -174.457 67.227
v 139.368 -195.951 67.227
v 139.368 -195.951 3.553
v 105.172 -174.457 3.553
v 118.408 -201.655 73.802
v 118.408 -201.655 67.227
v 113.868 -208.878 67.227
v 113.868 -208.878 73.802
v 132.968 -217.665 67.227
v 126.183 -213.4 67.227
v 126.183 -213.4 3.553
v 132.968 -217.665 3.553
v 124.902 -205.737 73.802
v 124.902 -205.737 67.227
v 118.408 -201.655 67.227
v 118.408 -201.655 73.802
v 93.523 -196.09 67.227
v 94.973 -193.784 67.227
v 94.973 -193.784 3.553
v 93.523 -196.09 3.553
v 124.733 -215.707 67.227
v 120.362 -212.959 67.227
v 120.362 -212.959 73.802
v 113.868 -208.878 73.802
v 113.868 -208.878 67.227
v 93.523 -196.09 67.227
v 93.523 -196.09 3.553
v 124.733 -215.707 3.553
v 98.328 -173.374 67.227
v 103.722 -176.764 67.227
v 103.722 -176.764 3.553
v 98.328 -173.373 3.553
v 113.868 -208.878 73.802
v 120.362 -212.959 73.802
v 124.902 -205.737 73.802
v 118.408 -201.655 73.802
v 143.114 -201.523 67.227
v 132.968 -217.665 67.227
v 132.968 -217.665 3.553
v 143.114 -201.523 3.553
v 103.722 -176.764 67.227
v 105.172 -174.457 67.227
v 105.172 -174.457 3.553
v 103.722 -176.764 3.553
v 139.368 -195.951 67.227
v 105.172 -174.457 67.227
v 103.722 -176.764 67.227
v 98.328 -173.374 67.227
v 88.182 -189.515 67.227
v 94.973 -193.784 67.227
v 93.523 -196.09 67.227
v 113.868 -208.878 67.227
v 118.408 -201.655 67.227
v 124.902 -205.737 67.227
v 120.362 -212.959 67.227
v 124.733 -215.707 67.227
v 126.183 -213.4 67.227
v 132.968 -217.665 67.227
v 143.114 -201.523 67.227
v 137.918 -198.258 67.227
v 126.183 -213.4 67.227
v 124.733 -215.707 67.227
v 124.733 -215.707 3.553
v 126.183 -213.4 3.553
v 94.973 -193.784 67.227
v 88.182 -189.515 67.227
v 88.182 -189.515 3.553
v 94.973 -193.784 3.553
v 137.918 -198.258 67.227
v 143.114 -201.523 67.227
v 143.114 -201.523 3.553
v 137.918 -198.258 3.553
v 105.172 -174.457 3.553
v 139.368 -195.951 3.553
v 137.918 -198.258 3.553
v 143.114 -201.523 3.553
v 132.968 -217.665 3.553
v 126.183 -213.4 3.553
v 124.733 -215.707 3.553
v 93.523 -196.09 3.553
v 94.973 -193.784 3.553
v 88.182 -189.515 3.553
v 98.328 -173.373 3.553
v 103.722 -176.764 3.553
v 88.182 -189.515 67.227
v 98.328 -173.374 67.227
v 98.328 -173.373 3.553
v 88.182 -189.515 3.553
v 120.362 -212.959 73.802
v 120.362 -212.959 67.227
v 124.902 -205.737 67.227
v 124.902 -205.737 73.802
v 139.368 -195.951 67.227
v 137.918 -198.258 67.227
v 137.918 -198.258 3.553
v 139.368 -195.951 3.553
f 16560 16562 16559
f 16562 16560 16561
f 16564 16566 16563
f 16566 16564 16565
f 16569 16570 16567
f 16567 16568 16569
f 16572 16574 16571
f 16574 16572 16573
f 16576 16578 16575
f 16578 16576 16577
f 16585 16586 16579
f 16580 16581 16582
f 16583 16584 16585
f 16585 16579 16580
f 16580 16582 16583
f 16583 16585 16580
f 16588 16590 16587
f 16590 16588 16589
f 16593 16594 16591
f 16591 16592 16593
f 16597 16598 16595
f 16595 16596 16597
f 16600 16602 16599
f 16602 16600 16601
f 16618 16603 16604
f 16605 16606 16607
f 16608 16609 16610
f 16612 16613 16614
f 16615 16616 16617
f 16618 16604 16605
f 16605 16607 16608
f 16608 16610 16611
f 16612 16614 16615
f 16615 16617 16618
f 16618 16605 16608
f 16612 16615 16618
f 16618 16608 16611
f 16611 16612 16618
f 16621 16622 16619
f 16619 16620 16621
f 16625 16626 16623
f 16623 16624 16625
f 16628 16630 16627
f 16630 16628 16629
f 16632 16642 16631
f 16642 16640 16641
f 16639 16637 16638
f 16636 16634 16635
f 16633 16642 16632
f 16642 16639 16640
f 16639 16636 16637
f 16636 16633 16634
f 16633 16639 16642
f 16639 16633 16636
f 16644 16646 16643
f 16646 16644 16645
f 16649 16650 16647
f 16647 16648 16649
f 16653 16654 16651
f 16651 16652 16653
o bldg_2c372a27-d82f-4861-b637-03d0e3568e6e
v 140.401 46.161 5.978
v 133.117 35.159 5.978
v 133.117 35.159 0.196
v 140.401 46.161 0.196
v 133.117 35.159 5.978
v 126.975 39.225 5.978
v 126.975 39.225 0.196
v 133.117 35.159 0.196
v 140.401 46.161 5.978
v 134.259 50.227 5.978
v 126.975 39.225 5.978
v 133.117 35.159 5.978
v 126.975 39.225 5.978
v 134.259 50.227 5.978
v 134.259 50.227 0.196
v 126.975 39.225 0.196
v 134.259 50.227 5.978
v 140.401 46.161 5.978
v 140.401 46.161 0.196
v 134.259 50.227 0.196
v 126.975 39.225 0.196
v 134.259 50.227 0.196
v 140.401 46.161 0.196
v 133.117 35.159 0.196
f 16657 16658 16655
f 16655 16656 16657
f 16661 16662 16659
f 16659 16660 16661
f 16665 16666 16663
f 16663 16664 16665
f 16668 16670 16667
f 16670 16668 16669
f 16672 16674 16671
f 16674 16672 16673
f 16676 16678 16675
f 16678 16676 16677
o bldg_5cb2825f-4f8b-46bf-896d-77c71203c775
v 150.747 -177.967 7.432
v 149.665 -179.676 7.432
v 149.665 -179.676 3.3
v 150.747 -177.967 3.3
v 142.842 -172.963 7.432
v 150.747 -177.967 7.432
v 150.747 -177.967 3.3
v 142.842 -172.963 3.3
v 149.665 -179.676 7.432
v 141.761 -174.672 7.432
v 141.761 -174.672 3.3
v 149.665 -179.676 3.3
v 142.842 -172.963 3.3
v 150.747 -177.967 3.3
v 149.665 -179.676 3.3
v 141.761 -174.672 3.3
v 149.665 -179.676 7.432
v 150.747 -177.967 7.432
v 142.842 -172.963 7.432
v 141.761 -174.672 7.432
v 141.761 -174.672 7.432
v 142.842 -172.963 7.432
v 142.842 -172.963 3.3
v 141.761 -174.672 3.3
f 16681 16682 16679
f 16679 16680 16681
f 16684 16686 16683
f 16686 16684 16685
f 16689 16690 16687
f 16687 16688 16689
f 16692 16694 16691
f 16694 16692 16693
f 16697 16698 16695
f 16695 16696 16697
f 16700 16702 16699
f 16702 16700 16701
o bldg_3282f3e2-ccb8-4103-80dd-5ed741904214
v 175.558 -247.818 25.398
v 173.461 -251.198 18.653
v 203.311 -269.71 18.654
v 205.408 -266.33 25.399
v 193.921 -240.494 37.773
v 193.921 -240.494 34.613
v 194.662 -239.299 34.613
v 194.662 -239.299 26.673
v 192.923 -242.102 26.673
v 192.923 -242.102 33.783
v 192.702 -242.459 33.783
v 192.702 -242.459 37.773
v 207.557 -255.625 27.948
v 207.557 -255.625 25.398
v 204.85 -259.991 25.398
v 204.85 -259.991 27.948
v 194.135 -243.347 33.783
v 192.702 -242.459 33.783
v 191.205 -244.873 33.783
v 192.638 -245.761 33.783
v 195.206 -247.354 3.334
v 196.5 -244.814 3.334
v 196.5 -244.814 26.673
v 195.206 -247.354 26.673
v 202.094 -236.381 34.613
v 205.04 -231.632 25.943
v 190.997 -222.923 25.943
v 188.052 -227.672 34.613
v 210.8 -257.636 3.334
v 210.8 -257.636 25.398
v 208.092 -262.002 25.399
v 205.408 -266.33 25.399
v 203.311 -269.71 18.654
v 203.311 -269.71 3.334
v 187.527 -237.106 34.613
v 183.681 -234.72 34.613
v 183.68 -234.72 36.683
v 187.527 -237.106 36.683
v 173.461 -251.198 3.334
v 173.461 -251.198 18.653
v 175.558 -247.818 25.398
v 176.694 -245.986 25.398
v 176.694 -245.986 3.334
v 188.052 -227.672 3.334
v 183.68 -234.72 3.334
v 183.681 -234.72 34.613
v 188.052 -227.672 34.613
v 180.995 -239.05 3.334
v 180.995 -239.05 37.993
v 182.072 -237.314 37.993
v 182.072 -237.314 34.613
v 182.072 -237.314 3.334
v 186.004 -239.562 36.683
v 187.527 -237.106 36.683
v 183.68 -234.72 36.683
v 182.157 -237.176 36.683
v 190.997 -222.923 25.943
v 205.04 -231.632 25.943
v 205.04 -231.632 3.334
v 190.997 -222.923 3.334
v 176.694 -245.986 25.398
v 175.558 -247.818 25.398
v 205.408 -266.33 25.399
v 208.092 -262.002 25.399
v 204.85 -259.991 25.398
v 207.557 -255.625 25.398
v 201.208 -251.687 25.398
v 196.952 -258.55 25.398
v 185.07 -241.068 26.673
v 187.527 -237.106 26.673
v 188.527 -235.494 26.673
v 188.527 -235.494 34.613
v 187.527 -237.106 34.613
v 187.527 -237.106 36.683
v 186.004 -239.562 36.683
v 186.004 -239.562 34.613
v 185.918 -239.7 34.613
v 185.918 -239.7 37.993
v 184.842 -241.435 37.993
v 184.842 -241.435 34.613
v 185.07 -241.068 34.613
v 185.918 -239.7 34.613
v 186.004 -239.562 34.613
v 182.157 -237.176 34.613
v 182.072 -237.314 34.613
v 180.995 -239.05 34.613
v 176.694 -245.986 34.613
v 196.952 -258.55 34.613
v 198.216 -256.511 34.613
v 195.219 -254.652 34.613
v 198.484 -249.387 34.613
v 185.07 -241.068 34.613
v 184.842 -241.435 34.613
v 201.481 -251.246 36.483
v 198.484 -249.387 36.483
v 195.219 -254.652 36.483
v 198.216 -256.511 36.483
v 198.216 -256.511 36.483
v 198.216 -256.511 34.613
v 201.481 -251.246 34.613
v 201.481 -251.246 36.483
v 210.8 -257.636 3.334
v 201.208 -251.687 3.334
v 201.208 -251.687 25.398
v 207.557 -255.625 25.398
v 207.557 -255.625 27.948
v 210.8 -257.636 27.948
v 210.8 -257.636 25.398
v 203.311 -269.71 18.654
v 173.461 -251.198 18.653
v 173.461 -251.198 3.334
v 203.311 -269.71 3.334
v 182.072 -237.314 34.613
v 182.157 -237.176 34.613
v 182.157 -237.176 3.334
v 182.072 -237.314 3.334
v 208.092 -262.002 27.949
v 208.092 -262.002 25.399
v 210.8 -257.636 25.398
v 210.8 -257.636 27.948
v 195.219 -254.652 36.483
v 195.219 -254.652 34.613
v 198.216 -256.511 34.613
v 198.216 -256.511 36.483
v 196.763 -244.977 37.773
v 197.981 -243.012 37.773
v 193.921 -240.494 37.773
v 192.702 -242.459 37.773
v 198.484 -249.387 36.483
v 198.484 -249.387 34.613
v 195.219 -254.652 34.613
v 195.219 -254.652 36.483
v 176.694 -245.986 3.334
v 180.995 -239.05 3.334
v 182.072 -237.314 3.334
v 182.157 -237.176 3.334
v 183.68 -234.72 3.334
v 188.052 -227.672 3.334
v 190.997 -222.923 3.334
v 205.04 -231.632 3.334
v 202.094 -236.381 3.334
v 196.763 -244.977 3.334
v 196.5 -244.814 3.334
v 195.206 -247.354 3.334
v 201.482 -251.246 3.334
v 201.208 -251.687 3.334
v 210.8 -257.636 3.334
v 203.311 -269.71 3.334
v 173.461 -251.198 3.334
v 185.918 -239.7 34.613
v 182.072 -237.314 34.613
v 182.072 -237.314 37.993
v 185.918 -239.7 37.993
v 188.052 -227.672 34.613
v 190.997 -222.923 25.943
v 190.997 -222.923 3.334
v 188.052 -227.672 3.334
v 180.995 -239.05 3.334
v 180.995 -239.05 34.613
v 184.842 -241.435 34.613
v 184.842 -241.435 37.993
v 180.995 -239.05 37.993
v 196.763 -244.977 37.773
v 192.702 -242.459 37.773
v 192.702 -242.459 33.783
v 194.135 -243.347 33.783
v 194.135 -243.347 26.673
v 196.5 -244.814 26.673
v 196.5 -244.814 3.334
v 196.763 -244.977 3.334
v 186.004 -239.562 36.683
v 182.157 -237.176 36.683
v 182.157 -237.176 34.613
v 186.004 -239.562 34.613
v 184.842 -241.435 37.993
v 185.918 -239.7 37.993
v 182.072 -237.314 37.993
v 180.995 -239.05 37.993
v 205.04 -231.632 25.943
v 202.094 -236.381 34.613
v 197.981 -243.012 34.613
v 197.981 -243.012 37.773
v 196.763 -244.977 37.773
v 196.763 -244.977 3.334
v 202.094 -236.381 3.334
v 205.04 -231.632 3.334
v 192.638 -245.761 26.673
v 194.135 -243.347 26.673
v 194.135 -243.347 33.783
v 192.638 -245.761 33.783
v 197.981 -243.012 37.773
v 197.981 -243.012 34.613
v 193.921 -240.494 34.613
v 193.921 -240.494 37.773
v 204.85 -259.991 27.948
v 204.85 -259.991 25.398
v 208.092 -262.002 25.399
v 208.092 -262.002 27.949
v 188.527 -235.494 34.613
v 188.527 -235.494 26.673
v 194.662 -239.299 26.673
v 194.662 -239.299 34.613
v 195.206 -247.354 26.673
v 196.5 -244.814 26.673
v 194.135 -243.347 26.673
v 192.638 -245.761 26.673
v 176.694 -245.986 3.334
v 176.694 -245.986 25.398
v 176.694 -245.986 34.613
v 180.995 -239.05 34.613
v 180.995 -239.05 3.334
v 201.481 -251.246 34.613
v 201.482 -251.246 3.334
v 195.206 -247.354 3.334
v 195.206 -247.354 26.673
v 192.638 -245.761 26.673
v 192.638 -245.761 33.783
v 191.205 -244.873 33.783
v 191.205 -244.873 26.673
v 185.07 -241.068 26.673
v 185.07 -241.068 34.613
v 198.484 -249.387 34.613
v 198.484 -249.387 36.483
v 201.481 -251.246 36.483
v 192.923 -242.102 26.673
v 191.205 -244.873 26.673
v 191.205 -244.873 33.783
v 192.702 -242.459 33.783
v 192.923 -242.102 33.783
v 210.8 -257.636 27.948
v 207.557 -255.625 27.948
v 204.85 -259.991 27.948
v 208.092 -262.002 27.949
v 201.481 -251.246 34.613
v 198.216 -256.511 34.613
v 196.952 -258.55 34.613
v 196.952 -258.55 25.398
v 201.208 -251.687 25.398
v 201.208 -251.687 3.334
v 201.482 -251.246 3.334
v 185.07 -241.068 26.673
v 191.205 -244.873 26.673
v 192.923 -242.102 26.673
v 194.662 -239.299 26.673
v 188.527 -235.494 26.673
v 187.527 -237.106 26.673
v 197.981 -243.012 34.613
v 202.094 -236.381 34.613
v 188.052 -227.672 34.613
v 183.681 -234.72 34.613
v 187.527 -237.106 34.613
v 188.527 -235.494 34.613
v 194.662 -239.299 34.613
v 193.921 -240.494 34.613
v 182.157 -237.176 3.334
v 182.157 -237.176 34.613
v 182.157 -237.176 36.683
v 183.68 -234.72 36.683
v 183.681 -234.72 34.613
v 183.68 -234.72 3.334
v 176.694 -245.986 34.613
v 176.694 -245.986 25.398
v 196.952 -258.55 25.398
v 196.952 -258.55 34.613
f 16705 16706 16703
f 16703 16704 16705
f 16708 16714 16707
f 16714 16712 16713
f 16712 16710 16711
f 16710 16708 16709
f 16708 16712 16714
f 16712 16708 16710
f 16716 16718 16715
f 16718 16716 16717
f 16721 16722 16719
f 16719 16720 16721
f 16725 16726 16723
f 16723 16724 16725
f 16728 16730 16727
f 16730 16728 16729
f 16735 16736 16731
f 16731 16732 16733
f 16733 16734 16735
f 16735 16731 16733
f 16738 16740 16737
f 16740 16738 16739
f 16742 16745 16741
f 16745 16743 16744
f 16743 16745 16742
f 16747 16749 16746
f 16749 16747 16748
f 16751 16754 16750
f 16753 16751 16752
f 16751 16753 16754
f 16757 16758 16755
f 16755 16756 16757
f 16760 16762 16759
f 16762 16760 16761
f 16770 16763 16764
f 16765 16766 16767
f 16767 16768 16769
f 16770 16764 16765
f 16765 16767 16769
f 16769 16770 16765
f 16783 16771 16772
f 16772 16773 16774
f 16775 16776 16777
f 16779 16780 16781
f 16781 16782 16783
f 16772 16774 16775
f 16775 16777 16778
f 16779 16781 16783
f 16772 16775 16778
f 16779 16783 16772
f 16772 16778 16779
f 16786 16787 16784
f 16784 16785 16786
f 16795 16788 16789
f 16789 16790 16791
f 16792 16793 16794
f 16789 16791 16792
f 16792 16794 16795
f 16795 16789 16792
f 16798 16799 16796
f 16796 16797 16798
f 16802 16803 16800
f 16800 16801 16802
f 16805 16810 16804
f 16810 16808 16809
f 16807 16805 16806
f 16810 16807 16808
f 16807 16810 16805
f 16813 16814 16811
f 16811 16812 16813
f 16816 16818 16815
f 16818 16816 16817
f 16821 16822 16819
f 16819 16820 16821
f 16825 16826 16823
f 16823 16824 16825
f 16829 16830 16827
f 16827 16828 16829
f 16832 16834 16831
f 16834 16832 16833
f 16835 16850 16851
f 16850 16848 16849
f 16848 16846 16847
f 16845 16843 16844
f 16843 16841 16842
f 16841 16839 16840
f 16838 16836 16837
f 16836 16850 16835
f 16850 16846 16848
f 16845 16841 16843
f 16841 16838 16839
f 16838 16850 16836
f 16846 16841 16845
f 16838 16846 16850
f 16846 16838 16841
f 16853 16855 16852
f 16855 16853 16854
f 16857 16859 16856
f 16859 16857 16858
f 16864 16860 16861
f 16861 16862 16863
f 16863 16864 16861
f 16871 16872 16865
f 16865 16866 16867
f 16868 16869 16870
f 16870 16871 16865
f 16865 16867 16868
f 16868 16870 16865
f 16875 16876 16873
f 16873 16874 16875
f 16879 16880 16877
f 16877 16878 16879
f 16887 16888 16881
f 16881 16882 16883
f 16883 16884 16885
f 16885 16886 16887
f 16887 16881 16883
f 16883 16885 16887
f 16891 16892 16889
f 16889 16890 16891
f 16894 16896 16893
f 16896 16894 16895
f 16899 16900 16897
f 16897 16898 16899
f 16903 16904 16901
f 16901 16902 16903
f 16907 16908 16905
f 16905 16906 16907
f 16910 16913 16909
f 16913 16911 16912
f 16911 16913 16910
f 16915 16926 16914
f 16926 16924 16925
f 16923 16921 16922
f 16919 16917 16918
f 16917 16915 16916
f 16915 16924 16926
f 16923 16920 16921
f 16917 16924 16915
f 16924 16920 16923
f 16919 16924 16917
f 16924 16919 16920
f 16928 16931 16927
f 16930 16928 16929
f 16928 16930 16931
f 16934 16935 16932
f 16932 16933 16934
f 16941 16942 16936
f 16937 16938 16939
f 16940 16941 16936
f 16936 16937 16939
f 16939 16940 16936
f 16947 16948 16943
f 16943 16944 16945
f 16945 16946 16947
f 16947 16943 16945
f 16955 16956 16949
f 16949 16950 16951
f 16951 16952 16953
f 16955 16949 16951
f 16951 16953 16954
f 16954 16955 16951
f 16958 16962 16957
f 16961 16959 16960
f 16959 16962 16958
f 16962 16959 16961
f 16965 16966 16963
f 16963 16964 16965
o bldg_d91dc708-5e34-419c-9897-4cc20d809af0
v -55.04 -253.119 10.524
v -50.924 -255.713 10.524
v -50.923 -255.713 3.359
v -55.04 -253.119 3.359
v -61.374 -263.17 3.359
v -55.04 -253.119 3.359
v -50.923 -255.713 3.359
v -57.258 -265.764 3.359
v -50.924 -255.713 10.524
v -57.258 -265.764 10.524
v -57.258 -265.764 3.359
v -50.923 -255.713 3.359
v -61.374 -263.17 10.524
v -55.04 -253.119 10.524
v -55.04 -253.119 3.359
v -61.374 -263.17 3.359
v -50.924 -255.713 10.524
v -55.04 -253.119 10.524
v -61.374 -263.17 10.524
v -57.258 -265.764 10.524
v -57.258 -265.764 10.524
v -61.374 -263.17 10.524
v -61.374 -263.17 3.359
v -57.258 -265.764 3.359
f 16968 16970 16967
f 16970 16968 16969
f 16972 16974 16971
f 16974 16972 16973
f 16977 16978 16975
f 16975 16976 16977
f 16980 16982 16979
f 16982 16980 16981
f 16985 16986 16983
f 16983 16984 16985
f 16989 16990 16987
f 16987 16988 16989
o bldg_6799e2fb-a32d-402b-af2d-c7484659b6b4
v 281.766 -293.519 33.896
v 278.269 -300.964 33.896
v 278.269 -300.964 3.533
v 281.766 -293.519 3.533
v 265.513 -297.422 3.533
v 265.513 -297.422 33.896
v 265.753 -297.574 33.896
v 265.753 -297.574 34.396
v 263.544 -296.17 34.396
v 263.543 -296.17 3.533
v 266.859 -292.008 33.896
v 266.0 -291.462 33.896
v 266.0 -291.462 3.533
v 266.859 -292.008 3.533
v 265.567 -292.987 34.396
v 267.776 -294.391 34.396
v 267.776 -294.391 33.896
v 266.044 -293.29 33.896
v 266.044 -293.29 3.533
v 265.567 -292.987 3.533
v 265.094 -298.081 33.896
v 265.513 -297.422 33.896
v 265.513 -297.422 3.533
v 265.094 -298.081 3.533
v 266.0 -291.462 33.896
v 269.605 -285.79 33.896
v 269.605 -285.79 3.533
v 266.0 -291.462 3.533
v 269.605 -285.79 33.896
v 281.766 -293.519 33.896
v 281.766 -293.519 3.533
v 269.605 -285.79 3.533
v 266.859 -292.008 3.533
v 266.044 -293.29 3.533
v 266.044 -293.29 33.896
v 266.859 -292.008 33.896
v 265.094 -298.081 3.533
v 265.513 -297.422 3.533
v 263.543 -296.17 3.533
v 265.567 -292.987 3.533
v 266.044 -293.29 3.533
v 266.859 -292.008 3.533
v 266.0 -291.462 3.533
v 269.605 -285.79 3.533
v 281.766 -293.519 3.533
v 278.269 -300.964 3.533
v 274.626 -304.14 3.533
v 265.753 -297.574 34.396
v 265.753 -297.574 33.896
v 267.776 -294.391 33.896
v 267.776 -294.391 34.396
v 266.0 -291.462 33.896
v 266.859 -292.008 33.896
v 266.044 -293.29 33.896
v 267.776 -294.391 33.896
v 265.753 -297.574 33.896
v 265.513 -297.422 33.896
v 265.094 -298.081 33.896
v 274.626 -304.14 33.896
v 278.269 -300.964 33.896
v 281.766 -293.519 33.896
v 269.605 -285.79 33.896
v 274.626 -304.14 33.896
v 265.094 -298.081 33.896
v 265.094 -298.081 3.533
v 274.626 -304.14 3.533
v 267.776 -294.391 34.396
v 265.567 -292.987 34.396
v 263.544 -296.17 34.396
v 265.753 -297.574 34.396
v 278.269 -300.964 33.896
v 274.626 -304.14 33.896
v 274.626 -304.14 3.533
v 278.269 -300.964 3.533
v 263.543 -296.17 3.533
v 263.544 -296.17 34.396
v 265.567 -292.987 34.396
v 265.567 -292.987 3.533
f 16993 16994 16991
f 16991 16992 16993
f 16999 17000 16995
f 16996 16997 16998
f 16999 16995 16996
f 16996 16998 16999
f 17003 17004 17001
f 17001 17002 17003
f 17005 17009 17010
f 17008 17006 17007
f 17005 17008 17009
f 17008 17005 17006
f 17012 17014 17011
f 17014 17012 17013
f 17016 17018 17015
f 17018 17016 17017
f 17020 17022 17019
f 17022 17020 17021
f 17024 17026 17023
f 17026 17024 17025
f 17028 17037 17027
f 17037 17035 17036
f 17035 17033 17034
f 17031 17029 17030
f 17028 17035 17037
f 17035 17032 17033
f 17031 17028 17029
f 17028 17032 17035
f 17032 17028 17031
f 17040 17041 17038
f 17038 17039 17040
f 17051 17052 17042
f 17043 17044 17045
f 17046 17047 17048
f 17048 17049 17050
f 17051 17042 17043
f 17046 17048 17050
f 17050 17051 17043
f 17045 17046 17050
f 17050 17043 17045
f 17055 17056 17053
f 17053 17054 17055
f 17059 17060 17057
f 17057 17058 17059
f 17063 17064 17061
f 17061 17062 17063
f 17066 17068 17065
f 17068 17066 17067
o bldg_78250a80-b9ff-45fb-b5fe-d43ba5af9b31
v 62.876 -176.866 79.84
v 68.533 -167.906 79.84
v 54.934 -159.321 79.84
v 49.277 -168.281 79.84
v 41.129 -131.709 66.97
v 86.068 -160.079 66.97
v 86.069 -160.079 3.117
v 41.129 -131.709 3.117
v 63.21 -176.34 66.97
v 63.21 -176.34 76.505
v 68.533 -167.906 76.505
v 68.533 -167.906 79.84
v 62.876 -176.866 79.84
v 62.876 -176.866 66.97
v 46.456 -153.97 76.505
v 46.456 -153.97 66.97
v 41.133 -162.402 66.97
v 41.133 -162.402 76.505
v 41.133 -162.402 66.97
v 49.61 -167.754 66.97
v 49.61 -167.754 76.505
v 41.133 -162.402 76.505
v 86.068 -160.079 66.97
v 71.882 -182.551 66.97
v 71.882 -182.551 3.117
v 86.069 -160.079 3.117
v 30.26 -137.792 17.6
v 35.286 -140.965 17.6
v 35.286 -140.965 3.116
v 30.26 -137.792 3.116
v 35.286 -140.965 3.116
v 35.286 -140.965 17.6
v 26.942 -154.181 17.6
v 26.942 -154.181 66.97
v 41.129 -131.709 66.97
v 41.129 -131.709 3.117
v 68.533 -167.906 76.505
v 68.534 -167.907 66.97
v 46.456 -153.97 66.97
v 46.456 -153.97 76.505
v 54.934 -159.321 76.505
v 54.934 -159.321 79.84
v 68.533 -167.906 79.84
v 71.882 -182.551 66.97
v 62.876 -176.866 66.97
v 62.876 -176.866 79.84
v 49.277 -168.281 79.84
v 49.277 -168.281 66.97
v 26.942 -154.181 66.97
v 26.942 -154.181 17.6
v 28.212 -154.983 17.6
v 28.212 -154.983 3.116
v 71.882 -182.551 3.117
v 41.129 -131.709 66.97
v 26.942 -154.181 66.97
v 49.277 -168.281 66.97
v 49.61 -167.754 66.97
v 41.133 -162.402 66.97
v 46.456 -153.97 66.97
v 68.534 -167.907 66.97
v 63.21 -176.34 66.97
v 62.876 -176.866 66.97
v 71.882 -182.551 66.97
v 86.068 -160.079 66.97
v 27.392 -156.282 17.6
v 21.097 -152.308 17.6
v 21.097 -152.308 3.117
v 27.392 -156.282 3.116
v 28.212 -154.983 3.116
v 27.392 -156.282 3.116
v 21.097 -152.308 3.117
v 30.26 -137.792 3.116
v 35.286 -140.965 3.116
v 41.129 -131.709 3.117
v 86.069 -160.079 3.117
v 71.882 -182.551 3.117
v 27.392 -156.282 3.116
v 28.212 -154.983 3.116
v 28.212 -154.983 17.6
v 27.392 -156.282 17.6
v 49.277 -168.281 79.84
v 54.934 -159.321 79.84
v 54.934 -159.321 76.505
v 49.61 -167.754 76.505
v 49.61 -167.754 66.97
v 49.277 -168.281 66.97
v 21.097 -152.308 17.6
v 30.26 -137.792 17.6
v 30.26 -137.792 3.116
v 21.097 -152.308 3.117
v 63.21 -176.34 76.505
v 63.21 -176.34 66.97
v 68.534 -167.907 66.97
v 68.533 -167.906 76.505
v 28.212 -154.983 17.6
v 26.942 -154.181 17.6
v 35.286 -140.965 17.6
v 30.26 -137.792 17.6
v 21.097 -152.308 17.6
v 27.392 -156.282 17.6
v 41.133 -162.402 76.505
v 49.61 -167.754 76.505
v 54.934 -159.321 76.505
v 46.456 -153.97 76.505
f 17071 17072 17069
f 17069 17070 17071
f 17074 17076 17073
f 17076 17074 17075
f 17081 17082 17077
f 17078 17079 17080
f 17081 17077 17078
f 17078 17080 17081
f 17084 17086 17083
f 17086 17084 17085
f 17089 17090 17087
f 17087 17088 17089
f 17093 17094 17091
f 17091 17092 17093
f 17096 17098 17095
f 17098 17096 17097
f 17100 17104 17099
f 17104 17102 17103
f 17102 17100 17101
f 17100 17102 17104
f 17105 17110 17111
f 17109 17107 17108
f 17107 17105 17106
f 17105 17109 17110
f 17109 17105 17107
f 17120 17121 17112
f 17113 17114 17115
f 17116 17117 17118
f 17119 17120 17112
f 17113 17115 17116
f 17116 17118 17119
f 17119 17112 17113
f 17113 17116 17119
f 17123 17124 17125
f 17129 17130 17131
f 17123 17125 17126
f 17128 17129 17131
f 17122 17123 17126
f 17128 17131 17132
f 17122 17126 17127
f 17127 17128 17132
f 17132 17122 17127
f 17135 17136 17133
f 17133 17134 17135
f 17137 17143 17144
f 17143 17141 17142
f 17141 17139 17140
f 17139 17137 17138
f 17137 17141 17143
f 17141 17137 17139
f 17147 17148 17145
f 17145 17146 17147
f 17149 17153 17154
f 17152 17150 17151
f 17149 17152 17153
f 17152 17149 17150
f 17156 17158 17155
f 17158 17156 17157
f 17161 17162 17159
f 17159 17160 17161
f 17167 17168 17163
f 17164 17165 17166
f 17167 17163 17164
f 17164 17166 17167
f 17171 17172 17169
f 17169 17170 17171
o bldg_d6649df0-c0cc-4ec4-ad77-0b63b4e0240f
v 3.624 -212.278 35.562
v 3.624 -212.278 34.247
v 9.191 -215.906 34.247
v 9.191 -215.906 35.562
v 10.391 -214.064 36.012
v 11.538 -212.306 35.562
v 5.971 -208.678 35.562
v 4.825 -210.437 36.012
v 4.825 -210.437 36.012
v 3.624 -212.278 35.562
v 9.191 -215.906 35.562
v 10.391 -214.064 36.012
v 14.276 -219.22 34.247
v 16.613 -215.613 34.247
v 18.062 -213.377 34.247
v 14.148 -210.842 34.247
v 17.502 -205.665 34.247
v 4.269 -197.094 34.247
v -10.632 -220.1 34.247
v 6.513 -231.206 34.247
v 11.538 -212.306 34.247
v 9.191 -215.906 34.247
v 3.624 -212.278 34.247
v 5.971 -208.678 34.247
v 21.415 -208.199 37.662
v 17.502 -205.665 37.662
v 14.148 -210.842 37.662
v 18.062 -213.377 37.662
v 11.538 -212.306 34.247
v 11.538 -212.306 35.562
v 10.391 -214.064 36.012
v 9.191 -215.906 35.562
v 9.191 -215.906 34.247
v 11.538 -212.306 35.562
v 11.538 -212.306 34.247
v 5.971 -208.678 34.247
v 5.971 -208.678 35.562
v 14.148 -210.842 37.662
v 14.148 -210.842 34.247
v 18.062 -213.377 34.247
v 18.062 -213.377 37.662
v 6.513 -231.206 34.247
v -10.632 -220.1 34.247
v -10.632 -220.1 3.796
v 6.513 -231.206 3.796
v -10.632 -220.1 34.247
v 4.269 -197.094 34.247
v 4.269 -197.094 3.796
v -10.632 -220.1 3.796
v 6.513 -231.206 3.796
v -10.632 -220.1 3.796
v 4.269 -197.094 3.796
v 17.502 -205.665 3.796
v 21.415 -208.199 3.796
v 17.502 -205.665 37.662
v 17.502 -205.665 34.247
v 14.148 -210.842 34.247
v 14.148 -210.842 37.662
v 3.624 -212.278 34.247
v 3.624 -212.278 35.562
v 4.825 -210.437 36.012
v 5.971 -208.678 35.562
v 5.971 -208.678 34.247
v 14.276 -219.22 34.247
v 6.513 -231.206 34.247
v 6.513 -231.206 3.796
v 21.415 -208.199 3.796
v 21.415 -208.199 37.662
v 18.062 -213.377 37.662
v 18.062 -213.377 34.247
v 16.613 -215.613 34.247
v 21.415 -208.199 3.796
v 17.502 -205.665 3.796
v 4.269 -197.094 3.796
v 4.269 -197.094 34.247
v 17.502 -205.665 34.247
v 17.502 -205.665 37.662
v 21.415 -208.199 37.662
f 17175 17176 17173
f 17173 17174 17175
f 17179 17180 17177
f 17177 17178 17179
f 17183 17184 17181
f 17181 17182 17183
f 17191 17195 17196
f 17194 17195 17191
f 17191 17192 17185
f 17186 17187 17188
f 17188 17189 17190
f 17190 17191 17196
f 17194 17191 17185
f 17185 17186 17188
f 17188 17190 17196
f 17193 17194 17185
f 17188 17196 17193
f 17193 17185 17188
f 17199 17200 17197
f 17197 17198 17199
f 17204 17205 17201
f 17201 17202 17203
f 17203 17204 17201
f 17207 17209 17206
f 17209 17207 17208
f 17212 17213 17210
f 17210 17211 17212
f 17216 17217 17214
f 17214 17215 17216
f 17219 17221 17218
f 17221 17219 17220
f 17223 17226 17222
f 17225 17223 17224
f 17223 17225 17226
f 17228 17230 17227
f 17230 17228 17229
f 17232 17235 17231
f 17235 17233 17234
f 17233 17235 17232
f 17236 17237 17238
f 17238 17239 17240
f 17240 17241 17242
f 17243 17236 17238
f 17238 17240 17242
f 17242 17243 17238
f 17245 17250 17244
f 17250 17248 17249
f 17248 17246 17247
f 17246 17250 17245
f 17250 17246 17248
o bldg_58dc2302-8220-47ac-99be-cd2905539fcf
v 31.425 -195.334 33.724
v 26.673 -192.275 33.724
v 22.729 -198.403 33.724
v 27.481 -201.462 33.724
v 22.729 -198.403 33.724
v 26.673 -192.275 33.724
v 26.673 -192.275 3.84
v 22.729 -198.403 3.84
v 27.481 -201.462 33.724
v 22.729 -198.403 33.724
v 22.729 -198.403 3.84
v 27.481 -201.462 3.84
v 26.673 -192.275 33.724
v 31.425 -195.334 33.724
v 31.425 -195.334 3.84
v 26.673 -192.275 3.84
v 31.425 -195.334 33.724
v 27.481 -201.462 33.724
v 27.481 -201.462 3.84
v 31.425 -195.334 3.84
v 22.729 -198.403 3.84
v 26.673 -192.275 3.84
v 31.425 -195.334 3.84
v 27.481 -201.462 3.84
f 17253 17254 17251
f 17251 17252 17253
f 17256 17258 17255
f 17258 17256 17257
f 17261 17262 17259
f 17259 17260 17261
f 17264 17266 17263
f 17266 17264 17265
f 17269 17270 17267
f 17267 17268 17269
f 17272 17274 17271
f 17274 17272 17273
o bldg_109b82a5-ccae-400a-b764-6699cf8d1a85
v 217.048 -214.249 5.127
v 212.371 -220.469 5.127
v 212.371 -220.469 3.436
v 217.048 -214.249 3.436
v 217.048 -214.249 5.127
v 213.9 -211.882 5.127
v 209.223 -218.101 5.127
v 212.371 -220.469 5.127
v 209.223 -218.101 5.127
v 213.9 -211.882 5.127
v 213.9 -211.882 3.436
v 209.223 -218.101 3.436
v 212.371 -220.469 5.127
v 209.223 -218.101 5.127
v 209.223 -218.101 3.436
v 212.371 -220.469 3.436
v 209.223 -218.101 3.436
v 213.9 -211.882 3.436
v 217.048 -214.249 3.436
v 212.371 -220.469 3.436
v 213.9 -211.882 5.127
v 217.048 -214.249 5.127
v 217.048 -214.249 3.436
v 213.9 -211.882 3.436
f 17277 17278 17275
f 17275 17276 17277
f 17281 17282 17279
f 17279 17280 17281
f 17284 17286 17283
f 17286 17284 17285
f 17289 17290 17287
f 17287 17288 17289
f 17292 17294 17291
f 17294 17292 17293
f 17296 17298 17295
f 17298 17296 17297
o bldg_96391f30-cff6-4787-b16f-8c6ff9635f15
v 210.841 -206.602 15.921
v 209.379 -208.691 15.921
v 221.636 -217.268 15.921
v 222.937 -215.41 15.92
v 223.098 -215.179 15.92
v 289.673 -203.867 32.87
v 289.673 -203.867 29.235
v 291.73 -200.929 29.235
v 291.73 -200.929 29.38
v 290.301 -202.97 29.38
v 290.301 -202.97 32.87
v 306.987 -221.622 23.071
v 287.815 -248.409 23.071
v 271.532 -236.755 23.07
v 271.766 -236.427 23.07
v 268.512 -234.098 23.07
v 266.645 -236.766 23.07
v 270.166 -239.173 23.07
v 265.557 -245.914 23.07
v 280.748 -256.786 23.071
v 284.508 -251.532 23.071
v 289.203 -254.893 23.071
v 310.973 -224.475 23.071
v 309.525 -218.075 38.886
v 287.815 -248.409 38.886
v 287.815 -248.409 23.071
v 306.987 -221.622 23.071
v 306.987 -221.622 2.798
v 309.525 -218.075 2.798
v 243.648 -237.543 16.85
v 243.648 -237.543 15.295
v 251.55 -243.616 15.295
v 251.55 -243.616 16.85
v 240.362 -195.071 29.38
v 239.867 -193.988 29.38
v 239.867 -193.987 2.798
v 240.362 -195.071 2.798
v 211.519 -205.632 33.556
v 211.519 -205.632 29.381
v 190.875 -191.187 29.381
v 190.875 -191.187 33.556
v 284.313 -261.645 16.851
v 282.528 -264.317 16.851
v 282.528 -264.317 2.798
v 284.313 -261.645 2.798
v 239.488 -195.688 29.38
v 240.362 -195.071 29.38
v 240.362 -195.071 2.798
v 239.488 -195.688 2.798
v 296.207 -204.116 29.38
v 296.207 -204.116 29.235
v 299.334 -199.723 29.236
v 299.334 -199.723 29.381
v 299.334 -199.723 29.236
v 296.207 -204.116 29.235
v 291.73 -200.929 29.235
v 289.673 -203.867 29.235
v 293.242 -206.421 29.235
v 308.805 -217.56 29.236
v 315.216 -208.603 29.236
v 299.59 -197.42 29.236
v 298.411 -199.066 29.235
v 268.512 -234.098 23.07
v 268.512 -234.098 32.87
v 267.847 -235.049 32.87
v 267.847 -235.049 29.38
v 266.645 -236.766 29.38
v 266.645 -236.766 23.07
v 265.557 -245.914 34.225
v 270.166 -239.172 34.225
v 226.972 -209.644 34.225
v 222.937 -215.41 34.225
v 219.255 -220.671 16.851
v 222.937 -215.41 16.85
v 222.937 -215.41 15.92
v 221.636 -217.268 15.921
v 221.636 -217.268 2.798
v 219.255 -220.671 2.798
v 291.73 -200.929 29.38
v 291.73 -200.929 29.235
v 296.207 -204.116 29.235
v 296.207 -204.116 29.38
v 271.532 -236.755 38.885
v 271.532 -236.755 23.07
v 287.815 -248.409 23.071
v 287.815 -248.409 38.886
v 268.154 -187.119 32.87
v 268.154 -187.119 29.38
v 259.74 -191.047 29.38
v 259.74 -191.047 32.87
v 281.107 -259.503 2.798
v 286.163 -252.717 2.798
v 286.163 -252.717 16.851
v 281.107 -259.503 16.851
v 310.973 -224.475 23.071
v 289.203 -254.893 23.071
v 289.203 -254.893 2.798
v 310.974 -224.475 2.798
v 245.314 -218.922 32.87
v 245.314 -218.922 29.38
v 267.847 -235.049 29.38
v 267.847 -235.049 32.87
v 206.928 -212.193 33.556
v 186.232 -197.711 33.556
v 186.231 -197.711 2.798
v 206.928 -212.193 2.798
v 190.875 -191.187 29.381
v 211.519 -205.632 29.381
v 210.841 -206.602 29.381
v 223.098 -215.179 29.38
v 226.972 -209.644 29.38
v 266.645 -236.766 29.38
v 267.847 -235.049 29.38
v 245.314 -218.922 29.38
v 246.317 -209.502 29.38
v 259.74 -191.047 29.38
v 268.154 -187.119 29.38
v 290.301 -202.97 29.38
v 291.73 -200.929 29.38
v 296.207 -204.116 29.38
v 299.334 -199.723 29.381
v 295.102 -196.711 29.38
v 296.353 -194.952 29.38
v 273.448 -178.648 29.38
v 239.867 -193.988 29.38
v 240.362 -195.071 29.38
v 239.488 -195.688 29.38
v 237.849 -194.521 29.38
v 237.462 -195.064 29.38
v 204.71 -171.751 29.381
v 206.928 -212.193 33.556
v 211.519 -205.632 33.556
v 190.875 -191.187 33.556
v 186.232 -197.711 33.556
v 281.107 -259.503 16.851
v 284.313 -261.645 16.851
v 284.313 -261.645 2.798
v 281.107 -259.503 2.798
v 290.301 -202.97 32.87
v 290.301 -202.97 29.38
v 268.154 -187.119 29.38
v 268.154 -187.119 32.87
v 209.379 -208.691 2.798
v 209.379 -208.691 15.921
v 210.841 -206.602 15.921
v 210.841 -206.602 29.381
v 211.519 -205.632 29.381
v 211.519 -205.632 33.556
v 206.928 -212.193 33.556
v 206.928 -212.193 2.798
v 308.806 -217.56 2.798
v 308.805 -217.56 29.236
v 293.242 -206.421 29.235
v 293.242 -206.421 32.87
v 293.242 -206.421 38.885
v 309.525 -218.075 38.886
v 309.525 -218.075 2.798
v 204.709 -171.751 2.798
v 186.231 -197.711 2.798
v 186.232 -197.711 33.556
v 190.875 -191.187 33.556
v 190.875 -191.187 29.381
v 204.71 -171.751 29.381
v 293.242 -206.421 32.87
v 293.242 -206.421 29.235
v 289.673 -203.867 29.235
v 289.673 -203.867 32.87
v 273.448 -178.648 29.38
v 296.353 -194.952 29.38
v 296.353 -194.952 2.798
v 273.448 -178.648 2.798
v 237.462 -195.064 29.38
v 237.849 -194.521 29.38
v 237.849 -194.521 2.798
v 237.462 -195.064 2.798
v 284.508 -251.532 16.851
v 280.748 -256.786 16.851
v 222.937 -215.41 16.85
v 219.255 -220.671 16.851
v 243.217 -238.187 16.85
v 243.648 -237.543 16.85
v 251.55 -243.616 16.85
v 282.528 -264.317 16.851
v 284.313 -261.645 16.851
v 281.107 -259.503 16.851
v 286.163 -252.717 16.851
v 240.077 -235.891 15.295
v 239.505 -236.721 15.295
v 267.314 -254.15 15.295
v 251.55 -243.616 15.295
v 243.648 -237.543 15.295
v 243.217 -238.187 15.295
v 240.077 -235.891 2.798
v 240.077 -235.891 15.295
v 243.217 -238.187 15.295
v 243.217 -238.187 16.85
v 219.255 -220.671 16.851
v 219.255 -220.671 2.798
v 268.512 -234.098 32.87
v 268.512 -234.098 23.07
v 271.766 -236.427 23.07
v 271.766 -236.427 32.87
v 289.203 -254.893 23.071
v 284.508 -251.532 23.071
v 284.508 -251.532 16.851
v 286.163 -252.717 16.851
v 286.163 -252.717 2.798
v 289.203 -254.893 2.798
v 296.353 -194.952 29.38
v 295.102 -196.711 29.38
v 295.102 -196.71 2.798
v 296.353 -194.952 2.798
v 280.748 -256.786 23.071
v 280.748 -256.786 16.851
v 284.508 -251.532 16.851
v 284.508 -251.532 23.071
v 222.937 -215.41 34.225
v 226.972 -209.644 34.225
v 226.972 -209.644 29.38
v 223.098 -215.179 29.38
v 223.098 -215.179 15.92
v 222.937 -215.41 15.92
v 222.937 -215.41 16.85
v 221.636 -217.268 15.921
v 209.379 -208.691 15.921
v 209.379 -208.691 2.798
v 221.636 -217.268 2.798
v 222.937 -215.41 16.85
v 280.748 -256.786 16.851
v 280.748 -256.786 23.071
v 265.557 -245.914 23.07
v 265.557 -245.914 34.225
v 222.937 -215.41 34.225
v 265.557 -245.914 34.225
v 265.557 -245.914 23.07
v 270.166 -239.173 23.07
v 270.166 -239.172 34.225
v 298.411 -199.066 2.798
v 299.59 -197.42 2.798
v 315.216 -208.603 2.798
v 308.806 -217.56 2.798
v 309.525 -218.075 2.798
v 306.987 -221.622 2.798
v 310.974 -224.475 2.798
v 289.203 -254.893 2.798
v 286.163 -252.717 2.798
v 281.107 -259.503 2.798
v 284.313 -261.645 2.798
v 282.528 -264.317 2.798
v 267.314 -254.15 2.798
v 239.505 -236.721 2.798
v 240.077 -235.891 2.798
v 219.255 -220.671 2.798
v 221.636 -217.268 2.798
v 209.379 -208.691 2.798
v 206.928 -212.193 2.798
v 186.231 -197.711 2.798
v 204.709 -171.751 2.798
v 237.462 -195.064 2.798
v 237.849 -194.521 2.798
v 239.488 -195.688 2.798
v 240.362 -195.071 2.798
v 239.867 -193.987 2.798
v 273.448 -178.648 2.798
v 296.353 -194.952 2.798
v 295.102 -196.71 2.798
v 259.74 -191.047 32.87
v 259.74 -191.047 29.38
v 246.317 -209.502 29.38
v 246.317 -209.502 32.87
v 243.217 -238.187 16.85
v 243.217 -238.187 15.295
v 243.648 -237.543 15.295
v 243.648 -237.543 16.85
v 299.59 -197.42 2.798
v 298.411 -199.066 2.798
v 298.411 -199.066 29.235
v 299.59 -197.42 29.236
v 246.317 -209.502 32.87
v 246.317 -209.502 29.38
v 245.314 -218.922 29.38
v 245.314 -218.922 32.87
v 239.505 -236.721 2.798
v 267.314 -254.15 2.798
v 267.314 -254.15 15.295
v 239.505 -236.721 15.295
v 315.216 -208.603 29.236
v 308.805 -217.56 29.236
v 308.806 -217.56 2.798
v 315.216 -208.603 2.798
v 310.974 -224.475 2.798
v 306.987 -221.622 2.798
v 306.987 -221.622 23.071
v 310.973 -224.475 23.071
v 210.841 -206.602 29.381
v 210.841 -206.602 15.921
v 223.098 -215.179 15.92
v 223.098 -215.179 29.38
v 271.532 -236.755 38.885
v 293.242 -206.421 38.885
v 293.242 -206.421 32.87
v 271.766 -236.427 32.87
v 271.766 -236.427 23.07
v 271.532 -236.755 23.07
v 309.525 -218.075 38.886
v 293.242 -206.421 38.885
v 271.532 -236.755 38.885
v 287.815 -248.409 38.886
v 282.528 -264.317 16.851
v 251.55 -243.616 16.85
v 251.55 -243.616 15.295
v 267.314 -254.15 15.295
v 267.314 -254.15 2.798
v 282.528 -264.317 2.798
v 239.505 -236.721 15.295
v 240.077 -235.891 15.295
v 240.077 -235.891 2.798
v 239.505 -236.721 2.798
v 295.102 -196.711 29.38
v 299.334 -199.723 29.381
v 299.334 -199.723 29.236
v 298.411 -199.066 29.235
v 298.411 -199.066 2.798
v 295.102 -196.71 2.798
v 267.847 -235.049 32.87
v 268.512 -234.098 32.87
v 271.766 -236.427 32.87
v 293.242 -206.421 32.87
v 289.673 -203.867 32.87
v 290.301 -202.97 32.87
v 268.154 -187.119 32.87
v 259.74 -191.047 32.87
v 246.317 -209.502 32.87
v 245.314 -218.922 32.87
v 204.71 -171.751 29.381
v 237.462 -195.064 29.38
v 237.462 -195.064 2.798
v 204.709 -171.751 2.798
v 239.867 -193.988 29.38
v 273.448 -178.648 29.38
v 273.448 -178.648 2.798
v 239.867 -193.987 2.798
v 237.849 -194.521 29.38
v 239.488 -195.688 29.38
v 239.488 -195.688 2.798
v 237.849 -194.521 2.798
v 299.59 -197.42 29.236
v 315.216 -208.603 29.236
v 315.216 -208.603 2.798
v 299.59 -197.42 2.798
v 266.645 -236.766 29.38
v 226.972 -209.644 29.38
v 226.972 -209.644 34.225
v 270.166 -239.172 34.225
v 270.166 -239.173 23.07
v 266.645 -236.766 23.07
f 17302 17303 17299
f 17299 17300 17301
f 17301 17302 17299
f 17308 17309 17304
f 17305 17306 17307
f 17308 17304 17305
f 17305 17307 17308
f 17320 17321 17310
f 17312 17313 17314
f 17314 17315 17316
f 17316 17317 17318
f 17320 17310 17311
f 17312 17314 17316
f 17316 17318 17319
f 17319 17320 17311
f 17311 17312 17316
f 17316 17319 17311
f 17326 17327 17322
f 17322 17323 17324
f 17325 17326 17322
f 17322 17324 17325
f 17330 17331 17328
f 17328 17329 17330
f 17333 17335 17332
f 17335 17333 17334
f 17337 17339 17336
f 17339 17337 17338
f 17342 17343 17340
f 17340 17341 17342
f 17345 17347 17344
f 17347 17345 17346
f 17350 17351 17348
f 17348 17349 17350
f 17359 17360 17352
f 17353 17354 17355
f 17356 17357 17358
f 17358 17359 17352
f 17353 17355 17356
f 17358 17352 17353
f 17353 17356 17358
f 17365 17366 17361
f 17361 17362 17363
f 17364 17365 17361
f 17361 17363 17364
f 17369 17370 17367
f 17367 17368 17369
f 17371 17375 17376
f 17374 17372 17373
f 17371 17374 17375
f 17374 17371 17372
f 17379 17380 17377
f 17377 17378 17379
f 17383 17384 17381
f 17381 17382 17383
f 17386 17388 17385
f 17388 17386 17387
f 17391 17392 17389
f 17389 17390 17391
f 17395 17396 17393
f 17393 17394 17395
f 17399 17400 17397
f 17397 17398 17399
f 17403 17404 17401
f 17401 17402 17403
f 17427 17428 17405
f 17406 17407 17408
f 17409 17410 17411
f 17415 17416 17417
f 17417 17418 17419
f 17420 17421 17422
f 17422 17423 17424
f 17425 17426 17427
f 17427 17405 17406
f 17406 17408 17409
f 17409 17411 17412
f 17415 17417 17419
f 17422 17424 17425
f 17425 17427 17406
f 17409 17412 17413
f 17415 17419 17420
f 17425 17406 17409
f 17409 17413 17414
f 17415 17420 17422
f 17422 17425 17409
f 17414 17415 17422
f 17422 17409 17414
f 17431 17432 17429
f 17429 17430 17431
f 17434 17436 17433
f 17436 17434 17435
f 17438 17440 17437
f 17440 17438 17439
f 17447 17448 17441
f 17442 17443 17444
f 17444 17445 17446
f 17447 17441 17442
f 17444 17446 17447
f 17447 17442 17444
f 17450 17455 17449
f 17454 17452 17453
f 17452 17450 17451
f 17450 17454 17455
f 17454 17450 17452
f 17457 17461 17456
f 17460 17458 17459
f 17457 17460 17461
f 17460 17457 17458
f 17463 17465 17462
f 17465 17463 17464
f 17467 17469 17466
f 17469 17467 17468
f 17471 17473 17470
f 17473 17471 17472
f 17483 17484 17474
f 17475 17476 17477
f 17477 17478 17479
f 17479 17480 17481
f 17481 17482 17483
f 17483 17474 17475
f 17475 17477 17479
f 17479 17481 17483
f 17483 17475 17479
f 17490 17485 17486
f 17486 17487 17488
f 17488 17489 17490
f 17490 17486 17488
f 17495 17496 17491
f 17492 17493 17494
f 17495 17491 17492
f 17492 17494 17495
f 17499 17500 17497
f 17497 17498 17499
f 17505 17506 17501
f 17501 17502 17503
f 17504 17505 17501
f 17501 17503 17504
f 17509 17510 17507
f 17507 17508 17509
f 17513 17514 17511
f 17511 17512 17513
f 17515 17520 17521
f 17520 17518 17519
f 17518 17516 17517
f 17515 17518 17520
f 17518 17515 17516
f 17524 17525 17522
f 17522 17523 17524
f 17530 17531 17526
f 17526 17527 17528
f 17529 17530 17526
f 17526 17528 17529
f 17534 17535 17532
f 17532 17533 17534
f 17564 17562 17563
f 17562 17560 17561
f 17559 17557 17558
f 17557 17555 17556
f 17555 17553 17554
f 17552 17550 17551
f 17550 17548 17549
f 17548 17546 17547
f 17544 17542 17543
f 17541 17539 17540
f 17539 17537 17538
f 17564 17560 17562
f 17559 17555 17557
f 17552 17548 17550
f 17548 17545 17546
f 17544 17541 17542
f 17541 17537 17539
f 17536 17560 17564
f 17559 17553 17555
f 17552 17545 17548
f 17545 17541 17544
f 17541 17536 17537
f 17536 17559 17560
f 17559 17552 17553
f 17552 17541 17545
f 17541 17559 17536
f 17559 17541 17552
f 17566 17568 17565
f 17568 17566 17567
f 17571 17572 17569
f 17569 17570 17571
f 17574 17576 17573
f 17576 17574 17575
f 17578 17580 17577
f 17580 17578 17579
f 17583 17584 17581
f 17581 17582 17583
f 17587 17588 17585
f 17585 17586 17587
f 17590 17592 17589
f 17592 17590 17591
f 17595 17596 17593
f 17593 17594 17595
f 17597 17601 17602
f 17600 17598 17599
f 17597 17600 17601
f 17600 17597 17598
f 17605 17606 17603
f 17603 17604 17605
f 17611 17612 17607
f 17607 17608 17609
f 17610 17611 17607
f 17607 17609 17610
f 17614 17616 17613
f 17616 17614 17615
f 17617 17621 17622
f 17620 17618 17619
f 17617 17620 17621
f 17620 17617 17618
f 17631 17632 17623
f 17624 17625 17626
f 17627 17628 17629
f 17629 17630 17631
f 17631 17623 17624
f 17624 17626 17627
f 17627 17629 17631
f 17631 17624 17627
f 17634 17636 17633
f 17636 17634 17635
f 17638 17640 17637
f 17640 17638 17639
f 17642 17644 17641
f 17644 17642 17643
f 17646 17648 17645
f 17648 17646 17647
f 17649 17653 17654
f 17652 17650 17651
f 17649 17652 17653
f 17652 17649 17650
o bldg_13633d7f-aa07-4fe6-b6be-70f9d9d63f50
v 146.898 84.762 12.483
v 146.898 84.762 9.588
v 148.306 86.754 9.588
v 148.306 86.754 12.483
v 133.96 90.227 12.483
v 133.96 90.227 9.588
v 135.068 88.948 9.588
v 135.068 88.948 12.483
v 136.166 96.697 12.483
v 136.166 96.697 9.588
v 134.747 95.898 9.588
v 134.747 95.898 12.483
v 156.49 88.969 9.588
v 156.548 88.29 9.588
v 156.548 88.29 0.386
v 156.49 88.969 0.386
v 142.86 83.722 12.483
v 142.86 83.722 9.588
v 144.974 83.665 9.588
v 144.974 83.665 12.483
v 156.49 88.969 0.386
v 156.548 88.29 0.386
v 148.667 76.568 0.386
v 148.059 76.483 0.386
v 128.836 89.379 0.386
v 128.835 90.059 0.386
v 136.542 101.588 0.386
v 137.389 101.715 0.386
v 148.306 86.754 12.483
v 148.306 86.754 9.588
v 148.653 88.839 9.588
v 148.653 88.839 12.483
v 135.068 88.948 12.483
v 135.068 88.948 9.588
v 142.86 83.722 9.588
v 142.86 83.722 12.483
v 133.81 94.444 12.483
v 133.81 94.444 9.588
v 133.389 92.001 9.588
v 133.389 92.001 12.483
v 137.389 101.715 9.588
v 156.49 88.969 9.588
v 156.49 88.969 0.386
v 137.389 101.715 0.386
v 136.542 101.588 9.588
v 137.389 101.715 9.588
v 137.389 101.715 0.386
v 136.542 101.588 0.386
v 156.548 88.29 9.588
v 148.667 76.568 9.588
v 148.667 76.568 0.386
v 156.548 88.29 0.386
v 138.442 97.035 12.483
v 138.442 97.035 9.588
v 136.166 96.697 9.588
v 136.166 96.697 12.483
v 148.069 90.496 12.483
v 148.069 90.496 9.588
v 147.266 91.765 9.588
v 147.266 91.765 12.483
v 135.392 99.868 9.588
v 134.521 98.564 9.588
v 128.835 90.059 9.588
v 128.836 89.379 9.588
v 148.059 76.483 9.588
v 148.667 76.568 9.588
v 156.548 88.29 9.588
v 156.49 88.969 9.588
v 137.389 101.715 9.588
v 136.542 101.588 9.588
v 136.166 96.697 9.588
v 138.442 97.035 9.588
v 140.251 96.552 9.588
v 147.266 91.765 9.588
v 148.069 90.496 9.588
v 148.653 88.839 9.588
v 148.306 86.754 9.588
v 146.898 84.762 9.588
v 144.974 83.665 9.588
v 142.86 83.722 9.588
v 135.068 88.948 9.588
v 133.96 90.227 9.588
v 133.389 92.001 9.588
v 133.81 94.444 9.588
v 134.747 95.898 9.588
v 142.86 83.722 12.483
v 144.974 83.665 12.483
v 146.898 84.762 12.483
v 148.306 86.754 12.483
v 148.653 88.839 12.483
v 148.069 90.496 12.483
v 147.266 91.765 12.483
v 140.251 96.552 12.483
v 138.442 97.035 12.483
v 136.166 96.697 12.483
v 134.747 95.898 12.483
v 133.81 94.444 12.483
v 133.389 92.001 12.483
v 133.96 90.227 12.483
v 135.068 88.948 12.483
v 134.747 95.898 12.483
v 134.747 95.898 9.588
v 133.81 94.444 9.588
v 133.81 94.444 12.483
v 148.667 76.568 9.588
v 148.059 76.483 9.588
v 148.059 76.483 0.386
v 148.667 76.568 0.386
v 133.389 92.001 12.483
v 133.389 92.001 9.588
v 133.96 90.227 9.588
v 133.96 90.227 12.483
v 128.835 90.059 9.588
v 134.521 98.564 9.588
v 135.392 99.868 9.588
v 136.542 101.588 9.588
v 136.542 101.588 0.386
v 128.835 90.059 0.386
v 128.836 89.379 9.588
v 128.835 90.059 9.588
v 128.835 90.059 0.386
v 128.836 89.379 0.386
v 148.059 76.483 9.588
v 128.836 89.379 9.588
v 128.836 89.379 0.386
v 148.059 76.483 0.386
v 144.974 83.665 12.483
v 144.974 83.665 9.588
v 146.898 84.762 9.588
v 146.898 84.762 12.483
v 140.251 96.552 12.483
v 140.251 96.552 9.588
v 138.442 97.035 9.588
v 138.442 97.035 12.483
v 147.266 91.765 12.483
v 147.266 91.765 9.588
v 140.251 96.552 9.588
v 140.251 96.552 12.483
v 148.653 88.839 12.483
v 148.653 88.839 9.588
v 148.069 90.496 9.588
v 148.069 90.496 12.483
f 17657 17658 17655
f 17655 17656 17657
f 17660 17662 17659
f 17662 17660 17661
f 17664 17666 17663
f 17666 17664 17665
f 17669 17670 17667
f 17667 17668 17669
f 17673 17674 17671
f 17671 17672 17673
f 17676 17682 17675
f 17682 17680 17681
f 17680 17678 17679
f 17678 17676 17677
f 17676 17680 17682
f 17680 17676 17678
f 17685 17686 17683
f 17683 17684 17685
f 17689 17690 17687
f 17687 17688 17689
f 17692 17694 17691
f 17694 17692 17693
f 17696 17698 17695
f 17698 17696 17697
f 17700 17702 17699
f 17702 17700 17701
f 17705 17706 17703
f 17703 17704 17705
f 17708 17710 17707
f 17710 17708 17709
f 17713 17714 17711
f 17711 17712 17713
f 17717 17737 17738
f 17736 17737 17717
f 17717 17718 17719
f 17719 17720 17721
f 17721 17722 17723
f 17723 17724 17715
f 17715 17716 17717
f 17717 17738 17739
f 17735 17736 17717
f 17721 17723 17715
f 17715 17717 17739
f 17734 17735 17717
f 17715 17739 17725
f 17734 17717 17719
f 17715 17725 17726
f 17733 17734 17719
f 17715 17726 17727
f 17732 17733 17719
f 17721 17715 17727
f 17731 17732 17719
f 17721 17727 17728
f 17730 17731 17719
f 17721 17728 17729
f 17730 17719 17721
f 17721 17729 17730
f 17753 17754 17740
f 17740 17741 17742
f 17742 17743 17744
f 17744 17745 17746
f 17746 17747 17748
f 17748 17749 17750
f 17750 17751 17752
f 17752 17753 17740
f 17740 17742 17744
f 17744 17746 17748
f 17748 17750 17752
f 17752 17740 17744
f 17744 17748 17752
f 17756 17758 17755
f 17758 17756 17757
f 17761 17762 17759
f 17759 17760 17761
f 17764 17766 17763
f 17766 17764 17765
f 17768 17772 17767
f 17772 17770 17771
f 17769 17772 17768
f 17772 17769 17770
f 17774 17776 17773
f 17776 17774 17775
f 17779 17780 17777
f 17777 17778 17779
f 17783 17784 17781
f 17781 17782 17783
f 17786 17788 17785
f 17788 17786 17787
f 17790 17792 17789
f 17792 17790 17791
f 17795 17796 17793
f 17793 17794 17795
o bldg_19332410-cd96-430a-aed7-02dd727fc597
v 88.803 -141.051 20.89
v 44.317 -112.624 20.89
v 44.317 -112.624 2.272
v 88.803 -141.052 2.272
v 91.015 -57.808 3.85
v 94.266 -52.63 3.85
v 94.266 -52.63 2.272
v 91.015 -57.808 2.272
v 111.027 -98.422 23.755
v 111.027 -98.422 20.89
v 94.765 -88.213 20.89
v 94.765 -88.213 23.755
v 83.486 -72.508 20.89
v 76.594 -83.486 20.89
v 76.594 -83.486 25.565
v 83.486 -72.508 25.565
v 91.757 -93.005 23.755
v 106.769 -102.429 23.755
v 106.393 -103.028 23.755
v 107.643 -103.813 23.755
v 111.027 -98.422 23.755
v 94.765 -88.213 23.755
v 44.317 -112.624 20.89
v 53.738 -97.617 20.89
v 66.562 -77.189 20.89
v 79.49 -56.596 20.89
v 79.49 -56.596 2.272
v 44.317 -112.624 2.272
v 49.948 -109.639 20.89
v 52.845 -111.458 20.89
v 52.845 -111.458 23.575
v 49.948 -109.639 23.575
v 59.33 -101.128 26.16
v 68.841 -107.098 26.16
v 68.841 -107.098 20.89
v 93.945 -122.857 20.89
v 93.945 -122.857 38.875
v 57.951 -100.261 38.875
v 57.951 -100.261 23.575
v 59.33 -101.128 23.575
v 93.427 -59.322 3.85
v 91.015 -57.808 3.85
v 91.015 -57.808 2.272
v 93.427 -59.322 2.272
v 108.431 -60.217 5.49
v 109.287 -58.871 5.49
v 109.287 -58.871 2.272
v 108.431 -60.217 2.272
v 66.562 -77.189 20.89
v 53.738 -97.617 20.89
v 44.317 -112.624 20.89
v 88.803 -141.051 20.89
v 124.201 -84.664 20.89
v 79.49 -56.596 20.89
v 56.433 -99.309 20.89
v 68.904 -79.444 20.89
v 70.421 -80.397 20.89
v 70.775 -79.833 20.89
v 76.594 -83.486 20.89
v 83.486 -72.508 20.89
v 97.01 -80.998 20.89
v 90.118 -91.976 20.89
v 91.757 -93.005 20.89
v 94.765 -88.213 20.89
v 111.027 -98.422 20.89
v 107.643 -103.813 20.89
v 106.393 -103.029 20.89
v 93.945 -122.857 20.89
v 68.841 -107.098 20.89
v 61.355 -119.022 20.89
v 51.845 -113.052 20.89
v 52.845 -111.458 20.89
v 49.948 -109.639 20.89
v 106.393 -103.029 20.89
v 106.393 -103.028 23.755
v 106.769 -102.429 23.755
v 106.769 -102.429 38.875
v 93.945 -122.857 38.875
v 93.945 -122.857 20.89
v 51.845 -113.052 26.16
v 59.33 -101.128 26.16
v 59.33 -101.128 23.575
v 52.845 -111.458 23.575
v 52.845 -111.458 20.89
v 51.845 -113.052 20.89
v 94.266 -52.63 3.85
v 102.289 -57.667 3.85
v 102.289 -57.667 2.272
v 94.266 -52.63 2.272
v 107.643 -103.813 23.755
v 106.393 -103.028 23.755
v 106.393 -103.029 20.89
v 107.643 -103.813 20.89
v 61.355 -119.022 20.89
v 68.841 -107.098 20.89
v 68.841 -107.098 26.16
v 61.355 -119.022 26.16
v 70.421 -80.397 20.89
v 70.421 -80.397 23.575
v 57.951 -100.261 23.575
v 57.951 -100.261 38.875
v 62.676 -92.733 38.875
v 66.338 -86.902 38.875
v 70.775 -79.833 38.875
v 70.775 -79.833 20.89
v 109.287 -58.871 5.49
v 127.868 -70.699 5.49
v 127.868 -70.699 2.272
v 109.287 -58.871 2.272
v 107.643 -103.813 23.755
v 107.643 -103.813 20.89
v 111.027 -98.422 20.89
v 111.027 -98.422 23.755
v 69.586 -97.071 44.965
v 69.586 -97.071 38.875
v 91.885 -111.069 38.875
v 91.885 -111.069 44.965
v 44.317 -112.624 2.272
v 79.49 -56.596 2.272
v 90.715 -63.643 2.272
v 93.427 -59.322 2.272
v 91.015 -57.808 2.272
v 94.266 -52.63 2.272
v 102.289 -57.667 2.272
v 96.326 -67.165 2.272
v 102.491 -71.036 2.272
v 102.869 -70.442 2.272
v 99.571 -68.342 2.272
v 105.653 -58.788 2.272
v 108.431 -60.217 2.272
v 109.287 -58.871 2.272
v 127.868 -70.699 2.272
v 126.817 -72.349 2.272
v 129.132 -73.823 2.272
v 123.014 -83.919 2.272
v 124.201 -84.664 2.272
v 88.803 -141.052 2.272
v 66.338 -86.902 38.875
v 62.676 -92.733 38.875
v 57.951 -100.261 38.875
v 93.945 -122.857 38.875
v 106.769 -102.429 38.875
v 70.775 -79.833 38.875
v 69.586 -97.071 38.875
v 73.247 -91.239 38.875
v 95.546 -105.237 38.875
v 91.885 -111.069 38.875
v 102.869 -70.442 5.49
v 99.571 -68.342 5.49
v 99.571 -68.342 2.272
v 102.869 -70.442 2.272
v 102.869 -70.442 2.272
v 102.491 -71.036 2.272
v 102.491 -71.036 5.49
v 102.869 -70.442 5.49
v 73.247 -91.239 44.965
v 73.247 -91.239 38.875
v 69.586 -97.071 38.875
v 69.586 -97.071 44.965
v 93.427 -59.322 3.85
v 90.715 -63.643 3.85
v 96.326 -67.165 3.85
v 102.289 -57.667 3.85
v 94.266 -52.63 3.85
v 91.015 -57.808 3.85
v 94.765 -88.213 20.89
v 91.757 -93.005 20.89
v 91.757 -93.005 23.755
v 94.765 -88.213 23.755
v 91.885 -111.069 44.965
v 91.885 -111.069 38.875
v 95.546 -105.237 38.875
v 95.546 -105.237 44.965
v 61.355 -119.022 26.16
v 68.841 -107.098 26.16
v 59.33 -101.128 26.16
v 51.845 -113.052 26.16
v 91.885 -111.069 44.965
v 95.546 -105.237 44.965
v 73.247 -91.239 44.965
v 69.586 -97.071 44.965
v 70.775 -79.833 38.875
v 106.769 -102.429 38.875
v 106.769 -102.429 23.755
v 91.757 -93.005 23.755
v 91.757 -93.005 20.89
v 90.118 -91.976 20.89
v 90.118 -91.976 25.565
v 76.594 -83.486 25.565
v 76.594 -83.486 20.89
v 70.775 -79.833 20.89
v 124.201 -84.664 20.89
v 88.803 -141.051 20.89
v 88.803 -141.052 2.272
v 124.201 -84.664 2.272
v 68.904 -79.444 23.575
v 49.948 -109.639 23.575
v 52.845 -111.458 23.575
v 59.33 -101.128 23.575
v 57.951 -100.261 23.575
v 70.421 -80.397 23.575
v 96.326 -67.165 2.272
v 96.326 -67.165 3.85
v 90.715 -63.643 3.85
v 90.715 -63.643 2.272
v 79.49 -56.596 2.272
v 79.49 -56.596 20.89
v 124.201 -84.664 20.89
v 124.201 -84.664 2.272
v 123.014 -83.919 2.272
v 123.014 -83.919 5.49
v 102.491 -71.036 5.49
v 102.491 -71.036 2.272
v 129.132 -73.823 5.49
v 123.014 -83.919 5.49
v 123.014 -83.919 2.272
v 129.132 -73.823 2.272
v 97.01 -80.998 25.565
v 90.118 -91.976 25.565
v 90.118 -91.976 20.89
v 97.01 -80.998 20.89
v 99.571 -68.342 5.49
v 105.653 -58.788 5.49
v 105.653 -58.788 2.272
v 99.571 -68.342 2.272
v 51.845 -113.052 26.16
v 51.845 -113.052 20.89
v 61.355 -119.022 20.89
v 61.355 -119.022 26.16
v 97.01 -80.998 25.565
v 97.01 -80.998 20.89
v 83.486 -72.508 20.89
v 83.486 -72.508 25.565
v 127.868 -70.699 5.49
v 126.817 -72.349 5.49
v 126.817 -72.349 2.272
v 127.868 -70.699 2.272
v 102.289 -57.667 3.85
v 96.326 -67.165 3.85
v 96.326 -67.165 2.272
v 102.289 -57.667 2.272
v 126.817 -72.349 5.49
v 129.132 -73.823 5.49
v 129.132 -73.823 2.272
v 126.817 -72.349 2.272
v 95.546 -105.237 44.965
v 95.546 -105.237 38.875
v 73.247 -91.239 38.875
v 73.247 -91.239 44.965
v 68.904 -79.444 23.575
v 68.904 -79.444 20.89
v 56.433 -99.309 20.89
v 49.948 -109.639 20.89
v 49.948 -109.639 23.575
v 68.904 -79.444 23.575
v 70.421 -80.397 23.575
v 70.421 -80.397 20.89
v 68.904 -79.444 20.89
v 102.869 -70.442 5.49
v 102.491 -71.036 5.49
v 123.014 -83.919 5.49
v 129.132 -73.823 5.49
v 126.817 -72.349 5.49
v 127.868 -70.699 5.49
v 109.287 -58.871 5.49
v 108.431 -60.217 5.49
v 105.653 -58.788 5.49
v 99.571 -68.342 5.49
v 105.653 -58.788 5.49
v 108.431 -60.217 5.49
v 108.431 -60.217 2.272
v 105.653 -58.788 2.272
v 83.486 -72.508 25.565
v 76.594 -83.486 25.565
v 90.118 -91.976 25.565
v 97.01 -80.998 25.565
v 93.427 -59.322 2.272
v 90.715 -63.643 2.272
v 90.715 -63.643 3.85
v 93.427 -59.322 3.85
f 17799 17800 17797
f 17797 17798 17799
f 17802 17804 17801
f 17804 17802 17803
f 17806 17808 17805
f 17808 17806 17807
f 17810 17812 17809
f 17812 17810 17811
f 17817 17818 17813
f 17814 17815 17816
f 17817 17813 17814
f 17814 17816 17817
f 17820 17824 17819
f 17824 17822 17823
f 17821 17824 17820
f 17824 17821 17822
f 17827 17828 17825
f 17825 17826 17827
f 17835 17836 17829
f 17830 17831 17832
f 17832 17833 17834
f 17834 17835 17829
f 17830 17832 17834
f 17834 17829 17830
f 17839 17840 17837
f 17837 17838 17839
f 17842 17844 17841
f 17844 17842 17843
f 17847 17869 17851
f 17852 17853 17854
f 17854 17855 17856
f 17857 17858 17859
f 17862 17863 17864
f 17864 17865 17866
f 17867 17868 17869
f 17850 17845 17846
f 17846 17847 17851
f 17852 17854 17856
f 17857 17859 17860
f 17867 17869 17847
f 17850 17846 17851
f 17857 17860 17861
f 17866 17867 17847
f 17850 17851 17852
f 17866 17847 17848
f 17850 17852 17856
f 17864 17866 17848
f 17849 17850 17856
f 17862 17864 17848
f 17849 17856 17857
f 17861 17862 17848
f 17849 17857 17861
f 17861 17848 17849
f 17874 17875 17870
f 17871 17872 17873
f 17874 17870 17871
f 17871 17873 17874
f 17876 17880 17881
f 17879 17877 17878
f 17876 17879 17880
f 17879 17876 17877
f 17883 17885 17882
f 17885 17883 17884
f 17888 17889 17886
f 17886 17887 17888
f 17892 17893 17890
f 17890 17891 17892
f 17895 17901 17894
f 17898 17896 17897
f 17895 17900 17901
f 17899 17896 17898
f 17896 17900 17895
f 17900 17896 17899
f 17903 17905 17902
f 17905 17903 17904
f 17908 17909 17906
f 17906 17907 17908
f 17912 17913 17910
f 17910 17911 17912
f 17915 17933 17914
f 17933 17931 17932
f 17931 17929 17930
f 17929 17927 17928
f 17926 17924 17925
f 17921 17919 17920
f 17919 17917 17918
f 17916 17933 17915
f 17933 17929 17931
f 17929 17926 17927
f 17926 17923 17924
f 17921 17917 17919
f 17917 17933 17916
f 17933 17926 17929
f 17921 17933 17917
f 17933 17923 17926
f 17922 17933 17921
f 17933 17922 17923
f 17936 17940 17941
f 17943 17940 17936
f 17938 17939 17934
f 17934 17935 17936
f 17943 17936 17937
f 17934 17936 17941
f 17942 17943 17937
f 17938 17934 17941
f 17942 17937 17938
f 17938 17941 17942
f 17946 17947 17944
f 17944 17945 17946
f 17949 17951 17948
f 17951 17949 17950
f 17953 17955 17952
f 17955 17953 17954
f 17960 17961 17956
f 17956 17957 17958
f 17958 17959 17960
f 17960 17956 17958
f 17963 17965 17962
f 17965 17963 17964
f 17968 17969 17966
f 17966 17967 17968
f 17972 17973 17970
f 17970 17971 17972
f 17976 17977 17974
f 17974 17975 17976
f 17978 17986 17987
f 17984 17982 17983
f 17981 17979 17980
f 17978 17985 17986
f 17984 17981 17982
f 17979 17985 17978
f 17984 17979 17981
f 17979 17984 17985
f 17990 17991 17988
f 17988 17989 17990
f 17996 17997 17992
f 17993 17994 17995
f 17996 17992 17993
f 17993 17995 17996
f 17999 18009 17998
f 18007 18005 18006
f 18004 18002 18003
f 18002 18000 18001
f 17999 18008 18009
f 18007 18004 18005
f 18004 18000 18002
f 18000 18008 17999
f 18008 18004 18007
f 18004 18008 18000
f 18012 18013 18010
f 18010 18011 18012
f 18016 18017 18014
f 18014 18015 18016
f 18019 18021 18018
f 18021 18019 18020
f 18024 18025 18022
f 18022 18023 18024
f 18027 18029 18026
f 18029 18027 18028
f 18032 18033 18030
f 18030 18031 18032
f 18036 18037 18034
f 18034 18035 18036
f 18039 18041 18038
f 18041 18039 18040
f 18043 18045 18042
f 18045 18043 18044
f 18047 18050 18046
f 18050 18048 18049
f 18048 18050 18047
f 18052 18054 18051
f 18054 18052 18053
f 18063 18064 18055
f 18055 18056 18057
f 18057 18058 18059
f 18059 18060 18061
f 18062 18063 18055
f 18055 18057 18059
f 18059 18061 18062
f 18062 18055 18059
f 18066 18068 18065
f 18068 18066 18067
f 18071 18072 18069
f 18069 18070 18071
f 18074 18076 18073
f 18076 18074 18075
o bldg_14471578-5705-4e34-bbf3-311eec78d18b
v -3.813 -187.244 45.521
v -3.813 -187.244 41.746
v 0.618 -190.062 41.746
v 0.618 -190.062 45.521
v 0.99 -196.15 37.061
v -7.193 -209.017 37.061
v -7.681 -208.706 37.061
v -13.442 -217.765 37.061
v -11.49 -219.006 37.061
v 3.936 -194.749 37.061
v 5.922 -196.012 37.061
v 9.164 -190.915 37.061
v 5.226 -188.41 37.061
v 0.501 -195.84 37.061
v 9.164 -190.915 3.571
v 5.922 -196.012 3.571
v 3.936 -194.749 3.571
v -11.49 -219.006 3.571
v -18.043 -214.839 3.571
v -19.161 -206.363 3.571
v -4.009 -182.537 3.571
v -10.974 -206.612 43.246
v -9.369 -207.633 41.746
v -1.187 -194.766 41.746
v -2.791 -193.746 43.246
v 5.226 -188.41 41.746
v 5.226 -188.41 37.061
v 9.164 -190.915 37.061
v 9.164 -190.915 3.571
v -4.009 -182.537 3.571
v -4.009 -182.537 41.746
v -1.739 -183.981 41.746
v -1.739 -183.981 45.521
v 2.693 -186.799 45.521
v 2.693 -186.799 41.746
v 0.618 -190.062 45.521
v 2.693 -186.799 45.521
v -1.739 -183.981 45.521
v -3.813 -187.244 45.521
v -8.734 -189.967 41.746
v -16.916 -202.833 41.746
v -19.16 -206.363 41.746
v -18.043 -214.839 41.746
v -13.442 -217.765 41.746
v 5.226 -188.41 41.746
v 2.693 -186.799 41.746
v 0.618 -190.062 41.746
v -3.813 -187.244 41.746
v -1.739 -183.981 41.746
v -4.009 -182.537 41.746
v -12.471 -205.66 41.746
v -4.289 -192.793 41.746
v -1.187 -194.766 41.746
v -9.369 -207.633 41.746
v 0.99 -196.15 39.711
v 0.501 -195.84 40.168
v -7.681 -208.706 40.168
v -7.193 -209.017 39.711
v -10.974 -206.612 43.246
v -12.471 -205.66 41.746
v -9.369 -207.633 41.746
v -2.791 -193.746 43.246
v -4.289 -192.793 41.746
v -12.471 -205.66 41.746
v -10.974 -206.612 43.246
v 9.164 -190.915 37.061
v 5.922 -196.012 37.061
v 5.922 -196.012 3.571
v 9.164 -190.915 3.571
v -7.193 -209.017 37.061
v -7.193 -209.017 39.711
v -7.681 -208.706 40.168
v -7.681 -208.706 37.061
v -18.043 -214.839 41.746
v -19.16 -206.363 41.746
v -19.161 -206.363 3.571
v -18.043 -214.839 3.571
v -7.193 -209.017 39.711
v -7.193 -209.017 37.061
v 0.99 -196.15 37.061
v 0.99 -196.15 39.711
v -2.791 -193.746 43.246
v -1.187 -194.766 41.746
v -4.289 -192.793 41.746
v 0.501 -195.84 37.061
v 0.501 -195.84 40.168
v 0.99 -196.15 39.711
v 0.99 -196.15 37.061
v 0.618 -190.062 45.521
v 0.618 -190.062 41.746
v 2.693 -186.799 41.746
v 2.693 -186.799 45.521
v -19.16 -206.363 41.746
v -16.916 -202.833 41.746
v -8.734 -189.967 41.746
v -4.009 -182.537 41.746
v -4.009 -182.537 3.571
v -19.161 -206.363 3.571
v 5.922 -196.012 37.061
v 3.936 -194.749 37.061
v 3.936 -194.749 3.571
v 5.922 -196.012 3.571
v -13.442 -217.765 37.061
v -7.681 -208.706 37.061
v -7.681 -208.706 40.168
v 0.501 -195.84 40.168
v 0.501 -195.84 37.061
v 5.226 -188.41 37.061
v 5.226 -188.41 41.746
v -13.442 -217.765 41.746
v -18.043 -214.839 3.571
v -11.49 -219.006 3.571
v -11.49 -219.006 37.061
v -13.442 -217.765 37.061
v -13.442 -217.765 41.746
v -18.043 -214.839 41.746
v -1.739 -183.981 45.521
v -1.739 -183.981 41.746
v -3.813 -187.244 41.746
v -3.813 -187.244 45.521
v 3.936 -194.749 37.061
v -11.49 -219.006 37.061
v -11.49 -219.006 3.571
v 3.936 -194.749 3.571
f 18079 18080 18077
f 18077 18078 18079
f 18089 18090 18081
f 18082 18083 18084
f 18084 18085 18086
f 18086 18087 18088
f 18088 18089 18081
f 18082 18084 18086
f 18086 18088 18081
f 18081 18082 18086
f 18092 18097 18091
f 18097 18095 18096
f 18095 18093 18094
f 18093 18097 18092
f 18097 18093 18095
f 18100 18101 18098
f 18098 18099 18100
f 18103 18111 18102
f 18111 18109 18110
f 18108 18106 18107
f 18106 18104 18105
f 18103 18109 18111
f 18106 18103 18104
f 18103 18108 18109
f 18108 18103 18106
f 18114 18115 18112
f 18112 18113 18114
f 18118 18127 18128
f 18130 18127 18118
f 18118 18119 18120
f 18121 18122 18123
f 18124 18125 18126
f 18126 18116 18117
f 18117 18118 18128
f 18130 18118 18120
f 18124 18126 18117
f 18129 18130 18120
f 18124 18117 18128
f 18129 18120 18121
f 18123 18124 18128
f 18128 18129 18121
f 18121 18123 18128
f 18133 18134 18131
f 18131 18132 18133
f 18136 18137 18135
f 18140 18141 18138
f 18138 18139 18140
f 18144 18145 18142
f 18142 18143 18144
f 18148 18149 18146
f 18146 18147 18148
f 18151 18153 18150
f 18153 18151 18152
f 18156 18157 18154
f 18154 18155 18156
f 18159 18160 18158
f 18162 18164 18161
f 18164 18162 18163
f 18167 18168 18165
f 18165 18166 18167
f 18170 18174 18169
f 18174 18172 18173
f 18171 18174 18170
f 18174 18171 18172
f 18177 18178 18175
f 18175 18176 18177
f 18186 18179 18180
f 18182 18183 18184
f 18186 18180 18181
f 18182 18184 18185
f 18185 18186 18181
f 18181 18182 18185
f 18191 18192 18187
f 18187 18188 18189
f 18190 18191 18187
f 18187 18189 18190
f 18194 18196 18193
f 18196 18194 18195
f 18199 18200 18197
f 18197 18198 18199
o bldg_822aabaa-046e-4033-83c8-ed1e3f96b656
v 229.786 -286.76 24.382
v 218.096 -279.012 24.382
v 218.096 -279.012 3.577
v 229.786 -286.76 3.577
v 218.096 -279.012 24.382
v 224.144 -269.887 24.382
v 224.144 -269.887 3.577
v 218.096 -279.012 3.577
v 229.081 -272.25 24.477
v 229.081 -272.25 24.382
v 230.65 -273.29 24.382
v 230.65 -273.29 24.477
v 218.096 -279.012 24.382
v 229.786 -286.76 24.382
v 235.865 -277.588 24.382
v 235.587 -277.404 24.382
v 236.25 -276.404 24.382
v 231.634 -273.344 24.382
v 231.867 -272.992 24.382
v 231.159 -272.523 24.382
v 230.65 -273.29 24.382
v 229.081 -272.25 24.382
v 229.384 -271.793 24.382
v 225.288 -269.078 24.382
v 224.566 -270.167 24.382
v 224.144 -269.887 24.382
v 227.594 -267.758 3.577
v 226.282 -269.737 3.577
v 226.282 -269.737 23.967
v 227.594 -267.758 23.967
v 224.144 -269.887 24.382
v 224.566 -270.167 24.382
v 224.566 -270.167 3.577
v 224.144 -269.887 3.577
v 226.282 -269.737 23.967
v 229.384 -271.793 23.967
v 230.695 -269.814 23.967
v 227.594 -267.758 23.967
v 227.594 -267.758 23.967
v 230.695 -269.814 23.967
v 230.695 -269.814 24.477
v 232.265 -270.854 24.477
v 232.265 -270.854 3.577
v 227.594 -267.758 3.577
v 232.265 -270.854 24.477
v 230.695 -269.814 24.477
v 229.081 -272.25 24.477
v 230.65 -273.29 24.477
v 232.265 -270.854 24.477
v 230.65 -273.29 24.477
v 230.65 -273.29 24.382
v 231.159 -272.523 24.382
v 231.159 -272.523 3.577
v 232.265 -270.854 3.577
v 229.384 -271.793 24.382
v 229.081 -272.25 24.382
v 229.081 -272.25 24.477
v 230.695 -269.814 24.477
v 230.695 -269.814 23.967
v 229.384 -271.793 23.967
v 235.865 -277.588 24.382
v 229.786 -286.76 24.382
v 229.786 -286.76 3.577
v 235.865 -277.588 3.577
v 229.786 -286.76 3.577
v 218.096 -279.012 3.577
v 224.144 -269.887 3.577
v 224.566 -270.167 3.577
v 225.288 -269.078 3.577
v 226.282 -269.737 3.577
v 227.594 -267.758 3.577
v 232.265 -270.854 3.577
v 231.159 -272.523 3.577
v 231.867 -272.992 3.577
v 231.634 -273.344 3.577
v 236.25 -276.404 3.577
v 235.587 -277.404 3.577
v 235.865 -277.588 3.577
v 235.587 -277.404 24.382
v 235.865 -277.588 24.382
v 235.865 -277.588 3.577
v 235.587 -277.404 3.577
v 231.867 -272.992 24.382
v 231.634 -273.344 24.382
v 231.634 -273.344 3.577
v 231.867 -272.992 3.577
v 236.25 -276.404 24.382
v 235.587 -277.404 24.382
v 235.587 -277.404 3.577
v 236.25 -276.404 3.577
v 224.566 -270.167 24.382
v 225.288 -269.078 24.382
v 225.288 -269.078 3.577
v 224.566 -270.167 3.577
v 231.634 -273.344 24.382
v 236.25 -276.404 24.382
v 236.25 -276.404 3.577
v 231.634 -273.344 3.577
v 225.288 -269.078 24.382
v 229.384 -271.793 24.382
v 229.384 -271.793 23.967
v 226.282 -269.737 23.967
v 226.282 -269.737 3.577
v 225.288 -269.078 3.577
v 231.867 -272.992 3.577
v 231.159 -272.523 3.577
v 231.159 -272.523 24.382
v 231.867 -272.992 24.382
f 18203 18204 18201
f 18201 18202 18203
f 18206 18208 18205
f 18208 18206 18207
f 18211 18212 18209
f 18209 18210 18211
f 18225 18226 18213
f 18213 18214 18215
f 18216 18217 18218
f 18218 18219 18220
f 18222 18223 18224
f 18225 18213 18215
f 18218 18220 18221
f 18222 18224 18225
f 18225 18215 18216
f 18216 18218 18221
f 18221 18222 18225
f 18225 18216 18221
f 18228 18230 18227
f 18230 18228 18229
f 18232 18234 18231
f 18234 18232 18233
f 18237 18238 18235
f 18235 18236 18237
f 18240 18244 18239
f 18244 18242 18243
f 18242 18240 18241
f 18240 18242 18244
f 18247 18248 18245
f 18245 18246 18247
f 18253 18254 18249
f 18249 18250 18251
f 18252 18253 18249
f 18249 18251 18252
f 18255 18259 18260
f 18258 18256 18257
f 18255 18258 18259
f 18258 18255 18256
f 18263 18264 18261
f 18261 18262 18263
f 18266 18278 18265
f 18277 18275 18276
f 18275 18273 18274
f 18273 18271 18272
f 18270 18268 18269
f 18268 18266 18267
f 18266 18277 18278
f 18275 18271 18273
f 18270 18266 18268
f 18266 18275 18277
f 18275 18270 18271
f 18270 18275 18266
f 18280 18282 18279
f 18282 18280 18281
f 18285 18286 18283
f 18283 18284 18285
f 18289 18290 18287
f 18287 18288 18289
f 18292 18294 18291
f 18294 18292 18293
f 18296 18298 18295
f 18298 18296 18297
f 18299 18303 18304
f 18302 18300 18301
f 18299 18302 18303
f 18302 18299 18300
f 18306 18308 18305
f 18308 18306 18307
o bldg_a7f1c861-b79b-4013-9924-f51331b25db0
v 1.049 -285.328 6.551
v 1.783 -284.187 6.551
v 1.783 -284.187 3.57
v 1.049 -285.328 3.57
v -8.838 -285.117 6.551
v -6.039 -280.767 6.551
v -6.039 -280.767 3.57
v -8.838 -285.117 3.57
v 6.529 -295.006 6.551
v -8.838 -285.117 6.551
v -8.838 -285.117 3.57
v 6.529 -295.006 3.57
v -6.039 -280.767 6.551
v 1.049 -285.328 6.551
v 1.049 -285.328 3.57
v -6.039 -280.767 3.57
v 1.783 -284.187 6.551
v 10.062 -289.514 6.551
v 10.062 -289.514 3.57
v 1.783 -284.187 3.57
v 6.529 -295.006 6.551
v 10.062 -289.514 6.551
v 1.783 -284.187 6.551
v 1.049 -285.328 6.551
v -6.039 -280.767 6.551
v -8.838 -285.117 6.551
v -6.039 -280.767 3.57
v 1.049 -285.328 3.57
v 1.783 -284.187 3.57
v 10.062 -289.514 3.57
v 6.529 -295.006 3.57
v -8.838 -285.117 3.57
v 10.062 -289.514 6.551
v 6.529 -295.006 6.551
v 6.529 -295.006 3.57
v 10.062 -289.514 3.57
f 18310 18312 18309
f 18312 18310 18311
f 18314 18316 18313
f 18316 18314 18315
f 18319 18320 18317
f 18317 18318 18319
f 18322 18324 18321
f 18324 18322 18323
f 18326 18328 18325
f 18328 18326 18327
f 18333 18334 18329
f 18329 18330 18331
f 18332 18333 18329
f 18329 18331 18332
f 18336 18340 18335
f 18340 18338 18339
f 18338 18336 18337
f 18336 18338 18340
f 18343 18344 18341
f 18341 18342 18343
o bldg_061a3698-8f33-4f98-94a9-41946a305906
v 101.842 -64.76 6.946
v 99.236 -63.124 6.946
v 99.236 -63.124 2.944
v 101.842 -64.76 2.944
v 100.537 -61.051 2.944
v 103.143 -62.687 2.944
v 101.842 -64.76 2.944
v 99.236 -63.124 2.944
v 100.537 -61.051 6.946
v 103.143 -62.687 6.946
v 103.143 -62.687 2.944
v 100.537 -61.051 2.944
v 103.143 -62.687 6.946
v 101.842 -64.76 6.946
v 101.842 -64.76 2.944
v 103.143 -62.687 2.944
v 99.236 -63.124 6.946
v 100.537 -61.051 6.946
v 100.537 -61.051 2.944
v 99.236 -63.124 2.944
v 101.842 -64.76 6.946
v 103.143 -62.687 6.946
v 100.537 -61.051 6.946
v 99.236 -63.124 6.946
f 18347 18348 18345
f 18345 18346 18347
f 18350 18352 18349
f 18352 18350 18351
f 18354 18356 18353
f 18356 18354 18355
f 18359 18360 18357
f 18357 18358 18359
f 18362 18364 18361
f 18364 18362 18363
f 18367 18368 18365
f 18365 18366 18367
o bldg_074240a2-40b8-4526-99d0-824301c34cad
v -7.411 -279.397 9.032
v -3.201 -272.932 9.032
v -3.201 -272.932 3.665
v -7.411 -279.397 3.665
v -3.201 -272.932 3.665
v 5.344 -278.497 3.665
v 1.134 -284.962 3.665
v -7.411 -279.397 3.665
v 1.134 -284.962 9.032
v 5.344 -278.497 9.032
v -3.201 -272.932 9.032
v -7.411 -279.397 9.032
v 1.134 -284.962 9.032
v -7.411 -279.397 9.032
v -7.411 -279.397 3.665
v 1.134 -284.962 3.665
v 5.344 -278.497 9.032
v 1.134 -284.962 9.032
v 1.134 -284.962 3.665
v 5.344 -278.497 3.665
v -3.201 -272.932 9.032
v 5.344 -278.497 9.032
v 5.344 -278.497 3.665
v -3.201 -272.932 3.665
f 18370 18372 18369
f 18372 18370 18371
f 18374 18376 18373
f 18376 18374 18375
f 18379 18380 18377
f 18377 18378 18379
f 18383 18384 18381
f 18381 18382 18383
f 18387 18388 18385
f 18385 18386 18387
f 18390 18392 18389
f 18392 18390 18391
o bldg_58d07b70-8858-402b-a6d5-551a28b1f0b2
v 277.796 -276.3 21.596
v 287.145 -282.347 21.593
v 287.141 -282.345 3.259
v 277.792 -276.298 3.261
v 287.026 -284.305 3.259
v 281.424 -292.967 3.259
v 271.262 -286.393 3.262
v 277.792 -276.298 3.261
v 287.141 -282.345 3.259
v 278.607 -290.304 33.984
v 278.606 -290.303 27.204
v 280.254 -291.37 27.204
v 280.256 -291.37 33.984
v 285.415 -285.897 27.203
v 287.145 -282.347 21.593
v 277.796 -276.3 21.596
v 275.668 -279.592 27.206
v 281.322 -289.722 33.984
v 281.32 -289.721 27.204
v 279.672 -288.655 27.204
v 279.673 -288.655 33.984
v 279.25 -289.31 35.134
v 278.607 -290.304 33.984
v 280.256 -291.37 33.984
v 280.899 -290.377 35.134
v 271.65 -285.804 27.206
v 271.267 -286.396 27.206
v 281.014 -292.701 27.204
v 281.397 -292.109 27.204
v 285.415 -285.897 27.203
v 275.668 -279.592 27.206
v 280.254 -291.37 27.204
v 278.606 -290.303 27.204
v 279.672 -288.655 27.204
v 281.32 -289.721 27.204
v 281.014 -292.701 27.204
v 281.428 -292.968 21.594
v 287.03 -284.307 21.593
v 285.415 -285.897 27.203
v 281.397 -292.109 27.204
v 281.424 -292.967 3.259
v 281.428 -292.968 21.594
v 281.014 -292.701 27.204
v 271.267 -286.396 27.206
v 271.262 -286.393 3.262
v 287.03 -284.307 21.593
v 281.428 -292.968 21.594
v 281.424 -292.967 3.259
v 287.026 -284.305 3.259
v 281.32 -289.721 27.204
v 281.322 -289.722 33.984
v 280.899 -290.377 35.134
v 280.256 -291.37 33.984
v 280.254 -291.37 27.204
v 278.606 -290.303 27.204
v 278.607 -290.304 33.984
v 279.25 -289.31 35.134
v 279.673 -288.655 33.984
v 279.672 -288.655 27.204
v 271.262 -286.393 3.262
v 271.267 -286.396 27.206
v 271.65 -285.804 27.206
v 275.668 -279.592 27.206
v 277.796 -276.3 21.596
v 277.792 -276.298 3.261
v 285.415 -285.897 27.203
v 287.03 -284.307 21.593
v 287.145 -282.347 21.593
v 287.145 -282.347 21.593
v 287.03 -284.307 21.593
v 287.026 -284.305 3.259
v 287.141 -282.345 3.259
v 280.899 -290.377 35.134
v 281.322 -289.722 33.984
v 279.673 -288.655 33.984
v 279.25 -289.31 35.134
f 18394 18396 18393
f 18396 18394 18395
f 18398 18401 18397
f 18401 18399 18400
f 18399 18401 18398
f 18404 18405 18402
f 18402 18403 18404
f 18407 18409 18406
f 18409 18407 18408
f 18411 18413 18410
f 18413 18411 18412
f 18416 18417 18414
f 18414 18415 18416
f 18419 18425 18426
f 18424 18425 18419
f 18419 18420 18421
f 18422 18423 18418
f 18418 18419 18426
f 18424 18419 18421
f 18422 18418 18426
f 18427 18424 18421
f 18422 18426 18427
f 18427 18421 18422
f 18432 18428 18429
f 18429 18430 18431
f 18431 18432 18429
f 18436 18437 18433
f 18433 18434 18435
f 18435 18436 18433
f 18440 18441 18438
f 18438 18439 18440
f 18445 18446 18442
f 18442 18443 18444
f 18444 18445 18442
f 18448 18451 18447
f 18451 18449 18450
f 18449 18451 18448
f 18453 18457 18452
f 18457 18455 18456
f 18454 18457 18453
f 18457 18454 18455
f 18459 18460 18458
f 18463 18464 18461
f 18461 18462 18463
f 18466 18468 18465
f 18468 18466 18467
o bldg_1066ac99-c57b-4e72-a31a-db4a393af2bd
v 41.474 -257.254 17.088
v 54.914 -237.301 17.088
v 54.914 -237.301 3.712
v 41.474 -257.254 3.712
v 64.487 -265.362 19.448
v 58.139 -261.086 19.448
v 58.139 -261.086 17.088
v 63.705 -264.835 17.088
v 63.705 -264.835 3.712
v 64.487 -265.362 3.712
v 73.719 -249.968 17.088
v 69.357 -256.444 17.088
v 69.357 -256.444 3.712
v 73.719 -249.968 3.712
v 73.719 -249.968 3.712
v 73.242 -249.647 3.712
v 73.242 -249.647 17.088
v 73.719 -249.968 17.088
v 69.249 -246.957 3.712
v 69.249 -246.957 17.088
v 68.918 -247.448 17.088
v 68.918 -247.448 21.428
v 71.328 -243.87 21.428
v 71.328 -243.87 3.712
v 41.474 -257.254 17.088
v 60.279 -269.921 17.088
v 63.705 -264.835 17.088
v 58.139 -261.086 17.088
v 63.791 -252.695 17.088
v 69.357 -256.444 17.088
v 73.719 -249.968 17.088
v 73.242 -249.647 17.088
v 72.911 -250.137 17.088
v 68.918 -247.448 17.088
v 69.249 -246.957 17.088
v 54.914 -237.301 17.088
v 63.791 -252.695 19.448
v 63.791 -252.695 17.088
v 58.139 -261.086 17.088
v 58.139 -261.086 19.448
v 75.321 -246.56 21.428
v 72.911 -250.137 21.428
v 72.911 -250.137 17.088
v 73.242 -249.647 17.088
v 73.242 -249.647 3.712
v 75.321 -246.56 3.712
v 69.357 -256.444 3.712
v 69.357 -256.444 17.088
v 63.791 -252.695 17.088
v 63.791 -252.695 19.448
v 70.139 -256.971 19.448
v 70.139 -256.971 3.712
v 71.328 -243.87 21.428
v 75.321 -246.56 21.428
v 75.321 -246.56 3.712
v 71.328 -243.87 3.712
v 72.911 -250.137 21.428
v 75.321 -246.56 21.428
v 71.328 -243.87 21.428
v 68.918 -247.448 21.428
v 60.279 -269.921 3.712
v 63.705 -264.835 3.712
v 63.705 -264.835 17.088
v 60.279 -269.921 17.088
v 60.279 -269.921 17.088
v 41.474 -257.254 17.088
v 41.474 -257.254 3.712
v 60.279 -269.921 3.712
v 68.918 -247.448 21.428
v 68.918 -247.448 17.088
v 72.911 -250.137 17.088
v 72.911 -250.137 21.428
v 54.914 -237.301 17.088
v 69.249 -246.957 17.088
v 69.249 -246.957 3.712
v 54.914 -237.301 3.712
v 70.139 -256.971 19.448
v 63.791 -252.695 19.448
v 58.139 -261.086 19.448
v 64.487 -265.362 19.448
v 69.249 -246.957 3.712
v 71.328 -243.87 3.712
v 75.321 -246.56 3.712
v 73.242 -249.647 3.712
v 73.719 -249.968 3.712
v 69.357 -256.444 3.712
v 70.139 -256.971 3.712
v 64.487 -265.362 3.712
v 63.705 -264.835 3.712
v 60.279 -269.921 3.712
v 41.474 -257.254 3.712
v 54.914 -237.301 3.712
v 70.139 -256.971 19.448
v 64.487 -265.362 19.448
v 64.487 -265.362 3.712
v 70.139 -256.971 3.712
f 18470 18472 18469
f 18472 18470 18471
f 18477 18478 18473
f 18473 18474 18475
f 18476 18477 18473
f 18473 18475 18476
f 18481 18482 18479
f 18479 18480 18481
f 18484 18486 18483
f 18486 18484 18485
f 18488 18492 18487
f 18492 18490 18491
f 18490 18488 18489
f 18488 18490 18492
f 18503 18504 18493
f 18493 18494 18495
f 18497 18498 18499
f 18499 18500 18501
f 18502 18503 18493
f 18493 18495 18496
f 18497 18499 18501
f 18501 18502 18493
f 18493 18496 18497
f 18497 18501 18493
f 18506 18508 18505
f 18508 18506 18507
f 18513 18514 18509
f 18509 18510 18511
f 18512 18513 18509
f 18509 18511 18512
f 18516 18520 18515
f 18519 18517 18518
f 18516 18519 18520
f 18519 18516 18517
f 18522 18524 18521
f 18524 18522 18523
f 18527 18528 18525
f 18525 18526 18527
f 18531 18532 18529
f 18529 18530 18531
f 18535 18536 18533
f 18533 18534 18535
f 18539 18540 18537
f 18537 18538 18539
f 18542 18544 18541
f 18544 18542 18543
f 18547 18548 18545
f 18545 18546 18547
f 18549 18559 18560
f 18559 18557 18558
f 18557 18555 18556
f 18554 18552 18553
f 18552 18550 18551
f 18549 18557 18559
f 18557 18554 18555
f 18554 18550 18552
f 18550 18557 18549
f 18557 18550 18554
f 18563 18564 18561
f 18561 18562 18563
o bldg_c1411159-27c4-464c-9864-530a6c8e7f52
v 240.051 -259.567 21.78
v 236.917 -264.487 19.665
v 245.38 -269.877 19.665
v 248.513 -264.957 21.78
v 253.607 -260.34 17.605
v 252.485 -262.102 17.605
v 252.485 -262.102 3.309
v 253.607 -260.34 3.309
v 240.969 -258.48 22.13
v 243.774 -254.077 22.13
v 240.528 -252.01 19.895
v 237.723 -256.413 19.895
v 251.298 -260.584 17.605
v 247.024 -257.862 17.605
v 247.024 -257.862 19.665
v 251.298 -260.584 19.665
v 236.917 -264.487 17.605
v 236.917 -264.487 19.665
v 240.051 -259.567 21.78
v 240.808 -258.378 21.205
v 240.808 -258.378 17.605
v 246.071 -270.317 17.605
v 245.38 -269.877 17.605
v 245.38 -269.877 19.665
v 236.917 -264.487 19.665
v 236.917 -264.487 17.605
v 237.352 -264.764 17.605
v 237.352 -264.764 3.309
v 246.071 -270.317 3.309
v 251.298 -260.584 17.605
v 251.298 -260.584 19.665
v 248.513 -264.957 21.78
v 245.38 -269.877 19.665
v 245.38 -269.877 17.605
v 240.969 -258.48 22.13
v 242.636 -259.542 21.205
v 246.721 -258.337 19.895
v 247.801 -256.642 19.895
v 243.774 -254.077 22.13
v 240.808 -258.378 17.605
v 237.723 -256.413 17.605
v 240.528 -252.01 17.605
v 238.911 -250.98 17.605
v 231.393 -262.783 17.605
v 236.53 -266.055 17.605
v 237.352 -264.764 17.605
v 236.917 -264.487 17.605
v 251.645 -261.566 17.605
v 246.071 -270.317 17.605
v 246.071 -270.317 3.309
v 251.645 -261.566 3.309
v 236.53 -266.055 17.605
v 231.393 -262.783 17.605
v 231.393 -262.783 3.309
v 236.53 -266.055 3.309
v 247.801 -256.642 19.895
v 246.721 -258.337 19.895
v 247.024 -257.862 19.665
v 247.024 -257.862 17.605
v 247.801 -256.642 17.605
v 248.513 -264.957 21.78
v 251.298 -260.584 19.665
v 247.024 -257.862 19.665
v 246.721 -258.337 19.895
v 242.636 -259.542 21.205
v 240.808 -258.378 21.205
v 240.051 -259.567 21.78
v 252.485 -262.102 17.605
v 251.645 -261.566 17.605
v 251.645 -261.566 3.309
v 252.485 -262.102 3.309
v 246.071 -270.317 3.309
v 237.352 -264.764 3.309
v 236.53 -266.055 3.309
v 231.393 -262.783 3.309
v 238.911 -250.979 3.309
v 253.607 -260.34 3.309
v 252.485 -262.102 3.309
v 251.645 -261.566 3.309
v 237.352 -264.764 17.605
v 236.53 -266.055 17.605
v 236.53 -266.055 3.309
v 237.352 -264.764 3.309
v 240.808 -258.378 17.605
v 240.808 -258.378 21.205
v 242.636 -259.542 21.205
v 240.969 -258.48 22.13
v 237.723 -256.413 19.895
v 237.723 -256.413 17.605
v 247.024 -257.862 17.605
v 251.298 -260.584 17.605
v 245.38 -269.877 17.605
v 246.071 -270.317 17.605
v 251.645 -261.566 17.605
v 252.485 -262.102 17.605
v 253.607 -260.34 17.605
v 247.801 -256.642 17.605
v 231.393 -262.783 17.605
v 238.911 -250.98 17.605
v 238.911 -250.979 3.309
v 231.393 -262.783 3.309
v 240.528 -252.01 19.895
v 240.528 -252.01 17.605
v 237.723 -256.413 17.605
v 237.723 -256.413 19.895
v 253.607 -260.34 3.309
v 238.911 -250.979 3.309
v 238.911 -250.98 17.605
v 240.528 -252.01 17.605
v 240.528 -252.01 19.895
v 243.774 -254.077 22.13
v 247.801 -256.642 19.895
v 247.801 -256.642 17.605
v 253.607 -260.34 17.605
f 18567 18568 18565
f 18565 18566 18567
f 18571 18572 18569
f 18569 18570 18571
f 18575 18576 18573
f 18573 18574 18575
f 18578 18580 18577
f 18580 18578 18579
f 18582 18585 18581
f 18585 18583 18584
f 18583 18585 18582
f 18592 18593 18586
f 18587 18588 18589
f 18589 18590 18591
f 18592 18586 18587
f 18587 18589 18591
f 18591 18592 18587
f 18597 18598 18594
f 18594 18595 18596
f 18596 18597 18594
f 18602 18603 18599
f 18599 18600 18601
f 18601 18602 18599
f 18611 18604 18605
f 18605 18606 18607
f 18608 18609 18610
f 18605 18607 18608
f 18608 18610 18611
f 18611 18605 18608
f 18614 18615 18612
f 18612 18613 18614
f 18618 18619 18616
f 18616 18617 18618
f 18623 18624 18620
f 18620 18621 18622
f 18622 18623 18620
f 18630 18631 18625
f 18625 18626 18627
f 18629 18630 18625
f 18625 18627 18628
f 18628 18629 18625
f 18634 18635 18632
f 18632 18633 18634
f 18637 18643 18636
f 18643 18641 18642
f 18641 18639 18640
f 18639 18637 18638
f 18637 18641 18643
f 18641 18637 18639
f 18646 18647 18644
f 18644 18645 18646
f 18652 18653 18648
f 18649 18650 18651
f 18652 18648 18649
f 18649 18651 18652
f 18660 18661 18654
f 18655 18656 18657
f 18658 18659 18660
f 18660 18654 18655
f 18655 18657 18658
f 18658 18660 18655
f 18663 18665 18662
f 18665 18663 18664
f 18667 18669 18666
f 18669 18667 18668
f 18671 18678 18670
f 18677 18675 18676
f 18675 18673 18674
f 18673 18671 18672
f 18671 18677 18678
f 18677 18673 18675
f 18673 18677 18671
o bldg_3ee3ec75-f777-4b72-927f-fc7cdbc3ac9a
v 247.218 -274.548 3.284
v 247.218 -274.548 32.741
v 247.218 -274.548 33.526
v 253.992 -263.756 33.526
v 253.992 -263.756 3.284
v 265.539 -288.46 33.526
v 273.399 -275.938 33.526
v 253.992 -263.756 33.526
v 247.218 -274.548 33.526
v 250.493 -276.604 33.526
v 249.407 -278.335 33.526
v 273.399 -275.938 33.526
v 265.539 -288.46 33.526
v 265.539 -288.46 3.284
v 273.399 -275.938 3.284
v 246.132 -276.279 32.741
v 247.218 -274.548 32.741
v 247.218 -274.548 3.284
v 246.132 -276.279 3.284
v 246.132 -276.279 32.741
v 249.407 -278.335 32.741
v 250.493 -276.604 32.741
v 247.218 -274.548 32.741
v 246.132 -276.279 3.284
v 247.218 -274.548 3.284
v 253.992 -263.756 3.284
v 273.399 -275.938 3.284
v 265.539 -288.46 3.284
v 250.493 -276.604 33.526
v 247.218 -274.548 33.526
v 247.218 -274.548 32.741
v 250.493 -276.604 32.741
v 253.992 -263.756 33.526
v 273.399 -275.938 33.526
v 273.399 -275.938 3.284
v 253.992 -263.756 3.284
v 249.407 -278.335 33.526
v 249.407 -278.335 32.741
v 246.132 -276.279 32.741
v 246.132 -276.279 3.284
v 265.539 -288.46 3.284
v 265.539 -288.46 33.526
v 250.493 -276.604 33.526
v 250.493 -276.604 32.741
v 249.407 -278.335 32.741
v 249.407 -278.335 33.526
f 18680 18683 18679
f 18683 18681 18682
f 18681 18683 18680
f 18688 18689 18684
f 18684 18685 18686
f 18686 18687 18688
f 18688 18684 18686
f 18692 18693 18690
f 18690 18691 18692
f 18695 18697 18694
f 18697 18695 18696
f 18700 18701 18698
f 18698 18699 18700
f 18703 18706 18702
f 18706 18704 18705
f 18704 18706 18703
f 18709 18710 18707
f 18707 18708 18709
f 18712 18714 18711
f 18714 18712 18713
f 18719 18720 18715
f 18716 18717 18718
f 18719 18715 18716
f 18716 18718 18719
f 18722 18724 18721
f 18724 18722 18723
o bldg_29aba56e-19a3-458e-acf9-3d2a0611f24e
v 20.9 -271.078 22.622
v 21.337 -272.496 22.622
v 21.337 -272.496 3.671
v 20.9 -271.078 3.671
v -6.08 -280.437 16.337
v -9.119 -285.178 16.337
v -9.119 -285.178 3.671
v -6.08 -280.437 3.671
v 21.337 -272.496 22.622
v 15.429 -281.712 22.622
v 15.429 -281.712 3.671
v 21.337 -272.496 3.671
v 10.478 -280.777 11.462
v -3.167 -272.029 11.462
v -3.167 -272.029 3.671
v 10.478 -280.777 3.671
v -7.644 -275.621 16.337
v -12.417 -283.066 16.337
v -9.119 -285.178 16.337
v -6.08 -280.437 16.337
v -8.038 -279.182 16.337
v -2.351 -270.312 16.337
v -3.179 -269.787 16.337
v -7.049 -276.002 16.337
v 18.152 -268.807 3.671
v -2.261 -255.719 3.671
v -2.261 -255.719 18.532
v 2.967 -259.071 18.532
v 2.967 -259.071 23.542
v 18.152 -268.807 23.542
v 18.152 -268.807 3.671
v 17.921 -269.168 3.671
v 20.9 -271.078 3.671
v 21.337 -272.496 3.671
v 15.429 -281.712 3.671
v 11.495 -279.19 3.671
v 10.478 -280.777 3.671
v -3.167 -272.029 3.671
v -2.149 -270.442 3.671
v -2.351 -270.312 3.671
v -8.038 -279.182 3.671
v -6.08 -280.437 3.671
v -9.119 -285.178 3.671
v -12.417 -283.066 3.671
v -17.644 -279.713 3.671
v -12.88 -272.283 3.671
v -8.92 -266.106 3.671
v -2.261 -255.719 3.671
v 20.9 -271.078 22.622
v 17.921 -269.168 22.622
v 11.495 -279.19 22.622
v 15.429 -281.712 22.622
v 21.337 -272.496 22.622
v 18.152 -268.807 3.671
v 18.152 -268.807 23.542
v 11.495 -279.19 23.542
v 11.495 -279.19 22.622
v 17.921 -269.168 22.622
v 17.921 -269.168 3.671
v -12.417 -283.066 16.337
v -7.644 -275.621 16.337
v -7.653 -275.635 16.332
v -17.644 -279.713 3.671
v -12.417 -283.066 3.671
v -12.417 -283.066 16.337
v -17.644 -279.713 16.332
v -2.261 -255.719 18.532
v -8.92 -266.106 18.532
v -3.179 -269.787 18.532
v -3.69 -269.454 18.532
v 2.967 -259.071 18.532
v -9.119 -285.178 3.671
v -9.119 -285.178 16.337
v -12.417 -283.066 16.337
v -12.417 -283.066 3.671
v 15.429 -281.712 22.622
v 11.495 -279.19 22.622
v 11.495 -279.19 23.542
v -3.69 -269.454 23.542
v -3.69 -269.454 18.532
v -3.179 -269.787 18.532
v -3.179 -269.787 16.337
v -2.351 -270.312 16.337
v -2.351 -270.312 3.671
v -2.149 -270.442 3.671
v -2.149 -270.442 11.462
v 11.495 -279.19 11.462
v 11.495 -279.19 3.671
v 15.429 -281.712 3.671
v 20.9 -271.078 3.671
v 17.921 -269.168 3.671
v 17.921 -269.168 22.622
v 20.9 -271.078 22.622
v -17.644 -279.713 16.332
v -12.88 -272.283 16.332
v -8.92 -266.106 18.532
v -2.261 -255.719 18.532
v -2.261 -255.719 3.671
v -8.92 -266.106 3.671
v -12.88 -272.283 3.671
v -17.644 -279.713 3.671
v 10.478 -280.777 11.462
v 11.495 -279.19 11.462
v -2.149 -270.442 11.462
v -3.167 -272.029 11.462
v -8.038 -279.182 16.337
v -6.08 -280.437 16.337
v -6.08 -280.437 3.671
v -8.038 -279.182 3.671
v -8.038 -279.182 3.671
v -2.351 -270.312 3.671
v -2.351 -270.312 16.337
v -8.038 -279.182 16.337
v 10.478 -280.777 3.671
v 11.495 -279.19 3.671
v 11.495 -279.19 11.462
v 10.478 -280.777 11.462
v 2.967 -259.071 23.542
v -3.69 -269.454 23.542
v 11.495 -279.19 23.542
v 18.152 -268.807 23.542
v -7.049 -276.002 16.337
v -3.179 -269.787 18.532
v -8.92 -266.106 18.532
v -12.88 -272.283 16.332
v -7.653 -275.635 16.332
v -7.644 -275.621 16.337
v -7.653 -275.635 16.332
v -12.88 -272.283 16.332
v -17.644 -279.713 16.332
v -12.417 -283.066 16.337
v -3.69 -269.454 23.542
v 2.967 -259.071 23.542
v 2.967 -259.071 18.532
v -3.69 -269.454 18.532
v -3.179 -269.787 18.532
v -7.049 -276.002 16.337
v -3.179 -269.787 16.337
v -3.167 -272.029 11.462
v -2.149 -270.442 11.462
v -2.149 -270.442 3.671
v -3.167 -272.029 3.671
f 18727 18728 18725
f 18725 18726 18727
f 18731 18732 18729
f 18729 18730 18731
f 18735 18736 18733
f 18733 18734 18735
f 18739 18740 18737
f 18737 18738 18739
f 18748 18741 18742
f 18742 18743 18744
f 18745 18746 18747
f 18742 18744 18745
f 18745 18747 18748
f 18748 18742 18745
f 18750 18754 18749
f 18754 18752 18753
f 18752 18750 18751
f 18750 18752 18754
f 18756 18772 18755
f 18772 18770 18771
f 18770 18768 18769
f 18768 18766 18767
f 18763 18761 18762
f 18760 18758 18759
f 18758 18756 18757
f 18772 18768 18770
f 18768 18765 18766
f 18763 18760 18761
f 18760 18756 18758
f 18772 18765 18768
f 18763 18756 18760
f 18772 18764 18765
f 18764 18756 18763
f 18756 18764 18772
f 18776 18777 18773
f 18773 18774 18775
f 18775 18776 18773
f 18782 18783 18778
f 18779 18780 18781
f 18782 18778 18779
f 18779 18781 18782
f 18785 18786 18784
f 18789 18790 18787
f 18787 18788 18789
f 18794 18795 18791
f 18792 18793 18794
f 18794 18791 18792
f 18798 18799 18796
f 18796 18797 18798
f 18812 18813 18800
f 18801 18802 18803
f 18803 18804 18805
f 18805 18806 18807
f 18807 18808 18809
f 18811 18812 18800
f 18801 18803 18805
f 18807 18809 18810
f 18810 18811 18800
f 18800 18801 18805
f 18807 18810 18800
f 18800 18805 18807
f 18815 18817 18814
f 18817 18815 18816
f 18819 18825 18818
f 18825 18823 18824
f 18823 18821 18822
f 18821 18819 18820
f 18819 18823 18825
f 18823 18819 18821
f 18828 18829 18826
f 18826 18827 18828
f 18831 18833 18830
f 18833 18831 18832
f 18836 18837 18834
f 18834 18835 18836
f 18840 18841 18838
f 18838 18839 18840
f 18844 18845 18842
f 18842 18843 18844
f 18851 18846 18847
f 18847 18848 18849
f 18849 18850 18851
f 18851 18847 18849
f 18854 18855 18852
f 18852 18853 18854
f 18857 18859 18856
f 18859 18857 18858
f 18861 18862 18860
f 18864 18866 18863
f 18866 18864 18865
o bldg_277b6cad-f4c1-43cf-97a4-750d42799ce1
v 190.787 -124.019 4.963
v 184.361 -125.637 4.963
v 184.361 -125.637 3.006
v 190.787 -124.019 3.006
v 183.286 -121.369 4.963
v 184.361 -125.637 4.963
v 190.787 -124.019 4.963
v 189.713 -119.751 4.963
v 184.361 -125.637 4.963
v 183.286 -121.369 4.963
v 183.286 -121.369 3.006
v 184.361 -125.637 3.006
v 183.286 -121.369 4.963
v 189.713 -119.751 4.963
v 189.713 -119.751 3.006
v 183.286 -121.369 3.006
v 189.713 -119.751 4.963
v 190.787 -124.019 4.963
v 190.787 -124.019 3.006
v 189.713 -119.751 3.006
v 190.787 -124.019 3.006
v 184.361 -125.637 3.006
v 183.286 -121.369 3.006
v 189.713 -119.751 3.006
f 18869 18870 18867
f 18867 18868 18869
f 18873 18874 18871
f 18871 18872 18873
f 18876 18878 18875
f 18878 18876 18877
f 18880 18882 18879
f 18882 18880 18881
f 18885 18886 18883
f 18883 18884 18885
f 18888 18890 18887
f 18890 18888 18889
o bldg_2ae49e0b-81fe-460c-b6ad-1bc8eabf42b7
v -51.458 -276.946 28.878
v -54.232 -281.333 28.878
v -54.232 -281.333 33.443
v -58.93 -288.759 33.443
v -58.93 -288.759 28.878
v -59.12 -289.059 28.878
v -59.12 -289.059 3.33
v -51.458 -276.946 3.33
v -57.639 -279.178 33.443
v -57.639 -279.178 28.878
v -58.32 -279.239 28.878
v -58.32 -279.239 33.443
v -60.666 -282.892 33.443
v -60.666 -282.892 28.878
v -62.103 -281.969 28.878
v -62.103 -281.969 33.443
v -54.232 -281.333 33.443
v -57.639 -279.178 33.443
v -58.32 -279.239 33.443
v -60.666 -282.892 33.443
v -62.103 -281.969 33.443
v -62.66 -282.349 33.443
v -64.49 -285.241 33.443
v -58.93 -288.759 33.443
v -62.103 -281.969 33.443
v -62.103 -281.969 28.878
v -62.66 -282.349 28.878
v -62.66 -282.349 33.443
v -64.49 -285.241 33.443
v -64.49 -285.241 28.878
v -58.93 -288.759 28.878
v -58.93 -288.759 33.443
v -60.518 -271.215 28.878
v -51.458 -276.946 28.878
v -51.458 -276.946 3.33
v -60.518 -271.215 3.33
v -59.12 -289.059 3.33
v -68.18 -283.327 3.33
v -60.518 -271.215 3.33
v -51.458 -276.946 3.33
v -58.32 -279.239 33.443
v -58.32 -279.239 28.878
v -60.666 -282.892 28.878
v -60.666 -282.892 33.443
v -68.18 -283.327 28.878
v -60.518 -271.215 28.878
v -60.518 -271.215 3.33
v -68.18 -283.327 3.33
v -59.12 -289.059 28.878
v -68.18 -283.327 28.878
v -68.18 -283.327 3.33
v -59.12 -289.059 3.33
v -58.93 -288.759 28.878
v -64.49 -285.241 28.878
v -62.66 -282.349 28.878
v -62.103 -281.969 28.878
v -60.666 -282.892 28.878
v -58.32 -279.239 28.878
v -57.639 -279.178 28.878
v -54.232 -281.333 28.878
v -51.458 -276.946 28.878
v -60.518 -271.215 28.878
v -68.18 -283.327 28.878
v -59.12 -289.059 28.878
v -62.66 -282.349 33.443
v -62.66 -282.349 28.878
v -64.49 -285.241 28.878
v -64.49 -285.241 33.443
v -54.232 -281.333 33.443
v -54.232 -281.333 28.878
v -57.639 -279.178 28.878
v -57.639 -279.178 33.443
f 18897 18898 18891
f 18892 18893 18894
f 18895 18896 18897
f 18897 18891 18892
f 18892 18894 18895
f 18895 18897 18892
f 18900 18902 18899
f 18902 18900 18901
f 18904 18906 18903
f 18906 18904 18905
f 18913 18914 18907
f 18907 18908 18909
f 18910 18911 18912
f 18907 18909 18910
f 18910 18912 18913
f 18913 18907 18910
f 18916 18918 18915
f 18918 18916 18917
f 18921 18922 18919
f 18919 18920 18921
f 18924 18926 18923
f 18926 18924 18925
f 18928 18930 18927
f 18930 18928 18929
f 18932 18934 18931
f 18934 18932 18933
f 18936 18938 18935
f 18938 18936 18937
f 18941 18942 18939
f 18939 18940 18941
f 18953 18954 18943
f 18946 18947 18948
f 18949 18950 18951
f 18953 18943 18944
f 18945 18946 18948
f 18948 18949 18951
f 18952 18953 18944
f 18948 18951 18952
f 18952 18944 18945
f 18945 18948 18952
f 18956 18958 18955
f 18958 18956 18957
f 18960 18962 18959
f 18962 18960 18961
o bldg_8bea9d13-0601-4192-986a-57f1a9b9960f
v 53.608 -291.603 33.711
v 60.515 -296.014 33.711
v 60.515 -296.014 3.836
v 53.608 -291.603 3.836
v 39.326 -313.966 33.711
v 44.603 -305.703 33.711
v 44.603 -305.703 37.491
v 47.596 -301.016 37.491
v 47.596 -301.016 33.711
v 53.608 -291.603 33.711
v 53.608 -291.603 3.836
v 39.326 -313.966 3.836
v 49.366 -320.379 33.711
v 39.326 -313.966 33.711
v 39.326 -313.966 3.836
v 49.366 -320.379 3.836
v 47.596 -301.016 37.491
v 44.603 -305.703 37.491
v 49.927 -309.104 37.491
v 52.92 -304.417 37.491
v 59.334 -297.864 33.711
v 62.68 -300.001 33.711
v 62.68 -300.001 3.836
v 59.334 -297.864 3.836
v 60.515 -296.014 33.711
v 59.334 -297.864 33.711
v 59.334 -297.864 3.836
v 60.515 -296.014 3.836
v 52.92 -304.417 37.491
v 52.92 -304.417 33.711
v 47.596 -301.016 33.711
v 47.596 -301.016 37.491
v 62.68 -300.001 33.711
v 49.366 -320.379 33.711
v 49.366 -320.379 3.836
v 62.68 -300.001 3.836
v 62.68 -300.001 3.836
v 49.366 -320.379 3.836
v 39.326 -313.966 3.836
v 53.608 -291.603 3.836
v 60.515 -296.014 3.836
v 59.334 -297.864 3.836
v 44.603 -305.703 37.491
v 44.603 -305.703 33.711
v 49.927 -309.104 33.711
v 49.927 -309.104 37.491
v 49.927 -309.104 37.491
v 49.927 -309.104 33.711
v 52.92 -304.417 33.711
v 52.92 -304.417 37.491
v 49.366 -320.379 33.711
v 62.68 -300.001 33.711
v 59.334 -297.864 33.711
v 60.515 -296.014 33.711
v 53.608 -291.603 33.711
v 47.596 -301.016 33.711
v 52.92 -304.417 33.711
v 49.927 -309.104 33.711
v 44.603 -305.703 33.711
v 39.326 -313.966 33.711
f 18964 18966 18963
f 18966 18964 18965
f 18968 18974 18967
f 18974 18972 18973
f 18971 18969 18970
f 18974 18971 18972
f 18971 18968 18969
f 18968 18971 18974
f 18977 18978 18975
f 18975 18976 18977
f 18981 18982 18979
f 18979 18980 18981
f 18984 18986 18983
f 18986 18984 18985
f 18989 18990 18987
f 18987 18988 18989
f 18992 18994 18991
f 18994 18992 18993
f 18997 18998 18995
f 18995 18996 18997
f 19000 19004 18999
f 19004 19002 19003
f 19002 19000 19001
f 19000 19002 19004
f 19007 19008 19005
f 19005 19006 19007
f 19011 19012 19009
f 19009 19010 19011
f 19021 19022 19013
f 19013 19014 19015
f 19015 19016 19017
f 19017 19018 19019
f 19020 19021 19013
f 19015 19017 19019
f 19019 19020 19013
f 19013 19015 19019
o bldg_aa8d8278-d791-4c26-a757-0d12270eb846
v 94.279 -141.516 5.363
v 96.095 -142.67 5.363
v 101.606 -133.996 5.363
v 99.79 -132.842 5.363
v 94.279 -141.516 5.363
v 99.79 -132.842 5.363
v 99.79 -132.842 3.178
v 94.279 -141.516 3.178
v 96.095 -142.67 5.363
v 94.279 -141.516 5.363
v 94.279 -141.516 3.178
v 96.095 -142.67 3.178
v 101.606 -133.996 5.363
v 96.095 -142.67 5.363
v 96.095 -142.67 3.178
v 101.606 -133.996 3.178
v 99.79 -132.842 5.363
v 101.606 -133.996 5.363
v 101.606 -133.996 3.178
v 99.79 -132.842 3.178
v 101.606 -133.996 3.178
v 96.095 -142.67 3.178
v 94.279 -141.516 3.178
v 99.79 -132.842 3.178
f 19025 19026 19023
f 19023 19024 19025
f 19028 19030 19027
f 19030 19028 19029
f 19033 19034 19031
f 19031 19032 19033
f 19037 19038 19035
f 19035 19036 19037
f 19040 19042 19039
f 19042 19040 19041
f 19044 19046 19043
f 19046 19044 19045
o bldg_ddda5818-3115-4382-8924-f838cf6ca1f3
v 179.915 -143.622 7.943
v 177.975 -146.623 7.943
v 177.975 -146.623 3.379
v 179.915 -143.622 3.379
v 178.441 -142.67 7.943
v 179.915 -143.622 7.943
v 179.915 -143.622 3.379
v 178.441 -142.67 3.379
v 176.501 -145.67 7.943
v 177.975 -146.623 7.943
v 179.915 -143.622 7.943
v 178.441 -142.67 7.943
v 177.975 -146.623 7.943
v 176.501 -145.67 7.943
v 176.501 -145.67 3.379
v 177.975 -146.623 3.379
v 176.501 -145.67 7.943
v 178.441 -142.67 7.943
v 178.441 -142.67 3.379
v 176.501 -145.67 3.379
v 179.915 -143.622 3.379
v 177.975 -146.623 3.379
v 176.501 -145.67 3.379
v 178.441 -142.67 3.379
f 19049 19050 19047
f 19047 19048 19049
f 19052 19054 19051
f 19054 19052 19053
f 19057 19058 19055
f 19055 19056 19057
f 19061 19062 19059
f 19059 19060 19061
f 19064 19066 19063
f 19066 19064 19065
f 19068 19070 19067
f 19070 19068 19069
o bldg_084f2de8-0b3a-4eb3-bc3f-9a9f1b75235a
v 145.649 -43.963 27.904
v 167.507 -57.337 27.904
v 167.507 -57.337 -0.017
v 145.648 -43.963 -0.017
v 169.245 -60.368 25.549
v 166.46 -64.921 25.549
v 166.46 -64.921 -0.017
v 169.245 -60.369 -0.017
v 169.245 -60.369 -0.017
v 167.184 -59.107 -0.017
v 167.184 -59.107 25.549
v 169.245 -60.368 25.549
v 164.399 -63.66 -0.017
v 164.399 -63.66 25.549
v 167.184 -59.107 25.549
v 167.184 -59.107 -0.017
v 167.452 -58.67 -0.017
v 167.452 -58.669 27.904
v 163.936 -64.416 27.904
v 163.936 -64.416 -0.017
v 139.599 -49.525 30.154
v 143.181 -43.672 30.154
v 135.918 -39.228 30.154
v 132.337 -45.082 30.154
v 166.46 -64.921 25.549
v 164.399 -63.66 25.549
v 164.399 -63.66 -0.017
v 166.46 -64.921 -0.017
v 139.599 -49.525 27.904
v 143.181 -43.672 27.904
v 143.181 -43.672 30.154
v 139.599 -49.525 30.154
v 145.106 -44.85 -0.017
v 143.181 -43.672 -0.017
v 143.181 -43.672 27.904
v 145.106 -44.85 27.904
v 166.899 -58.331 27.904
v 167.452 -58.669 27.904
v 167.452 -58.67 -0.017
v 166.899 -58.331 -0.017
v 167.184 -59.107 -0.017
v 169.245 -60.369 -0.017
v 166.46 -64.921 -0.017
v 164.399 -63.66 -0.017
v 163.936 -64.416 -0.017
v 132.337 -45.082 -0.017
v 135.918 -39.228 -0.017
v 143.181 -43.672 -0.017
v 145.106 -44.85 -0.017
v 145.648 -43.963 -0.017
v 167.507 -57.337 -0.017
v 166.899 -58.331 -0.017
v 167.452 -58.67 -0.017
v 132.337 -45.082 30.154
v 135.918 -39.228 30.154
v 135.918 -39.228 -0.017
v 132.337 -45.082 -0.017
v 169.245 -60.368 25.549
v 167.184 -59.107 25.549
v 164.399 -63.66 25.549
v 166.46 -64.921 25.549
v 166.899 -58.331 27.904
v 167.507 -57.337 27.904
v 145.649 -43.963 27.904
v 145.106 -44.85 27.904
v 143.181 -43.672 27.904
v 139.599 -49.525 27.904
v 163.936 -64.416 27.904
v 167.452 -58.669 27.904
v 145.106 -44.85 27.904
v 145.649 -43.963 27.904
v 145.648 -43.963 -0.017
v 145.106 -44.85 -0.017
v 167.507 -57.337 27.904
v 166.899 -58.331 27.904
v 166.899 -58.331 -0.017
v 167.507 -57.337 -0.017
v 135.918 -39.228 -0.017
v 135.918 -39.228 30.154
v 143.181 -43.672 30.154
v 143.181 -43.672 27.904
v 143.181 -43.672 -0.017
v 163.936 -64.416 27.904
v 139.599 -49.525 27.904
v 139.599 -49.525 30.154
v 132.337 -45.082 30.154
v 132.337 -45.082 -0.017
v 163.936 -64.416 -0.017
f 19072 19074 19071
f 19074 19072 19073
f 19077 19078 19075
f 19075 19076 19077
f 19080 19082 19079
f 19082 19080 19081
f 19089 19090 19083
f 19085 19086 19087
f 19089 19083 19084
f 19085 19087 19088
f 19088 19089 19084
f 19084 19085 19088
f 19093 19094 19091
f 19091 19092 19093
f 19097 19098 19095
f 19095 19096 19097
f 19101 19102 19099
f 19099 19100 19101
f 19104 19106 19103
f 19106 19104 19105
f 19108 19110 19107
f 19110 19108 19109
f 19111 19122 19123
f 19122 19120 19121
f 19119 19117 19118
f 19117 19115 19116
f 19114 19112 19113
f 19111 19120 19122
f 19119 19115 19117
f 19114 19111 19112
f 19111 19119 19120
f 19119 19114 19115
f 19114 19119 19111
f 19125 19127 19124
f 19127 19125 19126
f 19130 19131 19128
f 19128 19129 19130
f 19138 19139 19132
f 19132 19133 19134
f 19135 19136 19137
f 19137 19138 19132
f 19132 19134 19135
f 19135 19137 19132
f 19141 19143 19140
f 19143 19141 19142
f 19146 19147 19144
f 19144 19145 19146
f 19149 19152 19148
f 19151 19149 19150
f 19149 19151 19152
f 19157 19158 19153
f 19154 19155 19156
f 19157 19153 19154
f 19154 19156 19157
o bldg_1e3e6e89-e774-476d-b248-c7a1667f5f56
v 41.27 -230.196 34.019
v 25.072 -219.905 34.019
v 25.072 -219.905 3.646
v 41.27 -230.196 3.646
v 37.768 -217.699 35.064
v 37.768 -217.699 34.019
v 39.359 -215.194 34.019
v 39.359 -215.194 35.064
v 49.185 -217.738 34.019
v 41.27 -230.196 34.019
v 41.27 -230.196 3.646
v 49.185 -217.738 3.646
v 37.311 -213.893 35.064
v 37.311 -213.893 34.019
v 35.72 -216.397 34.019
v 35.72 -216.397 35.064
v 25.072 -219.905 34.019
v 29.85 -212.385 34.019
v 29.85 -212.385 3.646
v 25.072 -219.905 3.646
v 40.927 -212.491 34.019
v 49.185 -217.738 34.019
v 49.185 -217.738 3.646
v 40.927 -212.491 3.646
v 39.359 -215.194 35.064
v 39.359 -215.194 34.019
v 37.311 -213.893 34.019
v 37.311 -213.893 35.064
v 40.136 -213.736 34.019
v 40.927 -212.491 34.019
v 40.927 -212.491 3.646
v 40.136 -213.736 3.646
v 40.136 -213.736 34.019
v 37.278 -211.92 34.019
v 34.931 -215.613 34.019
v 29.85 -212.385 34.019
v 25.072 -219.905 34.019
v 41.27 -230.196 34.019
v 49.185 -217.738 34.019
v 40.927 -212.491 34.019
v 35.72 -216.397 34.019
v 37.311 -213.893 34.019
v 39.359 -215.194 34.019
v 37.768 -217.699 34.019
v 29.85 -212.385 3.646
v 33.831 -214.915 3.646
v 36.178 -211.221 3.646
v 40.136 -213.736 3.646
v 40.927 -212.491 3.646
v 49.185 -217.738 3.646
v 41.27 -230.196 3.646
v 25.072 -219.905 3.646
v 35.72 -216.397 35.064
v 35.72 -216.397 34.019
v 37.768 -217.699 34.019
v 37.768 -217.699 35.064
v 37.278 -211.92 34.019
v 37.278 -211.92 32.614
v 34.931 -215.613 32.614
v 34.931 -215.613 34.019
v 33.831 -214.915 32.614
v 34.931 -215.613 32.614
v 37.278 -211.92 32.614
v 36.178 -211.221 32.614
v 36.178 -211.221 3.646
v 33.831 -214.915 3.646
v 33.831 -214.915 32.614
v 36.178 -211.221 32.614
v 39.359 -215.194 35.064
v 37.311 -213.893 35.064
v 35.72 -216.397 35.064
v 37.768 -217.699 35.064
v 29.85 -212.385 34.019
v 34.931 -215.613 34.019
v 34.931 -215.613 32.614
v 33.831 -214.915 32.614
v 33.831 -214.915 3.646
v 29.85 -212.385 3.646
v 40.136 -213.736 3.646
v 36.178 -211.221 3.646
v 36.178 -211.221 32.614
v 37.278 -211.92 32.614
v 37.278 -211.92 34.019
v 40.136 -213.736 34.019
f 19161 19162 19159
f 19159 19160 19161
f 19165 19166 19163
f 19163 19164 19165
f 19169 19170 19167
f 19167 19168 19169
f 19172 19174 19171
f 19174 19172 19173
f 19176 19178 19175
f 19178 19176 19177
f 19180 19182 19179
f 19182 19180 19181
f 19184 19186 19183
f 19186 19184 19185
f 19188 19190 19187
f 19190 19188 19189
f 19202 19199 19195
f 19195 19196 19197
f 19197 19198 19191
f 19193 19194 19195
f 19202 19195 19197
f 19193 19195 19199
f 19201 19202 19197
f 19192 19193 19199
f 19200 19201 19197
f 19192 19199 19200
f 19200 19197 19191
f 19191 19192 19200
f 19204 19210 19203
f 19210 19208 19209
f 19208 19206 19207
f 19206 19204 19205
f 19204 19208 19210
f 19208 19204 19206
f 19213 19214 19211
f 19211 19212 19213
f 19216 19218 19215
f 19218 19216 19217
f 19221 19222 19219
f 19219 19220 19221
f 19224 19226 19223
f 19226 19224 19225
f 19229 19230 19227
f 19227 19228 19229
f 19231 19235 19236
f 19234 19232 19233
f 19231 19234 19235
f 19234 19231 19232
f 19238 19242 19237
f 19242 19240 19241
f 19240 19238 19239
f 19238 19240 19242
o bldg_9087850c-2b33-43e4-970f-8c9b7f3246ea
v -43.93 -281.421 32.693
v -43.336 -280.48 32.693
v -43.336 -280.48 39.073
v -44.891 -282.943 39.073
v -44.891 -282.943 28.468
v -43.93 -281.421 28.468
v -36.231 -285.67 28.468
v -36.231 -285.67 19.263
v -41.769 -282.175 19.263
v -41.769 -282.175 28.468
v -55.929 -285.649 22.513
v -52.668 -280.483 22.513
v -52.668 -280.483 31.548
v -51.375 -278.435 31.548
v -51.375 -278.435 3.587
v -55.929 -285.649 3.587
v -48.614 -280.593 39.073
v -48.614 -280.593 32.693
v -50.594 -279.343 32.693
v -50.594 -279.343 31.548
v -48.129 -280.899 31.548
v -48.129 -280.899 28.468
v -44.891 -282.943 28.468
v -44.891 -282.943 39.073
v -41.769 -282.175 19.263
v -36.231 -285.67 19.263
v -29.014 -274.238 19.263
v -33.626 -271.326 19.263
v -40.929 -282.504 19.263
v -41.678 -282.031 19.263
v -50.484 -284.215 28.468
v -50.484 -284.215 22.513
v -39.634 -291.063 22.513
v -39.634 -291.063 28.468
v -29.014 -274.238 3.587
v -33.626 -271.326 3.587
v -33.626 -271.326 19.263
v -29.014 -274.238 19.263
v -43.336 -280.48 39.073
v -43.336 -280.48 32.693
v -47.059 -278.13 32.693
v -47.059 -278.13 39.073
v -50.407 -279.046 3.587
v -50.407 -279.046 31.548
v -50.594 -279.343 31.548
v -50.594 -279.343 32.693
v -40.164 -262.819 32.693
v -40.164 -262.818 3.587
v -49.421 -282.532 28.468
v -49.421 -282.532 22.513
v -50.484 -284.215 22.513
v -50.484 -284.215 28.468
v -32.721 -268.19 32.693
v -31.911 -268.701 32.693
v -31.911 -268.701 3.587
v -32.721 -268.19 3.587
v -47.059 -278.13 32.693
v -43.336 -280.48 32.693
v -43.93 -281.421 32.693
v -42.044 -282.612 32.693
v -41.678 -282.031 32.693
v -40.929 -282.504 32.693
v -31.911 -268.701 32.693
v -32.721 -268.19 32.693
v -32.417 -267.709 32.693
v -40.164 -262.819 32.693
v -50.594 -279.343 32.693
v -48.614 -280.593 32.693
v -43.93 -281.421 32.693
v -43.93 -281.421 28.468
v -42.044 -282.612 28.468
v -42.044 -282.612 32.693
v -52.668 -280.483 31.548
v -49.234 -282.65 31.548
v -48.129 -280.899 31.548
v -50.594 -279.343 31.548
v -50.407 -279.046 31.548
v -51.375 -278.435 31.548
v -39.634 -291.063 22.513
v -50.484 -284.215 22.513
v -49.421 -282.532 22.513
v -52.668 -280.483 22.513
v -55.929 -285.649 22.513
v -41.834 -294.547 22.513
v -33.626 -271.326 3.587
v -29.014 -274.238 3.587
v -41.834 -294.547 3.587
v -55.929 -285.649 3.587
v -51.375 -278.435 3.587
v -50.407 -279.046 3.587
v -40.164 -262.818 3.587
v -32.417 -267.709 3.587
v -32.721 -268.19 3.587
v -31.911 -268.701 3.587
v -51.375 -278.435 31.548
v -50.407 -279.046 31.548
v -50.407 -279.046 3.587
v -51.375 -278.435 3.587
v -49.234 -282.65 31.548
v -49.234 -282.65 28.468
v -48.129 -280.899 28.468
v -48.129 -280.899 31.548
v -29.014 -274.238 19.263
v -36.231 -285.67 19.263
v -36.231 -285.67 28.468
v -39.634 -291.063 28.468
v -39.634 -291.063 22.513
v -41.834 -294.547 22.513
v -41.834 -294.547 3.587
v -29.014 -274.238 3.587
v -47.059 -278.13 39.073
v -47.059 -278.13 32.693
v -48.614 -280.593 32.693
v -48.614 -280.593 39.073
v -41.834 -294.547 22.513
v -55.929 -285.649 22.513
v -55.929 -285.649 3.587
v -41.834 -294.547 3.587
v -52.668 -280.483 31.548
v -52.668 -280.483 22.513
v -49.421 -282.532 22.513
v -49.421 -282.532 28.468
v -49.234 -282.65 28.468
v -49.234 -282.65 31.548
v -31.911 -268.701 32.693
v -40.929 -282.504 32.693
v -40.929 -282.504 19.263
v -33.626 -271.326 19.263
v -33.626 -271.326 3.587
v -31.911 -268.701 3.587
v -32.417 -267.709 32.693
v -32.721 -268.19 32.693
v -32.721 -268.19 3.587
v -32.417 -267.709 3.587
v -41.769 -282.175 28.468
v -41.769 -282.175 19.263
v -41.678 -282.031 19.263
v -41.678 -282.031 32.693
v -42.044 -282.612 32.693
v -42.044 -282.612 28.468
v -47.059 -278.13 39.073
v -48.614 -280.593 39.073
v -44.891 -282.943 39.073
v -43.336 -280.48 39.073
v -40.164 -262.819 32.693
v -32.417 -267.709 32.693
v -32.417 -267.709 3.587
v -40.164 -262.818 3.587
v -41.678 -282.031 32.693
v -41.678 -282.031 19.263
v -40.929 -282.504 19.263
v -40.929 -282.504 32.693
v -41.769 -282.175 28.468
v -42.044 -282.612 28.468
v -43.93 -281.421 28.468
v -44.891 -282.943 28.468
v -48.129 -280.899 28.468
v -49.234 -282.65 28.468
v -49.421 -282.532 28.468
v -50.484 -284.215 28.468
v -39.634 -291.063 28.468
v -36.231 -285.67 28.468
f 19247 19248 19243
f 19243 19244 19245
f 19245 19246 19247
f 19247 19243 19245
f 19250 19252 19249
f 19252 19250 19251
f 19254 19258 19253
f 19257 19255 19256
f 19254 19257 19258
f 19257 19254 19255
f 19265 19266 19259
f 19260 19261 19262
f 19263 19264 19265
f 19265 19259 19260
f 19260 19262 19263
f 19263 19265 19260
f 19271 19272 19267
f 19268 19269 19270
f 19271 19267 19268
f 19268 19270 19271
f 19275 19276 19273
f 19273 19274 19275
f 19278 19280 19277
f 19280 19278 19279
f 19282 19284 19281
f 19284 19282 19283
f 19286 19290 19285
f 19290 19288 19289
f 19288 19286 19287
f 19286 19288 19290
f 19292 19294 19291
f 19294 19292 19293
f 19296 19298 19295
f 19298 19296 19297
f 19309 19310 19299
f 19300 19301 19302
f 19303 19304 19305
f 19306 19307 19308
f 19308 19309 19299
f 19300 19302 19303
f 19303 19305 19306
f 19306 19308 19299
f 19300 19303 19306
f 19306 19299 19300
f 19313 19314 19311
f 19311 19312 19313
f 19319 19320 19315
f 19315 19316 19317
f 19318 19319 19315
f 19315 19317 19318
f 19325 19326 19321
f 19322 19323 19324
f 19325 19321 19322
f 19322 19324 19325
f 19327 19335 19336
f 19335 19333 19334
f 19332 19330 19331
f 19330 19328 19329
f 19327 19333 19335
f 19332 19328 19330
f 19327 19332 19333
f 19332 19327 19328
f 19338 19340 19337
f 19340 19338 19339
f 19343 19344 19341
f 19341 19342 19343
f 19351 19352 19345
f 19346 19347 19348
f 19349 19350 19351
f 19351 19345 19346
f 19346 19348 19349
f 19349 19351 19346
f 19354 19356 19353
f 19356 19354 19355
f 19359 19360 19357
f 19357 19358 19359
f 19365 19366 19361
f 19361 19362 19363
f 19364 19365 19361
f 19361 19363 19364
f 19371 19372 19367
f 19367 19368 19369
f 19370 19371 19367
f 19367 19369 19370
f 19375 19376 19373
f 19373 19374 19375
f 19381 19382 19377
f 19377 19378 19379
f 19380 19381 19377
f 19377 19379 19380
f 19385 19386 19383
f 19383 19384 19385
f 19388 19390 19387
f 19390 19388 19389
f 19393 19394 19391
f 19391 19392 19393
f 19403 19404 19395
f 19396 19397 19398
f 19398 19399 19400
f 19400 19401 19402
f 19403 19395 19396
f 19398 19400 19402
f 19402 19403 19396
f 19396 19398 19402
o bldg_c82fabec-055d-4154-8945-e9239d4c3b39
v 28.769 -205.314 3.866
v 32.545 -199.511 3.866
v 37.878 -202.981 3.866
v 34.102 -208.784 3.866
v 32.545 -199.511 33.911
v 37.878 -202.981 33.911
v 37.878 -202.981 3.866
v 32.545 -199.511 3.866
v 37.878 -202.981 33.911
v 34.102 -208.784 33.911
v 34.102 -208.784 3.866
v 37.878 -202.981 3.866
v 37.878 -202.981 33.911
v 32.545 -199.511 33.911
v 28.769 -205.314 33.911
v 34.102 -208.784 33.911
v 34.102 -208.784 33.911
v 28.769 -205.314 33.911
v 28.769 -205.314 3.866
v 34.102 -208.784 3.866
v 28.769 -205.314 33.911
v 32.545 -199.511 33.911
v 32.545 -199.511 3.866
v 28.769 -205.314 3.866
f 19406 19408 19405
f 19408 19406 19407
f 19410 19412 19409
f 19412 19410 19411
f 19415 19416 19413
f 19413 19414 19415
f 19419 19420 19417
f 19417 19418 19419
f 19423 19424 19421
f 19421 19422 19423
f 19426 19428 19425
f 19428 19426 19427
o bldg_a4fe598f-d799-4945-9d99-e6bd3b007cd1
v 142.219 65.855 6.088
v 132.812 51.812 6.088
v 132.812 51.812 0.977
v 142.219 65.855 0.977
v 132.812 51.812 6.088
v 114.592 64.017 6.088
v 114.592 64.017 0.977
v 132.812 51.812 0.977
v 114.592 64.017 6.088
v 124.0 78.061 6.088
v 124.0 78.061 0.977
v 114.592 64.017 0.977
v 114.592 64.017 0.977
v 124.0 78.061 0.977
v 142.219 65.855 0.977
v 132.812 51.812 0.977
v 142.219 65.855 6.088
v 124.0 78.061 6.088
v 114.592 64.017 6.088
v 132.812 51.812 6.088
v 124.0 78.061 6.088
v 142.219 65.855 6.088
v 142.219 65.855 0.977
v 124.0 78.061 0.977
f 19431 19432 19429
f 19429 19430 19431
f 19435 19436 19433
f 19433 19434 19435
f 19438 19440 19437
f 19440 19438 19439
f 19442 19444 19441
f 19444 19442 19443
f 19447 19448 19445
f 19445 19446 19447
f 19450 19452 19449
f 19452 19450 19451
o bldg_0b7581dc-de54-48b3-85ff-ecbc50c2655d
v 216.506 141.233 29.901
v 216.506 141.233 28.151
v 209.566 138.342 28.151
v 209.566 138.342 29.901
v 212.15 132.969 29.901
v 212.15 132.969 28.151
v 213.553 132.159 28.151
v 213.553 132.159 29.901
v 200.137 163.521 29.646
v 200.137 163.521 28.151
v 206.929 166.35 28.151
v 206.929 166.35 29.646
v 213.553 132.159 29.901
v 213.553 132.159 28.151
v 215.43 132.0 28.151
v 215.43 132.0 29.901
v 204.117 171.835 29.646
v 204.117 171.835 28.151
v 203.056 172.39 28.151
v 203.056 172.39 29.646
v 201.67 179.036 8.596
v 212.654 173.445 8.596
v 212.654 173.445 -0.001
v 201.67 179.036 -0.001
v 218.54 136.35 29.901
v 218.54 136.35 28.151
v 216.506 141.233 28.151
v 216.506 141.233 29.901
v 189.189 144.313 6.181
v 180.535 150.068 6.181
v 180.873 150.562 6.181
v 180.359 150.904 6.181
v 177.381 146.426 6.181
v 186.542 140.333 6.181
v 216.506 141.233 29.901
v 209.566 138.342 29.901
v 212.15 132.969 29.901
v 213.553 132.159 29.901
v 215.43 132.0 29.901
v 216.976 132.939 29.901
v 218.097 133.88 29.901
v 218.54 136.35 29.901
v 180.359 150.904 -0.001
v 180.359 150.904 6.181
v 180.873 150.562 6.181
v 180.873 150.562 7.331
v 176.372 153.556 7.331
v 176.372 153.556 -0.001
v 219.199 169.307 8.596
v 220.517 168.122 8.596
v 220.518 168.122 -0.001
v 219.199 169.307 -0.001
v 221.06 165.572 8.596
v 220.932 164.432 8.596
v 220.932 164.432 -0.001
v 221.06 165.572 -0.001
v 199.921 178.405 28.151
v 213.765 169.198 28.151
v 222.998 163.057 28.151
v 231.274 157.554 28.151
v 235.797 154.546 28.151
v 235.797 154.546 -0.001
v 220.932 164.432 -0.001
v 220.932 164.432 8.596
v 200.842 177.792 8.596
v 200.842 177.792 -0.001
v 199.921 178.405 -0.001
v 206.929 166.35 29.646
v 204.918 171.177 29.646
v 204.117 171.835 29.646
v 203.056 172.39 29.646
v 201.394 172.691 29.646
v 199.776 172.133 29.646
v 198.804 171.101 29.646
v 198.14 169.573 29.646
v 198.104 168.403 29.646
v 200.137 163.521 29.646
v 212.654 173.445 8.596
v 219.199 169.307 8.596
v 219.199 169.307 -0.001
v 212.654 173.445 -0.001
v 176.372 153.556 7.331
v 190.637 175.007 7.331
v 190.637 175.007 -0.001
v 176.372 153.556 -0.001
v 208.276 152.462 31.141
v 200.939 153.868 28.686
v 204.117 146.24 28.686
v 212.246 158.578 28.686
v 212.246 158.578 28.151
v 200.939 153.868 28.151
v 200.939 153.868 28.686
v 180.535 150.068 28.151
v 196.202 172.968 28.151
v 199.921 178.405 28.151
v 199.921 178.405 -0.001
v 195.42 171.826 -0.001
v 195.42 171.826 7.331
v 180.873 150.562 7.331
v 180.873 150.562 6.181
v 180.535 150.068 6.181
v 201.67 179.036 8.596
v 200.842 177.792 8.596
v 220.932 164.432 8.596
v 221.06 165.572 8.596
v 220.517 168.122 8.596
v 219.199 169.307 8.596
v 212.654 173.445 8.596
v 208.276 152.462 31.141
v 212.246 158.578 28.686
v 200.939 153.868 28.686
v 201.67 179.036 -0.001
v 200.842 177.792 -0.001
v 200.842 177.792 8.596
v 201.67 179.036 8.596
v 189.189 144.313 -0.001
v 186.542 140.333 -0.001
v 177.381 146.426 -0.001
v 180.359 150.904 -0.001
v 176.372 153.556 -0.001
v 190.637 175.007 -0.001
v 195.42 171.826 -0.001
v 199.921 178.405 -0.001
v 200.842 177.792 -0.001
v 201.67 179.036 -0.001
v 212.654 173.445 -0.001
v 219.199 169.307 -0.001
v 220.518 168.122 -0.001
v 221.06 165.572 -0.001
v 220.932 164.432 -0.001
v 235.797 154.546 -0.001
v 216.786 125.96 -0.001
v 204.117 146.24 28.686
v 204.117 146.24 28.151
v 215.424 150.951 28.151
v 215.424 150.951 28.686
v 198.804 171.101 29.646
v 198.804 171.101 28.151
v 198.14 169.573 28.151
v 198.14 169.573 29.646
v 186.542 140.333 6.181
v 177.381 146.426 6.181
v 177.381 146.426 -0.001
v 186.542 140.333 -0.001
v 209.566 138.342 29.901
v 209.566 138.342 28.151
v 212.15 132.969 28.151
v 212.15 132.969 29.901
v 199.776 172.133 29.646
v 199.776 172.133 28.151
v 198.804 171.101 28.151
v 198.804 171.101 29.646
v 200.939 153.868 28.686
v 200.939 153.868 28.151
v 204.117 146.24 28.151
v 204.117 146.24 28.686
v 202.557 135.422 28.151
v 180.535 150.068 28.151
v 180.535 150.068 6.181
v 189.189 144.313 6.181
v 189.189 144.313 -0.001
v 216.786 125.96 -0.001
v 216.785 125.96 28.151
v 204.918 171.177 29.646
v 204.918 171.177 28.151
v 204.117 171.835 28.151
v 204.117 171.835 29.646
v 198.14 169.573 29.646
v 198.14 169.573 28.151
v 198.104 168.403 28.151
v 198.104 168.403 29.646
v 177.381 146.426 6.181
v 180.359 150.904 6.181
v 180.359 150.904 -0.001
v 177.381 146.426 -0.001
v 218.097 133.88 29.901
v 218.097 133.88 28.151
v 218.54 136.35 28.151
v 218.54 136.35 29.901
v 208.276 152.462 31.141
v 215.424 150.951 28.686
v 212.246 158.578 28.686
v 176.372 153.556 7.331
v 180.873 150.562 7.331
v 195.42 171.826 7.331
v 190.637 175.007 7.331
v 190.637 175.007 7.331
v 195.42 171.826 7.331
v 195.42 171.826 -0.001
v 190.637 175.007 -0.001
v 201.394 172.691 29.646
v 201.394 172.691 28.151
v 199.776 172.133 28.151
v 199.776 172.133 29.646
v 216.976 132.939 29.901
v 216.976 132.939 28.151
v 218.097 133.88 28.151
v 218.097 133.88 29.901
v 203.056 172.39 29.646
v 203.056 172.39 28.151
v 201.394 172.691 28.151
v 201.394 172.691 29.646
v 208.276 152.462 31.141
v 204.117 146.24 28.686
v 215.424 150.951 28.686
v 231.274 157.554 28.151
v 222.998 163.057 28.151
v 213.765 169.198 28.151
v 199.921 178.405 28.151
v 196.202 172.968 28.151
v 180.535 150.068 28.151
v 202.557 135.422 28.151
v 216.785 125.96 28.151
v 220.526 131.584 28.151
v 235.797 154.546 28.151
v 212.246 158.578 28.151
v 215.424 150.951 28.151
v 204.117 146.24 28.151
v 200.939 153.868 28.151
v 198.14 169.573 28.151
v 198.804 171.101 28.151
v 199.776 172.133 28.151
v 201.394 172.691 28.151
v 203.056 172.39 28.151
v 204.117 171.835 28.151
v 204.918 171.177 28.151
v 206.929 166.35 28.151
v 200.137 163.521 28.151
v 198.104 168.403 28.151
v 209.566 138.342 28.151
v 216.506 141.233 28.151
v 218.54 136.35 28.151
v 218.097 133.88 28.151
v 216.976 132.939 28.151
v 215.43 132.0 28.151
v 213.553 132.159 28.151
v 212.15 132.969 28.151
v 186.542 140.333 -0.001
v 189.189 144.313 -0.001
v 189.189 144.313 6.181
v 186.542 140.333 6.181
v 235.797 154.546 28.151
v 220.526 131.584 28.151
v 216.785 125.96 28.151
v 216.786 125.96 -0.001
v 235.797 154.546 -0.001
v 198.104 168.403 29.646
v 198.104 168.403 28.151
v 200.137 163.521 28.151
v 200.137 163.521 29.646
v 215.43 132.0 29.901
v 215.43 132.0 28.151
v 216.976 132.939 28.151
v 216.976 132.939 29.901
v 220.517 168.122 8.596
v 221.06 165.572 8.596
v 221.06 165.572 -0.001
v 220.518 168.122 -0.001
v 206.929 166.35 29.646
v 206.929 166.35 28.151
v 204.918 171.177 28.151
v 204.918 171.177 29.646
v 215.424 150.951 28.686
v 215.424 150.951 28.151
v 212.246 158.578 28.151
v 212.246 158.578 28.686
f 19454 19456 19453
f 19456 19454 19455
f 19459 19460 19457
f 19457 19458 19459
f 19463 19464 19461
f 19461 19462 19463
f 19467 19468 19465
f 19465 19466 19467
f 19470 19472 19469
f 19472 19470 19471
f 19474 19476 19473
f 19476 19474 19475
f 19479 19480 19477
f 19477 19478 19479
f 19485 19486 19481
f 19482 19483 19484
f 19485 19481 19482
f 19482 19484 19485
f 19493 19494 19487
f 19487 19488 19489
f 19489 19490 19491
f 19491 19492 19493
f 19493 19487 19489
f 19489 19491 19493
f 19499 19500 19495
f 19496 19497 19498
f 19499 19495 19496
f 19496 19498 19499
f 19502 19504 19501
f 19504 19502 19503
f 19507 19508 19505
f 19505 19506 19507
f 19509 19518 19519
f 19516 19514 19515
f 19514 19512 19513
f 19509 19517 19518
f 19516 19512 19514
f 19510 19517 19509
f 19517 19512 19516
f 19511 19517 19510
f 19517 19511 19512
f 19528 19529 19520
f 19520 19521 19522
f 19522 19523 19524
f 19524 19525 19526
f 19526 19527 19528
f 19528 19520 19522
f 19522 19524 19526
f 19526 19528 19522
f 19531 19533 19530
f 19533 19531 19532
f 19535 19537 19534
f 19537 19535 19536
f 19539 19540 19538
f 19542 19544 19541
f 19544 19542 19543
f 19545 19552 19553
f 19550 19548 19549
f 19548 19546 19547
f 19545 19551 19552
f 19550 19546 19548
f 19546 19551 19545
f 19551 19546 19550
f 19559 19560 19554
f 19554 19555 19556
f 19556 19557 19558
f 19558 19559 19554
f 19554 19556 19558
f 19562 19563 19561
f 19565 19567 19564
f 19567 19565 19566
f 19568 19583 19584
f 19582 19580 19581
f 19580 19578 19579
f 19578 19576 19577
f 19576 19574 19575
f 19574 19572 19573
f 19571 19569 19570
f 19568 19582 19583
f 19582 19578 19580
f 19578 19574 19576
f 19574 19571 19572
f 19571 19568 19569
f 19568 19578 19582
f 19578 19571 19574
f 19571 19578 19568
f 19587 19588 19585
f 19585 19586 19587
f 19590 19592 19589
f 19592 19590 19591
f 19595 19596 19593
f 19593 19594 19595
f 19598 19600 19597
f 19600 19598 19599
f 19602 19604 19601
f 19604 19602 19603
f 19606 19608 19605
f 19608 19606 19607
f 19614 19615 19609
f 19609 19610 19611
f 19612 19613 19614
f 19609 19611 19612
f 19612 19614 19609
f 19617 19619 19616
f 19619 19617 19618
f 19621 19623 19620
f 19623 19621 19622
f 19625 19627 19624
f 19627 19625 19626
f 19630 19631 19628
f 19628 19629 19630
f 19633 19634 19632
f 19637 19638 19635
f 19635 19636 19637
f 19640 19642 19639
f 19642 19640 19641
f 19644 19646 19643
f 19646 19644 19645
f 19649 19650 19647
f 19647 19648 19649
f 19652 19654 19651
f 19654 19652 19653
f 19656 19657 19655
f 19663 19682 19683
f 19689 19682 19663
f 19663 19664 19665
f 19666 19667 19658
f 19661 19662 19663
f 19663 19681 19672
f 19680 19681 19663
f 19663 19671 19668
f 19670 19671 19663
f 19688 19689 19663
f 19665 19666 19658
f 19661 19663 19672
f 19679 19680 19663
f 19670 19663 19683
f 19688 19663 19665
f 19661 19672 19673
f 19679 19663 19668
f 19669 19670 19683
f 19687 19688 19665
f 19661 19673 19674
f 19678 19679 19668
f 19669 19683 19684
f 19686 19687 19665
f 19661 19674 19675
f 19685 19686 19665
f 19661 19675 19676
f 19684 19685 19665
f 19660 19661 19676
f 19684 19665 19658
f 19659 19660 19676
f 19669 19684 19658
f 19659 19676 19677
f 19668 19669 19658
f 19658 19659 19677
f 19678 19668 19658
f 19658 19677 19678
f 19692 19693 19690
f 19690 19691 19692
f 19697 19698 19694
f 19695 19696 19697
f 19697 19694 19695
f 19700 19702 19699
f 19702 19700 19701
f 19705 19706 19703
f 19703 19704 19705
f 19709 19710 19707
f 19707 19708 19709
f 19713 19714 19711
f 19711 19712 19713
f 19717 19718 19715
f 19715 19716 19717
o bldg_cf60cb9c-f36a-4753-9e6d-a13917968c94
v 14.692 -221.079 37.036
v 16.646 -222.301 37.036
v 16.646 -222.301 3.649
v 14.692 -221.079 3.649
v 19.371 -217.944 37.036
v 30.985 -225.207 37.036
v 30.985 -225.207 39.291
v 37.246 -229.123 39.291
v 37.246 -229.123 37.036
v 44.845 -233.875 37.036
v 44.845 -233.875 3.649
v 19.371 -217.944 3.649
v 8.015 -231.756 37.036
v 14.692 -221.079 37.036
v 14.692 -221.079 3.649
v 8.015 -231.756 3.649
v 34.418 -248.367 37.036
v 33.702 -249.512 37.036
v 33.702 -249.513 3.649
v 34.419 -248.367 3.649
v 34.783 -233.06 39.291
v 37.246 -229.123 39.291
v 30.985 -225.207 39.291
v 28.522 -229.145 39.291
v 8.54 -232.083 37.036
v 8.015 -231.756 37.036
v 8.015 -231.756 3.649
v 8.539 -232.083 3.649
v 28.522 -229.145 39.291
v 28.522 -229.145 37.036
v 34.783 -233.06 37.036
v 34.783 -233.06 39.291
v 34.419 -248.367 3.649
v 33.702 -249.513 3.649
v 7.779 -233.3 3.649
v 8.539 -232.083 3.649
v 8.015 -231.756 3.649
v 14.692 -221.079 3.649
v 16.646 -222.301 3.649
v 19.371 -217.944 3.649
v 44.845 -233.875 3.649
v 35.399 -248.98 3.649
v 34.783 -233.06 39.291
v 34.783 -233.06 37.036
v 37.246 -229.123 37.036
v 37.246 -229.123 39.291
v 44.845 -233.875 37.036
v 35.399 -248.98 37.036
v 35.399 -248.98 3.649
v 44.845 -233.875 3.649
v 33.702 -249.512 37.036
v 7.779 -233.3 37.036
v 7.779 -233.3 3.649
v 33.702 -249.513 3.649
v 30.985 -225.207 39.291
v 30.985 -225.207 37.036
v 28.522 -229.145 37.036
v 28.522 -229.145 39.291
v 34.783 -233.06 37.036
v 28.522 -229.145 37.036
v 30.985 -225.207 37.036
v 19.371 -217.944 37.036
v 16.646 -222.301 37.036
v 14.692 -221.079 37.036
v 8.015 -231.756 37.036
v 8.54 -232.083 37.036
v 7.779 -233.3 37.036
v 33.702 -249.512 37.036
v 34.418 -248.367 37.036
v 35.399 -248.98 37.036
v 44.845 -233.875 37.036
v 37.246 -229.123 37.036
v 16.646 -222.301 37.036
v 19.371 -217.944 37.036
v 19.371 -217.944 3.649
v 16.646 -222.301 3.649
v 35.399 -248.98 37.036
v 34.418 -248.367 37.036
v 34.419 -248.367 3.649
v 35.399 -248.98 3.649
v 7.779 -233.3 37.036
v 8.54 -232.083 37.036
v 8.539 -232.083 3.649
v 7.779 -233.3 3.649
f 19720 19722 19719
f 19722 19720 19721
f 19724 19730 19723
f 19730 19728 19729
f 19727 19725 19726
f 19730 19727 19728
f 19727 19724 19725
f 19724 19727 19730
f 19732 19734 19731
f 19734 19732 19733
f 19737 19738 19735
f 19735 19736 19737
f 19741 19742 19739
f 19739 19740 19741
f 19745 19746 19743
f 19743 19744 19745
f 19749 19750 19747
f 19747 19748 19749
f 19751 19759 19760
f 19759 19757 19758
f 19757 19755 19756
f 19754 19752 19753
f 19751 19757 19759
f 19757 19754 19755
f 19754 19751 19752
f 19751 19754 19757
f 19763 19764 19761
f 19761 19762 19763
f 19767 19768 19765
f 19765 19766 19767
f 19771 19772 19769
f 19769 19770 19771
f 19774 19776 19773
f 19776 19774 19775
f 19789 19790 19777
f 19778 19779 19780
f 19781 19782 19783
f 19784 19785 19786
f 19787 19788 19789
f 19778 19780 19781
f 19781 19783 19784
f 19784 19786 19787
f 19787 19789 19777
f 19777 19778 19781
f 19781 19784 19787
f 19787 19777 19781
f 19792 19794 19791
f 19794 19792 19793
f 19797 19798 19795
f 19795 19796 19797
f 19800 19802 19799
f 19802 19800 19801
o bldg_d38df7e1-e5e3-41a8-9265-3b7f0848e4d1
v -32.909 -266.35 34.399
v -39.194 -262.315 34.399
v -39.194 -262.315 33.919
v -39.032 -262.42 33.919
v -39.032 -262.42 3.59
v -32.909 -266.35 3.59
v -36.698 -256.785 43.099
v -32.416 -259.533 43.099
v -21.095 -241.896 43.099
v -25.376 -239.147 43.099
v -25.376 -239.147 43.099
v -25.376 -239.147 37.809
v -36.698 -256.785 37.809
v -36.698 -256.785 43.099
v -38.413 -261.456 37.809
v -38.413 -261.456 34.399
v -35.789 -257.368 34.399
v -35.789 -257.368 37.809
v -29.279 -260.695 34.399
v -32.909 -266.35 34.399
v -32.909 -266.35 3.59
v -18.344 -243.661 3.59
v -18.344 -243.661 33.564
v -29.279 -260.695 33.564
v -49.955 -254.047 37.809
v -49.955 -254.047 33.919
v -38.576 -261.352 33.919
v -38.576 -261.352 34.399
v -38.413 -261.456 34.399
v -38.413 -261.456 37.809
v -29.52 -260.541 34.399
v -29.373 -260.635 33.89
v -29.279 -260.695 33.564
v -18.344 -243.661 33.564
v -21.095 -241.896 43.099
v -32.416 -259.533 43.099
v -29.907 -261.144 34.399
v -39.032 -262.42 3.59
v -39.032 -262.42 33.919
v -39.194 -262.315 33.919
v -50.574 -255.011 33.919
v -50.574 -255.011 3.59
v -32.909 -266.35 34.399
v -29.279 -260.695 34.399
v -29.52 -260.541 34.399
v -29.907 -261.144 34.399
v -32.416 -259.533 34.399
v -35.789 -257.368 34.399
v -38.413 -261.456 34.399
v -38.576 -261.352 34.399
v -39.194 -262.315 34.399
v -38.935 -236.878 37.809
v -31.517 -235.205 37.809
v -31.517 -235.205 3.59
v -38.935 -236.878 3.59
v -49.955 -254.047 33.919
v -50.574 -255.011 33.919
v -39.194 -262.315 33.919
v -38.576 -261.352 33.919
v -35.789 -257.368 34.399
v -32.416 -259.533 34.399
v -29.907 -261.144 34.399
v -32.416 -259.533 43.099
v -36.698 -256.785 43.099
v -36.698 -256.785 37.809
v -35.789 -257.368 37.809
v -38.935 -236.878 3.59
v -50.574 -255.011 3.59
v -50.574 -255.011 33.919
v -49.955 -254.047 33.919
v -49.955 -254.047 37.809
v -38.935 -236.878 37.809
v -29.279 -260.695 34.399
v -29.279 -260.695 33.564
v -29.373 -260.635 33.89
v -29.52 -260.541 34.399
v -49.955 -254.047 37.809
v -38.413 -261.456 37.809
v -35.789 -257.368 37.809
v -36.698 -256.785 37.809
v -25.376 -239.147 37.809
v -31.517 -235.205 37.809
v -38.935 -236.878 37.809
v -18.344 -243.661 3.59
v -21.094 -241.895 3.59
v -25.376 -239.147 3.59
v -31.517 -235.205 3.59
v -31.517 -235.205 37.809
v -25.376 -239.147 37.809
v -25.376 -239.147 43.099
v -21.095 -241.896 43.099
v -18.344 -243.661 33.564
v -25.376 -239.147 3.59
v -21.094 -241.895 3.59
v -18.344 -243.661 3.59
v -32.909 -266.35 3.59
v -39.032 -262.42 3.59
v -50.574 -255.011 3.59
v -38.935 -236.878 3.59
v -31.517 -235.205 3.59
v -38.576 -261.352 34.399
v -38.576 -261.352 33.919
v -39.194 -262.315 33.919
v -39.194 -262.315 34.399
f 19807 19808 19803
f 19803 19804 19805
f 19806 19807 19803
f 19803 19805 19806
f 19811 19812 19809
f 19809 19810 19811
f 19814 19816 19813
f 19816 19814 19815
f 19819 19820 19817
f 19817 19818 19819
f 19826 19821 19822
f 19822 19823 19824
f 19824 19825 19826
f 19826 19822 19824
f 19831 19832 19827
f 19827 19828 19829
f 19830 19831 19827
f 19827 19829 19830
f 19838 19839 19833
f 19834 19835 19836
f 19836 19837 19838
f 19833 19834 19836
f 19836 19838 19833
f 19843 19844 19840
f 19840 19841 19842
f 19842 19843 19840
f 19852 19853 19845
f 19845 19846 19847
f 19848 19849 19850
f 19851 19852 19845
f 19845 19847 19848
f 19848 19850 19851
f 19851 19845 19848
f 19855 19857 19854
f 19857 19855 19856
f 19860 19861 19858
f 19858 19859 19860
f 19868 19862 19863
f 19863 19864 19865
f 19865 19866 19867
f 19868 19863 19865
f 19865 19867 19868
f 19870 19874 19869
f 19874 19872 19873
f 19872 19870 19871
f 19870 19872 19874
f 19876 19878 19875
f 19878 19876 19877
f 19884 19885 19879
f 19879 19880 19881
f 19882 19883 19884
f 19879 19881 19882
f 19882 19884 19879
f 19887 19894 19886
f 19894 19892 19893
f 19891 19889 19890
f 19889 19887 19888
f 19887 19892 19894
f 19891 19887 19889
f 19887 19891 19892
f 19895 19901 19902
f 19901 19899 19900
f 19899 19897 19898
f 19897 19895 19896
f 19895 19899 19901
f 19899 19895 19897
f 19904 19906 19903
f 19906 19904 19905
o bldg_0187a167-16ba-42b4-8ab0-16896fd82b9c
v 121.512 -161.484 3.379
v 122.659 -159.628 3.379
v 124.978 -161.062 3.379
v 123.831 -162.918 3.379
v 124.978 -161.062 8.504
v 122.659 -159.628 8.504
v 121.512 -161.484 8.504
v 123.831 -162.918 8.504
v 123.831 -162.918 8.504
v 121.512 -161.484 8.504
v 121.512 -161.484 3.379
v 123.831 -162.918 3.379
v 122.659 -159.628 8.504
v 124.978 -161.062 8.504
v 124.978 -161.062 3.379
v 122.659 -159.628 3.379
v 124.978 -161.062 8.504
v 123.831 -162.918 8.504
v 123.831 -162.918 3.379
v 124.978 -161.062 3.379
v 121.512 -161.484 8.504
v 122.659 -159.628 8.504
v 122.659 -159.628 3.379
v 121.512 -161.484 3.379
f 19908 19910 19907
f 19910 19908 19909
f 19913 19914 19911
f 19911 19912 19913
f 19917 19918 19915
f 19915 19916 19917
f 19920 19922 19919
f 19922 19920 19921
f 19925 19926 19923
f 19923 19924 19925
f 19928 19930 19927
f 19930 19928 19929
o bldg_cba6f8da-8f01-4812-8c8d-16d8b4d4912e
v 75.087 -204.241 13.54
v 78.919 -203.602 13.54
v 78.919 -203.602 3.427
v 75.087 -204.241 3.427
v 66.702 -217.317 13.54
v 75.087 -204.241 13.54
v 75.087 -204.241 3.427
v 66.702 -217.317 3.427
v 72.007 -220.718 13.54
v 81.798 -205.448 13.54
v 78.919 -203.602 13.54
v 75.087 -204.241 13.54
v 66.702 -217.317 13.54
v 81.798 -205.448 13.54
v 72.007 -220.718 13.54
v 72.007 -220.718 3.427
v 81.798 -205.448 3.427
v 72.007 -220.718 13.54
v 66.702 -217.317 13.54
v 66.702 -217.317 3.427
v 72.007 -220.718 3.427
v 75.087 -204.241 3.427
v 78.919 -203.602 3.427
v 81.798 -205.448 3.427
v 72.007 -220.718 3.427
v 66.702 -217.317 3.427
v 78.919 -203.602 13.54
v 81.798 -205.448 13.54
v 81.798 -205.448 3.427
v 78.919 -203.602 3.427
f 19932 19934 19931
f 19934 19932 19933
f 19936 19938 19935
f 19938 19936 19937
f 19942 19943 19939
f 19939 19940 19941
f 19941 19942 19939
f 19946 19947 19944
f 19944 19945 19946
f 19950 19951 19948
f 19948 19949 19950
f 19953 19956 19952
f 19956 19954 19955
f 19954 19956 19953
f 19958 19960 19957
f 19960 19958 19959
o bldg_331d0927-c739-4488-9b66-7f1fe4306502
v 285.067 -320.603 15.7
v 296.309 -301.719 15.7
v 296.309 -301.719 11.37
v 295.622 -302.872 11.37
v 295.622 -302.872 3.29
v 285.067 -320.603 3.29
v 318.971 -333.963 60.655
v 313.887 -330.991 60.655
v 313.887 -330.991 15.7
v 315.373 -331.859 15.7
v 315.373 -331.859 3.29
v 318.972 -333.963 3.29
v 321.111 -316.219 67.745
v 311.393 -310.537 67.745
v 305.829 -320.054 67.745
v 315.548 -325.736 67.745
v 307.068 -321.456 62.63
v 307.363 -320.951 62.63
v 307.363 -320.951 66.03
v 307.068 -321.456 66.03
v 301.14 -292.755 11.37
v 295.327 -302.699 11.37
v 295.622 -302.872 11.37
v 296.309 -301.719 11.37
v 299.196 -303.407 11.37
v 302.703 -297.408 11.37
v 325.671 -310.836 11.37
v 323.656 -314.283 11.37
v 324.234 -314.621 11.37
v 327.879 -308.387 11.37
v 320.856 -316.655 62.63
v 321.909 -317.27 62.63
v 321.909 -317.27 15.7
v 322.488 -317.609 15.7
v 322.488 -317.609 65.055
v 320.856 -316.655 65.055
v 326.452 -321.169 60.655
v 321.368 -318.196 60.655
v 313.887 -330.991 60.655
v 318.971 -333.963 60.655
v 314.89 -332.656 15.7
v 315.373 -331.859 15.7
v 313.887 -330.991 15.7
v 313.417 -331.795 15.7
v 311.534 -335.016 15.7
v 312.337 -333.642 15.7
v 312.337 -333.642 62.63
v 311.534 -335.016 62.63
v 323.874 -317.834 15.7
v 323.056 -319.183 15.7
v 323.056 -319.183 3.29
v 323.874 -317.834 3.29
v 313.417 -331.795 15.7
v 313.417 -331.795 62.63
v 311.933 -330.927 62.63
v 311.933 -330.927 65.73
v 314.89 -332.656 65.73
v 314.89 -332.656 15.7
v 313.781 -334.486 65.73
v 313.781 -334.486 15.7
v 312.482 -336.629 15.7
v 312.482 -336.629 3.29
v 315.373 -331.859 3.29
v 315.373 -331.859 15.7
v 314.89 -332.656 15.7
v 314.89 -332.656 65.73
v 311.933 -330.927 65.73
v 311.933 -330.927 62.63
v 310.853 -332.774 62.63
v 310.853 -332.774 65.73
v 315.548 -325.736 67.745
v 315.548 -325.736 62.63
v 320.856 -316.655 62.63
v 320.856 -316.655 65.055
v 321.111 -316.219 65.055
v 321.111 -316.219 67.745
v 288.567 -321.588 62.63
v 288.566 -321.588 15.7
v 311.534 -335.016 15.7
v 311.534 -335.016 62.63
v 322.743 -317.173 3.29
v 323.874 -317.834 3.29
v 323.056 -319.183 3.29
v 326.452 -321.169 3.29
v 318.972 -333.963 3.29
v 315.373 -331.859 3.29
v 312.482 -336.629 3.29
v 285.067 -320.603 3.29
v 295.622 -302.872 3.29
v 295.327 -302.699 3.29
v 301.14 -292.755 3.29
v 327.879 -308.387 3.29
v 311.128 -310.991 62.63
v 311.128 -310.991 66.03
v 305.829 -320.054 66.03
v 305.829 -320.054 67.745
v 311.393 -310.537 67.745
v 311.393 -310.537 62.63
v 322.743 -317.173 15.7
v 322.743 -317.173 3.29
v 327.879 -308.387 3.29
v 327.879 -308.387 11.37
v 324.234 -314.621 11.37
v 324.234 -314.621 65.055
v 322.488 -317.609 65.055
v 322.488 -317.609 15.7
v 321.909 -317.27 15.7
v 321.368 -318.196 15.7
v 323.056 -319.183 15.7
v 323.874 -317.834 15.7
v 322.743 -317.173 15.7
v 322.488 -317.609 15.7
v 311.128 -310.991 62.63
v 311.393 -310.537 62.63
v 320.938 -316.118 62.63
v 322.43 -313.566 62.63
v 323.656 -314.283 62.63
v 325.671 -310.836 62.63
v 302.703 -297.408 62.63
v 288.567 -321.588 62.63
v 311.534 -335.016 62.63
v 312.337 -333.642 62.63
v 310.853 -332.774 62.63
v 311.933 -330.927 62.63
v 313.417 -331.795 62.63
v 321.909 -317.27 62.63
v 320.856 -316.655 62.63
v 315.548 -325.736 62.63
v 307.363 -320.951 62.63
v 307.068 -321.456 62.63
v 300.408 -317.563 62.63
v 306.002 -307.994 62.63
v 323.056 -319.183 3.29
v 323.056 -319.183 15.7
v 321.368 -318.196 15.7
v 321.368 -318.196 60.655
v 326.452 -321.169 60.655
v 326.452 -321.169 3.29
v 313.781 -334.486 65.73
v 314.89 -332.656 65.73
v 311.933 -330.927 65.73
v 310.853 -332.774 65.73
v 299.196 -303.407 15.7
v 299.196 -303.407 11.37
v 296.309 -301.719 11.37
v 296.309 -301.719 15.7
v 325.671 -310.836 62.63
v 323.656 -314.283 62.63
v 323.656 -314.283 11.37
v 325.671 -310.836 11.37
v 320.938 -316.118 65.055
v 321.111 -316.219 65.055
v 320.856 -316.655 65.055
v 322.488 -317.609 65.055
v 324.234 -314.621 65.055
v 322.43 -313.566 65.055
v 306.002 -307.994 66.03
v 306.002 -307.994 62.63
v 300.408 -317.563 62.63
v 300.408 -317.563 66.03
v 313.781 -334.486 65.73
v 310.853 -332.774 65.73
v 310.853 -332.774 62.63
v 312.337 -333.642 62.63
v 312.337 -333.642 15.7
v 313.781 -334.486 15.7
v 315.548 -325.736 67.745
v 305.829 -320.054 67.745
v 305.829 -320.054 66.03
v 307.363 -320.951 66.03
v 307.363 -320.951 62.63
v 315.548 -325.736 62.63
v 322.43 -313.566 62.63
v 320.938 -316.118 62.63
v 320.938 -316.118 65.055
v 322.43 -313.566 65.055
v 299.196 -303.407 15.7
v 288.566 -321.588 15.7
v 288.567 -321.588 62.63
v 302.703 -297.408 62.63
v 302.703 -297.408 11.37
v 299.196 -303.407 11.37
v 323.874 -317.834 15.7
v 323.874 -317.834 3.29
v 322.743 -317.173 3.29
v 322.743 -317.173 15.7
v 295.327 -302.699 3.29
v 295.622 -302.872 3.29
v 295.622 -302.872 11.37
v 295.327 -302.699 11.37
v 325.671 -310.836 62.63
v 325.671 -310.836 11.37
v 302.703 -297.408 11.37
v 302.703 -297.408 62.63
v 301.14 -292.755 11.37
v 327.879 -308.387 11.37
v 327.879 -308.387 3.29
v 301.14 -292.755 3.29
v 307.363 -320.951 66.03
v 305.829 -320.054 66.03
v 311.128 -310.991 66.03
v 306.002 -307.994 66.03
v 300.408 -317.563 66.03
v 307.068 -321.456 66.03
v 313.887 -330.991 15.7
v 313.887 -330.991 60.655
v 321.368 -318.196 60.655
v 321.368 -318.196 15.7
v 321.909 -317.27 15.7
v 321.909 -317.27 62.63
v 313.417 -331.795 62.63
v 313.417 -331.795 15.7
v 312.482 -336.629 15.7
v 285.067 -320.603 15.7
v 285.067 -320.603 3.29
v 312.482 -336.629 3.29
v 306.002 -307.994 66.03
v 311.128 -310.991 66.03
v 311.128 -310.991 62.63
v 306.002 -307.994 62.63
v 295.327 -302.699 11.37
v 301.14 -292.755 11.37
v 301.14 -292.755 3.29
v 295.327 -302.699 3.29
v 300.408 -317.563 66.03
v 300.408 -317.563 62.63
v 307.068 -321.456 62.63
v 307.068 -321.456 66.03
v 323.656 -314.283 11.37
v 323.656 -314.283 62.63
v 322.43 -313.566 62.63
v 322.43 -313.566 65.055
v 324.234 -314.621 65.055
v 324.234 -314.621 11.37
v 321.111 -316.219 65.055
v 320.938 -316.118 65.055
v 320.938 -316.118 62.63
v 311.393 -310.537 62.63
v 311.393 -310.537 67.745
v 321.111 -316.219 67.745
v 288.566 -321.588 15.7
v 299.196 -303.407 15.7
v 296.309 -301.719 15.7
v 285.067 -320.603 15.7
v 312.482 -336.629 15.7
v 313.781 -334.486 15.7
v 312.337 -333.642 15.7
v 311.534 -335.016 15.7
v 326.452 -321.169 60.655
v 318.971 -333.963 60.655
v 318.972 -333.963 3.29
v 326.452 -321.169 3.29
f 19962 19966 19961
f 19966 19964 19965
f 19964 19962 19963
f 19962 19964 19966
f 19971 19972 19967
f 19967 19968 19969
f 19970 19971 19967
f 19967 19969 19970
f 19975 19976 19973
f 19973 19974 19975
f 19979 19980 19977
f 19977 19978 19979
f 19981 19982 19983
f 19984 19985 19986
f 19987 19988 19989
f 19981 19983 19984
f 19987 19989 19990
f 19981 19984 19986
f 19986 19987 19990
f 19990 19981 19986
f 19995 19996 19991
f 19992 19993 19994
f 19995 19991 19992
f 19992 19994 19995
f 19999 20000 19997
f 19997 19998 19999
f 20003 20004 20001
f 20001 20002 20003
f 20007 20008 20005
f 20005 20006 20007
f 20011 20012 20009
f 20009 20010 20011
f 20014 20018 20013
f 20017 20015 20016
f 20014 20017 20018
f 20017 20014 20015
f 20025 20026 20019
f 20020 20021 20022
f 20022 20023 20024
f 20025 20019 20020
f 20022 20024 20025
f 20025 20020 20022
f 20028 20030 20027
f 20030 20028 20029
f 20035 20036 20031
f 20031 20032 20033
f 20034 20035 20031
f 20031 20033 20034
f 20039 20040 20037
f 20037 20038 20039
f 20041 20051 20052
f 20051 20049 20050
f 20049 20047 20048
f 20046 20044 20045
f 20043 20041 20042
f 20041 20049 20051
f 20049 20046 20047
f 20046 20043 20044
f 20043 20049 20041
f 20049 20043 20046
f 20054 20058 20053
f 20057 20055 20056
f 20054 20057 20058
f 20057 20054 20055
f 20065 20066 20059
f 20060 20061 20062
f 20063 20064 20065
f 20060 20062 20063
f 20063 20065 20059
f 20059 20060 20063
f 20072 20067 20068
f 20068 20069 20070
f 20070 20071 20072
f 20072 20068 20070
f 20092 20073 20074
f 20074 20075 20076
f 20076 20077 20078
f 20080 20081 20082
f 20084 20085 20086
f 20086 20087 20088
f 20088 20089 20090
f 20092 20074 20076
f 20076 20078 20079
f 20080 20082 20083
f 20084 20086 20088
f 20092 20076 20079
f 20080 20083 20084
f 20084 20088 20090
f 20091 20092 20079
f 20080 20084 20090
f 20091 20079 20080
f 20080 20090 20091
f 20094 20098 20093
f 20098 20096 20097
f 20096 20094 20095
f 20094 20096 20098
f 20101 20102 20099
f 20099 20100 20101
f 20104 20106 20103
f 20106 20104 20105
f 20109 20110 20107
f 20107 20108 20109
f 20115 20116 20111
f 20112 20113 20114
f 20115 20111 20112
f 20112 20114 20115
f 20118 20120 20117
f 20120 20118 20119
f 20125 20126 20121
f 20121 20122 20123
f 20124 20125 20121
f 20121 20123 20124
f 20131 20132 20127
f 20127 20128 20129
f 20130 20131 20127
f 20127 20129 20130
f 20134 20136 20133
f 20136 20134 20135
f 20137 20141 20142
f 20141 20139 20140
f 20139 20137 20138
f 20137 20139 20141
f 20144 20146 20143
f 20146 20144 20145
f 20149 20150 20147
f 20147 20148 20149
f 20152 20154 20151
f 20154 20152 20153
f 20156 20158 20155
f 20158 20156 20157
f 20163 20164 20159
f 20160 20161 20162
f 20163 20159 20160
f 20160 20162 20163
f 20171 20172 20165
f 20167 20168 20169
f 20171 20165 20166
f 20167 20169 20170
f 20170 20171 20166
f 20166 20167 20170
f 20175 20176 20173
f 20173 20174 20175
f 20178 20180 20177
f 20180 20178 20179
f 20182 20184 20181
f 20184 20182 20183
f 20187 20188 20185
f 20185 20186 20187
f 20190 20194 20189
f 20193 20191 20192
f 20190 20193 20194
f 20193 20190 20191
f 20196 20200 20195
f 20200 20198 20199
f 20198 20196 20197
f 20196 20198 20200
f 20201 20202 20203
f 20205 20206 20207
f 20201 20203 20204
f 20205 20207 20208
f 20208 20201 20204
f 20204 20205 20208
f 20211 20212 20209
f 20209 20210 20211
o bldg_09b01193-f0f4-4a1a-a987-c71668c62a8b
v 109.175 -108.769 4.582
v 114.526 -109.154 4.582
v 114.526 -109.154 2.797
v 109.175 -108.769 2.797
v 114.526 -109.154 4.582
v 117.009 -110.702 4.582
v 117.009 -110.702 2.797
v 114.526 -109.154 2.797
v 109.175 -108.769 2.797
v 114.526 -109.154 2.797
v 117.009 -110.702 2.797
v 115.164 -113.659 2.797
v 113.353 -112.53 2.797
v 107.055 -112.128 2.797
v 113.353 -112.53 4.582
v 115.164 -113.659 4.582
v 117.009 -110.702 4.582
v 114.526 -109.154 4.582
v 109.175 -108.769 4.582
v 107.055 -112.128 4.582
v 113.353 -112.53 4.582
v 107.055 -112.128 4.582
v 107.055 -112.128 2.797
v 113.353 -112.53 2.797
v 117.009 -110.702 4.582
v 115.164 -113.659 4.582
v 115.164 -113.659 2.797
v 117.009 -110.702 2.797
v 115.164 -113.659 4.582
v 113.353 -112.53 4.582
v 113.353 -112.53 2.797
v 115.164 -113.659 2.797
v 107.055 -112.128 4.582
v 109.175 -108.769 4.582
v 109.175 -108.769 2.797
v 107.055 -112.128 2.797
f 20214 20216 20213
f 20216 20214 20215
f 20218 20220 20217
f 20220 20218 20219
f 20222 20226 20221
f 20225 20223 20224
f 20223 20226 20222
f 20226 20223 20225
f 20231 20232 20227
f 20227 20228 20229
f 20229 20230 20231
f 20231 20227 20229
f 20235 20236 20233
f 20233 20234 20235
f 20239 20240 20237
f 20237 20238 20239
f 20243 20244 20241
f 20241 20242 20243
f 20246 20248 20245
f 20248 20246 20247
o bldg_d8c40d27-f72d-4563-9833-01ee6ae94275
v 203.006 -238.056 3.282
v 206.562 -232.442 3.282
v 221.292 -241.773 3.282
v 217.736 -247.386 3.282
v 211.513 -257.211 3.282
v 196.783 -247.88 3.282
v 201.563 -247.564 38.509
v 201.563 -247.564 33.419
v 203.948 -243.799 33.419
v 203.948 -243.799 38.509
v 203.948 -243.799 38.509
v 200.68 -241.728 38.509
v 198.295 -245.493 38.509
v 201.563 -247.564 38.509
v 211.513 -257.211 3.282
v 217.736 -247.386 3.282
v 221.292 -241.773 3.282
v 221.292 -241.773 23.244
v 217.736 -247.386 33.419
v 211.513 -257.211 33.419
v 198.295 -245.493 38.509
v 198.295 -245.493 33.419
v 201.563 -247.564 33.419
v 201.563 -247.564 38.509
v 206.562 -232.442 23.244
v 221.292 -241.773 23.244
v 221.292 -241.773 3.282
v 206.562 -232.442 3.282
v 217.736 -247.386 33.419
v 221.292 -241.773 23.244
v 206.562 -232.442 23.244
v 203.006 -238.056 33.419
v 200.68 -241.728 33.419
v 203.006 -238.056 33.419
v 206.562 -232.442 23.244
v 206.562 -232.442 3.282
v 203.006 -238.056 3.282
v 196.783 -247.88 3.282
v 196.783 -247.88 33.419
v 198.295 -245.493 33.419
v 198.295 -245.493 38.509
v 200.68 -241.728 38.509
v 203.948 -243.799 38.509
v 203.948 -243.799 33.419
v 200.68 -241.728 33.419
v 200.68 -241.728 38.509
v 200.68 -241.728 33.419
v 203.948 -243.799 33.419
v 201.563 -247.564 33.419
v 198.295 -245.493 33.419
v 196.783 -247.88 33.419
v 211.513 -257.211 33.419
v 217.736 -247.386 33.419
v 203.006 -238.056 33.419
v 211.513 -257.211 33.419
v 196.783 -247.88 33.419
v 196.783 -247.88 3.282
v 211.513 -257.211 3.282
f 20250 20254 20249
f 20254 20252 20253
f 20252 20250 20251
f 20250 20252 20254
f 20257 20258 20255
f 20255 20256 20257
f 20261 20262 20259
f 20259 20260 20261
f 20267 20268 20263
f 20263 20264 20265
f 20265 20266 20267
f 20267 20263 20265
f 20271 20272 20269
f 20269 20270 20271
f 20274 20276 20273
f 20276 20274 20275
f 20278 20280 20277
f 20280 20278 20279
f 20281 20289 20290
f 20288 20286 20287
f 20286 20284 20285
f 20284 20282 20283
f 20281 20288 20289
f 20288 20284 20286
f 20284 20281 20282
f 20281 20284 20288
f 20292 20294 20291
f 20294 20292 20293
f 20301 20302 20295
f 20297 20298 20299
f 20299 20300 20301
f 20301 20295 20296
f 20297 20299 20301
f 20301 20296 20297
f 20305 20306 20303
f 20303 20304 20305
o bldg_315a166b-18a0-4140-8755-607f841f7cc4
v 221.488 -270.175 31.326
v 209.801 -262.502 31.326
v 209.801 -262.502 26.656
v 221.488 -270.175 26.656
v 221.266 -270.512 3.515
v 221.266 -270.512 23.176
v 219.523 -273.167 23.176
v 218.357 -274.944 23.176
v 218.357 -274.944 20.091
v 220.019 -272.411 20.091
v 220.019 -272.411 3.515
v 206.296 -270.855 17.071
v 206.296 -270.855 15.481
v 215.153 -276.67 15.481
v 215.153 -276.67 17.071
v 218.176 -272.283 26.656
v 218.176 -272.283 23.176
v 219.523 -273.167 23.176
v 219.523 -273.167 26.656
v 219.405 -264.374 3.515
v 223.522 -267.077 3.515
v 222.429 -268.742 3.515
v 221.266 -270.512 3.515
v 220.019 -272.411 3.515
v 215.343 -279.533 3.515
v 203.656 -271.86 3.515
v 206.695 -267.232 3.515
v 207.862 -265.455 3.515
v 209.801 -262.502 3.515
v 211.727 -259.568 3.515
v 213.081 -257.505 3.515
v 216.384 -259.674 3.515
v 215.138 -261.572 3.515
v 215.698 -261.94 3.515
v 217.095 -259.812 3.515
v 220.802 -262.246 3.515
v 218.967 -271.078 26.656
v 218.967 -271.078 23.176
v 218.176 -272.283 23.176
v 218.176 -272.283 26.656
v 209.378 -266.451 26.656
v 209.378 -266.451 23.176
v 210.143 -265.285 23.176
v 210.143 -265.285 26.656
v 208.215 -268.23 23.176
v 208.215 -268.23 20.091
v 208.982 -267.063 20.091
v 208.982 -267.063 23.176
v 217.095 -259.812 38.976
v 220.802 -262.246 38.976
v 220.802 -262.246 3.515
v 217.095 -259.812 3.515
v 222.429 -268.742 3.515
v 222.429 -268.742 26.656
v 221.488 -270.175 26.656
v 219.523 -273.167 26.656
v 219.523 -273.167 23.176
v 221.266 -270.512 23.176
v 221.266 -270.512 3.515
v 214.359 -277.879 17.071
v 214.359 -277.879 15.481
v 215.806 -278.829 15.481
v 215.806 -278.829 17.071
v 217.026 -274.07 23.176
v 218.357 -274.944 23.176
v 219.523 -273.167 23.176
v 218.176 -272.283 23.176
v 218.967 -271.078 23.176
v 210.143 -265.285 23.176
v 209.378 -266.451 23.176
v 207.862 -265.455 23.176
v 206.695 -267.232 23.176
v 208.215 -268.23 23.176
v 208.982 -267.063 23.176
v 217.817 -272.864 23.176
v 215.343 -279.533 15.481
v 203.656 -271.86 15.481
v 203.656 -271.86 3.515
v 215.343 -279.533 3.515
v 211.727 -259.568 3.515
v 211.727 -259.568 30.181
v 211.835 -259.403 30.181
v 213.081 -257.505 30.181
v 213.081 -257.505 3.515
v 209.378 -266.451 26.656
v 207.862 -265.455 26.656
v 207.862 -265.455 23.176
v 209.378 -266.451 23.176
v 214.565 -263.666 38.976
v 214.565 -263.666 31.326
v 218.272 -266.1 31.326
v 218.272 -266.1 38.976
v 209.801 -262.502 3.515
v 207.862 -265.455 3.515
v 207.862 -265.455 23.176
v 207.862 -265.455 26.656
v 209.801 -262.502 26.656
v 217.026 -274.07 23.176
v 217.026 -274.07 20.091
v 218.357 -274.944 20.091
v 218.357 -274.944 23.176
v 203.656 -271.86 15.481
v 204.144 -271.117 15.481
v 204.144 -271.117 17.071
v 205.446 -269.135 17.071
v 205.446 -269.135 20.091
v 206.695 -267.232 20.091
v 206.695 -267.232 17.071
v 206.695 -267.232 3.515
v 203.656 -271.86 3.515
v 207.614 -268.885 20.091
v 207.614 -268.885 17.071
v 216.46 -274.693 17.071
v 216.46 -274.693 20.091
v 215.806 -278.829 15.481
v 214.359 -277.879 15.481
v 215.153 -276.67 15.481
v 206.296 -270.855 15.481
v 205.527 -272.026 15.481
v 204.144 -271.117 15.481
v 203.656 -271.86 15.481
v 215.343 -279.533 15.481
v 210.143 -265.285 26.656
v 210.143 -265.285 23.176
v 218.967 -271.078 23.176
v 218.967 -271.078 26.656
v 220.802 -262.246 3.515
v 220.802 -262.246 38.976
v 218.272 -266.1 38.976
v 218.272 -266.1 31.326
v 219.405 -264.374 31.326
v 219.405 -264.374 3.515
v 215.343 -279.533 3.515
v 220.019 -272.411 3.515
v 220.019 -272.411 20.091
v 218.357 -274.944 20.091
v 217.108 -276.846 20.091
v 217.108 -276.846 17.071
v 215.806 -278.829 17.071
v 215.806 -278.829 15.481
v 215.343 -279.533 15.481
v 205.446 -269.135 20.091
v 205.446 -269.135 17.071
v 206.846 -270.055 17.071
v 206.846 -270.055 20.091
v 215.138 -261.572 3.515
v 215.138 -261.572 30.181
v 211.835 -259.403 30.181
v 211.835 -259.403 31.326
v 215.698 -261.94 31.326
v 215.698 -261.94 3.515
v 216.384 -259.674 30.181
v 215.138 -261.572 30.181
v 215.138 -261.572 3.515
v 216.384 -259.674 3.515
v 215.667 -275.9 20.091
v 215.667 -275.9 17.071
v 217.108 -276.846 17.071
v 217.108 -276.846 20.091
v 216.384 -259.674 30.181
v 213.081 -257.505 30.181
v 211.835 -259.403 30.181
v 215.138 -261.572 30.181
v 217.817 -272.864 23.176
v 217.817 -272.864 20.091
v 217.026 -274.07 20.091
v 217.026 -274.07 23.176
v 220.802 -262.246 38.976
v 217.095 -259.812 38.976
v 214.565 -263.666 38.976
v 218.272 -266.1 38.976
v 208.215 -268.23 23.176
v 206.695 -267.232 23.176
v 206.695 -267.232 17.071
v 206.695 -267.232 20.091
v 208.215 -268.23 20.091
v 215.153 -276.67 17.071
v 215.153 -276.67 15.481
v 214.359 -277.879 15.481
v 214.359 -277.879 17.071
v 217.095 -259.812 3.515
v 215.698 -261.94 3.515
v 215.698 -261.94 31.326
v 214.565 -263.666 31.326
v 214.565 -263.666 38.976
v 217.095 -259.812 38.976
v 208.982 -267.063 23.176
v 208.982 -267.063 20.091
v 217.817 -272.864 20.091
v 217.817 -272.864 23.176
v 223.522 -267.077 31.326
v 221.488 -270.175 31.326
v 221.488 -270.175 26.656
v 222.429 -268.742 26.656
v 222.429 -268.742 3.515
v 223.522 -267.077 3.515
v 213.081 -257.505 30.181
v 216.384 -259.674 30.181
v 216.384 -259.674 3.515
v 213.081 -257.505 3.515
v 209.801 -262.502 3.515
v 209.801 -262.502 26.656
v 209.801 -262.502 31.326
v 211.835 -259.403 31.326
v 211.835 -259.403 30.181
v 211.727 -259.568 30.181
v 211.727 -259.568 3.515
v 204.144 -271.117 17.071
v 204.144 -271.117 15.481
v 205.527 -272.026 15.481
v 205.527 -272.026 17.071
v 218.176 -272.283 26.656
v 219.523 -273.167 26.656
v 221.488 -270.175 26.656
v 209.801 -262.502 26.656
v 207.862 -265.455 26.656
v 209.378 -266.451 26.656
v 210.143 -265.285 26.656
v 218.967 -271.078 26.656
v 215.667 -275.9 20.091
v 217.108 -276.846 20.091
v 218.357 -274.944 20.091
v 217.026 -274.07 20.091
v 217.817 -272.864 20.091
v 208.982 -267.063 20.091
v 208.215 -268.23 20.091
v 206.695 -267.232 20.091
v 205.446 -269.135 20.091
v 206.846 -270.055 20.091
v 207.614 -268.885 20.091
v 216.46 -274.693 20.091
v 223.522 -267.077 3.515
v 219.405 -264.374 3.515
v 219.405 -264.374 31.326
v 223.522 -267.077 31.326
v 205.527 -272.026 17.071
v 205.527 -272.026 15.481
v 206.296 -270.855 15.481
v 206.296 -270.855 17.071
v 206.846 -270.055 20.091
v 206.846 -270.055 17.071
v 207.614 -268.885 17.071
v 207.614 -268.885 20.091
v 207.862 -265.455 3.515
v 206.695 -267.232 3.515
v 206.695 -267.232 17.071
v 206.695 -267.232 23.176
v 207.862 -265.455 23.176
v 209.801 -262.502 31.326
v 221.488 -270.175 31.326
v 223.522 -267.077 31.326
v 219.405 -264.374 31.326
v 218.272 -266.1 31.326
v 214.565 -263.666 31.326
v 215.698 -261.94 31.326
v 211.835 -259.403 31.326
v 216.46 -274.693 20.091
v 216.46 -274.693 17.071
v 215.667 -275.9 17.071
v 215.667 -275.9 20.091
v 214.359 -277.879 17.071
v 215.806 -278.829 17.071
v 217.108 -276.846 17.071
v 215.667 -275.9 17.071
v 216.46 -274.693 17.071
v 207.614 -268.885 17.071
v 206.846 -270.055 17.071
v 205.446 -269.135 17.071
v 204.144 -271.117 17.071
v 205.527 -272.026 17.071
v 206.296 -270.855 17.071
v 215.153 -276.67 17.071
f 20309 20310 20307
f 20307 20308 20309
f 20316 20317 20311
f 20313 20314 20315
f 20316 20311 20312
f 20312 20313 20315
f 20315 20316 20312
f 20320 20321 20318
f 20318 20319 20320
f 20324 20325 20322
f 20322 20323 20324
f 20326 20341 20342
f 20339 20337 20338
f 20337 20335 20336
f 20333 20331 20332
f 20331 20329 20330
f 20329 20327 20328
f 20326 20340 20341
f 20339 20335 20337
f 20334 20331 20333
f 20331 20327 20329
f 20340 20335 20339
f 20335 20331 20334
f 20331 20326 20327
f 20326 20335 20340
f 20335 20326 20331
f 20344 20346 20343
f 20346 20344 20345
f 20349 20350 20347
f 20347 20348 20349
f 20353 20354 20351
f 20351 20352 20353
f 20356 20358 20355
f 20358 20356 20357
f 20364 20365 20359
f 20359 20360 20361
f 20361 20362 20363
f 20364 20359 20361
f 20361 20363 20364
f 20368 20369 20366
f 20366 20367 20368
f 20381 20370 20371
f 20371 20372 20373
f 20373 20374 20375
f 20376 20377 20378
f 20378 20379 20380
f 20381 20371 20373
f 20373 20375 20376
f 20376 20378 20380
f 20380 20381 20373
f 20373 20376 20380
f 20384 20385 20382
f 20382 20383 20384
f 20387 20390 20386
f 20390 20388 20389
f 20388 20390 20387
f 20393 20394 20391
f 20391 20392 20393
f 20397 20398 20395
f 20395 20396 20397
f 20400 20403 20399
f 20403 20401 20402
f 20401 20403 20400
f 20406 20407 20404
f 20404 20405 20406
f 20409 20416 20408
f 20416 20414 20415
f 20414 20412 20413
f 20411 20409 20410
f 20409 20414 20416
f 20414 20411 20412
f 20411 20414 20409
f 20419 20420 20417
f 20417 20418 20419
f 20427 20428 20421
f 20422 20423 20424
f 20425 20426 20427
f 20427 20421 20422
f 20422 20424 20425
f 20425 20427 20422
f 20431 20432 20429
f 20429 20430 20431
f 20437 20438 20433
f 20434 20435 20436
f 20437 20433 20434
f 20434 20436 20437
f 20446 20447 20439
f 20439 20440 20441
f 20442 20443 20444
f 20444 20445 20446
f 20446 20439 20441
f 20441 20442 20444
f 20444 20446 20441
f 20450 20451 20448
f 20448 20449 20450
f 20453 20457 20452
f 20456 20454 20455
f 20453 20456 20457
f 20456 20453 20454
f 20460 20461 20458
f 20458 20459 20460
f 20464 20465 20462
f 20462 20463 20464
f 20468 20469 20466
f 20466 20467 20468
f 20471 20473 20470
f 20473 20471 20472
f 20476 20477 20474
f 20474 20475 20476
f 20481 20482 20478
f 20479 20480 20481
f 20481 20478 20479
f 20484 20486 20483
f 20486 20484 20485
f 20488 20492 20487
f 20492 20490 20491
f 20489 20492 20488
f 20492 20489 20490
f 20495 20496 20493
f 20493 20494 20495
f 20501 20502 20497
f 20497 20498 20499
f 20500 20501 20497
f 20497 20499 20500
f 20504 20506 20503
f 20506 20504 20505
f 20508 20513 20507
f 20512 20510 20511
f 20510 20508 20509
f 20508 20512 20513
f 20512 20508 20510
f 20516 20517 20514
f 20514 20515 20516
f 20525 20518 20519
f 20521 20522 20523
f 20525 20519 20520
f 20521 20523 20524
f 20524 20525 20520
f 20520 20521 20524
f 20537 20526 20527
f 20527 20528 20529
f 20529 20530 20531
f 20532 20533 20534
f 20534 20535 20536
f 20537 20527 20529
f 20529 20531 20532
f 20532 20534 20536
f 20536 20537 20529
f 20529 20532 20536
f 20539 20541 20538
f 20541 20539 20540
f 20544 20545 20542
f 20542 20543 20544
f 20548 20549 20546
f 20546 20547 20548
f 20551 20554 20550
f 20554 20552 20553
f 20552 20554 20551
f 20561 20562 20555
f 20556 20557 20558
f 20560 20561 20555
f 20556 20558 20559
f 20559 20560 20555
f 20555 20556 20559
f 20564 20566 20563
f 20566 20564 20565
f 20578 20567 20568
f 20568 20569 20570
f 20570 20571 20572
f 20573 20574 20575
f 20575 20576 20577
f 20578 20568 20570
f 20570 20572 20573
f 20573 20575 20577
f 20577 20578 20570
f 20570 20573 20577
o bldg_f73bda3f-4ba3-455a-ae73-3641cee09936
v 65.694 -238.432 34.058
v 70.897 -241.682 34.058
v 75.14 -234.891 34.058
v 69.937 -231.641 34.058
v 80.957 -207.819 19.333
v 93.785 -215.836 19.333
v 93.786 -215.836 3.562
v 80.957 -207.819 3.562
v 75.746 -244.711 27.888
v 70.897 -241.682 27.888
v 70.897 -241.682 34.058
v 65.694 -238.432 34.058
v 65.694 -238.432 24.148
v 65.694 -238.432 3.562
v 75.746 -244.711 3.562
v 75.14 -234.891 34.058
v 75.14 -234.891 27.888
v 69.937 -231.641 27.888
v 69.937 -231.641 34.058
v 71.304 -223.27 31.753
v 71.304 -223.27 27.888
v 74.378 -225.19 27.888
v 74.378 -225.19 31.753
v 62.509 -236.442 24.148
v 65.694 -238.432 24.148
v 69.77 -231.908 24.148
v 66.992 -230.172 24.148
v 67.159 -229.905 24.148
v 66.752 -229.65 24.148
v 66.752 -229.65 24.148
v 67.159 -229.905 24.148
v 67.159 -229.905 3.562
v 66.752 -229.65 3.562
v 62.509 -236.442 3.562
v 65.694 -238.432 3.562
v 65.694 -238.432 24.148
v 62.509 -236.442 24.148
v 80.4 -215.549 31.753
v 74.378 -225.19 31.753
v 74.378 -225.19 27.888
v 80.4 -215.549 27.888
v 90.579 -220.968 27.888
v 93.785 -215.836 19.333
v 80.957 -207.819 19.333
v 77.749 -212.953 27.888
v 77.327 -213.629 31.753
v 80.4 -215.549 31.753
v 80.4 -215.549 27.888
v 77.327 -213.629 27.888
v 75.746 -244.711 27.888
v 90.579 -220.968 27.888
v 77.749 -212.953 27.888
v 77.327 -213.629 27.888
v 80.4 -215.549 27.888
v 74.378 -225.19 27.888
v 71.304 -223.27 27.888
v 66.992 -230.172 27.888
v 69.77 -231.908 27.888
v 69.937 -231.641 27.888
v 75.14 -234.891 27.888
v 70.897 -241.682 27.888
v 66.992 -230.172 27.888
v 66.992 -230.172 24.148
v 69.77 -231.908 24.148
v 69.77 -231.908 27.888
v 93.785 -215.836 19.333
v 90.579 -220.968 27.888
v 75.746 -244.711 27.888
v 75.746 -244.711 3.562
v 90.579 -220.968 3.562
v 93.786 -215.836 3.562
v 70.897 -241.682 34.058
v 70.897 -241.682 27.888
v 75.14 -234.891 27.888
v 75.14 -234.891 34.058
v 71.304 -223.27 31.753
v 74.378 -225.19 31.753
v 80.4 -215.549 31.753
v 77.327 -213.629 31.753
v 65.694 -238.432 3.562
v 62.509 -236.442 3.562
v 66.752 -229.65 3.562
v 67.159 -229.905 3.562
v 77.749 -212.953 3.562
v 80.957 -207.819 3.562
v 93.786 -215.836 3.562
v 90.579 -220.968 3.562
v 75.746 -244.711 3.562
v 69.77 -231.908 24.148
v 65.694 -238.432 24.148
v 65.694 -238.432 34.058
v 69.937 -231.641 34.058
v 69.937 -231.641 27.888
v 69.77 -231.908 27.888
v 80.957 -207.819 3.562
v 77.749 -212.953 3.562
v 67.159 -229.905 3.562
v 67.159 -229.905 24.148
v 66.992 -230.172 24.148
v 66.992 -230.172 27.888
v 71.304 -223.27 27.888
v 71.304 -223.27 31.753
v 77.327 -213.629 31.753
v 77.327 -213.629 27.888
v 77.749 -212.953 27.888
v 80.957 -207.819 19.333
v 62.509 -236.442 24.148
v 66.752 -229.65 24.148
v 66.752 -229.65 3.562
v 62.509 -236.442 3.562
f 20581 20582 20579
f 20579 20580 20581
f 20584 20586 20583
f 20586 20584 20585
f 20592 20593 20587
f 20588 20589 20590
f 20591 20592 20587
f 20588 20590 20591
f 20591 20587 20588
f 20595 20597 20594
f 20597 20595 20596
f 20600 20601 20598
f 20598 20599 20600
f 20606 20607 20602
f 20602 20603 20604
f 20605 20606 20602
f 20602 20604 20605
f 20609 20611 20608
f 20611 20609 20610
f 20614 20615 20612
f 20612 20613 20614
f 20618 20619 20616
f 20616 20617 20618
f 20621 20623 20620
f 20623 20621 20622
f 20625 20627 20624
f 20627 20625 20626
f 20638 20639 20628
f 20629 20630 20631
f 20633 20634 20635
f 20635 20636 20637
f 20638 20628 20629
f 20629 20631 20632
f 20633 20635 20637
f 20637 20638 20629
f 20629 20632 20633
f 20633 20637 20629
f 20642 20643 20640
f 20640 20641 20642
f 20648 20649 20644
f 20644 20645 20646
f 20646 20647 20648
f 20648 20644 20646
f 20652 20653 20650
f 20650 20651 20652
f 20656 20657 20654
f 20654 20655 20656
f 20659 20666 20658
f 20665 20663 20664
f 20663 20661 20662
f 20661 20659 20660
f 20659 20665 20666
f 20665 20661 20663
f 20661 20665 20659
f 20668 20672 20667
f 20672 20670 20671
f 20670 20668 20669
f 20668 20670 20672
f 20674 20684 20673
f 20684 20682 20683
f 20682 20680 20681
f 20679 20677 20678
f 20676 20674 20675
f 20674 20682 20684
f 20682 20679 20680
f 20679 20676 20677
f 20676 20682 20674
f 20682 20676 20679
f 20686 20688 20685
f 20688 20686 20687
o bldg_e798931b-535f-4e7d-82ab-adb055ff98c6
v -60.084 -270.783 3.64
v -50.603 -255.846 3.64
v -41.255 -261.78 3.64
v -50.736 -276.717 3.64
v -41.255 -261.78 26.752
v -50.736 -276.717 26.752
v -50.736 -276.717 3.64
v -41.255 -261.78 3.64
v -41.255 -261.78 26.752
v -50.603 -255.846 26.752
v -60.084 -270.783 26.752
v -50.736 -276.717 26.752
v -50.603 -255.846 26.752
v -41.255 -261.78 26.752
v -41.255 -261.78 3.64
v -50.603 -255.846 3.64
v -50.736 -276.717 26.752
v -60.084 -270.783 26.752
v -60.084 -270.783 3.64
v -50.736 -276.717 3.64
v -60.084 -270.783 26.752
v -50.603 -255.846 26.752
v -50.603 -255.846 3.64
v -60.084 -270.783 3.64
f 20690 20692 20689
f 20692 20690 20691
f 20695 20696 20693
f 20693 20694 20695
f 20699 20700 20697
f 20697 20698 20699
f 20702 20704 20701
f 20704 20702 20703
f 20707 20708 20705
f 20705 20706 20707
f 20710 20712 20709
f 20712 20710 20711
o bldg_7f727bc3-1bc8-4b32-afbf-cf74dd17f28a
v 172.919 -233.773 41.896
v 176.141 -228.651 41.896
v 179.347 -224.096 33.736
v 170.311 -238.459 33.736
v 166.395 -245.471 21.856
v 179.863 -238.142 41.896
v 183.085 -233.021 41.896
v 176.141 -228.651 41.896
v 172.919 -233.773 41.896
v 159.073 -201.771 21.856
v 161.347 -212.771 33.736
v 179.347 -224.096 33.736
v 176.141 -228.651 41.896
v 183.085 -233.021 41.896
v 190.36 -221.457 21.856
v 141.452 -229.777 21.856
v 159.073 -201.771 21.856
v 159.073 -201.771 3.098
v 141.452 -229.777 3.098
v 161.347 -212.771 33.736
v 159.073 -201.771 21.856
v 141.452 -229.777 21.856
v 152.31 -227.133 33.736
v 179.863 -238.142 41.896
v 172.741 -249.464 21.856
v 172.741 -249.464 3.098
v 190.36 -221.457 3.098
v 190.36 -221.457 21.856
v 183.085 -233.021 41.896
v 141.452 -229.777 3.098
v 159.073 -201.771 3.098
v 190.36 -221.457 3.098
v 172.741 -249.464 3.098
v 152.31 -227.133 33.736
v 170.311 -238.459 33.736
v 179.347 -224.096 33.736
v 161.347 -212.771 33.736
v 141.452 -229.777 3.098
v 172.741 -249.464 3.098
v 172.741 -249.464 21.856
v 166.395 -245.471 21.856
v 141.452 -229.777 21.856
v 141.452 -229.777 21.856
v 166.395 -245.471 21.856
v 170.311 -238.459 33.736
v 152.31 -227.133 33.736
v 159.073 -201.771 21.856
v 190.36 -221.457 21.856
v 190.36 -221.457 3.098
v 159.073 -201.771 3.098
v 179.863 -238.142 41.896
v 172.919 -233.773 41.896
v 166.395 -245.471 21.856
v 172.741 -249.464 21.856
f 20713 20716 20717
f 20716 20714 20715
f 20714 20716 20713
f 20720 20721 20718
f 20718 20719 20720
f 20723 20727 20722
f 20727 20725 20726
f 20724 20727 20723
f 20727 20724 20725
f 20729 20731 20728
f 20731 20729 20730
f 20733 20735 20732
f 20735 20733 20734
f 20740 20741 20736
f 20736 20737 20738
f 20738 20739 20740
f 20740 20736 20738
f 20743 20745 20742
f 20745 20743 20744
f 20748 20749 20746
f 20746 20747 20748
f 20753 20754 20750
f 20750 20751 20752
f 20752 20753 20750
f 20757 20758 20755
f 20755 20756 20757
f 20760 20762 20759
f 20762 20760 20761
f 20765 20766 20763
f 20763 20764 20765
o bldg_22160adc-b55a-403a-b9b0-b460d6ca4303
v 155.912 90.763 3.937
v 155.849 89.469 3.937
v 155.849 89.469 0.641
v 155.912 90.763 0.641
v 135.606 102.343 3.937
v 136.303 102.807 3.937
v 136.303 102.807 0.641
v 135.606 102.343 0.641
v 136.303 102.807 3.937
v 137.552 102.846 3.937
v 137.552 102.846 0.641
v 136.303 102.807 0.641
v 129.128 90.863 3.937
v 128.638 91.191 3.937
v 128.638 91.191 0.641
v 129.128 90.863 0.641
v 128.437 91.633 3.937
v 135.606 102.343 3.937
v 135.606 102.343 0.641
v 128.437 91.633 0.641
v 137.552 102.846 3.937
v 155.912 90.763 3.937
v 155.912 90.763 0.641
v 137.552 102.846 0.641
v 136.776 102.264 3.937
v 155.849 89.469 3.937
v 155.912 90.763 3.937
v 137.552 102.846 3.937
v 136.303 102.807 3.937
v 135.606 102.343 3.937
v 128.437 91.633 3.937
v 128.638 91.191 3.937
v 129.128 90.863 3.937
v 128.638 91.191 3.937
v 128.437 91.633 3.937
v 128.437 91.633 0.641
v 128.638 91.191 0.641
v 128.638 91.191 0.641
v 128.437 91.633 0.641
v 135.606 102.343 0.641
v 136.303 102.807 0.641
v 137.552 102.846 0.641
v 155.912 90.763 0.641
v 155.849 89.469 0.641
v 136.776 102.264 0.641
v 129.128 90.863 0.641
v 155.849 89.469 3.937
v 136.776 102.264 3.937
v 136.776 102.264 0.641
v 155.849 89.469 0.641
v 136.776 102.264 3.937
v 129.128 90.863 3.937
v 129.128 90.863 0.641
v 136.776 102.264 0.641
f 20769 20770 20767
f 20767 20768 20769
f 20772 20774 20771
f 20774 20772 20773
f 20776 20778 20775
f 20778 20776 20777
f 20781 20782 20779
f 20779 20780 20781
f 20784 20786 20783
f 20786 20784 20785
f 20788 20790 20787
f 20790 20788 20789
f 20798 20799 20791
f 20791 20792 20793
f 20793 20794 20795
f 20795 20796 20797
f 20797 20798 20791
f 20791 20793 20795
f 20795 20797 20791
f 20801 20803 20800
f 20803 20801 20802
f 20805 20812 20804
f 20811 20809 20810
f 20809 20807 20808
f 20807 20805 20806
f 20805 20811 20812
f 20811 20807 20809
f 20807 20811 20805
f 20815 20816 20813
f 20813 20814 20815
f 20819 20820 20817
f 20817 20818 20819
o bldg_ed991036-ae2d-4fc1-8b16-673f3b463c8d
v 18.763 -203.521 11.709
v 7.152 -196.179 11.709
v 7.152 -196.179 3.587
v 18.763 -203.521 3.587
v 22.005 -198.394 46.854
v 22.005 -198.394 11.709
v 18.763 -203.521 11.709
v 18.763 -203.521 3.587
v 34.207 -179.096 3.587
v 34.207 -179.096 46.854
v 7.152 -196.179 11.709
v 10.394 -191.052 11.709
v 10.394 -191.052 3.587
v 7.152 -196.179 3.587
v 5.474 -169.046 48.124
v 5.474 -169.046 46.854
v 12.214 -173.309 46.854
v 12.214 -173.309 48.124
v 22.005 -198.394 46.854
v 34.207 -179.096 46.854
v 15.882 -167.509 46.854
v 12.214 -173.309 46.854
v 5.474 -169.046 46.854
v -3.061 -182.544 46.854
v 10.394 -191.052 3.587
v -3.061 -182.544 3.587
v 5.474 -169.046 3.587
v 9.141 -163.246 3.587
v 34.207 -179.096 3.587
v 18.763 -203.521 3.587
v 7.152 -196.179 3.587
v 18.763 -203.521 11.709
v 22.005 -198.394 11.709
v 10.394 -191.052 11.709
v 7.152 -196.179 11.709
v 9.141 -163.246 3.587
v 9.141 -163.246 48.124
v 15.882 -167.509 48.124
v 15.882 -167.509 46.854
v 34.207 -179.096 46.854
v 34.207 -179.096 3.587
v 10.394 -191.052 3.587
v 10.394 -191.052 11.709
v 22.005 -198.394 11.709
v 22.005 -198.394 46.854
v -3.061 -182.544 46.854
v -3.061 -182.544 3.587
v 12.214 -173.309 48.124
v 15.882 -167.509 48.124
v 9.141 -163.246 48.124
v 5.474 -169.046 48.124
v 12.214 -173.309 48.124
v 12.214 -173.309 46.854
v 15.882 -167.509 46.854
v 15.882 -167.509 48.124
v 9.141 -163.246 3.587
v 5.474 -169.046 3.587
v -3.061 -182.544 3.587
v -3.061 -182.544 46.854
v 5.474 -169.046 46.854
v 5.474 -169.046 48.124
v 9.141 -163.246 48.124
f 20823 20824 20821
f 20821 20822 20823
f 20829 20830 20825
f 20826 20827 20828
f 20829 20825 20826
f 20826 20828 20829
f 20832 20834 20831
f 20834 20832 20833
f 20837 20838 20835
f 20835 20836 20837
f 20843 20844 20839
f 20839 20840 20841
f 20842 20843 20839
f 20839 20841 20842
f 20845 20850 20851
f 20850 20848 20849
f 20847 20845 20846
f 20845 20848 20850
f 20848 20845 20847
f 20854 20855 20852
f 20852 20853 20854
f 20857 20861 20856
f 20861 20859 20860
f 20859 20857 20858
f 20857 20859 20861
f 20866 20867 20862
f 20863 20864 20865
f 20866 20862 20863
f 20863 20865 20866
f 20870 20871 20868
f 20868 20869 20870
f 20874 20875 20872
f 20872 20873 20874
f 20877 20882 20876
f 20882 20880 20881
f 20880 20878 20879
f 20878 20882 20877
f 20882 20878 20880
o bldg_015a6b9e-c659-4784-b345-cf5e327a827c
v 195.5 222.019 2.863
v 183.206 230.252 2.863
v 210.818 265.877 2.862
v 212.826 273.281 2.862
v 214.169 293.689 2.862
v 214.16 293.695 2.862
v 215.616 299.188 2.862
v 412.222 592.822 2.872
v 469.843 554.428 2.872
v 272.746 258.622 2.862
v 269.749 256.031 2.862
v 269.7 256.06 2.862
v 250.23 243.749 2.862
v 223.279 203.823 2.863
v 209.886 212.831 2.863
v 244.447 259.179 2.862
v 248.432 268.636 2.862
v 248.414 268.647 2.862
v 252.987 277.537 2.862
v 256.845 282.876 2.862
v 261.871 279.515 2.862
v 278.845 294.605 2.862
v 275.276 298.253 2.862
v 280.708 314.731 2.862
v 260.58 327.193 2.862
v 255.673 324.84 2.862
v 251.382 317.665 2.862
v 244.889 317.618 2.862
v 238.67 296.577 2.862
v 243.709 293.892 2.862
v 285.279 397.365 2.863
v 276.031 383.314 2.863
v 281.244 379.883 2.863
v 290.492 393.934 2.863
v 223.279 203.823 4.999
v 250.23 243.749 7.971
v 269.7 256.06 9.227
v 248.432 268.636 9.26
v 244.447 259.179 8.628
v 209.886 212.831 5.079
v 195.5 222.019 9.232
v 234.967 280.859 9.325
v 227.705 285.357 9.31
v 227.71 285.277 9.31
v 214.169 293.689 9.282
v 212.826 273.281 9.276
v 210.818 265.877 9.271
v 183.206 230.252 9.207
v 255.673 324.839 9.31
v 260.58 327.193 9.31
v 280.708 314.73 9.31
v 275.276 298.253 9.31
v 278.845 294.605 9.31
v 261.871 279.515 9.31
v 256.845 282.876 9.31
v 252.987 277.537 9.31
v 248.414 268.647 9.31
v 269.749 256.031 9.31
v 272.746 258.622 9.31
v 469.843 554.428 9.319
v 412.221 592.821 9.319
v 215.616 299.188 9.31
v 214.16 293.695 9.31
v 227.71 285.277 9.31
v 227.705 285.357 9.31
v 234.967 280.859 9.31
v 243.709 293.892 9.31
v 238.67 296.577 9.31
v 244.889 317.618 9.31
v 251.382 317.665 9.31
v 281.244 379.883 9.31
v 276.031 383.314 9.31
v 285.279 397.365 9.311
v 290.492 393.934 9.311
v 215.616 299.188 9.31
v 412.221 592.821 9.319
v 412.222 592.822 2.872
v 215.616 299.188 2.862
v 250.23 243.749 7.971
v 223.279 203.823 4.999
v 223.279 203.823 2.863
v 250.23 243.749 2.862
v 183.206 230.252 9.207
v 210.818 265.877 9.271
v 210.818 265.877 2.862
v 183.206 230.252 2.863
v 244.889 317.618 9.31
v 238.67 296.577 9.31
v 238.67 296.577 2.862
v 244.889 317.618 2.862
v 214.16 293.695 2.862
v 214.16 293.695 9.31
v 215.616 299.188 9.31
v 215.616 299.188 2.862
v 285.279 397.365 9.311
v 276.031 383.314 9.31
v 276.031 383.314 2.863
v 285.279 397.365 2.863
v 214.169 293.689 2.862
v 214.169 293.689 9.282
v 227.71 285.277 9.31
v 214.16 293.695 9.31
v 214.16 293.695 2.862
v 195.5 222.019 2.863
v 243.709 293.892 2.862
v 243.709 293.892 9.31
v 234.967 280.859 9.31
v 234.967 280.859 9.325
v 195.5 222.019 9.232
v 251.382 317.665 9.31
v 244.889 317.618 9.31
v 244.889 317.618 2.862
v 251.382 317.665 2.862
v 269.749 256.031 9.31
v 248.414 268.647 9.31
v 248.414 268.647 2.862
v 248.432 268.636 2.862
v 248.432 268.636 9.26
v 269.7 256.06 9.227
v 269.7 256.06 2.862
v 269.749 256.031 2.862
v 252.987 277.537 9.31
v 256.845 282.876 9.31
v 256.845 282.876 2.862
v 252.987 277.537 2.862
v 276.031 383.314 9.31
v 281.244 379.883 9.31
v 281.244 379.883 2.863
v 276.031 383.314 2.863
v 195.5 222.019 9.232
v 183.206 230.252 9.207
v 183.206 230.252 2.863
v 195.5 222.019 2.863
v 250.23 243.749 2.862
v 269.7 256.06 2.862
v 269.7 256.06 9.227
v 250.23 243.749 7.971
v 248.414 268.647 2.862
v 248.414 268.647 9.31
v 252.987 277.537 9.31
v 252.987 277.537 2.862
v 238.67 296.577 9.31
v 243.709 293.892 9.31
v 243.709 293.892 2.862
v 238.67 296.577 2.862
v 209.886 212.831 5.079
v 244.447 259.179 8.628
v 244.447 259.179 2.862
v 209.886 212.831 2.863
v 210.818 265.877 9.271
v 212.826 273.281 9.276
v 212.826 273.281 2.862
v 210.818 265.877 2.862
v 272.746 258.622 2.862
v 272.746 258.622 9.31
v 269.749 256.031 9.31
v 269.749 256.031 2.862
v 278.845 294.605 9.31
v 275.276 298.253 9.31
v 275.276 298.253 2.862
v 278.845 294.605 2.862
v 261.871 279.515 9.31
v 278.845 294.605 9.31
v 278.845 294.605 2.862
v 261.871 279.515 2.862
v 255.673 324.839 9.31
v 251.382 317.665 9.31
v 251.382 317.665 2.862
v 255.673 324.84 2.862
v 212.826 273.281 9.276
v 214.169 293.689 9.282
v 214.169 293.689 2.862
v 212.826 273.281 2.862
v 223.279 203.823 4.999
v 209.886 212.831 5.079
v 209.886 212.831 2.863
v 223.279 203.823 2.863
v 281.244 379.883 9.31
v 290.492 393.934 9.311
v 290.492 393.934 2.863
v 281.244 379.883 2.863
v 275.276 298.253 9.31
v 280.708 314.73 9.31
v 280.708 314.731 2.862
v 275.276 298.253 2.862
v 290.492 393.934 9.311
v 285.279 397.365 9.311
v 285.279 397.365 2.863
v 290.492 393.934 2.863
v 412.221 592.821 9.319
v 469.843 554.428 9.319
v 469.843 554.428 2.872
v 412.222 592.822 2.872
v 469.843 554.428 9.319
v 272.746 258.622 9.31
v 272.746 258.622 2.862
v 469.843 554.428 2.872
v 280.708 314.73 9.31
v 260.58 327.193 9.31
v 260.58 327.193 2.862
v 280.708 314.731 2.862
v 244.447 259.179 8.628
v 248.432 268.636 9.26
v 248.432 268.636 2.862
v 244.447 259.179 2.862
v 256.845 282.876 9.31
v 261.871 279.515 9.31
v 261.871 279.515 2.862
v 256.845 282.876 2.862
v 260.58 327.193 9.31
v 255.673 324.839 9.31
v 255.673 324.84 2.862
v 260.58 327.193 2.862
v 234.967 280.859 9.325
v 234.967 280.859 9.31
v 227.705 285.357 9.31
f 20889 20913 20914
f 20915 20889 20914
f 20889 20887 20888
f 20885 20883 20884
f 20883 20911 20912
f 20910 20908 20909
f 20906 20904 20905
f 20903 20901 20902
f 20901 20899 20900
f 20898 20896 20897
f 20894 20892 20893
f 20892 20890 20891
f 20890 20913 20889
f 20915 20887 20889
f 20885 20911 20883
f 20903 20899 20901
f 20899 20896 20898
f 20895 20892 20894
f 20890 20916 20913
f 20915 20886 20887
f 20886 20911 20885
f 20903 20896 20899
f 20916 20886 20915
f 20886 20910 20911
f 20904 20896 20903
f 20916 20910 20886
f 20904 20895 20896
f 20890 20910 20916
f 20904 20892 20895
f 20890 20908 20910
f 20904 20890 20892
f 20890 20907 20908
f 20906 20890 20904
f 20890 20906 20907
f 20921 20922 20917
f 20918 20919 20920
f 20920 20921 20917
f 20917 20918 20920
f 20929 20930 20923
f 20924 20925 20926
f 20926 20927 20928
f 20929 20923 20924
f 20924 20926 20928
f 20928 20929 20924
f 20944 20954 20955
f 20953 20954 20944
f 20944 20945 20946
f 20947 20948 20949
f 20951 20952 20931
f 20933 20934 20935
f 20936 20937 20938
f 20938 20939 20940
f 20940 20941 20942
f 20943 20944 20955
f 20944 20946 20947
f 20947 20949 20950
f 20936 20938 20940
f 20940 20942 20943
f 20943 20955 20956
f 20944 20947 20950
f 20935 20936 20940
f 20944 20950 20951
f 20935 20940 20943
f 20953 20944 20951
f 20933 20935 20943
f 20956 20953 20951
f 20932 20933 20943
f 20943 20956 20951
f 20931 20932 20943
f 20943 20951 20931
f 20958 20960 20957
f 20960 20958 20959
f 20963 20964 20961
f 20961 20962 20963
f 20966 20968 20965
f 20968 20966 20967
f 20971 20972 20969
f 20969 20970 20971
f 20974 20976 20973
f 20976 20974 20975
f 20979 20980 20977
f 20977 20978 20979
f 20984 20985 20981
f 20982 20983 20984
f 20984 20981 20982
f 20990 20991 20986
f 20986 20987 20988
f 20989 20990 20986
f 20986 20988 20989
f 20994 20995 20992
f 20992 20993 20994
f 21002 21003 20996
f 20997 20998 20999
f 21001 21002 20996
f 20997 20999 21000
f 21000 21001 20996
f 20996 20997 21000
f 21005 21007 21004
f 21007 21005 21006
f 21009 21011 21008
f 21011 21009 21010
f 21014 21015 21012
f 21012 21013 21014
f 21018 21019 21016
f 21016 21017 21018
f 21021 21023 21020
f 21023 21021 21022
f 21025 21027 21024
f 21027 21025 21026
f 21029 21031 21028
f 21031 21029 21030
f 21033 21035 21032
f 21035 21033 21034
f 21038 21039 21036
f 21036 21037 21038
f 21041 21043 21040
f 21043 21041 21042
f 21045 21047 21044
f 21047 21045 21046
f 21050 21051 21048
f 21048 21049 21050
f 21053 21055 21052
f 21055 21053 21054
f 21058 21059 21056
f 21056 21057 21058
f 21061 21063 21060
f 21063 21061 21062
f 21065 21067 21064
f 21067 21065 21066
f 21070 21071 21068
f 21068 21069 21070
f 21073 21075 21072
f 21075 21073 21074
f 21078 21079 21076
f 21076 21077 21078
f 21082 21083 21080
f 21080 21081 21082
f 21085 21087 21084
f 21087 21085 21086
f 21089 21091 21088
f 21091 21089 21090
f 21094 21095 21092
f 21092 21093 21094
f 21097 21098 21096
o bldg_015583ce-687d-413a-be50-9b6f584261cc
v 247.853 306.472 7.971
v 246.032 301.04 7.971
v 243.571 294.497 7.971
v 238.939 296.622 7.971
v 240.972 301.492 7.971
v 242.69 306.81 7.971
v 244.176 311.935 7.971
v 245.192 316.728 7.971
v 250.136 315.679 7.971
v 249.209 311.305 7.971
v 250.136 315.679 11.448
v 245.192 316.728 8.776
v 244.176 311.935 9.121
v 242.69 306.81 9.288
v 240.972 301.492 9.373
v 238.939 296.622 9.221
v 243.571 294.497 11.928
v 246.032 301.04 11.997
v 247.853 306.472 11.944
v 249.209 311.305 11.762
v 247.853 306.472 11.944
v 246.032 301.04 11.997
v 246.032 301.04 7.971
v 247.853 306.472 7.971
v 238.939 296.622 9.221
v 240.972 301.492 9.373
v 240.972 301.492 7.971
v 238.939 296.622 7.971
v 244.176 311.935 9.121
v 245.192 316.728 8.776
v 245.192 316.728 7.971
v 244.176 311.935 7.971
v 249.209 311.305 11.762
v 247.853 306.472 11.944
v 247.853 306.472 7.971
v 249.209 311.305 7.971
v 250.136 315.679 11.448
v 249.209 311.305 11.762
v 249.209 311.305 7.971
v 250.136 315.679 7.971
v 242.69 306.81 9.288
v 244.176 311.935 9.121
v 244.176 311.935 7.971
v 242.69 306.81 7.971
v 243.571 294.497 11.928
v 238.939 296.622 9.221
v 238.939 296.622 7.971
v 243.571 294.497 7.971
v 246.032 301.04 11.997
v 243.571 294.497 11.928
v 243.571 294.497 7.971
v 246.032 301.04 7.971
v 240.972 301.492 9.373
v 242.69 306.81 9.288
v 242.69 306.81 7.971
v 240.972 301.492 7.971
v 245.192 316.728 8.776
v 250.136 315.679 11.448
v 250.136 315.679 7.971
v 245.192 316.728 7.971
f 21100 21108 21099
f 21108 21106 21107
f 21103 21101 21102
f 21101 21108 21100
f 21108 21105 21106
f 21104 21101 21103
f 21101 21105 21108
f 21105 21101 21104
f 21117 21118 21109
f 21109 21110 21111
f 21113 21114 21115
f 21115 21116 21117
f 21117 21109 21111
f 21112 21113 21115
f 21115 21117 21111
f 21111 21112 21115
f 21121 21122 21119
f 21119 21120 21121
f 21124 21126 21123
f 21126 21124 21125
f 21128 21130 21127
f 21130 21128 21129
f 21133 21134 21131
f 21131 21132 21133
f 21137 21138 21135
f 21135 21136 21137
f 21140 21142 21139
f 21142 21140 21141
f 21145 21146 21143
f 21143 21144 21145
f 21149 21150 21147
f 21147 21148 21149
f 21152 21154 21151
f 21154 21152 21153
f 21156 21158 21155
f 21158 21156 21157
o bldg_c61bcb7a-e9f0-41b6-a9b9-63aadd690987
v 258.101 283.685 7.93
v 274.631 298.0 7.93
v 278.225 294.35 7.93
v 261.678 280.02 7.93
v 278.225 294.35 9.167
v 274.631 298.0 11.814
v 258.101 283.685 11.8
v 261.678 280.02 9.153
v 278.225 294.35 9.167
v 261.678 280.02 9.153
v 261.678 280.02 7.93
v 278.225 294.35 7.93
v 261.678 280.02 9.153
v 258.101 283.685 11.8
v 258.101 283.685 7.93
v 261.678 280.02 7.93
v 258.101 283.685 11.8
v 274.631 298.0 11.814
v 274.631 298.0 7.93
v 258.101 283.685 7.93
v 274.631 298.0 11.814
v 278.225 294.35 9.167
v 278.225 294.35 7.93
v 274.631 298.0 7.93
f 21160 21162 21159
f 21162 21160 21161
f 21165 21166 21163
f 21163 21164 21165
f 21169 21170 21167
f 21167 21168 21169
f 21172 21174 21171
f 21174 21172 21173
f 21176 21178 21175
f 21178 21176 21177
f 21181 21182 21179
f 21179 21180 21181
o bldg_9e204546-f93f-4e2e-8944-dafdaac13956
v 167.107 212.192 1.899
v 170.147 216.793 1.899
v 173.699 214.447 1.899
v 171.356 210.899 1.899
v 169.854 210.378 1.899
v 171.356 210.899 5.292
v 173.699 214.447 5.292
v 170.147 216.793 5.292
v 167.107 212.192 5.292
v 169.854 210.378 5.292
v 167.107 212.192 5.292
v 170.147 216.793 5.292
v 170.147 216.793 1.899
v 167.107 212.192 1.899
v 173.699 214.447 5.292
v 171.356 210.899 5.292
v 171.356 210.899 1.899
v 173.699 214.447 1.899
v 169.854 210.378 5.292
v 167.107 212.192 5.292
v 167.107 212.192 1.899
v 169.854 210.378 1.899
v 171.356 210.899 5.292
v 169.854 210.378 5.292
v 169.854 210.378 1.899
v 171.356 210.899 1.899
v 170.147 216.793 5.292
v 173.699 214.447 5.292
v 173.699 214.447 1.899
v 170.147 216.793 1.899
f 21184 21187 21183
f 21187 21185 21186
f 21185 21187 21184
f 21191 21192 21188
f 21188 21189 21190
f 21190 21191 21188
f 21194 21196 21193
f 21196 21194 21195
f 21199 21200 21197
f 21197 21198 21199
f 21203 21204 21201
f 21201 21202 21203
f 21207 21208 21205
f 21205 21206 21207
f 21210 21212 21209
f 21212 21210 21211
o brid_5fb3433c-2111-4547-8e55-cdd08d2a97c5
v -202.925 7.796 20.588
v -200.397 6.386 20.588
v -197.875 10.952 20.588
v -200.403 12.361 20.588
v -200.403 12.361 20.588
v -197.875 10.952 20.588
v -197.872 10.95 2.856
v -200.399 12.359 2.855
v -200.152 6.822 2.856
v -200.156 6.824 19.158
v -198.024 10.682 19.158
v -198.021 10.68 2.856
v -197.872 10.95 2.856
v -197.875 10.952 20.588
v -200.397 6.386 20.588
v -200.394 6.384 2.856
v -200.397 6.386 20.588
v -202.925 7.796 20.588
v -202.921 7.794 2.855
v -200.394 6.384 2.856
v -202.925 7.796 20.588
v -200.403 12.361 20.588
v -200.399 12.359 2.855
v -202.921 7.794 2.855
v -198.024 10.682 19.158
v -200.156 6.824 19.158
v -199.788 6.619 19.158
v -197.642 10.469 19.158
v -198.021 10.68 2.856
v -198.024 10.682 19.158
v -197.642 10.469 19.158
v -197.641 10.468 14.543
v -197.345 10.303 14.543
v -197.342 10.302 2.856
v -197.345 10.303 14.543
v -199.491 6.453 14.543
v -199.489 6.452 2.856
v -197.342 10.302 2.856
v -200.156 6.824 19.158
v -200.152 6.822 2.856
v -199.489 6.452 2.856
v -199.491 6.453 14.543
v -199.788 6.618 14.543
v -199.788 6.619 19.158
v -199.58 5.726 5.149
v -196.813 11.046 5.149
v -196.813 11.046 2.856
v -199.58 5.726 2.856
v -196.813 11.046 5.149
v -195.71 11.597 5.149
v -195.709 11.597 2.856
v -196.813 11.046 2.856
v -195.71 11.597 5.149
v -195.585 10.513 5.149
v -195.585 10.513 2.857
v -195.709 11.597 2.856
v -195.585 10.513 5.149
v -198.395 5.071 5.149
v -198.394 5.07 2.857
v -195.585 10.513 2.857
v -198.395 5.071 5.149
v -199.479 4.612 5.149
v -199.479 4.612 2.856
v -198.394 5.07 2.857
v -199.479 4.612 5.149
v -199.58 5.726 5.149
v -199.58 5.726 2.856
v -199.479 4.612 2.856
v -199.58 5.726 5.149
v -199.227 5.657 14.544
v -196.56 10.787 14.544
v -196.813 11.046 5.149
v -196.56 10.787 14.544
v -196.152 10.99 14.544
v -196.15 10.989 14.589
v -196.003 11.063 14.589
v -195.71 11.597 5.149
v -196.813 11.046 5.149
v -195.71 11.597 5.149
v -196.003 11.063 14.589
v -195.983 10.896 14.589
v -195.982 10.895 14.544
v -195.945 10.579 14.544
v -195.585 10.513 5.149
v -195.585 10.513 5.149
v -195.945 10.579 14.544
v -198.648 5.343 14.544
v -198.395 5.071 5.149
v -198.648 5.343 14.544
v -198.759 5.296 14.544
v -198.76 5.297 14.589
v -199.177 5.121 14.589
v -199.479 4.612 5.149
v -198.395 5.071 5.149
v -199.479 4.612 5.149
v -199.177 5.121 14.589
v -199.216 5.551 14.589
v -199.218 5.552 14.544
v -199.227 5.657 14.544
v -199.58 5.726 5.149
v -174.778 -8.076 14.6
v -175.057 -7.921 14.6
v -175.033 -8.184 14.6
v -172.156 -2.391 14.6
v -171.82 -2.578 14.6
v -171.859 -2.242 14.6
v -175.436 -7.579 5.155
v -172.669 -2.259 5.155
v -172.669 -2.259 2.863
v -175.435 -7.579 2.863
v -172.669 -2.259 5.155
v -171.566 -1.708 5.155
v -171.565 -1.708 2.863
v -172.669 -2.259 2.863
v -171.566 -1.708 5.155
v -171.441 -2.792 5.155
v -171.441 -2.792 2.863
v -171.565 -1.708 2.863
v -171.441 -2.792 5.155
v -174.251 -8.234 5.155
v -174.25 -8.235 2.863
v -171.441 -2.792 2.863
v -174.251 -8.234 5.155
v -175.335 -8.693 5.155
v -175.335 -8.693 2.863
v -174.25 -8.235 2.863
v -175.335 -8.693 5.155
v -175.436 -7.579 5.155
v -175.435 -7.579 2.863
v -175.335 -8.693 2.863
v -175.083 -7.648 14.55
v -172.416 -2.518 14.55
v -172.669 -2.259 5.155
v -175.436 -7.579 5.155
v -172.416 -2.518 14.55
v -172.158 -2.39 14.55
v -172.156 -2.391 14.6
v -171.859 -2.242 14.6
v -171.566 -1.708 5.155
v -172.669 -2.259 5.155
v -171.566 -1.708 5.155
v -171.859 -2.242 14.6
v -171.82 -2.578 14.6
v -171.818 -2.579 14.55
v -171.801 -2.726 14.55
v -171.441 -2.792 5.155
v -171.801 -2.726 14.55
v -174.504 -7.963 14.55
v -174.251 -8.234 5.155
v -171.441 -2.792 5.155
v -174.504 -7.963 14.55
v -174.776 -8.078 14.55
v -174.778 -8.076 14.6
v -175.033 -8.184 14.6
v -175.335 -8.693 5.155
v -174.251 -8.234 5.155
v -175.335 -8.693 5.155
v -175.033 -8.184 14.6
v -175.057 -7.921 14.6
v -175.059 -7.92 14.55
v -175.083 -7.648 14.55
v -175.436 -7.579 5.155
v -198.76 5.297 14.589
v -199.216 5.551 14.589
v -199.177 5.121 14.589
v -196.15 10.989 14.589
v -195.983 10.896 14.589
v -196.003 11.063 14.589
v -161.542 -8.539 19.403
v -196.989 11.228 19.393
v -199.835 6.125 19.393
v -164.388 -13.642 19.403
v -164.388 -13.642 19.553
v -161.542 -8.539 19.553
v -161.542 -8.539 19.403
v -164.388 -13.642 19.403
v -199.835 6.125 19.543
v -164.388 -13.642 19.553
v -164.388 -13.642 19.403
v -199.835 6.125 19.393
v -196.989 11.228 19.543
v -199.835 6.125 19.543
v -199.835 6.125 19.393
v -196.989 11.228 19.393
v -161.542 -8.539 19.553
v -196.989 11.228 19.543
v -196.989 11.228 19.393
v -161.542 -8.539 19.403
v -200.107 6.048 19.543
v -164.311 -13.914 19.553
v -161.27 -8.461 19.553
v -197.066 11.5 19.543
v -164.388 -13.642 19.553
v -199.835 6.125 19.543
v -196.989 11.228 19.543
v -161.542 -8.539 19.553
v -174.504 -7.963 14.55
v -171.801 -2.726 14.55
v -171.818 -2.579 14.55
v -161.269 -8.462 14.553
v -164.31 -13.914 14.553
v -174.776 -8.078 14.55
v -198.648 5.343 14.544
v -195.945 10.579 14.544
v -195.982 10.895 14.544
v -172.158 -2.39 14.55
v -172.416 -2.518 14.55
v -175.083 -7.648 14.55
v -175.059 -7.92 14.55
v -198.759 5.296 14.544
v -196.56 10.787 14.544
v -199.227 5.657 14.544
v -199.218 5.552 14.544
v -200.106 6.047 14.543
v -199.788 6.618 14.543
v -199.491 6.453 14.543
v -197.345 10.303 14.543
v -197.641 10.468 14.543
v -197.065 11.5 14.543
v -196.152 10.99 14.544
v -161.269 -8.462 14.553
v -161.27 -8.461 19.553
v -164.311 -13.914 19.553
v -164.31 -13.914 14.553
v -198.759 5.296 14.544
v -175.059 -7.92 14.55
v -175.057 -7.921 14.6
v -174.778 -8.076 14.6
v -174.776 -8.078 14.55
v -164.31 -13.914 14.553
v -164.311 -13.914 19.553
v -200.107 6.048 19.543
v -200.106 6.047 14.543
v -199.218 5.552 14.544
v -199.216 5.551 14.589
v -198.76 5.297 14.589
v -197.641 10.468 14.543
v -197.642 10.469 19.158
v -199.788 6.619 19.158
v -199.788 6.618 14.543
v -200.106 6.047 14.543
v -200.107 6.048 19.543
v -197.066 11.5 19.543
v -197.065 11.5 14.543
v -197.066 11.5 19.543
v -161.27 -8.461 19.553
v -161.269 -8.462 14.553
v -171.818 -2.579 14.55
v -171.82 -2.578 14.6
v -172.156 -2.391 14.6
v -172.158 -2.39 14.55
v -195.982 10.895 14.544
v -195.983 10.896 14.589
v -196.15 10.989 14.589
v -196.152 10.99 14.544
v -197.065 11.5 14.543
v -200.152 6.822 2.856
v -200.394 6.384 2.856
v -202.921 7.794 2.855
v -200.399 12.359 2.855
v -197.872 10.95 2.856
v -198.021 10.68 2.856
v -197.342 10.302 2.856
v -199.489 6.452 2.856
v -196.813 11.046 2.856
v -195.709 11.597 2.856
v -195.585 10.513 2.857
v -198.394 5.07 2.857
v -199.479 4.612 2.856
v -199.58 5.726 2.856
v -172.669 -2.259 2.863
v -171.565 -1.708 2.863
v -171.441 -2.792 2.863
v -174.25 -8.235 2.863
v -175.335 -8.693 2.863
v -175.435 -7.579 2.863
f 21215 21216 21213
f 21213 21214 21215
f 21218 21220 21217
f 21220 21218 21219
f 21227 21228 21221
f 21223 21224 21225
f 21227 21221 21222
f 21223 21225 21226
f 21226 21227 21222
f 21222 21223 21226
f 21231 21232 21229
f 21229 21230 21231
f 21234 21236 21233
f 21236 21234 21235
f 21239 21240 21237
f 21237 21238 21239
f 21242 21246 21241
f 21246 21244 21245
f 21244 21242 21243
f 21242 21244 21246
f 21249 21250 21247
f 21247 21248 21249
f 21255 21256 21251
f 21251 21252 21253
f 21253 21254 21255
f 21255 21251 21253
f 21258 21260 21257
f 21260 21258 21259
f 21262 21264 21261
f 21264 21262 21263
f 21267 21268 21265
f 21265 21266 21267
f 21271 21272 21269
f 21269 21270 21271
f 21275 21276 21273
f 21273 21274 21275
f 21278 21280 21277
f 21280 21278 21279
f 21282 21284 21281
f 21284 21282 21283
f 21286 21290 21285
f 21290 21288 21289
f 21288 21286 21287
f 21286 21288 21290
f 21295 21296 21291
f 21291 21292 21293
f 21294 21295 21291
f 21291 21293 21294
f 21299 21300 21297
f 21297 21298 21299
f 21305 21306 21301
f 21302 21303 21304
f 21305 21301 21302
f 21302 21304 21305
f 21308 21312 21307
f 21312 21310 21311
f 21310 21308 21309
f 21308 21310 21312
f 21314 21315 21313
f 21317 21318 21316
f 21320 21322 21319
f 21322 21320 21321
f 21324 21326 21323
f 21326 21324 21325
f 21329 21330 21327
f 21327 21328 21329
f 21333 21334 21331
f 21331 21332 21333
f 21337 21338 21335
f 21335 21336 21337
f 21340 21342 21339
f 21342 21340 21341
f 21344 21346 21343
f 21346 21344 21345
f 21348 21352 21347
f 21352 21350 21351
f 21350 21348 21349
f 21348 21350 21352
f 21357 21358 21353
f 21353 21354 21355
f 21356 21357 21353
f 21353 21355 21356
f 21361 21362 21359
f 21359 21360 21361
f 21367 21368 21363
f 21364 21365 21366
f 21367 21363 21364
f 21364 21366 21367
f 21370 21374 21369
f 21374 21372 21373
f 21372 21370 21371
f 21370 21372 21374
f 21376 21377 21375
f 21379 21380 21378
f 21383 21384 21381
f 21381 21382 21383
f 21386 21388 21385
f 21388 21386 21387
f 21390 21392 21389
f 21392 21390 21391
f 21395 21396 21393
f 21393 21394 21395
f 21399 21400 21397
f 21397 21398 21399
f 21401 21406 21407
f 21405 21406 21401
f 21404 21401 21407
f 21405 21401 21402
f 21403 21404 21407
f 21408 21405 21402
f 21403 21407 21408
f 21408 21402 21403
f 21409 21413 21414
f 21413 21411 21412
f 21410 21413 21409
f 21413 21410 21411
f 21415 21421 21422
f 21419 21417 21418
f 21416 21421 21415
f 21420 21417 21419
f 21417 21421 21416
f 21421 21417 21420
f 21423 21431 21432
f 21431 21429 21430
f 21428 21426 21427
f 21426 21424 21425
f 21423 21429 21431
f 21428 21424 21426
f 21424 21429 21423
f 21429 21424 21428
f 21435 21436 21433
f 21433 21434 21435
f 21448 21437 21438
f 21440 21441 21442
f 21442 21443 21444
f 21444 21445 21446
f 21448 21438 21439
f 21440 21442 21444
f 21444 21446 21447
f 21447 21448 21439
f 21439 21440 21444
f 21444 21447 21439
f 21450 21456 21449
f 21454 21452 21453
f 21450 21455 21456
f 21454 21451 21452
f 21451 21455 21450
f 21455 21451 21454
f 21458 21468 21457
f 21468 21466 21467
f 21465 21463 21464
f 21461 21459 21460
f 21458 21466 21468
f 21465 21462 21463
f 21461 21458 21459
f 21458 21465 21466
f 21462 21458 21461
f 21458 21462 21465
f 21469 21475 21476
f 21474 21472 21473
f 21472 21470 21471
f 21469 21474 21475
f 21472 21469 21470
f 21469 21472 21474
f 21478 21482 21477
f 21482 21480 21481
f 21480 21478 21479
f 21478 21480 21482
f 21484 21488 21483
f 21488 21486 21487
f 21486 21484 21485
f 21484 21486 21488
o brid_80e3638f-a664-48c3-86d7-ba41b38e0eb0
v -284.44 57.049 16.936
v -304.887 69.226 16.931
v -305.139 68.802 15.981
v -287.786 58.467 15.986
v -284.693 56.625 15.986
v -304.574 69.752 17.776
v -304.887 69.226 16.931
v -284.44 57.049 16.936
v -284.127 57.575 17.781
v -303.101 72.225 16.931
v -282.654 60.048 16.936
v -282.311 60.624 15.986
v -302.757 72.801 15.981
v -282.654 60.048 16.936
v -303.101 72.225 16.931
v -303.526 71.512 17.776
v -283.079 59.334 17.781
v -304.129 70.498 18.256
v -283.683 58.321 18.261
v -283.079 59.334 17.781
v -303.526 71.512 17.776
v -304.129 70.498 18.256
v -304.574 69.752 17.776
v -284.127 57.575 17.781
v -283.683 58.321 18.261
v -287.786 58.467 14.986
v -287.786 58.467 15.986
v -305.139 68.802 15.981
v -305.139 68.802 14.981
v -305.139 68.802 14.981
v -305.139 68.802 15.981
v -304.887 69.226 16.931
v -304.574 69.752 17.776
v -304.129 70.498 18.256
v -303.526 71.512 17.776
v -303.101 72.225 16.931
v -302.757 72.801 15.981
v -302.757 72.801 14.981
v -282.311 60.624 14.986
v -285.404 62.466 14.986
v -302.757 72.801 14.981
v -302.757 72.801 15.981
v -282.311 60.624 15.986
v -302.757 72.801 14.981
v -285.404 62.466 14.986
v -287.786 58.467 14.986
v -305.139 68.802 14.981
v -285.402 62.465 3.021
v -282.308 60.622 3.022
v -284.69 56.623 3.022
v -287.784 58.466 3.021
v -287.784 58.466 3.021
v -287.786 58.467 14.986
v -285.404 62.466 14.986
v -285.402 62.465 3.021
v -285.404 62.466 14.986
v -282.311 60.624 14.986
v -282.308 60.622 3.022
v -285.402 62.465 3.021
v -282.308 60.622 3.022
v -282.311 60.624 14.986
v -282.311 60.624 15.986
v -282.654 60.048 16.936
v -283.079 59.334 17.781
v -283.683 58.321 18.261
v -284.127 57.575 17.781
v -284.44 57.049 16.936
v -284.693 56.625 15.986
v -284.69 56.623 3.022
v -284.69 56.623 3.022
v -284.693 56.625 15.986
v -287.786 58.467 15.986
v -287.786 58.467 14.986
v -287.784 58.466 3.021
f 21492 21493 21489
f 21489 21490 21491
f 21491 21492 21489
f 21496 21497 21494
f 21494 21495 21496
f 21499 21501 21498
f 21501 21499 21500
f 21504 21505 21502
f 21502 21503 21504
f 21508 21509 21506
f 21506 21507 21508
f 21512 21513 21510
f 21510 21511 21512
f 21516 21517 21514
f 21514 21515 21516
f 21519 21526 21518
f 21526 21524 21525
f 21524 21522 21523
f 21522 21520 21521
f 21520 21526 21519
f 21526 21522 21524
f 21522 21526 21520
f 21528 21531 21527
f 21531 21529 21530
f 21529 21531 21528
f 21533 21535 21532
f 21535 21533 21534
f 21537 21539 21536
f 21539 21537 21538
f 21541 21543 21540
f 21543 21541 21542
f 21545 21547 21544
f 21547 21545 21546
f 21556 21557 21548
f 21549 21550 21551
f 21551 21552 21553
f 21553 21554 21555
f 21555 21556 21548
f 21548 21549 21551
f 21551 21553 21555
f 21555 21548 21551
f 21561 21562 21558
f 21558 21559 21560
f 21560 21561 21558
o brid_b2ad5da4-d19a-4898-90f9-f1cec58b3c63
v -74.438 93.248 6.879
v -74.438 93.248 7.029
v -87.098 104.891 7.035
v -87.098 104.891 6.885
v -87.098 104.891 7.035
v -86.374 106.047 7.034
v -86.374 106.047 6.884
v -87.098 104.891 6.885
v -74.438 93.248 6.879
v -74.176 93.665 6.879
v -74.176 93.665 7.029
v -74.438 93.248 7.029
v -83.165 111.166 7.034
v -83.165 111.166 6.884
v -84.185 109.538 6.884
v -84.185 109.538 7.034
v -83.165 111.166 6.884
v -83.165 111.166 7.034
v -70.505 99.523 7.029
v -70.505 99.523 6.879
v -70.505 99.523 7.029
v -70.785 99.075 7.029
v -70.785 99.075 6.879
v -70.505 99.523 6.879
v -74.306 93.77 7.029
v -74.176 93.665 7.029
v -74.176 93.665 6.879
v -74.306 93.77 6.879
v -74.306 93.77 5.964
v -68.152 88.772 5.964
v -68.151 88.771 7.962
v -74.306 93.77 7.964
v -71.569 98.366 7.029
v -84.185 109.538 7.034
v -84.185 109.538 6.884
v -71.569 98.366 6.879
v -71.569 98.366 5.964
v -84.336 109.671 5.97
v -84.336 109.671 5.99
v -84.307 109.645 5.992
v -84.297 109.636 5.993
v -84.296 109.636 7.969
v -71.569 98.366 7.964
v -71.569 98.366 5.964
v -71.569 98.366 6.879
v -71.027 99.276 6.879
v -71.027 99.276 5.964
v -71.027 99.276 7.964
v -71.027 99.276 7.029
v -71.569 98.366 7.029
v -71.569 98.366 7.964
v -71.027 99.276 6.879
v -70.785 99.075 6.879
v -70.785 99.075 7.029
v -71.027 99.276 7.029
v -71.027 99.276 7.964
v -64.487 93.841 7.962
v -64.488 93.84 5.966
v -71.027 99.276 5.964
v -74.306 93.77 5.964
v -74.306 93.77 6.879
v -73.679 94.823 6.879
v -73.679 94.823 5.964
v -73.679 94.823 7.964
v -73.679 94.823 7.029
v -74.306 93.77 7.029
v -74.306 93.77 7.964
v -86.457 106.121 7.97
v -86.458 106.121 5.988
v -86.497 106.156 5.989
v -86.497 106.156 5.97
v -73.679 94.823 5.964
v -73.679 94.823 6.879
v -86.374 106.047 6.884
v -86.374 106.047 7.034
v -73.679 94.823 7.029
v -73.679 94.823 7.964
v -84.336 109.671 5.99
v -84.336 109.671 5.97
v -86.497 106.156 5.97
v -86.497 106.156 5.989
v -85.391 107.956 5.991
v -84.347 109.655 5.99
v -125.146 157.764 5.74
v -132.422 175.865 5.637
v -132.424 175.866 0.688
v -125.147 157.765 0.683
v -132.422 175.865 5.637
v -146.235 212.818 5.434
v -146.237 212.819 0.698
v -132.424 175.866 0.688
v -146.235 212.818 5.434
v -151.171 230.465 4.688
v -151.172 230.466 0.703
v -146.237 212.819 0.698
v -151.171 230.465 4.688
v -154.964 249.705 4.472
v -154.965 249.705 0.707
v -151.172 230.466 0.703
v -154.964 249.705 4.472
v -151.235 250.741 4.331
v -151.236 250.742 0.706
v -154.965 249.705 0.707
v -151.235 250.741 4.331
v -146.563 231.664 4.688
v -146.564 231.664 0.701
v -151.236 250.742 0.706
v -146.563 231.664 4.688
v -141.383 214.498 5.434
v -141.384 214.499 0.697
v -146.564 231.664 0.701
v -141.383 214.498 5.434
v -127.389 177.628 5.637
v -127.39 177.629 0.687
v -141.384 214.499 0.697
v -127.389 177.628 5.637
v -119.852 161.059 5.779
v -119.853 161.06 0.682
v -127.39 177.629 0.687
v -119.852 161.059 5.779
v -114.41 151.861 6.123
v -114.411 151.862 0.679
v -119.853 161.06 0.682
v -114.41 151.861 6.123
v -111.973 153.954 6.125
v -111.975 153.955 0.678
v -114.411 151.862 0.679
v -111.973 153.954 6.125
v -109.919 151.49 6.12
v -109.92 151.491 0.677
v -111.975 153.955 0.678
v -109.919 151.49 6.12
v -112.785 149.115 6.225
v -112.787 149.116 0.678
v -109.92 151.491 0.677
v -110.69 145.568 6.34
v -110.691 145.568 4.349
v -110.646 145.492 4.352
v -110.647 145.493 0.677
v -112.787 149.116 0.678
v -112.785 149.115 6.225
v -110.646 145.492 4.352
v -115.888 142.227 4.349
v -115.948 142.19 4.349
v -115.95 142.19 0.678
v -110.647 145.493 0.677
v -115.95 142.19 0.678
v -115.948 142.19 4.349
v -115.948 142.191 6.343
v -115.95 142.19 0.678
v -115.948 142.191 6.343
v -125.147 157.765 0.683
v -125.146 157.764 5.74
v -125.147 157.765 0.683
v -115.948 142.191 6.343
v -110.708 145.596 6.348
v -105.215 136.545 6.728
v -105.216 136.545 4.728
v -110.691 145.568 4.349
v -110.69 145.568 6.34
v -105.216 136.545 4.728
v -105.215 136.545 6.728
v -88.787 115.872 7.465
v -88.788 115.872 5.465
v -83.502 110.699 5.994
v -88.788 115.872 5.465
v -88.787 115.872 7.465
v -83.501 110.699 7.994
v -84.297 109.636 5.993
v -83.502 110.699 5.994
v -83.501 110.699 7.994
v -84.293 109.642 7.993
v -84.297 109.636 5.993
v -84.293 109.642 7.993
v -86.453 106.126 7.988
v -84.296 109.636 7.969
v -86.457 106.121 7.97
v -84.296 109.636 7.969
v -86.453 106.126 7.988
v -86.453 106.126 7.988
v -87.058 105.391 7.988
v -87.059 105.391 5.988
v -86.458 106.121 5.988
v -86.457 106.121 7.97
v -93.582 111.836 5.46
v -87.059 105.391 5.988
v -87.058 105.391 7.988
v -93.582 111.836 7.46
v -93.582 111.836 5.46
v -93.582 111.836 7.46
v -110.203 132.747 6.724
v -110.204 132.747 4.724
v -116.009 142.292 6.345
v -115.948 142.191 6.343
v -115.948 142.19 4.349
v -110.204 132.747 4.724
v -110.203 132.747 6.724
v -116.009 142.292 6.345
v -110.708 145.596 6.348
v -115.858 142.386 6.34
v -115.924 142.345 6.34
v -115.974 142.314 6.34
v -42.651 79.406 6.31
v -64.488 93.84 5.966
v -64.487 93.841 7.962
v -42.65 79.406 8.31
v -42.651 79.406 6.31
v -42.65 79.406 8.31
v -18.908 64.606 8.654
v -18.908 64.606 6.654
v -18.908 64.606 6.654
v -18.908 64.606 8.654
v 6.028 50.438 8.688
v 6.027 50.438 6.688
v 6.027 50.438 6.688
v 42.194 35.141 7.715
v 42.226 35.121 7.715
v 42.194 35.141 9.715
v 42.194 35.141 7.715
v 6.027 50.438 6.688
v 6.028 50.438 8.688
v 3.531 44.897 8.68
v 40.212 28.93 7.714
v 40.215 28.939 9.714
v 3.531 44.897 8.68
v 3.53 44.897 6.68
v 40.242 28.917 7.714
v 40.212 28.93 7.714
v 3.53 44.897 6.68
v 3.531 44.897 8.68
v -21.912 59.329 8.647
v -21.913 59.329 6.647
v -21.913 59.329 6.647
v -21.912 59.329 8.647
v -45.931 73.992 8.302
v -45.932 73.992 6.302
v -45.931 73.992 8.302
v -68.151 88.771 7.962
v -68.152 88.772 5.964
v -45.932 73.992 6.302
v 56.114 29.367 8.6
v 55.442 29.646 8.601
v 55.442 29.646 8.451
v 56.114 29.367 8.45
v 56.114 29.368 7.71
v 42.194 35.141 7.715
v 42.194 35.141 9.715
v 56.115 29.367 9.71
v 56.114 29.368 7.71
v 56.114 29.367 8.45
v 55.706 28.52 8.45
v 55.705 28.52 7.71
v 55.706 28.519 9.71
v 55.706 28.52 8.6
v 56.114 29.367 8.6
v 56.115 29.367 9.71
v 55.705 28.52 7.71
v 55.706 28.52 8.45
v 79.236 17.532 8.443
v 79.236 17.532 7.703
v 79.236 17.532 9.703
v 79.236 17.532 8.593
v 55.706 28.52 8.6
v 55.706 28.519 9.71
v 79.236 17.532 7.703
v 79.236 17.532 8.443
v 79.857 18.527 8.443
v 79.857 18.527 7.703
v 79.857 18.527 9.703
v 79.857 18.527 8.593
v 79.236 17.532 8.593
v 79.236 17.532 9.703
v 93.524 10.302 9.698
v 93.524 10.302 7.698
v 79.857 18.527 7.703
v 79.857 18.527 8.443
v 79.952 18.47 8.443
v 79.952 18.47 8.593
v 79.857 18.527 8.593
v 79.857 18.527 9.703
v 93.524 10.302 7.698
v 93.524 10.302 9.698
v 104.042 3.18 9.695
v 104.042 3.18 7.695
v 104.042 3.18 7.695
v 104.042 3.18 9.695
v 116.655 -5.051 9.69
v 116.655 -5.05 7.69
v 116.655 -5.05 7.69
v 116.655 -5.051 9.69
v 125.495 -11.469 9.687
v 125.495 -11.469 7.687
v 125.495 -11.469 7.687
v 125.495 -11.469 9.687
v 124.957 -12.255 9.687
v 124.956 -12.255 7.687
v 182.158 -54.896 8.883
v 182.158 -54.896 8.733
v 182.157 -54.896 7.668
v 124.956 -12.255 7.687
v 124.957 -12.255 9.687
v 182.158 -54.896 9.668
v 181.942 -54.736 8.733
v 181.942 -54.736 8.883
v 125.123 -12.38 8.902
v 125.123 -12.38 8.752
v 182.157 -54.896 7.668
v 182.158 -54.896 8.733
v 182.158 -54.896 8.883
v 182.158 -54.896 9.668
v 182.681 -54.176 9.668
v 182.681 -54.175 7.668
v 182.681 -54.175 7.668
v 182.681 -54.176 9.668
v 187.192 -57.419 9.667
v 187.191 -57.419 7.667
v 187.191 -57.419 7.667
v 187.192 -57.419 9.667
v 186.437 -58.508 9.667
v 186.436 -58.508 7.667
v 186.436 -58.508 7.667
v 186.437 -58.508 9.667
v 186.758 -58.727 9.667
v 186.758 -58.727 7.667
v 187.532 -57.619 7.666
v 186.758 -58.727 7.667
v 186.758 -58.727 9.667
v 187.532 -57.619 9.666
v 187.532 -57.619 8.166
v 187.532 -57.619 7.666
v 187.532 -57.619 8.166
v 191.034 -60.068 8.165
v 191.034 -60.068 7.665
v 187.566 -64.703 7.666
v 191.034 -60.068 7.665
v 191.034 -60.068 8.165
v 191.034 -60.068 9.665
v 187.566 -64.703 9.666
v 190.192 -66.618 0.569
v 188.267 -65.213 7.665
v 187.566 -64.703 7.666
v 187.566 -64.703 9.666
v 188.267 -65.214 9.665
v 187.726 -64.821 9.665
v 187.727 -64.821 12.79
v 190.195 -66.619 12.79
v 184.044 -65.826 7.666
v 185.971 -67.23 7.666
v 185.972 -67.23 9.666
v 184.044 -65.827 9.666
v 184.044 -65.826 7.666
v 184.044 -65.827 9.666
v 183.326 -63.021 9.667
v 183.326 -63.021 7.667
v 183.326 -63.021 7.667
v 183.326 -63.021 9.667
v 178.738 -59.69 9.668
v 178.738 -59.69 7.668
v 178.738 -59.69 7.668
v 178.738 -59.69 9.668
v 179.372 -58.829 9.668
v 179.372 -58.828 8.883
v 179.372 -58.828 8.733
v 179.372 -58.828 7.668
v 179.372 -58.828 8.733
v 179.372 -58.828 8.883
v 179.372 -58.829 9.668
v 122.105 -15.84 9.688
v 122.105 -15.839 7.688
v 179.372 -58.828 7.668
v 179.053 -58.589 8.883
v 179.053 -58.589 8.733
v 122.376 -16.043 8.753
v 122.376 -16.043 8.903
v 122.105 -15.839 7.688
v 122.105 -15.84 9.688
v 121.556 -16.528 9.688
v 121.556 -16.528 7.688
v 121.556 -16.528 7.688
v 121.556 -16.528 9.688
v 112.976 -10.459 9.691
v 112.976 -10.458 7.691
v 112.976 -10.458 7.691
v 112.976 -10.459 9.691
v 100.612 -2.076 9.695
v 100.612 -2.075 7.695
v 100.612 -2.075 7.695
v 100.612 -2.076 9.695
v 89.939 5.111 9.698
v 89.939 5.111 7.698
v 76.452 13.101 8.593
v 76.593 13.018 8.593
v 76.592 13.018 8.443
v 76.452 13.101 8.443
v 76.452 13.101 7.703
v 89.939 5.111 7.698
v 89.939 5.111 9.698
v 76.453 13.101 9.703
v 76.452 13.101 7.703
v 76.452 13.101 8.443
v 76.839 13.745 8.443
v 76.839 13.745 7.703
v 76.84 13.745 9.703
v 76.839 13.745 8.593
v 76.452 13.101 8.593
v 76.453 13.101 9.703
v 76.839 13.745 7.703
v 76.839 13.745 8.443
v 53.239 24.799 8.45
v 53.239 24.799 7.71
v 53.239 24.799 9.71
v 53.239 24.799 8.6
v 76.839 13.745 8.593
v 76.84 13.745 9.703
v 52.797 23.836 9.71
v 52.797 23.837 7.71
v 53.239 24.799 7.71
v 53.239 24.799 8.45
v 52.824 23.896 8.45
v 52.824 23.896 8.6
v 53.239 24.799 8.6
v 53.239 24.799 9.71
v 52.797 23.837 7.71
v 52.797 23.836 9.71
v 42.673 28.735 9.714
v 45.923 27.163 7.713
v 39.718 27.619 7.714
v 41.944 26.772 7.714
v 41.944 26.772 9.714
v 39.719 27.619 9.714
v 187.532 -57.619 9.666
v 200.724 -38.968 6.811
v 200.723 -38.967 5.311
v 187.532 -57.619 8.166
v 40.215 28.939 9.714
v 40.212 28.93 7.714
v 39.718 27.619 7.714
v 39.719 27.619 9.714
v 204.258 -41.571 6.81
v 191.034 -60.068 9.665
v 191.034 -60.068 8.165
v 204.258 -41.571 5.31
v 49.61 25.873 3.531
v 49.611 25.873 5.531
v 48.912 23.851 5.531
v 48.912 23.851 3.531
v 41.944 26.772 7.714
v 48.912 23.851 3.531
v 48.912 23.851 5.531
v 41.944 26.772 9.714
v 49.61 25.873 3.531
v 42.673 28.736 7.714
v 45.993 27.366 7.713
v 49.611 25.873 5.531
v 55.849 30.451 8.451
v 55.442 29.646 8.451
v 55.442 29.646 8.601
v 55.849 30.451 8.601
v 55.849 30.451 8.451
v 55.849 30.451 8.601
v 80.109 18.726 8.593
v 80.109 18.726 8.443
v 80.109 18.726 8.593
v 79.952 18.47 8.593
v 79.952 18.47 8.443
v 80.109 18.726 8.443
v 76.375 12.665 8.593
v 52.824 23.896 8.6
v 52.824 23.896 8.45
v 76.375 12.665 8.443
v 76.375 12.665 8.443
v 76.592 13.018 8.443
v 76.593 13.018 8.593
v 76.375 12.665 8.593
v 204.258 -41.571 6.81
v 204.258 -41.571 5.31
v 190.551 -61.027 2.595
v 190.551 -61.027 4.095
v 187.879 -64.544 2.595
v 191.324 -67.161 2.594
v 191.324 -67.162 4.094
v 187.88 -64.544 4.095
v 190.551 -61.027 2.595
v 187.879 -64.544 2.595
v 187.88 -64.544 4.095
v 190.551 -61.027 4.095
v 208.03 -44.35 6.809
v 193.996 -63.645 4.094
v 193.995 -63.645 2.594
v 208.029 -44.35 5.309
v 200.034 -68.21 1.502
v 200.034 -68.211 3.002
v 197.491 -71.58 3.002
v 197.491 -71.58 1.502
v 191.324 -67.161 2.594
v 197.491 -71.58 1.502
v 197.491 -71.58 3.002
v 191.324 -67.162 4.094
v 200.034 -68.21 1.502
v 193.995 -63.645 2.594
v 193.996 -63.645 4.094
v 200.034 -68.211 3.002
v 208.029 -44.35 5.309
v 208.525 -42.703 5.309
v 208.525 -42.703 6.809
v 208.03 -44.35 6.809
v 202.001 -38.027 5.311
v 200.723 -38.967 5.311
v 200.724 -38.968 6.811
v 202.001 -38.027 6.811
v 202.001 -38.027 5.311
v 202.001 -38.027 6.811
v 203.498 -37.572 6.811
v 203.497 -37.572 5.311
v 203.497 -37.572 5.311
v 203.498 -37.572 6.811
v 205.005 -37.587 6.81
v 205.005 -37.586 5.31
v 205.005 -37.586 5.31
v 205.005 -37.587 6.81
v 206.68 -38.371 6.81
v 206.679 -38.37 5.31
v 206.679 -38.37 5.31
v 206.68 -38.371 6.81
v 207.878 -39.704 6.809
v 207.877 -39.704 5.309
v 207.877 -39.704 5.309
v 207.878 -39.704 6.809
v 208.462 -41.232 6.809
v 208.461 -41.232 5.309
v 208.461 -41.232 5.309
v 208.462 -41.232 6.809
v 208.525 -42.703 6.809
v 208.525 -42.703 5.309
v 178.235 -59.68 8.733
v 178.235 -59.68 8.883
v 121.542 -17.155 8.903
v 121.542 -17.155 8.753
v 121.542 -17.155 8.903
v 122.376 -16.043 8.903
v 122.376 -16.043 8.753
v 121.542 -17.155 8.753
v 126.167 -10.987 8.752
v 125.123 -12.38 8.752
v 125.123 -12.38 8.902
v 126.167 -10.987 8.902
v 126.167 -10.987 8.752
v 126.167 -10.987 8.902
v 182.86 -53.512 8.883
v 182.86 -53.512 8.733
v 178.235 -59.68 8.733
v 179.053 -58.589 8.733
v 179.053 -58.589 8.883
v 178.235 -59.68 8.883
v 182.86 -53.512 8.883
v 181.942 -54.736 8.883
v 181.942 -54.736 8.733
v 182.86 -53.512 8.733
v 188.267 -65.213 7.665
v 187.724 -64.82 0.57
v 187.726 -64.821 7.665
v 187.724 -64.82 0.57
v 188.267 -65.213 7.665
v 190.192 -66.618 0.569
v 190.195 -66.619 12.79
v 188.179 -69.387 12.79
v 188.176 -69.386 0.569
v 190.192 -66.618 0.569
v 188.179 -69.387 12.79
v 185.711 -67.589 12.791
v 185.708 -67.588 0.57
v 188.176 -69.386 0.569
v 187.726 -64.821 9.665
v 185.972 -67.23 9.666
v 185.971 -67.23 7.666
v 187.726 -64.821 7.665
v 187.724 -64.82 0.57
v 185.708 -67.588 0.57
v 185.711 -67.589 12.791
v 187.727 -64.821 12.79
v 185.711 -67.589 12.791
v 188.179 -69.387 12.79
v 190.195 -66.619 12.79
v 187.727 -64.821 12.79
v -74.438 93.248 6.879
v -87.098 104.891 6.885
v -86.374 106.047 6.884
v -73.679 94.823 6.879
v -74.306 93.77 6.879
v -74.176 93.665 6.879
v -71.569 98.366 6.879
v -84.185 109.538 6.884
v -83.165 111.166 6.884
v -70.505 99.523 6.879
v -70.785 99.075 6.879
v -71.027 99.276 6.879
v -71.027 99.276 5.964
v -64.488 93.84 5.966
v -68.152 88.772 5.964
v -74.306 93.77 5.964
v -73.679 94.823 5.964
v -86.497 106.156 5.97
v -84.336 109.671 5.97
v -71.569 98.366 5.964
v -115.888 142.227 4.349
v -110.646 145.492 4.352
v -110.691 145.568 4.349
v -105.216 136.545 4.728
v -105.216 136.545 4.728
v -110.204 132.747 4.724
v -115.948 142.19 4.349
v -115.888 142.227 4.349
v -110.204 132.747 4.724
v -105.216 136.545 4.728
v -88.788 115.872 5.465
v -93.582 111.836 5.46
v -110.204 132.747 4.724
v -88.788 115.872 5.465
v -88.788 115.872 5.465
v -84.336 109.671 5.99
v -93.582 111.836 5.46
v -84.336 109.671 5.99
v -88.788 115.872 5.465
v -83.502 110.699 5.994
v -84.297 109.636 5.993
v -84.307 109.645 5.992
v -84.336 109.671 5.99
v -84.347 109.655 5.99
v -85.391 107.956 5.991
v -87.059 105.391 5.988
v -93.582 111.836 5.46
v -86.458 106.121 5.988
v -87.059 105.391 5.988
v -85.391 107.956 5.991
v -86.497 106.156 5.989
v -45.932 73.992 6.302
v -68.152 88.772 5.964
v -64.488 93.84 5.966
v -64.488 93.84 5.966
v -42.651 79.406 6.31
v -45.932 73.992 6.302
v -42.651 79.406 6.31
v -18.908 64.606 6.654
v -21.913 59.329 6.647
v -45.932 73.992 6.302
v 42.226 35.121 7.715
v 40.242 28.917 7.714
v 6.027 50.438 6.688
v 40.242 28.917 7.714
v 3.53 44.897 6.68
v 6.027 50.438 6.688
v -18.908 64.606 6.654
v 6.027 50.438 6.688
v 3.53 44.897 6.68
v -21.913 59.329 6.647
v 188.267 -65.213 7.665
v 187.726 -64.821 7.665
v 185.971 -67.23 7.666
v 184.044 -65.826 7.666
v 183.326 -63.021 7.667
v 178.738 -59.69 7.668
v 179.372 -58.828 7.668
v 122.105 -15.839 7.688
v 121.556 -16.528 7.688
v 112.976 -10.458 7.691
v 100.612 -2.075 7.695
v 89.939 5.111 7.698
v 76.452 13.101 7.703
v 76.839 13.745 7.703
v 53.239 24.799 7.71
v 52.797 23.837 7.71
v 45.923 27.163 7.713
v 45.993 27.366 7.713
v 42.673 28.736 7.714
v 41.944 26.772 7.714
v 39.718 27.619 7.714
v 40.212 28.93 7.714
v 40.242 28.917 7.714
v 42.226 35.121 7.715
v 42.194 35.141 7.715
v 56.114 29.368 7.71
v 55.705 28.52 7.71
v 79.236 17.532 7.703
v 79.857 18.527 7.703
v 93.524 10.302 7.698
v 104.042 3.18 7.695
v 116.655 -5.05 7.69
v 125.495 -11.469 7.687
v 124.956 -12.255 7.687
v 182.157 -54.896 7.668
v 182.681 -54.175 7.668
v 187.191 -57.419 7.667
v 186.436 -58.508 7.667
v 186.758 -58.727 7.667
v 187.532 -57.619 7.666
v 191.034 -60.068 7.665
v 187.566 -64.703 7.666
v 200.723 -38.967 5.311
v 191.034 -60.068 8.165
v 187.532 -57.619 8.166
v 204.258 -41.571 5.31
v 191.034 -60.068 8.165
v 200.723 -38.967 5.311
v 48.912 23.851 3.531
v 42.673 28.736 7.714
v 49.61 25.873 3.531
v 48.912 23.851 3.531
v 41.944 26.772 7.714
v 42.673 28.736 7.714
v 79.952 18.47 8.443
v 79.857 18.527 8.443
v 79.236 17.532 8.443
v 55.706 28.52 8.45
v 56.114 29.367 8.45
v 55.442 29.646 8.451
v 55.849 30.451 8.451
v 80.109 18.726 8.443
v 52.824 23.896 8.45
v 53.239 24.799 8.45
v 76.839 13.745 8.443
v 76.452 13.101 8.443
v 76.592 13.018 8.443
v 76.375 12.665 8.443
v 187.879 -64.544 2.595
v 190.551 -61.027 2.595
v 193.995 -63.645 2.594
v 191.324 -67.161 2.594
v 193.995 -63.645 2.594
v 190.551 -61.027 2.595
v 208.029 -44.35 5.309
v 190.551 -61.027 2.595
v 204.258 -41.571 5.31
v 208.029 -44.35 5.309
v 197.491 -71.58 1.502
v 191.324 -67.161 2.594
v 193.995 -63.645 2.594
v 200.034 -68.21 1.502
v 206.679 -38.37 5.31
v 207.877 -39.704 5.309
v 208.461 -41.232 5.309
v 208.525 -42.703 5.309
v 208.029 -44.35 5.309
v 204.258 -41.571 5.31
v 200.723 -38.967 5.311
v 202.001 -38.027 5.311
v 203.497 -37.572 5.311
v 205.005 -37.586 5.31
v 121.542 -17.155 8.753
v 122.376 -16.043 8.753
v 179.053 -58.589 8.733
v 178.235 -59.68 8.733
v 182.86 -53.512 8.733
v 181.942 -54.736 8.733
v 125.123 -12.38 8.752
v 126.167 -10.987 8.752
v -73.679 94.823 7.029
v -86.374 106.047 7.034
v -87.098 104.891 7.035
v -74.438 93.248 7.029
v -74.176 93.665 7.029
v -74.306 93.77 7.029
v -71.569 98.366 7.029
v -71.027 99.276 7.029
v -70.785 99.075 7.029
v -70.505 99.523 7.029
v -83.165 111.166 7.034
v -84.185 109.538 7.034
v -68.151 88.771 7.962
v -64.487 93.841 7.962
v -71.027 99.276 7.964
v -71.569 98.366 7.964
v -84.296 109.636 7.969
v -86.457 106.121 7.97
v -73.679 94.823 7.964
v -74.306 93.77 7.964
v -114.41 151.861 6.123
v -112.785 149.115 6.225
v -109.919 151.49 6.12
v -111.973 153.954 6.125
v -114.41 151.861 6.123
v -109.919 151.49 6.12
v -112.785 149.115 6.225
v -114.41 151.861 6.123
v -119.852 161.059 5.779
v -115.974 142.314 6.34
v -115.924 142.345 6.34
v -115.858 142.386 6.34
v -154.964 249.705 4.472
v -146.563 231.664 4.688
v -151.235 250.741 4.331
v -151.171 230.465 4.688
v -146.563 231.664 4.688
v -154.964 249.705 4.472
v -151.171 230.465 4.688
v -146.235 212.818 5.434
v -146.563 231.664 4.688
v -146.235 212.818 5.434
v -141.383 214.498 5.434
v -146.563 231.664 4.688
v -125.146 157.764 5.74
v -127.389 177.628 5.637
v -141.383 214.498 5.434
v -146.235 212.818 5.434
v -132.422 175.865 5.637
v -125.146 157.764 5.74
v -119.852 161.059 5.779
v -127.389 177.628 5.637
v -115.948 142.191 6.343
v -115.974 142.314 6.34
v -119.852 161.059 5.779
v -125.146 157.764 5.74
v -116.009 142.292 6.345
v -115.974 142.314 6.34
v -115.948 142.191 6.343
v -110.69 145.568 6.34
v -112.785 149.115 6.225
v -110.708 145.596 6.348
v -115.858 142.386 6.34
v -110.708 145.596 6.348
v -112.785 149.115 6.225
v -110.708 145.596 6.348
v -116.009 142.292 6.345
v -105.215 136.545 6.728
v -116.009 142.292 6.345
v -110.203 132.747 6.724
v -105.215 136.545 6.728
v -105.215 136.545 6.728
v -110.203 132.747 6.724
v -88.787 115.872 7.465
v -86.453 106.126 7.988
v -84.293 109.642 7.993
v -87.058 105.391 7.988
v -93.582 111.836 7.46
v -87.058 105.391 7.988
v -84.293 109.642 7.993
v -83.501 110.699 7.994
v -88.787 115.872 7.465
v -84.293 109.642 7.993
v -93.582 111.836 7.46
v -84.293 109.642 7.993
v -88.787 115.872 7.465
v -88.787 115.872 7.465
v -110.203 132.747 6.724
v -93.582 111.836 7.46
v -64.487 93.841 7.962
v -68.151 88.771 7.962
v -45.931 73.992 8.302
v -64.487 93.841 7.962
v -45.931 73.992 8.302
v -42.65 79.406 8.31
v -42.65 79.406 8.31
v -45.931 73.992 8.302
v -21.912 59.329 8.647
v -18.908 64.606 8.654
v 3.531 44.897 8.68
v 6.028 50.438 8.688
v -18.908 64.606 8.654
v -21.912 59.329 8.647
v 3.531 44.897 8.68
v 40.215 28.939 9.714
v 6.028 50.438 8.688
v 42.194 35.141 9.715
v 6.028 50.438 8.688
v 40.215 28.939 9.714
v 178.738 -59.69 9.668
v 183.326 -63.021 9.667
v 184.044 -65.827 9.666
v 185.972 -67.23 9.666
v 187.726 -64.821 9.665
v 188.267 -65.214 9.665
v 187.566 -64.703 9.666
v 191.034 -60.068 9.665
v 187.532 -57.619 9.666
v 186.758 -58.727 9.667
v 186.437 -58.508 9.667
v 187.192 -57.419 9.667
v 182.681 -54.176 9.668
v 182.158 -54.896 9.668
v 124.957 -12.255 9.687
v 125.495 -11.469 9.687
v 116.655 -5.051 9.69
v 104.042 3.18 9.695
v 93.524 10.302 9.698
v 79.857 18.527 9.703
v 79.236 17.532 9.703
v 55.706 28.519 9.71
v 56.115 29.367 9.71
v 42.194 35.141 9.715
v 40.215 28.939 9.714
v 39.719 27.619 9.714
v 41.944 26.772 9.714
v 42.673 28.735 9.714
v 52.797 23.836 9.71
v 53.239 24.799 9.71
v 76.84 13.745 9.703
v 76.453 13.101 9.703
v 89.939 5.111 9.698
v 100.612 -2.076 9.695
v 112.976 -10.459 9.691
v 121.556 -16.528 9.688
v 122.105 -15.84 9.688
v 179.372 -58.829 9.668
v 200.724 -38.968 6.811
v 187.532 -57.619 9.666
v 191.034 -60.068 9.665
v 200.724 -38.968 6.811
v 191.034 -60.068 9.665
v 204.258 -41.571 6.81
v 41.944 26.772 9.714
v 48.912 23.851 5.531
v 42.673 28.735 9.714
v 45.993 27.366 7.713
v 45.923 27.163 7.713
v 42.673 28.735 9.714
v 48.912 23.851 5.531
v 49.611 25.873 5.531
v 80.109 18.726 8.593
v 55.849 30.451 8.601
v 55.442 29.646 8.601
v 56.114 29.367 8.6
v 55.706 28.52 8.6
v 79.236 17.532 8.593
v 79.857 18.527 8.593
v 79.952 18.47 8.593
v 76.593 13.018 8.593
v 76.452 13.101 8.593
v 76.839 13.745 8.593
v 53.239 24.799 8.6
v 52.824 23.896 8.6
v 76.375 12.665 8.593
v 190.551 -61.027 4.095
v 187.88 -64.544 4.095
v 191.324 -67.162 4.094
v 193.996 -63.645 4.094
v 208.03 -44.35 6.809
v 190.551 -61.027 4.095
v 193.996 -63.645 4.094
v 208.03 -44.35 6.809
v 204.258 -41.571 6.81
v 190.551 -61.027 4.095
v 193.996 -63.645 4.094
v 191.324 -67.162 4.094
v 197.491 -71.58 3.002
v 200.034 -68.211 3.002
v 204.258 -41.571 6.81
v 208.03 -44.35 6.809
v 208.525 -42.703 6.809
v 208.462 -41.232 6.809
v 207.878 -39.704 6.809
v 206.68 -38.371 6.81
v 205.005 -37.587 6.81
v 203.498 -37.572 6.811
v 202.001 -38.027 6.811
v 200.724 -38.968 6.811
v 178.235 -59.68 8.883
v 179.053 -58.589 8.883
v 122.376 -16.043 8.903
v 121.542 -17.155 8.903
v 126.167 -10.987 8.902
v 125.123 -12.38 8.902
v 181.942 -54.736 8.883
v 182.86 -53.512 8.883
v -110.647 145.493 0.677
v -115.95 142.19 0.678
v -125.147 157.765 0.683
v -132.424 175.866 0.688
v -146.237 212.819 0.698
v -151.172 230.466 0.703
v -154.965 249.705 0.707
v -151.236 250.742 0.706
v -146.564 231.664 0.701
v -141.384 214.499 0.697
v -127.39 177.629 0.687
v -119.853 161.06 0.682
v -114.411 151.862 0.679
v -111.975 153.955 0.678
v -109.92 151.491 0.677
v -112.787 149.116 0.678
v 187.724 -64.82 0.57
v 190.192 -66.618 0.569
v 188.176 -69.386 0.569
v 185.708 -67.588 0.57
f 21565 21566 21563
f 21563 21564 21565
f 21568 21570 21567
f 21570 21568 21569
f 21573 21574 21571
f 21571 21572 21573
f 21576 21578 21575
f 21578 21576 21577
f 21580 21582 21579
f 21582 21580 21581
f 21585 21586 21583
f 21583 21584 21585
f 21593 21594 21587
f 21589 21590 21591
f 21591 21592 21593
f 21593 21587 21588
f 21589 21591 21593
f 21593 21588 21589
f 21596 21605 21595
f 21603 21601 21602
f 21601 21599 21600
f 21599 21597 21598
f 21596 21604 21605
f 21603 21599 21601
f 21597 21604 21596
f 21603 21597 21599
f 21597 21603 21604
f 21607 21609 21606
f 21609 21607 21608
f 21611 21613 21610
f 21613 21611 21612
f 21615 21621 21614
f 21621 21619 21620
f 21619 21617 21618
f 21615 21619 21621
f 21619 21616 21617
f 21616 21619 21615
f 21623 21625 21622
f 21625 21623 21624
f 21627 21629 21626
f 21629 21627 21628
f 21638 21639 21630
f 21631 21632 21633
f 21633 21634 21635
f 21637 21638 21630
f 21631 21633 21635
f 21636 21637 21630
f 21631 21635 21636
f 21636 21630 21631
f 21641 21645 21640
f 21645 21643 21644
f 21643 21641 21642
f 21641 21643 21645
f 21647 21649 21646
f 21649 21647 21648
f 21651 21653 21650
f 21653 21651 21652
f 21655 21657 21654
f 21657 21655 21656
f 21659 21661 21658
f 21661 21659 21660
f 21663 21665 21662
f 21665 21663 21664
f 21668 21669 21666
f 21666 21667 21668
f 21672 21673 21670
f 21670 21671 21672
f 21676 21677 21674
f 21674 21675 21676
f 21680 21681 21678
f 21678 21679 21680
f 21684 21685 21682
f 21682 21683 21684
f 21687 21689 21686
f 21689 21687 21688
f 21692 21693 21690
f 21690 21691 21692
f 21696 21697 21694
f 21694 21695 21696
f 21702 21703 21698
f 21699 21700 21701
f 21702 21698 21699
f 21699 21701 21702
f 21707 21708 21704
f 21704 21705 21706
f 21706 21707 21704
f 21710 21711 21709
f 21713 21714 21712
f 21716 21717 21715
f 21722 21718 21719
f 21719 21720 21721
f 21721 21722 21719
f 21725 21726 21723
f 21723 21724 21725
f 21728 21730 21727
f 21730 21728 21729
f 21733 21734 21731
f 21731 21732 21733
f 21738 21735 21736
f 21736 21737 21738
f 21740 21741 21739
f 21746 21742 21743
f 21743 21744 21745
f 21745 21746 21743
f 21749 21750 21747
f 21747 21748 21749
f 21752 21754 21751
f 21754 21752 21753
f 21756 21759 21755
f 21759 21757 21758
f 21757 21759 21756
f 21760 21763 21764
f 21762 21760 21761
f 21760 21762 21763
f 21766 21768 21765
f 21768 21766 21767
f 21770 21772 21769
f 21772 21770 21771
f 21774 21776 21773
f 21776 21774 21775
f 21778 21779 21777
f 21781 21783 21780
f 21783 21781 21782
f 21785 21786 21784
f 21790 21787 21788
f 21788 21789 21790
f 21793 21794 21791
f 21791 21792 21793
f 21797 21798 21795
f 21795 21796 21797
f 21801 21802 21799
f 21799 21800 21801
f 21804 21810 21803
f 21810 21808 21809
f 21808 21806 21807
f 21804 21808 21810
f 21808 21805 21806
f 21805 21808 21804
f 21813 21814 21811
f 21811 21812 21813
f 21817 21818 21815
f 21815 21816 21817
f 21820 21822 21819
f 21822 21820 21821
f 21824 21826 21823
f 21826 21824 21825
f 21828 21830 21827
f 21830 21828 21829
f 21832 21834 21831
f 21834 21832 21833
f 21836 21842 21835
f 21842 21840 21841
f 21839 21837 21838
f 21836 21840 21842
f 21839 21836 21837
f 21836 21839 21840
f 21844 21846 21843
f 21846 21844 21845
f 21848 21850 21847
f 21850 21848 21849
f 21852 21854 21851
f 21854 21852 21853
f 21857 21858 21855
f 21855 21856 21857
f 21862 21867 21868
f 21865 21862 21868
f 21862 21860 21861
f 21859 21863 21864
f 21863 21867 21862
f 21865 21860 21862
f 21859 21867 21863
f 21866 21860 21865
f 21859 21866 21867
f 21866 21859 21860
f 21870 21874 21869
f 21874 21872 21873
f 21872 21870 21871
f 21870 21872 21874
f 21876 21878 21875
f 21878 21876 21877
f 21881 21882 21879
f 21879 21880 21881
f 21884 21886 21883
f 21886 21884 21885
f 21888 21891 21887
f 21891 21889 21890
f 21889 21891 21888
f 21893 21895 21892
f 21895 21893 21894
f 21899 21900 21896
f 21896 21897 21898
f 21898 21899 21896
f 21902 21908 21901
f 21908 21906 21907
f 21906 21905 21904
f 21904 21902 21903
f 21902 21906 21908
f 21906 21902 21904
f 21911 21912 21909
f 21909 21910 21911
f 21914 21916 21913
f 21916 21914 21915
f 21919 21920 21917
f 21917 21918 21919
f 21922 21926 21921
f 21925 21923 21924
f 21922 21925 21926
f 21925 21922 21923
f 21931 21935 21936
f 21934 21935 21931
f 21931 21932 21927
f 21928 21929 21930
f 21930 21931 21936
f 21934 21931 21927
f 21928 21930 21936
f 21933 21934 21927
f 21928 21936 21933
f 21933 21927 21928
f 21939 21940 21937
f 21937 21938 21939
f 21943 21944 21941
f 21941 21942 21943
f 21947 21948 21945
f 21945 21946 21947
f 21951 21952 21949
f 21949 21950 21951
f 21959 21960 21953
f 21955 21956 21957
f 21957 21958 21959
f 21959 21953 21954
f 21955 21957 21959
f 21959 21954 21955
f 21962 21964 21961
f 21964 21962 21963
f 21966 21968 21965
f 21968 21966 21967
f 21971 21972 21969
f 21969 21970 21971
f 21975 21976 21973
f 21973 21974 21975
f 21983 21984 21977
f 21978 21979 21980
f 21982 21983 21977
f 21978 21980 21981
f 21981 21982 21977
f 21977 21978 21981
f 21987 21988 21985
f 21985 21986 21987
f 21991 21992 21989
f 21989 21990 21991
f 21994 21996 21993
f 21996 21994 21995
f 21998 22000 21997
f 22000 21998 21999
f 22003 22004 22001
f 22001 22002 22003
f 22007 22008 22005
f 22005 22006 22007
f 22011 22012 22009
f 22009 22010 22011
f 22014 22016 22013
f 22016 22014 22015
f 22018 22020 22017
f 22020 22018 22019
f 22022 22024 22021
f 22024 22022 22023
f 22027 22028 22025
f 22025 22026 22027
f 22031 22032 22029
f 22029 22030 22031
f 22035 22036 22033
f 22033 22034 22035
f 22038 22040 22037
f 22040 22038 22039
f 22043 22044 22041
f 22041 22042 22043
f 22046 22048 22045
f 22048 22046 22047
f 22051 22052 22049
f 22049 22050 22051
f 22055 22056 22053
f 22053 22054 22055
f 22059 22060 22057
f 22057 22058 22059
f 22062 22064 22061
f 22064 22062 22063
f 22067 22068 22065
f 22065 22066 22067
f 22070 22072 22069
f 22072 22070 22071
f 22074 22076 22073
f 22076 22074 22075
f 22078 22080 22077
f 22080 22078 22079
f 22082 22084 22081
f 22084 22082 22083
f 22087 22088 22085
f 22085 22086 22087
f 22091 22092 22089
f 22089 22090 22091
f 22095 22096 22093
f 22093 22094 22095
f 22099 22100 22097
f 22097 22098 22099
f 22102 22104 22101
f 22104 22102 22103
f 22106 22108 22105
f 22108 22106 22107
f 22110 22112 22109
f 22112 22110 22111
f 22115 22116 22113
f 22113 22114 22115
f 22119 22120 22117
f 22117 22118 22119
f 22122 22123 22121
f 22125 22126 22124
f 22129 22130 22127
f 22127 22128 22129
f 22133 22134 22131
f 22131 22132 22133
f 22136 22142 22135
f 22140 22138 22139
f 22136 22141 22142
f 22140 22137 22138
f 22137 22141 22136
f 22141 22137 22140
f 22145 22146 22143
f 22143 22144 22145
f 22147 22151 22152
f 22151 22149 22150
f 22149 22147 22148
f 22147 22149 22151
f 22154 22158 22153
f 22158 22156 22157
f 22156 22154 22155
f 22154 22156 22158
f 22160 22166 22159
f 22166 22164 22165
f 22163 22161 22162
f 22161 22166 22160
f 22166 22163 22164
f 22163 22166 22161
f 22168 22170 22167
f 22170 22168 22169
f 22172 22174 22171
f 22174 22172 22173
f 22176 22177 22175
f 22179 22180 22178
f 22182 22183 22181
f 22185 22188 22184
f 22188 22186 22187
f 22186 22188 22185
f 22190 22193 22189
f 22193 22191 22192
f 22191 22193 22190
f 22195 22197 22194
f 22197 22195 22196
f 22199 22200 22198
f 22202 22203 22201
f 22205 22207 22204
f 22207 22205 22206
f 22209 22210 22208
f 22212 22213 22211
f 22215 22217 22214
f 22217 22215 22216
f 22219 22259 22218
f 22259 22257 22258
f 22255 22253 22254
f 22251 22249 22250
f 22248 22246 22247
f 22244 22242 22243
f 22240 22238 22239
f 22238 22236 22237
f 22235 22233 22234
f 22231 22229 22230
f 22227 22225 22226
f 22224 22222 22223
f 22222 22220 22221
f 22220 22259 22219
f 22259 22256 22257
f 22255 22252 22253
f 22251 22248 22249
f 22248 22245 22246
f 22244 22241 22242
f 22240 22236 22238
f 22235 22232 22233
f 22228 22225 22227
f 22222 22259 22220
f 22259 22255 22256
f 22255 22251 22252
f 22251 22245 22248
f 22244 22240 22241
f 22236 22232 22235
f 22229 22225 22228
f 22224 22259 22222
f 22259 22251 22255
f 22251 22244 22245
f 22244 22236 22240
f 22231 22225 22229
f 22225 22259 22224
f 22244 22232 22236
f 22225 22251 22259
f 22244 22231 22232
f 22231 22251 22225
f 22251 22231 22244
f 22261 22262 22260
f 22264 22265 22263
f 22267 22268 22266
f 22270 22271 22269
f 22273 22279 22272
f 22278 22276 22277
f 22276 22274 22275
f 22273 22278 22279
f 22278 22274 22276
f 22274 22278 22273
f 22281 22285 22280
f 22285 22283 22284
f 22283 22281 22282
f 22281 22283 22285
f 22287 22289 22286
f 22289 22287 22288
f 22291 22292 22290
f 22294 22295 22293
f 22297 22299 22296
f 22299 22297 22298
f 22301 22309 22300
f 22309 22307 22308
f 22307 22305 22306
f 22305 22303 22304
f 22303 22301 22302
f 22301 22307 22309
f 22307 22303 22305
f 22303 22307 22301
f 22311 22313 22310
f 22313 22311 22312
f 22315 22317 22314
f 22317 22315 22316
f 22323 22318 22319
f 22319 22320 22321
f 22321 22322 22323
f 22323 22319 22321
f 22328 22329 22324
f 22325 22326 22327
f 22328 22324 22325
f 22325 22327 22328
f 22336 22337 22330
f 22330 22331 22332
f 22333 22334 22335
f 22330 22332 22333
f 22333 22335 22336
f 22336 22330 22333
f 22339 22340 22338
f 22342 22343 22341
f 22348 22349 22344
f 22344 22345 22346
f 22346 22347 22348
f 22348 22344 22346
f 22351 22352 22350
f 22354 22355 22353
f 22357 22358 22356
f 22360 22361 22359
f 22365 22366 22362
f 22362 22363 22364
f 22364 22365 22362
f 22368 22369 22367
f 22373 22370 22371
f 22371 22372 22373
f 22375 22376 22374
f 22378 22379 22377
f 22381 22382 22380
f 22384 22385 22383
f 22387 22388 22386
f 22390 22391 22389
f 22393 22394 22392
f 22396 22397 22395
f 22399 22400 22398
f 22402 22403 22401
f 22405 22406 22404
f 22408 22409 22407
f 22411 22412 22410
f 22415 22416 22413
f 22413 22414 22415
f 22419 22420 22417
f 22417 22418 22419
f 22422 22423 22421
f 22425 22426 22424
f 22464 22427 22428
f 22428 22429 22430
f 22431 22432 22433
f 22433 22434 22435
f 22437 22438 22439
f 22441 22442 22443
f 22444 22445 22446
f 22448 22449 22450
f 22451 22452 22453
f 22454 22455 22456
f 22457 22458 22459
f 22461 22462 22463
f 22428 22430 22431
f 22433 22435 22436
f 22437 22439 22440
f 22441 22443 22444
f 22444 22446 22447
f 22448 22450 22451
f 22451 22453 22454
f 22460 22461 22463
f 22464 22428 22431
f 22433 22436 22437
f 22437 22440 22441
f 22441 22444 22447
f 22448 22451 22454
f 22459 22460 22463
f 22464 22431 22433
f 22433 22437 22441
f 22441 22447 22448
f 22448 22454 22456
f 22457 22459 22463
f 22463 22464 22433
f 22448 22456 22457
f 22463 22433 22441
f 22441 22448 22457
f 22457 22463 22441
f 22466 22467 22465
f 22469 22470 22468
f 22472 22473 22471
f 22477 22478 22474
f 22475 22476 22477
f 22477 22474 22475
f 22485 22486 22479
f 22480 22481 22482
f 22482 22483 22484
f 22485 22479 22480
f 22480 22482 22484
f 22484 22485 22480
f 22491 22492 22487
f 22488 22489 22490
f 22490 22491 22487
f 22487 22488 22490
f 22495 22496 22493
f 22493 22494 22495
f 22498 22499 22497
f 22501 22502 22500
f 22505 22506 22503
f 22503 22504 22505
f 22515 22516 22507
f 22507 22508 22509
f 22509 22510 22511
f 22511 22512 22513
f 22513 22514 22515
f 22515 22507 22509
f 22509 22511 22513
f 22513 22515 22509
f 22519 22520 22517
f 22517 22518 22519
f 22523 22524 22521
f 22521 22522 22523
f 22526 22540 22525
f 22540 22538 22539
f 22533 22531 22532
f 22531 22529 22530
f 22529 22527 22528
f 22527 22540 22526
f 22540 22537 22538
f 22534 22531 22533
f 22531 22527 22529
f 22527 22537 22540
f 22535 22531 22534
f 22527 22536 22537
f 22535 22527 22531
f 22527 22535 22536
f 22542 22544 22541
f 22544 22542 22543
o brid_65a605e3-8058-4725-b64a-eda567ce1ff6
v -163.831 310.621 4.442
v -163.904 310.608 4.442
v -163.904 310.609 3.742
v -163.831 310.621 3.742
v -174.289 338.197 3.75
v -169.422 309.877 3.743
v -169.421 309.877 4.443
v -174.792 341.12 4.451
v -174.792 341.12 4.122
v -174.745 340.847 4.123
v -174.731 340.767 4.124
v -174.289 338.197 4.124
v -174.792 341.12 4.122
v -174.792 341.12 4.451
v -169.238 342.075 4.45
v -169.238 342.075 4.114
v -174.535 341.164 4.114
v -169.2 341.854 3.749
v -169.2 341.853 4.117
v -169.238 342.075 4.114
v -169.238 342.075 4.45
v -163.831 310.621 4.442
v -163.831 310.621 3.742
v -172.929 364.736 3.81
v -168.91 341.909 4.117
v -168.911 341.91 -0.016
v -172.93 364.736 -0.01
v -168.911 341.91 -0.016
v -168.91 341.909 4.117
v -169.2 341.853 4.117
v -169.2 341.854 3.749
v -174.559 340.821 3.751
v -174.56 340.822 -0.015
v -174.56 340.822 -0.015
v -174.559 340.821 3.751
v -174.087 338.234 3.75
v -174.088 338.235 -0.015
v -194.666 334.466 4.055
v -194.666 334.466 4.748
v -194.92 334.419 4.755
v -194.921 334.42 -0.01
v -174.088 338.235 -0.015
v -174.087 338.234 3.75
v -174.289 338.197 3.75
v -174.289 338.197 4.124
v -174.844 338.096 4.141
v -174.844 338.096 4.05
v -194.92 334.419 4.755
v -197.107 343.981 4.758
v -197.108 343.982 -0.007
v -194.921 334.42 -0.01
v -197.107 343.981 4.758
v -200.389 347.677 4.76
v -200.39 347.678 -0.006
v -197.108 343.982 -0.007
v -200.389 347.677 4.76
v -203.794 349.074 3.019
v -203.795 349.075 -0.005
v -200.39 347.678 -0.006
v -203.794 349.074 3.019
v -195.768 365.1 3.02
v -195.768 365.101 -0.004
v -203.795 349.075 -0.005
v -195.768 365.1 3.02
v -172.929 364.736 3.81
v -172.93 364.736 -0.01
v -195.768 365.101 -0.004
v -170.346 309.723 4.444
v -170.604 312.152 4.744
v -168.524 292.217 4.44
v -170.601 312.154 -0.021
v -170.346 309.723 4.444
v -170.348 309.724 -0.022
v -170.604 312.152 4.744
v -170.346 309.723 4.444
v -170.601 312.154 -0.021
v -168.417 291.176 -0.026
v -168.525 292.218 -0.026
v -168.524 292.217 4.44
v -170.604 312.152 4.744
v -168.415 291.175 4.734
v -168.415 291.175 4.734
v -165.366 269.992 3.797
v -165.367 269.993 -0.031
v -168.417 291.176 -0.026
v -165.366 269.992 3.797
v -183.202 266.904 2.723
v -183.203 266.905 -0.026
v -165.367 269.993 -0.031
v -190.307 308.615 4.74
v -183.203 266.905 -0.026
v -183.202 266.904 2.723
v -190.311 308.618 -0.016
v -183.203 266.905 -0.026
v -190.307 308.615 4.74
v -190.308 308.618 4.049
v -190.311 308.618 -0.016
v -190.307 308.615 4.74
v -170.604 312.152 4.744
v -170.601 312.154 -0.021
v -190.311 308.618 -0.016
v -190.308 308.618 4.049
v -170.604 312.152 4.044
v -194.681 334.556 4.755
v -174.877 338.298 4.75
v -174.877 338.298 4.141
v -194.195 334.647 4.733
v -174.877 338.298 4.141
v -174.877 338.298 4.75
v -170.604 312.152 4.744
v -170.604 312.152 4.044
v -174.844 338.096 4.05
v -174.844 338.096 4.141
v -190.299 308.568 4.749
v -190.299 308.568 4.738
v -190.28 308.571 4.739
v -190.257 308.575 4.74
v -170.597 312.107 4.744
v -190.308 308.618 4.049
v -190.307 308.615 4.74
v -190.299 308.568 4.738
v -190.299 308.568 4.749
v -194.681 334.556 4.755
v -194.671 334.498 4.748
v -194.666 334.466 4.748
v -194.666 334.466 4.055
v -170.348 309.724 -0.022
v -170.346 309.723 4.444
v -169.421 309.877 4.443
v -169.422 309.877 3.743
v -163.935 310.792 3.742
v -163.936 310.793 -0.023
v -163.935 310.792 3.742
v -163.904 310.609 3.742
v -163.904 310.608 4.442
v -161.147 294.078 4.438
v -161.149 294.079 -0.027
v -163.936 310.793 -0.023
v -161.147 294.078 4.438
v -168.524 292.217 4.44
v -168.525 292.218 -0.026
v -161.149 294.079 -0.027
v -163.904 310.609 3.742
v -163.935 310.792 3.742
v -169.422 309.877 3.743
v -174.289 338.197 3.75
v -174.087 338.234 3.75
v -174.559 340.821 3.751
v -169.2 341.854 3.749
v -163.831 310.621 3.742
v -174.844 338.096 4.05
v -170.604 312.152 4.044
v -190.308 308.618 4.049
v -194.666 334.466 4.055
v -163.831 310.621 4.442
v -169.238 342.075 4.45
v -174.792 341.12 4.451
v -169.421 309.877 4.443
v -170.346 309.723 4.444
v -168.524 292.217 4.44
v -161.147 294.078 4.438
v -163.904 310.608 4.442
v -172.929 364.736 3.81
v -174.535 341.164 4.114
v -169.238 342.075 4.114
v -169.2 341.853 4.117
v -168.91 341.909 4.117
v -172.929 364.736 3.81
v -197.107 343.981 4.758
v -174.745 340.847 4.123
v -174.792 341.12 4.122
v -174.535 341.164 4.114
v -174.289 338.197 4.124
v -174.731 340.767 4.124
v -174.745 340.847 4.123
v -197.107 343.981 4.758
v -194.195 334.647 4.733
v -174.877 338.298 4.141
v -174.844 338.096 4.141
v -194.671 334.498 4.748
v -194.92 334.419 4.755
v -194.666 334.466 4.748
v -194.681 334.556 4.755
v -194.92 334.419 4.755
v -194.671 334.498 4.748
v -194.681 334.556 4.755
v -197.107 343.981 4.758
v -194.92 334.419 4.755
v -194.195 334.647 4.733
v -197.107 343.981 4.758
v -194.681 334.556 4.755
v -197.107 343.981 4.758
v -172.929 364.736 3.81
v -195.768 365.1 3.02
v -200.389 347.677 4.76
v -195.768 365.1 3.02
v -203.794 349.074 3.019
v -197.107 343.981 4.758
v -195.768 365.1 3.02
v -200.389 347.677 4.76
v -170.604 312.152 4.744
v -170.597 312.107 4.744
v -168.415 291.175 4.734
v -190.257 308.575 4.74
v -168.415 291.175 4.734
v -170.597 312.107 4.744
v -190.257 308.575 4.74
v -190.28 308.571 4.739
v -165.366 269.992 3.797
v -168.415 291.175 4.734
v -165.366 269.992 3.797
v -190.28 308.571 4.739
v -190.299 308.568 4.738
v -183.202 266.904 2.723
v -190.307 308.615 4.74
v -183.202 266.904 2.723
v -190.299 308.568 4.738
v -170.597 312.107 4.744
v -170.604 312.152 4.744
v -174.877 338.298 4.75
v -194.681 334.556 4.755
v -190.299 308.568 4.749
v -168.911 341.91 -0.016
v -174.56 340.822 -0.015
v -174.088 338.235 -0.015
v -194.921 334.42 -0.01
v -197.108 343.982 -0.007
v -200.39 347.678 -0.006
v -203.795 349.075 -0.005
v -195.768 365.101 -0.004
v -172.93 364.736 -0.01
v -190.311 308.618 -0.016
v -170.601 312.154 -0.021
v -170.348 309.724 -0.022
v -163.936 310.793 -0.023
v -161.149 294.079 -0.027
v -168.525 292.218 -0.026
v -168.417 291.176 -0.026
v -165.367 269.993 -0.031
v -183.203 266.905 -0.026
f 22547 22548 22545
f 22545 22546 22547
f 22550 22556 22549
f 22554 22552 22553
f 22552 22550 22551
f 22555 22552 22554
f 22552 22556 22550
f 22556 22552 22555
f 22558 22561 22557
f 22561 22559 22560
f 22559 22561 22558
f 22566 22567 22562
f 22563 22564 22565
f 22566 22562 22563
f 22563 22565 22566
f 22570 22571 22568
f 22568 22569 22570
f 22576 22577 22572
f 22572 22573 22574
f 22575 22576 22572
f 22572 22574 22575
f 22580 22581 22578
f 22578 22579 22580
f 22582 22583 22584
f 22585 22586 22587
f 22588 22589 22590
f 22582 22584 22585
f 22585 22587 22588
f 22588 22590 22591
f 22591 22582 22585
f 22585 22588 22591
f 22593 22595 22592
f 22595 22593 22594
f 22597 22599 22596
f 22599 22597 22598
f 22602 22603 22600
f 22600 22601 22602
f 22605 22607 22604
f 22607 22605 22606
f 22609 22611 22608
f 22611 22609 22610
f 22613 22614 22612
f 22616 22617 22615
f 22619 22620 22618
f 22625 22621 22622
f 22623 22624 22625
f 22625 22622 22623
f 22628 22629 22626
f 22626 22627 22628
f 22632 22633 22630
f 22630 22631 22632
f 22635 22636 22634
f 22638 22639 22637
f 22641 22642 22640
f 22644 22647 22643
f 22647 22645 22646
f 22645 22647 22644
f 22649 22651 22648
f 22651 22649 22650
f 22657 22652 22653
f 22653 22654 22655
f 22655 22656 22657
f 22657 22653 22655
f 22661 22662 22658
f 22658 22659 22660
f 22660 22661 22658
f 22664 22670 22663
f 22669 22667 22668
f 22666 22664 22665
f 22664 22669 22670
f 22669 22666 22667
f 22666 22669 22664
f 22671 22675 22676
f 22674 22672 22673
f 22671 22674 22675
f 22674 22671 22672
f 22681 22682 22677
f 22678 22679 22680
f 22681 22677 22678
f 22678 22680 22681
f 22685 22686 22683
f 22683 22684 22685
f 22688 22694 22687
f 22694 22692 22693
f 22691 22689 22690
f 22688 22692 22694
f 22691 22688 22689
f 22688 22691 22692
f 22696 22698 22695
f 22698 22696 22697
f 22706 22699 22700
f 22700 22701 22702
f 22702 22703 22704
f 22704 22705 22706
f 22706 22700 22702
f 22702 22704 22706
f 22710 22711 22707
f 22707 22708 22709
f 22709 22710 22707
f 22715 22716 22712
f 22713 22714 22715
f 22715 22712 22713
f 22722 22723 22717
f 22717 22719 22718
f 22719 22720 22721
f 22722 22717 22719
f 22719 22721 22722
f 22725 22726 22724
f 22728 22729 22727
f 22731 22732 22730
f 22734 22735 22733
f 22737 22738 22736
f 22740 22741 22739
f 22743 22744 22742
f 22746 22747 22745
f 22749 22750 22748
f 22753 22754 22751
f 22751 22752 22753
f 22757 22758 22755
f 22755 22756 22757
f 22760 22761 22759
f 22765 22766 22762
f 22763 22764 22765
f 22765 22762 22763
f 22768 22775 22767
f 22775 22773 22774
f 22771 22769 22770
f 22768 22773 22775
f 22772 22769 22771
f 22769 22773 22768
f 22773 22769 22772
f 22777 22784 22776
f 22784 22782 22783
f 22781 22779 22780
f 22778 22784 22777
f 22784 22781 22782
f 22781 22778 22779
f 22778 22781 22784
