# CC BY 4.0 Yokohama / PLATEAU, modified by MissionOS. Conservative whole-height prisms.
# X east Y north Z source vertical datum; metres. Preview collision proxy, no flight qualification.
o bldg_b65f9d89-ace2-4118-a0b7-682b34e078bd_0
v -260.678155 -183.946535 2.149000
v -258.685407 -180.882018 2.149000
v -265.244278 -176.617062 2.149000
v -267.237026 -179.681579 2.149000
v -260.678155 -183.946535 10.084000
v -258.685407 -180.882018 10.084000
v -265.244278 -176.617062 10.084000
v -267.237026 -179.681579 10.084000
f 1 4 3
f 7 8 5
f 3 2 1
f 5 6 7
f 1 2 6
f 1 6 5
f 2 3 7
f 2 7 6
f 3 4 8
f 3 8 7
f 4 1 5
f 4 5 8
o bldg_0d45947e-0481-4208-a14f-4fffa841434b_1
v -207.580753 -63.652518 3.295000
v -211.186122 -61.407975 3.295000
v -215.799650 -68.818602 3.295000
v -214.706737 -74.625888 3.295000
v -206.665785 -80.599542 3.295000
v -207.138199 -81.235444 3.295000
v -207.141765 -81.252271 3.295000
v -193.773400 -91.183670 3.295000
v -190.012020 -86.120586 3.295000
v -205.831902 -74.367946 3.295000
v -207.580753 -63.652518 9.027000
v -211.186122 -61.407975 9.027000
v -215.799650 -68.818602 9.027000
v -214.706737 -74.625888 9.027000
v -206.665785 -80.599542 9.027000
v -207.138199 -81.235444 9.027000
v -207.141765 -81.252271 9.027000
v -193.773400 -91.183670 9.027000
v -190.012020 -86.120586 9.027000
v -205.831902 -74.367946 9.027000
f 10 9 18
f 28 19 20
f 12 11 10
f 20 21 22
f 15 14 13
f 23 24 25
f 17 16 15
f 25 26 27
f 12 10 18
f 28 20 22
f 17 15 13
f 23 25 27
f 12 18 17
f 27 28 22
f 17 13 12
f 22 23 27
f 9 10 20
f 9 20 19
f 10 11 21
f 10 21 20
f 11 12 22
f 11 22 21
f 12 13 23
f 12 23 22
f 13 14 24
f 13 24 23
f 14 15 25
f 14 25 24
f 15 16 26
f 15 26 25
f 16 17 27
f 16 27 26
f 17 18 28
f 17 28 27
f 18 9 19
f 18 19 28
o bldg_efbfea8c-479c-418a-9ae6-d299cb64113b_2
v -234.320223 -32.452329 0.505000
v -224.557826 -38.553684 0.505000
v -222.364436 -35.044387 0.505000
v -223.017266 -31.114500 0.505000
v -230.544791 -26.410475 0.505000
v -234.320223 -32.452329 34.282000
v -224.557826 -38.553684 34.282000
v -222.364436 -35.044387 34.282000
v -223.017266 -31.114500 34.282000
v -230.544791 -26.410475 34.282000
f 29 33 32
f 37 38 34
f 31 30 29
f 34 35 36
f 29 32 31
f 36 37 34
f 29 30 35
f 29 35 34
f 30 31 36
f 30 36 35
f 31 32 37
f 31 37 36
f 32 33 38
f 32 38 37
f 33 29 34
f 33 34 38
o bldg_b61b4518-8a12-48c2-9fe0-d2acd8cb2fa3_3
v -310.948178 -102.146889 0.256000
v -288.721088 -116.176064 0.256000
v -289.260660 -117.061697 0.256000
v -285.564732 -119.314841 0.256000
v -284.891005 -118.209010 0.256000
v -284.654017 -119.312421 0.256000
v -281.545553 -121.433170 0.256000
v -277.794858 -120.482768 0.256000
v -275.944614 -117.418350 0.256000
v -276.421458 -116.214476 0.256000
v -274.794014 -117.241110 0.256000
v -272.424816 -113.485587 0.256000
v -273.178964 -113.009028 0.256000
v -271.569746 -110.459311 0.256000
v -272.760836 -109.707205 0.256000
v -264.618954 -96.806711 0.256000
v -263.347247 -97.608850 0.256000
v -261.749229 -95.076125 0.256000
v -260.722383 -95.723805 0.256000
v -259.023596 -93.031503 0.256000
v -260.069477 -92.371342 0.256000
v -259.027049 -91.673455 0.256000
v -257.829576 -90.434759 0.256000
v -256.845943 -88.480610 0.256000
v -256.642558 -86.652912 0.256000
v -255.390306 -87.442940 0.256000
v -253.692259 -84.751987 0.256000
v -255.041035 -83.900638 0.256000
v -252.849382 -80.428810 0.256000
v -256.240725 -78.288358 0.256000
v -255.343765 -76.795555 0.256000
v -258.173616 -74.994799 0.256000
v -258.734778 -75.928732 0.256000
v -262.608152 -73.463835 0.256000
v -262.331017 -73.002601 0.256000
v -265.533135 -70.964935 0.256000
v -266.168629 -72.022577 0.256000
v -287.149424 -58.780978 0.256000
v -298.246518 -76.364762 0.256000
v -278.930498 -88.556137 0.256000
v -281.596870 -92.783018 0.256000
v -280.588865 -93.419562 0.256000
v -280.636048 -93.494322 0.256000
v -282.331556 -92.424764 0.256000
v -282.320578 -92.408344 0.256000
v -282.338594 -92.396460 0.256000
v -284.016398 -91.337931 0.256000
v -285.520932 -93.588080 0.256000
v -284.078375 -94.498753 0.256000
v -284.232712 -94.743308 0.256000
v -282.224469 -96.011113 0.256000
v -285.226627 -100.767914 0.256000
v -286.175305 -100.169362 0.256000
v -288.433109 -103.747694 0.256000
v -296.160896 -98.870460 0.256000
v -289.953372 -89.034880 0.256000
v -299.049305 -83.293588 0.256000
v -310.948178 -102.146889 36.843000
v -288.721088 -116.176064 36.843000
v -289.260660 -117.061697 36.843000
v -285.564732 -119.314841 36.843000
v -284.891005 -118.209010 36.843000
v -284.654017 -119.312421 36.843000
v -281.545553 -121.433170 36.843000
v -277.794858 -120.482768 36.843000
v -275.944614 -117.418350 36.843000
v -276.421458 -116.214476 36.843000
v -274.794014 -117.241110 36.843000
v -272.424816 -113.485587 36.843000
v -273.178964 -113.009028 36.843000
v -271.569746 -110.459311 36.843000
v -272.760836 -109.707205 36.843000
v -264.618954 -96.806711 36.843000
v -263.347247 -97.608850 36.843000
v -261.749229 -95.076125 36.843000
v -260.722383 -95.723805 36.843000
v -259.023596 -93.031503 36.843000
v -260.069477 -92.371342 36.843000
v -259.027049 -91.673455 36.843000
v -257.829576 -90.434759 36.843000
v -256.845943 -88.480610 36.843000
v -256.642558 -86.652912 36.843000
v -255.390306 -87.442940 36.843000
v -253.692259 -84.751987 36.843000
v -255.041035 -83.900638 36.843000
v -252.849382 -80.428810 36.843000
v -256.240725 -78.288358 36.843000
v -255.343765 -76.795555 36.843000
v -258.173616 -74.994799 36.843000
v -258.734778 -75.928732 36.843000
v -262.608152 -73.463835 36.843000
v -262.331017 -73.002601 36.843000
v -265.533135 -70.964935 36.843000
v -266.168629 -72.022577 36.843000
v -287.149424 -58.780978 36.843000
v -298.246518 -76.364762 36.843000
v -278.930498 -88.556137 36.843000
v -281.596870 -92.783018 36.843000
v -280.588865 -93.419562 36.843000
v -280.636048 -93.494322 36.843000
v -282.331556 -92.424764 36.843000
v -282.320578 -92.408344 36.843000
v -282.338594 -92.396460 36.843000
v -284.016398 -91.337931 36.843000
v -285.520932 -93.588080 36.843000
v -284.078375 -94.498753 36.843000
v -284.232712 -94.743308 36.843000
v -282.224469 -96.011113 36.843000
v -285.226627 -100.767914 36.843000
v -286.175305 -100.169362 36.843000
v -288.433109 -103.747694 36.843000
v -296.160896 -98.870460 36.843000
v -289.953372 -89.034880 36.843000
v -299.049305 -83.293588 36.843000
f 39 95 94
f 151 152 96
f 42 41 40
f 97 98 99
f 45 44 43
f 100 101 102
f 47 46 45
f 102 103 104
f 50 49 48
f 105 106 107
f 53 52 51
f 108 109 110
f 56 55 54
f 111 112 113
f 58 57 56
f 113 114 115
f 61 60 59
f 116 117 118
f 63 62 61
f 118 119 120
f 65 64 63
f 120 121 122
f 68 67 66
f 123 124 125
f 70 69 68
f 125 126 127
f 74 73 72
f 129 130 131
f 77 76 75
f 132 133 134
f 80 79 78
f 135 136 137
f 84 83 82
f 139 140 141
f 86 85 84
f 141 142 143
f 89 88 87
f 144 145 146
f 92 91 90
f 147 148 149
f 39 94 93
f 150 151 96
f 43 42 40
f 97 99 100
f 47 45 43
f 100 102 104
f 51 50 48
f 105 107 108
f 58 56 54
f 111 113 115
f 63 61 59
f 116 118 120
f 66 65 63
f 120 122 123
f 70 68 66
f 123 125 127
f 75 74 72
f 129 131 132
f 78 77 75
f 132 134 135
f 86 84 82
f 139 141 143
f 39 93 92
f 149 150 96
f 43 40 39
f 96 97 100
f 48 47 43
f 100 104 105
f 53 51 48
f 105 108 110
f 59 58 54
f 111 115 116
f 66 63 59
f 116 120 123
f 71 70 66
f 123 127 128
f 75 72 71
f 128 129 132
f 80 78 75
f 132 135 137
f 86 82 81
f 138 139 143
f 43 39 92
f 149 96 100
f 53 48 43
f 100 105 110
f 66 59 54
f 111 116 123
f 75 71 66
f 123 128 132
f 81 80 75
f 132 137 138
f 87 86 81
f 138 143 144
f 43 92 90
f 147 149 100
f 54 53 43
f 100 110 111
f 75 66 54
f 111 123 132
f 89 87 81
f 138 144 146
f 43 90 89
f 146 147 100
f 75 54 43
f 100 111 132
f 89 81 75
f 132 138 146
f 75 43 89
f 146 100 132
f 39 40 97
f 39 97 96
f 40 41 98
f 40 98 97
f 41 42 99
f 41 99 98
f 42 43 100
f 42 100 99
f 43 44 101
f 43 101 100
f 44 45 102
f 44 102 101
f 45 46 103
f 45 103 102
f 46 47 104
f 46 104 103
f 47 48 105
f 47 105 104
f 48 49 106
f 48 106 105
f 49 50 107
f 49 107 106
f 50 51 108
f 50 108 107
f 51 52 109
f 51 109 108
f 52 53 110
f 52 110 109
f 53 54 111
f 53 111 110
f 54 55 112
f 54 112 111
f 55 56 113
f 55 113 112
f 56 57 114
f 56 114 113
f 57 58 115
f 57 115 114
f 58 59 116
f 58 116 115
f 59 60 117
f 59 117 116
f 60 61 118
f 60 118 117
f 61 62 119
f 61 119 118
f 62 63 120
f 62 120 119
f 63 64 121
f 63 121 120
f 64 65 122
f 64 122 121
f 65 66 123
f 65 123 122
f 66 67 124
f 66 124 123
f 67 68 125
f 67 125 124
f 68 69 126
f 68 126 125
f 69 70 127
f 69 127 126
f 70 71 128
f 70 128 127
f 71 72 129
f 71 129 128
f 72 73 130
f 72 130 129
f 73 74 131
f 73 131 130
f 74 75 132
f 74 132 131
f 75 76 133
f 75 133 132
f 76 77 134
f 76 134 133
f 77 78 135
f 77 135 134
f 78 79 136
f 78 136 135
f 79 80 137
f 79 137 136
f 80 81 138
f 80 138 137
f 81 82 139
f 81 139 138
f 82 83 140
f 82 140 139
f 83 84 141
f 83 141 140
f 84 85 142
f 84 142 141
f 85 86 143
f 85 143 142
f 86 87 144
f 86 144 143
f 87 88 145
f 87 145 144
f 88 89 146
f 88 146 145
f 89 90 147
f 89 147 146
f 90 91 148
f 90 148 147
f 91 92 149
f 91 149 148
f 92 93 150
f 92 150 149
f 93 94 151
f 93 151 150
f 94 95 152
f 94 152 151
f 95 39 96
f 95 96 152
o bldg_851bb195-a53e-4826-80d4-5a45fa782914_4
v -229.928314 -97.448666 3.323000
v -242.159141 -116.295486 3.323000
v -221.703506 -129.570161 3.323000
v -216.759167 -121.951305 3.323000
v -215.019470 -123.080290 3.323000
v -212.590710 -119.337768 3.323000
v -214.330415 -118.208779 3.323000
v -209.472707 -110.723415 3.323000
v -229.928314 -97.448666 39.689000
v -242.159141 -116.295486 39.689000
v -221.703506 -129.570161 39.689000
v -216.759167 -121.951305 39.689000
v -215.019470 -123.080290 39.689000
v -212.590710 -119.337768 39.689000
v -214.330415 -118.208779 39.689000
v -209.472707 -110.723415 39.689000
f 153 160 159
f 167 168 161
f 155 154 153
f 161 162 163
f 158 157 156
f 164 165 166
f 156 155 153
f 161 163 164
f 159 158 156
f 164 166 167
f 156 153 159
f 167 161 164
f 153 154 162
f 153 162 161
f 154 155 163
f 154 163 162
f 155 156 164
f 155 164 163
f 156 157 165
f 156 165 164
f 157 158 166
f 157 166 165
f 158 159 167
f 158 167 166
f 159 160 168
f 159 168 167
f 160 153 161
f 160 161 168
o bldg_7425ddad-8110-4dba-a84c-f9d8a4069dcc_5
v -285.606871 -209.761432 2.935000
v -281.581860 -203.568439 2.935000
v -288.428554 -199.118647 2.935000
v -292.453567 -205.311639 2.935000
v -285.606871 -209.761432 6.958000
v -281.581860 -203.568439 6.958000
v -288.428554 -199.118647 6.958000
v -292.453567 -205.311639 6.958000
f 169 172 171
f 175 176 173
f 171 170 169
f 173 174 175
f 169 170 174
f 169 174 173
f 170 171 175
f 170 175 174
f 171 172 176
f 171 176 175
f 172 169 173
f 172 173 176
o bldg_7d330cc0-6acc-4f50-b972-9112f967adb9_6
v -252.140731 -131.553085 0.615000
v -252.669194 -132.378465 0.615000
v -236.092872 -142.992553 0.615000
v -230.573622 -134.372294 0.615000
v -229.493516 -135.063863 0.615000
v -227.508699 -131.963976 0.615000
v -228.588643 -131.272048 0.615000
v -227.370526 -129.369528 0.615000
v -243.959345 -118.747769 0.615000
v -244.438776 -119.496569 0.615000
v -244.876609 -119.216238 0.615000
v -252.590581 -131.264313 0.615000
v -252.140731 -131.553085 26.171000
v -252.669194 -132.378465 26.171000
v -236.092872 -142.992553 26.171000
v -230.573622 -134.372294 26.171000
v -229.493516 -135.063863 26.171000
v -227.508699 -131.963976 26.171000
v -228.588643 -131.272048 26.171000
v -227.370526 -129.369528 26.171000
v -243.959345 -118.747769 26.171000
v -244.438776 -119.496569 26.171000
v -244.876609 -119.216238 26.171000
v -252.590581 -131.264313 26.171000
f 177 188 187
f 199 200 189
f 179 178 177
f 189 190 191
f 182 181 180
f 192 193 194
f 185 184 183
f 195 196 197
f 177 187 186
f 198 199 189
f 180 179 177
f 189 191 192
f 183 182 180
f 192 194 195
f 186 185 183
f 195 197 198
f 180 177 186
f 198 189 192
f 186 183 180
f 192 195 198
f 177 178 190
f 177 190 189
f 178 179 191
f 178 191 190
f 179 180 192
f 179 192 191
f 180 181 193
f 180 193 192
f 181 182 194
f 181 194 193
f 182 183 195
f 182 195 194
f 183 184 196
f 183 196 195
f 184 185 197
f 184 197 196
f 185 186 198
f 185 198 197
f 186 187 199
f 186 199 198
f 187 188 200
f 187 200 199
f 188 177 189
f 188 189 200
o bldg_32dec203-e361-4e0f-9cef-fa14d0d47746_7
v -333.489749 -153.690942 3.025000
v -309.409705 -168.893476 3.025000
v -284.877566 -130.137406 3.025000
v -308.981282 -114.921175 3.025000
v -333.489749 -153.690942 35.610000
v -309.409705 -168.893476 35.610000
v -284.877566 -130.137406 35.610000
v -308.981282 -114.921175 35.610000
f 201 204 203
f 207 208 205
f 203 202 201
f 205 206 207
f 201 202 206
f 201 206 205
f 202 203 207
f 202 207 206
f 203 204 208
f 203 208 207
f 204 201 205
f 204 205 208
o bldg_b1b553a0-188f-4c33-b752-f1bf4494b68b_8
v -299.226637 38.389783 3.116000
v -298.082825 37.718622 3.116000
v -302.486691 30.213713 3.116000
v -291.511711 23.773866 3.116000
v -291.742414 23.380695 3.116000
v -238.213919 -8.028500 3.116000
v -233.285419 0.370797 3.116000
v -239.241223 3.865515 3.116000
v -238.931692 4.392991 3.116000
v -237.331813 3.454668 3.116000
v -233.624902 9.772102 3.116000
v -257.324483 23.678429 3.116000
v -257.341045 23.676513 3.116000
v -258.275811 22.083456 3.116000
v -282.026686 36.019882 3.116000
v -281.501512 36.914900 3.116000
v -281.511717 36.928857 3.116000
v -291.752917 42.938140 3.116000
v -295.065178 37.293286 3.116000
v -298.639374 39.390589 3.116000
v -294.852278 35.283850 3.116000
v -295.534982 35.684444 3.116000
v -295.299634 36.085515 3.116000
v -294.616937 35.684925 3.116000
v -296.608870 33.854364 3.116000
v -295.926134 33.453752 3.116000
v -298.256835 29.481700 3.116000
v -298.939653 29.882361 3.116000
v -299.226637 38.389783 23.475000
v -298.082825 37.718622 23.475000
v -302.486691 30.213713 23.475000
v -291.511711 23.773866 23.475000
v -291.742414 23.380695 23.475000
v -238.213919 -8.028500 23.475000
v -233.285419 0.370797 23.475000
v -239.241223 3.865515 23.475000
v -238.931692 4.392991 23.475000
v -237.331813 3.454668 23.475000
v -233.624902 9.772102 23.475000
v -257.324483 23.678429 23.475000
v -257.341045 23.676513 23.475000
v -258.275811 22.083456 23.475000
v -282.026686 36.019882 23.475000
v -281.501512 36.914900 23.475000
v -281.511717 36.928857 23.475000
v -291.752917 42.938140 23.475000
v -295.065178 37.293286 23.475000
v -298.639374 39.390589 23.475000
v -294.852278 35.283850 23.475000
v -295.534982 35.684444 23.475000
v -295.299634 36.085515 23.475000
v -294.616937 35.684925 23.475000
v -296.608870 33.854364 23.475000
v -295.926134 33.453752 23.475000
v -298.256835 29.481700 23.475000
v -298.939653 29.882361 23.475000
f 231 230 211
f 239 258 259
f 211 230 229
f 257 258 239
f 233 236 211
f 239 264 261
f 211 236 235
f 263 264 239
f 214 213 212
f 240 241 242
f 216 215 214
f 242 243 244
f 219 218 217
f 245 246 247
f 221 220 219
f 247 248 249
f 225 224 223
f 251 252 253
f 227 226 225
f 253 254 255
f 209 228 227
f 255 256 237
f 231 211 210
f 238 239 259
f 233 211 229
f 257 239 261
f 212 211 235
f 263 239 240
f 216 214 212
f 240 242 244
f 221 219 217
f 245 247 249
f 227 225 223
f 251 253 255
f 210 209 227
f 255 237 238
f 232 231 210
f 238 259 260
f 234 233 229
f 257 261 262
f 212 235 234
f 262 263 240
f 217 216 212
f 240 244 245
f 222 221 217
f 245 249 250
f 227 223 222
f 250 251 255
f 232 210 227
f 255 238 260
f 234 229 232
f 260 257 262
f 217 212 234
f 262 240 245
f 227 222 217
f 245 250 255
f 217 234 232
f 260 262 245
f 232 227 217
f 245 255 260
f 209 210 238
f 209 238 237
f 210 211 239
f 210 239 238
f 211 212 240
f 211 240 239
f 212 213 241
f 212 241 240
f 213 214 242
f 213 242 241
f 214 215 243
f 214 243 242
f 215 216 244
f 215 244 243
f 216 217 245
f 216 245 244
f 217 218 246
f 217 246 245
f 218 219 247
f 218 247 246
f 219 220 248
f 219 248 247
f 220 221 249
f 220 249 248
f 221 222 250
f 221 250 249
f 222 223 251
f 222 251 250
f 223 224 252
f 223 252 251
f 224 225 253
f 224 253 252
f 225 226 254
f 225 254 253
f 226 227 255
f 226 255 254
f 227 228 256
f 227 256 255
f 228 209 237
f 228 237 256
f 229 230 258
f 229 258 257
f 230 231 259
f 230 259 258
f 231 232 260
f 231 260 259
f 232 229 257
f 232 257 260
f 233 234 262
f 233 262 261
f 234 235 263
f 234 263 262
f 235 236 264
f 235 264 263
f 236 233 261
f 236 261 264
o bldg_5fb246f9-fc18-430c-9abe-35ba9a35131c_9
v -109.952190 37.783220 2.285000
v -109.188203 39.031486 2.285000
v -94.327955 29.936201 2.285000
v -91.479508 34.590111 2.285000
v -97.924198 46.114317 2.285000
v -96.825380 47.909600 2.285000
v -103.906688 60.572260 2.285000
v -128.576047 75.671340 2.285000
v -139.556460 57.731191 2.285000
v -134.591242 54.692189 2.285000
v -135.405349 53.362029 2.285000
v -109.952190 37.783220 21.088000
v -109.188203 39.031486 21.088000
v -94.327955 29.936201 21.088000
v -91.479508 34.590111 21.088000
v -97.924198 46.114317 21.088000
v -96.825380 47.909600 21.088000
v -103.906688 60.572260 21.088000
v -128.576047 75.671340 21.088000
v -139.556460 57.731191 21.088000
v -134.591242 54.692189 21.088000
v -135.405349 53.362029 21.088000
f 265 275 274
f 285 286 276
f 268 267 266
f 277 278 279
f 271 270 269
f 280 281 282
f 273 272 271
f 282 283 284
f 266 265 274
f 285 276 277
f 269 268 266
f 277 279 280
f 273 271 269
f 280 282 284
f 269 266 274
f 285 277 280
f 274 273 269
f 280 284 285
f 265 266 277
f 265 277 276
f 266 267 278
f 266 278 277
f 267 268 279
f 267 279 278
f 268 269 280
f 268 280 279
f 269 270 281
f 269 281 280
f 270 271 282
f 270 282 281
f 271 272 283
f 271 283 282
f 272 273 284
f 272 284 283
f 273 274 285
f 273 285 284
f 274 275 286
f 274 286 285
f 275 265 276
f 275 276 286
o bldg_40db0b95-6105-4346-b54c-9383286086de_10
v -178.663330 -33.703031 2.028000
v -178.548746 -34.040029 2.028000
v -179.942095 -36.246419 2.028000
v -180.133420 -37.069094 2.028000
v -194.283236 -59.438311 2.028000
v -178.410829 -69.478580 2.028000
v -179.787910 -71.632712 2.028000
v -169.979894 -77.902753 2.028000
v -168.572827 -75.701717 2.028000
v -152.666678 -85.763330 2.028000
v -138.369898 -63.161843 2.028000
v -137.183682 -63.912197 2.028000
v -135.494539 -61.241864 2.028000
v -134.152544 -62.090757 2.028000
v -132.934584 -60.165307 2.028000
v -126.956908 -63.958500 2.028000
v -118.267010 -50.264095 2.028000
v -124.264227 -46.458505 2.028000
v -123.067189 -44.566131 2.028000
v -124.428608 -43.704952 2.028000
v -122.778712 -41.096662 2.028000
v -123.945507 -40.358594 2.028000
v -109.487273 -17.501817 2.028000
v -127.089327 -6.367480 2.028000
v -126.279768 -5.091348 2.028000
v -132.733807 -0.996988 2.028000
v -133.548733 -2.281525 2.028000
v -151.103959 8.823190 2.028000
v -151.821078 7.689506 2.028000
v -153.316173 8.645557 2.028000
v -156.711991 3.335074 2.028000
v -156.710678 3.318437 2.028000
v -155.197924 2.351093 2.028000
v -165.712571 -14.271379 2.028000
v -166.039182 -14.371647 2.028000
v -167.472654 -16.641692 2.028000
v -168.014898 -16.793666 2.028000
v -169.609139 -19.325270 2.028000
v -170.167349 -18.965946 2.028000
v -170.982130 -20.231717 2.028000
v -172.351129 -19.350483 2.028000
v -178.178635 -28.403574 2.028000
v -176.679346 -29.368677 2.028000
v -177.451097 -30.567600 2.028000
v -176.908704 -30.916742 2.028000
v -156.422972 -22.807645 2.028000
v -150.026183 -12.699558 2.028000
v -129.689820 -25.568790 2.028000
v -136.901651 -36.964750 2.028000
v -142.311005 -33.541644 2.028000
v -141.495948 -32.253647 2.028000
v -146.949971 -52.842862 2.028000
v -154.941397 -65.470721 2.028000
v -175.277701 -52.601533 2.028000
v -168.212186 -41.436740 2.028000
v -153.123424 -50.985101 2.028000
v -152.197613 -49.522087 2.028000
v -178.663330 -33.703031 51.468000
v -178.548746 -34.040029 51.468000
v -179.942095 -36.246419 51.468000
v -180.133420 -37.069094 51.468000
v -194.283236 -59.438311 51.468000
v -178.410829 -69.478580 51.468000
v -179.787910 -71.632712 51.468000
v -169.979894 -77.902753 51.468000
v -168.572827 -75.701717 51.468000
v -152.666678 -85.763330 51.468000
v -138.369898 -63.161843 51.468000
v -137.183682 -63.912197 51.468000
v -135.494539 -61.241864 51.468000
v -134.152544 -62.090757 51.468000
v -132.934584 -60.165307 51.468000
v -126.956908 -63.958500 51.468000
v -118.267010 -50.264095 51.468000
v -124.264227 -46.458505 51.468000
v -123.067189 -44.566131 51.468000
v -124.428608 -43.704952 51.468000
v -122.778712 -41.096662 51.468000
v -123.945507 -40.358594 51.468000
v -109.487273 -17.501817 51.468000
v -127.089327 -6.367480 51.468000
v -126.279768 -5.091348 51.468000
v -132.733807 -0.996988 51.468000
v -133.548733 -2.281525 51.468000
v -151.103959 8.823190 51.468000
v -151.821078 7.689506 51.468000
v -153.316173 8.645557 51.468000
v -156.711991 3.335074 51.468000
v -156.710678 3.318437 51.468000
v -155.197924 2.351093 51.468000
v -165.712571 -14.271379 51.468000
v -166.039182 -14.371647 51.468000
v -167.472654 -16.641692 51.468000
v -168.014898 -16.793666 51.468000
v -169.609139 -19.325270 51.468000
v -170.167349 -18.965946 51.468000
v -170.982130 -20.231717 51.468000
v -172.351129 -19.350483 51.468000
v -178.178635 -28.403574 51.468000
v -176.679346 -29.368677 51.468000
v -177.451097 -30.567600 51.468000
v -176.908704 -30.916742 51.468000
v -156.422972 -22.807645 51.468000
v -150.026183 -12.699558 51.468000
v -129.689820 -25.568790 51.468000
v -136.901651 -36.964750 51.468000
v -142.311005 -33.541644 51.468000
v -141.495948 -32.253647 51.468000
v -146.949971 -52.842862 51.468000
v -154.941397 -65.470721 51.468000
v -175.277701 -52.601533 51.468000
v -168.212186 -41.436740 51.468000
v -153.123424 -50.985101 51.468000
v -152.197613 -49.522087 51.468000
f 333 332 328
f 385 389 390
f 332 337 336
f 393 394 389
f 329 328 332
f 389 385 386
f 331 330 329
f 386 387 388
f 288 287 331
f 388 344 345
f 290 289 288
f 345 346 347
f 340 291 290
f 347 348 397
f 343 342 341
f 398 399 400
f 291 340 339
f 396 397 348
f 294 293 292
f 349 350 351
f 297 296 295
f 352 353 354
f 299 298 297
f 354 355 356
f 301 300 299
f 356 357 358
f 303 302 301
f 358 359 360
f 306 305 304
f 361 362 363
f 308 307 306
f 363 364 365
f 310 309 308
f 365 366 367
f 312 311 310
f 367 368 369
f 315 314 313
f 370 371 372
f 317 316 315
f 372 373 374
f 319 318 317
f 374 375 376
f 322 321 320
f 377 378 379
f 324 323 322
f 379 380 381
f 326 325 324
f 381 382 383
f 328 327 326
f 383 384 385
f 329 332 336
f 393 389 386
f 290 288 331
f 388 345 347
f 341 340 290
f 347 397 398
f 292 291 339
f 396 348 349
f 295 294 292
f 349 351 352
f 299 297 295
f 352 354 356
f 303 301 299
f 356 358 360
f 310 308 306
f 363 365 367
f 313 312 310
f 367 369 370
f 317 315 313
f 370 372 374
f 328 326 324
f 381 383 385
f 329 336 335
f 392 393 386
f 341 290 331
f 388 347 398
f 295 292 339
f 396 349 352
f 303 299 295
f 352 356 360
f 310 306 304
f 361 363 367
f 317 313 310
f 367 370 374
f 333 328 324
f 381 385 390
f 331 329 335
f 392 386 388
f 343 341 331
f 388 398 400
f 303 295 339
f 396 352 360
f 319 317 310
f 367 374 376
f 333 324 322
f 379 381 390
f 343 331 335
f 392 388 400
f 303 339 338
f 395 396 360
f 320 319 310
f 367 376 377
f 333 322 320
f 377 379 390
f 338 343 335
f 392 400 395
f 304 303 338
f 395 360 361
f 333 320 310
f 367 377 390
f 338 335 334
f 391 392 395
f 334 333 310
f 367 390 391
f 304 338 334
f 391 395 361
f 334 310 304
f 361 367 391
f 287 288 345
f 287 345 344
f 288 289 346
f 288 346 345
f 289 290 347
f 289 347 346
f 290 291 348
f 290 348 347
f 291 292 349
f 291 349 348
f 292 293 350
f 292 350 349
f 293 294 351
f 293 351 350
f 294 295 352
f 294 352 351
f 295 296 353
f 295 353 352
f 296 297 354
f 296 354 353
f 297 298 355
f 297 355 354
f 298 299 356
f 298 356 355
f 299 300 357
f 299 357 356
f 300 301 358
f 300 358 357
f 301 302 359
f 301 359 358
f 302 303 360
f 302 360 359
f 303 304 361
f 303 361 360
f 304 305 362
f 304 362 361
f 305 306 363
f 305 363 362
f 306 307 364
f 306 364 363
f 307 308 365
f 307 365 364
f 308 309 366
f 308 366 365
f 309 310 367
f 309 367 366
f 310 311 368
f 310 368 367
f 311 312 369
f 311 369 368
f 312 313 370
f 312 370 369
f 313 314 371
f 313 371 370
f 314 315 372
f 314 372 371
f 315 316 373
f 315 373 372
f 316 317 374
f 316 374 373
f 317 318 375
f 317 375 374
f 318 319 376
f 318 376 375
f 319 320 377
f 319 377 376
f 320 321 378
f 320 378 377
f 321 322 379
f 321 379 378
f 322 323 380
f 322 380 379
f 323 324 381
f 323 381 380
f 324 325 382
f 324 382 381
f 325 326 383
f 325 383 382
f 326 327 384
f 326 384 383
f 327 328 385
f 327 385 384
f 328 329 386
f 328 386 385
f 329 330 387
f 329 387 386
f 330 331 388
f 330 388 387
f 331 287 344
f 331 344 388
f 332 333 390
f 332 390 389
f 333 334 391
f 333 391 390
f 334 335 392
f 334 392 391
f 335 336 393
f 335 393 392
f 336 337 394
f 336 394 393
f 337 332 389
f 337 389 394
f 338 339 396
f 338 396 395
f 339 340 397
f 339 397 396
f 340 341 398
f 340 398 397
f 341 342 399
f 341 399 398
f 342 343 400
f 342 400 399
f 343 338 395
f 343 395 400
o bldg_02def243-3407-411b-9463-08721b01ec2a_11
v -304.832756 -264.708876 2.210000
v -308.886192 -271.212445 2.210000
v -284.699954 -286.289856 2.210000
v -280.815564 -280.057211 2.210000
v -280.818601 -280.040882 2.210000
v -285.985280 -276.820816 2.210000
v -278.114921 -264.373628 2.210000
v -278.122784 -264.358639 2.210000
v -279.037153 -263.780494 2.210000
v -260.238966 -234.050618 2.210000
v -278.843226 -222.287344 2.210000
v -272.162000 -211.714613 2.210000
v -277.127956 -208.574692 2.210000
v -283.811982 -219.145654 2.210000
v -296.428752 -211.168205 2.210000
v -323.013853 -253.213171 2.210000
v -304.832756 -264.708876 9.599000
v -308.886192 -271.212445 9.599000
v -284.699954 -286.289856 9.599000
v -280.815564 -280.057211 9.599000
v -280.818601 -280.040882 9.599000
v -285.985280 -276.820816 9.599000
v -278.114921 -264.373628 9.599000
v -278.122784 -264.358639 9.599000
v -279.037153 -263.780494 9.599000
v -260.238966 -234.050618 9.599000
v -278.843226 -222.287344 9.599000
v -272.162000 -211.714613 9.599000
v -277.127956 -208.574692 9.599000
v -283.811982 -219.145654 9.599000
v -296.428752 -211.168205 9.599000
v -323.013853 -253.213171 9.599000
f 401 416 415
f 431 432 417
f 403 402 401
f 417 418 419
f 405 404 403
f 419 420 421
f 408 407 406
f 422 423 424
f 411 410 409
f 425 426 427
f 413 412 411
f 427 428 429
f 401 415 414
f 430 431 417
f 406 405 403
f 419 421 422
f 409 408 406
f 422 424 425
f 414 413 411
f 427 429 430
f 406 403 401
f 417 419 422
f 411 409 406
f 422 425 427
f 401 414 411
f 427 430 417
f 411 406 401
f 417 422 427
f 401 402 418
f 401 418 417
f 402 403 419
f 402 419 418
f 403 404 420
f 403 420 419
f 404 405 421
f 404 421 420
f 405 406 422
f 405 422 421
f 406 407 423
f 406 423 422
f 407 408 424
f 407 424 423
f 408 409 425
f 408 425 424
f 409 410 426
f 409 426 425
f 410 411 427
f 410 427 426
f 411 412 428
f 411 428 427
f 412 413 429
f 412 429 428
f 413 414 430
f 413 430 429
f 414 415 431
f 414 431 430
f 415 416 432
f 415 432 431
f 416 401 417
f 416 417 432
o bldg_6bf2a8d8-55ff-49ce-8137-d9f9c8c490aa_12
v -218.663717 122.472349 1.710000
v -217.860109 122.003363 1.710000
v -224.276131 111.081707 1.710000
v -211.775709 103.740522 1.710000
v -209.185457 108.149779 1.710000
v -196.736578 100.945822 1.710000
v -199.359849 96.536584 1.710000
v -186.045256 88.617505 1.710000
v -183.327264 93.186077 1.710000
v -171.056694 86.085304 1.710000
v -173.767772 81.516127 1.710000
v -161.364056 74.138792 1.710000
v -161.544592 73.470590 1.710000
v -161.228431 72.280759 1.710000
v -160.361051 71.409761 1.710000
v -159.170021 71.086738 1.710000
v -157.980189 71.402899 1.710000
v -157.107845 72.271619 1.710000
v -156.786733 73.460124 1.710000
v -157.102894 74.649955 1.710000
v -157.970297 75.520978 1.710000
v -158.098160 75.556731 1.710000
v -151.554765 86.718840 1.710000
v -149.813861 85.700384 1.710000
v -146.889089 90.689582 1.710000
v -148.549316 91.663055 1.710000
v -139.439370 107.203320 1.710000
v -147.736710 139.045352 1.710000
v -158.868698 145.660674 1.710000
v -157.661953 147.693736 1.710000
v -162.640518 150.652294 1.710000
v -162.659521 150.660235 1.710000
v -163.864690 148.629636 1.710000
v -192.768579 165.802643 1.710000
v -199.130967 154.569727 1.710000
v -199.729639 154.915422 1.710000
v -163.626976 111.801902 1.710000
v -162.683921 114.221244 1.710000
v -159.736591 114.978472 1.710000
v -158.304087 109.549425 1.710000
v -166.145250 96.062216 1.710000
v -169.536602 98.058661 1.710000
v -168.354996 100.035209 1.710000
v -174.426653 103.665072 1.710000
v -171.735364 108.308110 1.710000
v -171.067102 108.116469 1.710000
v -168.180818 108.377863 1.710000
v -165.583865 109.664252 1.710000
v -166.623547 131.317005 1.710000
v -163.533545 129.518575 1.710000
v -163.570553 129.508815 1.710000
v -161.755357 122.629399 1.710000
v -164.321533 121.967911 1.710000
v -164.230146 121.610171 1.710000
v -164.835393 121.454935 1.710000
v -165.557663 122.250548 1.710000
v -168.151591 123.548599 1.710000
v -170.971500 123.815824 1.710000
v -218.663717 122.472349 55.275000
v -217.860109 122.003363 55.275000
v -224.276131 111.081707 55.275000
v -211.775709 103.740522 55.275000
v -209.185457 108.149779 55.275000
v -196.736578 100.945822 55.275000
v -199.359849 96.536584 55.275000
v -186.045256 88.617505 55.275000
v -183.327264 93.186077 55.275000
v -171.056694 86.085304 55.275000
v -173.767772 81.516127 55.275000
v -161.364056 74.138792 55.275000
v -161.544592 73.470590 55.275000
v -161.228431 72.280759 55.275000
v -160.361051 71.409761 55.275000
v -159.170021 71.086738 55.275000
v -157.980189 71.402899 55.275000
v -157.107845 72.271619 55.275000
v -156.786733 73.460124 55.275000
v -157.102894 74.649955 55.275000
v -157.970297 75.520978 55.275000
v -158.098160 75.556731 55.275000
v -151.554765 86.718840 55.275000
v -149.813861 85.700384 55.275000
v -146.889089 90.689582 55.275000
v -148.549316 91.663055 55.275000
v -139.439370 107.203320 55.275000
v -147.736710 139.045352 55.275000
v -158.868698 145.660674 55.275000
v -157.661953 147.693736 55.275000
v -162.640518 150.652294 55.275000
v -162.659521 150.660235 55.275000
v -163.864690 148.629636 55.275000
v -192.768579 165.802643 55.275000
v -199.130967 154.569727 55.275000
v -199.729639 154.915422 55.275000
v -163.626976 111.801902 55.275000
v -162.683921 114.221244 55.275000
v -159.736591 114.978472 55.275000
v -158.304087 109.549425 55.275000
v -166.145250 96.062216 55.275000
v -169.536602 98.058661 55.275000
v -168.354996 100.035209 55.275000
v -174.426653 103.665072 55.275000
v -171.735364 108.308110 55.275000
v -171.067102 108.116469 55.275000
v -168.180818 108.377863 55.275000
v -165.583865 109.664252 55.275000
v -166.623547 131.317005 55.275000
v -163.533545 129.518575 55.275000
v -163.570553 129.508815 55.275000
v -161.755357 122.629399 55.275000
v -164.321533 121.967911 55.275000
v -164.230146 121.610171 55.275000
v -164.835393 121.454935 55.275000
v -165.557663 122.250548 55.275000
v -168.151591 123.548599 55.275000
v -170.971500 123.815824 55.275000
f 481 490 433
f 491 548 539
f 484 483 482
f 540 541 542
f 486 485 484
f 542 543 544
f 489 488 487
f 545 546 547
f 433 490 489
f 547 548 491
f 436 435 434
f 492 493 494
f 477 476 437
f 495 534 535
f 479 478 477
f 535 536 537
f 469 480 479
f 537 538 527
f 476 475 474
f 532 533 534
f 440 439 438
f 496 497 498
f 444 443 442
f 500 501 502
f 446 445 444
f 502 503 504
f 448 447 446
f 504 505 506
f 450 449 448
f 506 507 508
f 452 451 450
f 508 509 510
f 454 453 452
f 510 511 512
f 457 456 455
f 513 514 515
f 460 459 458
f 516 517 518
f 463 462 461
f 519 520 521
f 465 464 463
f 521 522 523
f 467 466 465
f 523 524 525
f 433 468 467
f 525 526 491
f 433 489 487
f 545 547 491
f 437 436 434
f 492 494 495
f 479 477 437
f 495 535 537
f 470 469 479
f 537 527 528
f 437 476 474
f 532 534 495
f 441 440 438
f 496 498 499
f 448 446 444
f 502 504 506
f 452 450 448
f 506 508 510
f 458 457 455
f 513 515 516
f 461 460 458
f 516 518 519
f 465 463 461
f 519 521 523
f 433 467 465
f 523 525 491
f 434 433 487
f 545 491 492
f 479 437 434
f 492 495 537
f 437 474 473
f 531 532 495
f 441 438 437
f 495 496 499
f 452 448 444
f 502 506 510
f 461 458 455
f 513 516 519
f 433 465 461
f 519 523 491
f 479 434 487
f 545 492 537
f 441 437 473
f 531 495 499
f 452 444 442
f 500 502 510
f 481 433 461
f 519 491 539
f 479 487 486
f 544 545 537
f 442 441 473
f 531 499 500
f 454 452 442
f 500 510 512
f 482 481 461
f 519 539 540
f 479 486 484
f 542 544 537
f 442 473 472
f 530 531 500
f 455 454 442
f 500 512 513
f 482 461 455
f 513 519 540
f 470 479 484
f 542 537 528
f 455 442 472
f 530 500 513
f 484 482 455
f 513 540 542
f 471 470 484
f 542 528 529
f 455 472 471
f 529 530 513
f 471 484 455
f 513 542 529
f 433 434 492
f 433 492 491
f 434 435 493
f 434 493 492
f 435 436 494
f 435 494 493
f 436 437 495
f 436 495 494
f 437 438 496
f 437 496 495
f 438 439 497
f 438 497 496
f 439 440 498
f 439 498 497
f 440 441 499
f 440 499 498
f 441 442 500
f 441 500 499
f 442 443 501
f 442 501 500
f 443 444 502
f 443 502 501
f 444 445 503
f 444 503 502
f 445 446 504
f 445 504 503
f 446 447 505
f 446 505 504
f 447 448 506
f 447 506 505
f 448 449 507
f 448 507 506
f 449 450 508
f 449 508 507
f 450 451 509
f 450 509 508
f 451 452 510
f 451 510 509
f 452 453 511
f 452 511 510
f 453 454 512
f 453 512 511
f 454 455 513
f 454 513 512
f 455 456 514
f 455 514 513
f 456 457 515
f 456 515 514
f 457 458 516
f 457 516 515
f 458 459 517
f 458 517 516
f 459 460 518
f 459 518 517
f 460 461 519
f 460 519 518
f 461 462 520
f 461 520 519
f 462 463 521
f 462 521 520
f 463 464 522
f 463 522 521
f 464 465 523
f 464 523 522
f 465 466 524
f 465 524 523
f 466 467 525
f 466 525 524
f 467 468 526
f 467 526 525
f 468 433 491
f 468 491 526
f 469 470 528
f 469 528 527
f 470 471 529
f 470 529 528
f 471 472 530
f 471 530 529
f 472 473 531
f 472 531 530
f 473 474 532
f 473 532 531
f 474 475 533
f 474 533 532
f 475 476 534
f 475 534 533
f 476 477 535
f 476 535 534
f 477 478 536
f 477 536 535
f 478 479 537
f 478 537 536
f 479 480 538
f 479 538 537
f 480 469 527
f 480 527 538
f 481 482 540
f 481 540 539
f 482 483 541
f 482 541 540
f 483 484 542
f 483 542 541
f 484 485 543
f 484 543 542
f 485 486 544
f 485 544 543
f 486 487 545
f 486 545 544
f 487 488 546
f 487 546 545
f 488 489 547
f 488 547 546
f 489 490 548
f 489 548 547
f 490 481 539
f 490 539 548
o bldg_0d8a6d7c-f66c-4bf2-b350-817e4a73e877_13
v -229.231290 66.332850 2.173000
v -193.972138 45.580198 2.173000
v -194.540907 44.642558 2.173000
v -180.613714 36.155757 2.173000
v -176.739126 37.165196 2.173000
v -170.339958 47.113904 2.173000
v -172.383212 54.958823 2.173000
v -184.007214 62.007821 2.173000
v -185.797978 59.055667 2.173000
v -247.598785 95.427445 2.173000
v -253.926448 84.676730 2.173000
v -252.173274 83.644847 2.173000
v -253.586801 81.231389 2.173000
v -230.766123 67.868829 2.173000
v -229.554180 69.938343 2.173000
v -228.657222 69.413300 2.173000
v -229.062172 68.725560 2.173000
v -228.130538 68.177208 2.173000
v -229.231290 66.332850 52.429000
v -193.972138 45.580198 52.429000
v -194.540907 44.642558 52.429000
v -180.613714 36.155757 52.429000
v -176.739126 37.165196 52.429000
v -170.339958 47.113904 52.429000
v -172.383212 54.958823 52.429000
v -184.007214 62.007821 52.429000
v -185.797978 59.055667 52.429000
v -247.598785 95.427445 52.429000
v -253.926448 84.676730 52.429000
v -252.173274 83.644847 52.429000
v -253.586801 81.231389 52.429000
v -230.766123 67.868829 52.429000
v -229.554180 69.938343 52.429000
v -228.657222 69.413300 52.429000
v -229.062172 68.725560 52.429000
v -228.130538 68.177208 52.429000
f 550 549 566
f 584 567 568
f 552 551 550
f 568 569 570
f 554 553 552
f 570 571 572
f 556 555 554
f 572 573 574
f 559 558 557
f 575 576 577
f 562 561 560
f 578 579 580
f 566 565 564
f 582 583 584
f 554 552 550
f 568 570 572
f 557 556 554
f 572 574 575
f 560 559 557
f 575 577 578
f 563 562 560
f 578 580 581
f 550 566 564
f 582 584 568
f 557 554 550
f 568 572 575
f 563 560 557
f 575 578 581
f 557 550 564
f 582 568 575
f 564 563 557
f 575 581 582
f 549 550 568
f 549 568 567
f 550 551 569
f 550 569 568
f 551 552 570
f 551 570 569
f 552 553 571
f 552 571 570
f 553 554 572
f 553 572 571
f 554 555 573
f 554 573 572
f 555 556 574
f 555 574 573
f 556 557 575
f 556 575 574
f 557 558 576
f 557 576 575
f 558 559 577
f 558 577 576
f 559 560 578
f 559 578 577
f 560 561 579
f 560 579 578
f 561 562 580
f 561 580 579
f 562 563 581
f 562 581 580
f 563 564 582
f 563 582 581
f 564 565 583
f 564 583 582
f 565 566 584
f 565 584 583
f 566 549 567
f 566 567 584
o bldg_25565020-a976-42a4-8887-a300f0c64431_14
v -273.289857 -160.083632 3.122000
v -278.553630 -168.403125 3.122000
v -276.263041 -169.852375 3.122000
v -270.999266 -161.532881 3.122000
v -273.289857 -160.083632 5.045000
v -278.553630 -168.403125 5.045000
v -276.263041 -169.852375 5.045000
v -270.999266 -161.532881 5.045000
f 585 588 587
f 591 592 589
f 587 586 585
f 589 590 591
f 585 586 590
f 585 590 589
f 586 587 591
f 586 591 590
f 587 588 592
f 587 592 591
f 588 585 589
f 588 589 592
o bldg_f268417b-dc71-4d7b-bc79-eca43db545b2_15
v -258.976139 -193.873380 -0.843000
v -258.541262 -194.598947 -0.843000
v -257.882450 -195.144342 -0.843000
v -257.043865 -195.487854 -0.843000
v -255.946244 -195.470808 -0.843000
v -246.279924 -201.711622 -0.843000
v -248.121742 -204.499726 -0.843000
v -242.300958 -208.346199 -0.843000
v -240.418189 -205.496103 -0.843000
v -233.367533 -210.048180 -0.843000
v -232.902769 -211.098830 -0.843000
v -232.273166 -211.677578 -0.843000
v -231.361733 -212.038422 -0.843000
v -230.345701 -211.986232 -0.843000
v -226.669077 -214.346155 -0.843000
v -225.660671 -214.379892 -0.843000
v -224.530056 -213.967002 -0.843000
v -214.304165 -198.001194 -0.843000
v -212.036576 -199.448148 -0.843000
v -211.086255 -199.615207 -0.843000
v -210.040095 -199.273990 -0.843000
v -208.954759 -197.958307 -0.843000
v -208.052803 -196.227544 -0.843000
v -208.090324 -195.712977 -0.843000
v -202.032150 -199.554180 -0.843000
v -195.750774 -189.647392 -0.843000
v -201.819644 -185.798373 -0.843000
v -201.513217 -185.691161 -0.843000
v -200.452631 -184.661086 -0.843000
v -199.648513 -183.036838 -0.843000
v -199.579802 -181.821805 -0.843000
v -200.317265 -180.463578 -0.843000
v -202.272258 -179.215632 -0.843000
v -192.273348 -163.604214 -0.843000
v -192.234847 -162.244876 -0.843000
v -192.985039 -161.119284 -0.843000
v -206.672041 -152.316680 -0.843000
v -210.212043 -157.820990 -0.843000
v -230.939731 -144.342692 -0.843000
v -235.191259 -150.880730 -0.843000
v -245.238235 -144.347641 -0.843000
v -252.876148 -156.092557 -0.843000
v -262.045764 -150.277950 -0.843000
v -265.775256 -156.159246 -0.843000
v -256.673615 -161.931971 -0.843000
v -264.213330 -173.525887 -0.843000
v -254.048063 -180.137821 -0.843000
v -257.815269 -185.931048 -0.843000
v -255.441368 -187.476650 -0.843000
v -259.013368 -192.969796 -0.843000
v -258.976139 -193.873380 66.824000
v -258.541262 -194.598947 66.824000
v -257.882450 -195.144342 66.824000
v -257.043865 -195.487854 66.824000
v -255.946244 -195.470808 66.824000
v -246.279924 -201.711622 66.824000
v -248.121742 -204.499726 66.824000
v -242.300958 -208.346199 66.824000
v -240.418189 -205.496103 66.824000
v -233.367533 -210.048180 66.824000
v -232.902769 -211.098830 66.824000
v -232.273166 -211.677578 66.824000
v -231.361733 -212.038422 66.824000
v -230.345701 -211.986232 66.824000
v -226.669077 -214.346155 66.824000
v -225.660671 -214.379892 66.824000
v -224.530056 -213.967002 66.824000
v -214.304165 -198.001194 66.824000
v -212.036576 -199.448148 66.824000
v -211.086255 -199.615207 66.824000
v -210.040095 -199.273990 66.824000
v -208.954759 -197.958307 66.824000
v -208.052803 -196.227544 66.824000
v -208.090324 -195.712977 66.824000
v -202.032150 -199.554180 66.824000
v -195.750774 -189.647392 66.824000
v -201.819644 -185.798373 66.824000
v -201.513217 -185.691161 66.824000
v -200.452631 -184.661086 66.824000
v -199.648513 -183.036838 66.824000
v -199.579802 -181.821805 66.824000
v -200.317265 -180.463578 66.824000
v -202.272258 -179.215632 66.824000
v -192.273348 -163.604214 66.824000
v -192.234847 -162.244876 66.824000
v -192.985039 -161.119284 66.824000
v -206.672041 -152.316680 66.824000
v -210.212043 -157.820990 66.824000
v -230.939731 -144.342692 66.824000
v -235.191259 -150.880730 66.824000
v -245.238235 -144.347641 66.824000
v -252.876148 -156.092557 66.824000
v -262.045764 -150.277950 66.824000
v -265.775256 -156.159246 66.824000
v -256.673615 -161.931971 66.824000
v -264.213330 -173.525887 66.824000
v -254.048063 -180.137821 66.824000
v -257.815269 -185.931048 66.824000
v -255.441368 -187.476650 66.824000
v -259.013368 -192.969796 66.824000
f 593 642 641
f 691 692 643
f 595 594 593
f 643 644 645
f 597 596 595
f 645 646 647
f 600 599 598
f 648 649 650
f 604 603 602
f 652 653 654
f 606 605 604
f 654 655 656
f 608 607 606
f 656 657 658
f 610 609 608
f 658 659 660
f 612 611 610
f 660 661 662
f 614 613 612
f 662 663 664
f 616 615 614
f 664 665 666
f 618 617 616
f 666 667 668
f 621 620 619
f 669 670 671
f 623 622 621
f 671 672 673
f 625 624 623
f 673 674 675
f 627 626 625
f 675 676 677
f 629 628 627
f 677 678 679
f 632 631 630
f 680 681 682
f 634 633 632
f 682 683 684
f 636 635 634
f 684 685 686
f 639 638 637
f 687 688 689
f 641 640 639
f 689 690 691
f 595 593 641
f 691 643 645
f 601 600 598
f 648 650 651
f 606 604 602
f 652 654 656
f 610 608 606
f 656 658 660
f 614 612 610
f 660 662 664
f 619 618 616
f 666 668 669
f 623 621 619
f 669 671 673
f 629 627 625
f 675 677 679
f 634 632 630
f 680 682 684
f 637 636 634
f 684 686 687
f 597 595 641
f 691 645 647
f 601 598 597
f 647 648 651
f 606 602 601
f 651 652 656
f 616 614 610
f 660 664 666
f 623 619 616
f 666 669 673
f 630 629 625
f 675 679 680
f 637 634 630
f 680 684 687
f 597 641 639
f 689 691 647
f 606 601 597
f 647 651 656
f 623 616 610
f 660 666 673
f 637 630 625
f 675 680 687
f 606 597 639
f 689 647 656
f 623 610 606
f 656 660 673
f 637 625 623
f 673 675 687
f 606 639 637
f 687 689 656
f 637 623 606
f 656 673 687
f 593 594 644
f 593 644 643
f 594 595 645
f 594 645 644
f 595 596 646
f 595 646 645
f 596 597 647
f 596 647 646
f 597 598 648
f 597 648 647
f 598 599 649
f 598 649 648
f 599 600 650
f 599 650 649
f 600 601 651
f 600 651 650
f 601 602 652
f 601 652 651
f 602 603 653
f 602 653 652
f 603 604 654
f 603 654 653
f 604 605 655
f 604 655 654
f 605 606 656
f 605 656 655
f 606 607 657
f 606 657 656
f 607 608 658
f 607 658 657
f 608 609 659
f 608 659 658
f 609 610 660
f 609 660 659
f 610 611 661
f 610 661 660
f 611 612 662
f 611 662 661
f 612 613 663
f 612 663 662
f 613 614 664
f 613 664 663
f 614 615 665
f 614 665 664
f 615 616 666
f 615 666 665
f 616 617 667
f 616 667 666
f 617 618 668
f 617 668 667
f 618 619 669
f 618 669 668
f 619 620 670
f 619 670 669
f 620 621 671
f 620 671 670
f 621 622 672
f 621 672 671
f 622 623 673
f 622 673 672
f 623 624 674
f 623 674 673
f 624 625 675
f 624 675 674
f 625 626 676
f 625 676 675
f 626 627 677
f 626 677 676
f 627 628 678
f 627 678 677
f 628 629 679
f 628 679 678
f 629 630 680
f 629 680 679
f 630 631 681
f 630 681 680
f 631 632 682
f 631 682 681
f 632 633 683
f 632 683 682
f 633 634 684
f 633 684 683
f 634 635 685
f 634 685 684
f 635 636 686
f 635 686 685
f 636 637 687
f 636 687 686
f 637 638 688
f 637 688 687
f 638 639 689
f 638 689 688
f 639 640 690
f 639 690 689
f 640 641 691
f 640 691 690
f 641 642 692
f 641 692 691
f 642 593 643
f 642 643 692
o bldg_81de699e-802c-4794-b57f-323afa19ece9_16
v -257.476816 -45.685964 0.504000
v -247.322084 -51.957237 0.504000
v -231.662884 -26.601901 0.504000
v -241.817879 -20.331053 0.504000
v -257.476816 -45.685964 25.826000
v -247.322084 -51.957237 25.826000
v -231.662884 -26.601901 25.826000
v -241.817879 -20.331053 25.826000
f 693 696 695
f 699 700 697
f 695 694 693
f 697 698 699
f 693 694 698
f 693 698 697
f 694 695 699
f 694 699 698
f 695 696 700
f 695 700 699
f 696 693 697
f 696 697 700
o bldg_970a88fd-23e2-48e9-8311-2f5fe030bd3f_17
v -286.071106 56.546463 0.727000
v -290.858692 48.352119 0.727000
v -288.837951 47.171535 0.727000
v -290.118841 44.979157 0.727000
v -249.249112 21.102624 0.727000
v -248.277049 22.766447 0.727000
v -247.122365 22.091819 0.727000
v -248.924082 19.007927 0.727000
v -238.659343 13.011882 0.727000
v -236.858040 16.095085 0.727000
v -235.771557 15.460325 0.727000
v -236.777189 13.739038 0.727000
v -209.092163 -2.434608 0.727000
v -208.072477 -0.722274 0.727000
v -206.006005 -1.928645 0.727000
v -201.066669 6.525749 0.727000
v -203.062095 7.691543 0.727000
v -199.728452 13.289651 0.727000
v -197.699278 12.105473 0.727000
v -192.935970 20.258571 0.727000
v -194.896437 21.403940 0.727000
v -193.533892 23.692030 0.727000
v -221.438600 39.993271 0.727000
v -222.721736 37.796997 0.727000
v -223.808249 38.431769 0.727000
v -221.821693 41.832058 0.727000
v -232.086747 47.827361 0.727000
v -234.072512 44.428446 0.727000
v -235.227224 45.103062 0.727000
v -233.969720 47.255457 0.727000
v -274.747071 71.077158 0.727000
v -275.858256 69.175236 0.727000
v -277.895218 70.363612 0.727000
v -282.682628 62.169263 0.727000
v -281.400157 61.420001 0.727000
v -284.711003 55.753075 0.727000
v -286.071106 56.546463 71.350000
v -290.858692 48.352119 71.350000
v -288.837951 47.171535 71.350000
v -290.118841 44.979157 71.350000
v -249.249112 21.102624 71.350000
v -248.277049 22.766447 71.350000
v -247.122365 22.091819 71.350000
v -248.924082 19.007927 71.350000
v -238.659343 13.011882 71.350000
v -236.858040 16.095085 71.350000
v -235.771557 15.460325 71.350000
v -236.777189 13.739038 71.350000
v -209.092163 -2.434608 71.350000
v -208.072477 -0.722274 71.350000
v -206.006005 -1.928645 71.350000
v -201.066669 6.525749 71.350000
v -203.062095 7.691543 71.350000
v -199.728452 13.289651 71.350000
v -197.699278 12.105473 71.350000
v -192.935970 20.258571 71.350000
v -194.896437 21.403940 71.350000
v -193.533892 23.692030 71.350000
v -221.438600 39.993271 71.350000
v -222.721736 37.796997 71.350000
v -223.808249 38.431769 71.350000
v -221.821693 41.832058 71.350000
v -232.086747 47.827361 71.350000
v -234.072512 44.428446 71.350000
v -235.227224 45.103062 71.350000
v -233.969720 47.255457 71.350000
v -274.747071 71.077158 71.350000
v -275.858256 69.175236 71.350000
v -277.895218 70.363612 71.350000
v -282.682628 62.169263 71.350000
v -281.400157 61.420001 71.350000
v -284.711003 55.753075 71.350000
f 702 701 736
f 772 737 738
f 705 704 703
f 739 740 741
f 709 708 707
f 743 744 745
f 713 712 711
f 747 748 749
f 716 715 714
f 750 751 752
f 720 719 718
f 754 755 756
f 723 722 721
f 757 758 759
f 727 726 725
f 761 762 763
f 731 730 729
f 765 766 767
f 734 733 732
f 768 769 770
f 703 702 736
f 772 738 739
f 706 705 703
f 739 741 742
f 710 709 707
f 743 745 746
f 714 713 711
f 747 749 750
f 717 716 714
f 750 752 753
f 721 720 718
f 754 756 757
f 724 723 721
f 757 759 760
f 728 727 725
f 761 763 764
f 732 731 729
f 765 767 768
f 735 734 732
f 768 770 771
f 703 736 735
f 771 772 739
f 707 706 703
f 739 742 743
f 714 711 710
f 746 747 750
f 724 721 718
f 754 757 760
f 728 725 724
f 760 761 764
f 735 732 729
f 765 768 771
f 707 703 735
f 771 739 743
f 714 710 707
f 743 746 750
f 724 718 717
f 753 754 760
f 735 729 728
f 764 765 771
f 714 707 735
f 771 743 750
f 724 717 714
f 750 753 760
f 735 728 724
f 760 764 771
f 724 714 735
f 771 750 760
f 701 702 738
f 701 738 737
f 702 703 739
f 702 739 738
f 703 704 740
f 703 740 739
f 704 705 741
f 704 741 740
f 705 706 742
f 705 742 741
f 706 707 743
f 706 743 742
f 707 708 744
f 707 744 743
f 708 709 745
f 708 745 744
f 709 710 746
f 709 746 745
f 710 711 747
f 710 747 746
f 711 712 748
f 711 748 747
f 712 713 749
f 712 749 748
f 713 714 750
f 713 750 749
f 714 715 751
f 714 751 750
f 715 716 752
f 715 752 751
f 716 717 753
f 716 753 752
f 717 718 754
f 717 754 753
f 718 719 755
f 718 755 754
f 719 720 756
f 719 756 755
f 720 721 757
f 720 757 756
f 721 722 758
f 721 758 757
f 722 723 759
f 722 759 758
f 723 724 760
f 723 760 759
f 724 725 761
f 724 761 760
f 725 726 762
f 725 762 761
f 726 727 763
f 726 763 762
f 727 728 764
f 727 764 763
f 728 729 765
f 728 765 764
f 729 730 766
f 729 766 765
f 730 731 767
f 730 767 766
f 731 732 768
f 731 768 767
f 732 733 769
f 732 769 768
f 733 734 770
f 733 770 769
f 734 735 771
f 734 771 770
f 735 736 772
f 735 772 771
f 736 701 737
f 736 737 772
o bldg_4c8e55a1-fffa-4d86-b035-4d9d48ace14f_18
v -151.946196 17.332375 3.010000
v -151.929602 17.333953 3.010000
v -148.024277 23.628494 3.010000
v -127.870199 11.124142 3.010000
v -126.697925 13.013599 3.010000
v -126.357912 12.803717 3.010000
v -125.745711 12.762397 3.010000
v -125.241972 12.888961 3.010000
v -121.919662 18.244019 3.010000
v -123.026688 18.930855 3.010000
v -122.653772 19.531917 3.010000
v -145.663615 33.807976 3.010000
v -154.165533 31.896703 3.010000
v -160.073268 22.374705 3.010000
v -151.946196 17.332375 8.066000
v -151.929602 17.333953 8.066000
v -148.024277 23.628494 8.066000
v -127.870199 11.124142 8.066000
v -126.697925 13.013599 8.066000
v -126.357912 12.803717 8.066000
v -125.745711 12.762397 8.066000
v -125.241972 12.888961 8.066000
v -121.919662 18.244019 8.066000
v -123.026688 18.930855 8.066000
v -122.653772 19.531917 8.066000
v -145.663615 33.807976 8.066000
v -154.165533 31.896703 8.066000
v -160.073268 22.374705 8.066000
f 773 786 785
f 799 800 787
f 775 774 773
f 787 788 789
f 777 776 775
f 789 790 791
f 779 778 777
f 791 792 793
f 781 780 779
f 793 794 795
f 784 783 782
f 796 797 798
f 773 785 784
f 798 799 787
f 779 777 775
f 789 791 793
f 782 781 779
f 793 795 796
f 775 773 784
f 798 787 789
f 782 779 775
f 789 793 796
f 775 784 782
f 796 798 789
f 773 774 788
f 773 788 787
f 774 775 789
f 774 789 788
f 775 776 790
f 775 790 789
f 776 777 791
f 776 791 790
f 777 778 792
f 777 792 791
f 778 779 793
f 778 793 792
f 779 780 794
f 779 794 793
f 780 781 795
f 780 795 794
f 781 782 796
f 781 796 795
f 782 783 797
f 782 797 796
f 783 784 798
f 783 798 797
f 784 785 799
f 784 799 798
f 785 786 800
f 785 800 799
f 786 773 787
f 786 787 800
o bldg_b968161f-3fcc-4af4-9d30-00d6abfdde05_19
v -116.972638 7.937175 3.081000
v -116.995936 7.219505 3.081000
v -116.414486 6.315739 3.081000
v -116.265810 6.225279 3.081000
v -117.241259 4.635973 3.081000
v -96.128960 -8.321981 3.081000
v -97.052807 -9.794954 3.081000
v -97.042603 -9.809036 3.081000
v -92.057907 -12.935455 3.081000
v -86.292415 -3.743014 3.081000
v -90.763487 -0.938743 3.081000
v -90.411340 -0.364988 3.081000
v -113.971203 14.095190 3.081000
v -114.990261 12.434833 3.081000
v -114.443811 12.093471 3.081000
v -116.972638 7.937175 8.259000
v -116.995936 7.219505 8.259000
v -116.414486 6.315739 8.259000
v -116.265810 6.225279 8.259000
v -117.241259 4.635973 8.259000
v -96.128960 -8.321981 8.259000
v -97.052807 -9.794954 8.259000
v -97.042603 -9.809036 8.259000
v -92.057907 -12.935455 8.259000
v -86.292415 -3.743014 8.259000
v -90.763487 -0.938743 8.259000
v -90.411340 -0.364988 8.259000
v -113.971203 14.095190 8.259000
v -114.990261 12.434833 8.259000
v -114.443811 12.093471 8.259000
f 802 801 815
f 830 816 817
f 804 803 802
f 817 818 819
f 806 805 804
f 819 820 821
f 808 807 806
f 821 822 823
f 810 809 808
f 823 824 825
f 813 812 811
f 826 827 828
f 815 814 813
f 828 829 830
f 804 802 815
f 830 817 819
f 810 808 806
f 821 823 825
f 815 813 811
f 826 828 830
f 806 804 815
f 830 819 821
f 811 810 806
f 821 825 826
f 806 815 811
f 826 830 821
f 801 802 817
f 801 817 816
f 802 803 818
f 802 818 817
f 803 804 819
f 803 819 818
f 804 805 820
f 804 820 819
f 805 806 821
f 805 821 820
f 806 807 822
f 806 822 821
f 807 808 823
f 807 823 822
f 808 809 824
f 808 824 823
f 809 810 825
f 809 825 824
f 810 811 826
f 810 826 825
f 811 812 827
f 811 827 826
f 812 813 828
f 812 828 827
f 813 814 829
f 813 829 828
f 814 815 830
f 814 830 829
f 815 801 816
f 815 816 830
o bldg_59ef8c1c-180a-403d-973d-ef31c0a8299e_20
v -20.013321 -112.984668 3.037000
v -15.826262 -118.370087 3.037000
v -9.336063 -119.491913 3.037000
v -8.896781 -118.710909 3.037000
v -15.129527 -117.301523 3.037000
v -19.428845 -112.032960 3.037000
v -20.013321 -112.984668 6.024000
v -15.826262 -118.370087 6.024000
v -9.336063 -119.491913 6.024000
v -8.896781 -118.710909 6.024000
v -15.129527 -117.301523 6.024000
v -19.428845 -112.032960 6.024000
f 831 836 835
f 841 842 837
f 834 833 832
f 838 839 840
f 832 831 835
f 841 837 838
f 835 834 832
f 838 840 841
f 831 832 838
f 831 838 837
f 832 833 839
f 832 839 838
f 833 834 840
f 833 840 839
f 834 835 841
f 834 841 840
f 835 836 842
f 835 842 841
f 836 831 837
f 836 837 842
o bldg_9a87d794-901c-45f5-bc64-8389eb2deb34_21
v -159.797762 -216.867702 3.273000
v -159.147216 -217.959630 3.273000
v -157.955293 -219.299898 3.273000
v -150.959345 -223.746862 3.273000
v -152.336356 -225.933598 3.273000
v -148.268061 -228.495397 3.273000
v -146.899353 -226.327589 3.273000
v -140.004708 -230.710159 3.273000
v -138.885896 -228.950081 3.273000
v -136.045728 -230.768069 3.273000
v -137.158036 -232.505746 3.273000
v -137.162094 -232.522926 3.273000
v -120.191475 -243.385797 3.273000
v -115.333921 -235.797200 3.273000
v -115.343192 -235.782629 3.273000
v -115.381001 -235.758427 3.273000
v -112.616997 -231.439300 3.273000
v -105.426737 -236.040576 3.273000
v -102.735879 -231.835755 3.273000
v -109.925344 -227.233232 3.273000
v -90.772800 -197.304816 3.273000
v -110.674570 -184.568977 3.273000
v -109.370272 -182.517100 3.273000
v -114.640829 -179.166886 3.273000
v -114.953903 -179.696756 3.273000
v -127.162218 -171.239416 3.273000
v -128.127045 -170.838657 3.273000
v -130.020947 -170.525815 3.273000
v -131.531119 -170.779814 3.273000
v -133.054967 -171.532777 3.273000
v -134.063484 -172.458263 3.273000
v -159.789324 -212.364340 3.273000
v -160.143780 -213.834111 3.273000
v -160.139942 -215.319655 3.273000
v -159.797762 -216.867702 59.310000
v -159.147216 -217.959630 59.310000
v -157.955293 -219.299898 59.310000
v -150.959345 -223.746862 59.310000
v -152.336356 -225.933598 59.310000
v -148.268061 -228.495397 59.310000
v -146.899353 -226.327589 59.310000
v -140.004708 -230.710159 59.310000
v -138.885896 -228.950081 59.310000
v -136.045728 -230.768069 59.310000
v -137.158036 -232.505746 59.310000
v -137.162094 -232.522926 59.310000
v -120.191475 -243.385797 59.310000
v -115.333921 -235.797200 59.310000
v -115.343192 -235.782629 59.310000
v -115.381001 -235.758427 59.310000
v -112.616997 -231.439300 59.310000
v -105.426737 -236.040576 59.310000
v -102.735879 -231.835755 59.310000
v -109.925344 -227.233232 59.310000
v -90.772800 -197.304816 59.310000
v -110.674570 -184.568977 59.310000
v -109.370272 -182.517100 59.310000
v -114.640829 -179.166886 59.310000
v -114.953903 -179.696756 59.310000
v -127.162218 -171.239416 59.310000
v -128.127045 -170.838657 59.310000
v -130.020947 -170.525815 59.310000
v -131.531119 -170.779814 59.310000
v -133.054967 -171.532777 59.310000
v -134.063484 -172.458263 59.310000
v -159.789324 -212.364340 59.310000
v -160.143780 -213.834111 59.310000
v -160.139942 -215.319655 59.310000
f 843 876 875
f 909 910 877
f 845 844 843
f 877 878 879
f 848 847 846
f 880 881 882
f 851 850 849
f 883 884 885
f 854 853 852
f 886 887 888
f 856 855 854
f 888 889 890
f 858 857 856
f 890 891 892
f 861 860 859
f 893 894 895
f 864 863 862
f 896 897 898
f 866 865 864
f 898 899 900
f 869 868 867
f 901 902 903
f 871 870 869
f 903 904 905
f 873 872 871
f 905 906 907
f 875 874 873
f 907 908 909
f 845 843 875
f 909 877 879
f 849 848 846
f 880 882 883
f 856 854 852
f 886 888 890
f 862 861 859
f 893 895 896
f 866 864 862
f 896 898 900
f 871 869 867
f 901 903 905
f 875 873 871
f 905 907 909
f 846 845 875
f 909 879 880
f 851 849 846
f 880 883 885
f 856 852 851
f 885 886 890
f 866 862 859
f 893 896 900
f 875 871 867
f 901 905 909
f 851 846 875
f 909 880 885
f 858 856 851
f 885 890 892
f 866 859 858
f 892 893 900
f 851 875 867
f 901 909 885
f 866 858 851
f 885 892 900
f 851 867 866
f 900 901 885
f 843 844 878
f 843 878 877
f 844 845 879
f 844 879 878
f 845 846 880
f 845 880 879
f 846 847 881
f 846 881 880
f 847 848 882
f 847 882 881
f 848 849 883
f 848 883 882
f 849 850 884
f 849 884 883
f 850 851 885
f 850 885 884
f 851 852 886
f 851 886 885
f 852 853 887
f 852 887 886
f 853 854 888
f 853 888 887
f 854 855 889
f 854 889 888
f 855 856 890
f 855 890 889
f 856 857 891
f 856 891 890
f 857 858 892
f 857 892 891
f 858 859 893
f 858 893 892
f 859 860 894
f 859 894 893
f 860 861 895
f 860 895 894
f 861 862 896
f 861 896 895
f 862 863 897
f 862 897 896
f 863 864 898
f 863 898 897
f 864 865 899
f 864 899 898
f 865 866 900
f 865 900 899
f 866 867 901
f 866 901 900
f 867 868 902
f 867 902 901
f 868 869 903
f 868 903 902
f 869 870 904
f 869 904 903
f 870 871 905
f 870 905 904
f 871 872 906
f 871 906 905
f 872 873 907
f 872 907 906
f 873 874 908
f 873 908 907
f 874 875 909
f 874 909 908
f 875 876 910
f 875 910 909
f 876 843 877
f 876 877 910
o bldg_3b31b156-6964-4eb7-9ef9-00f065acfa1d_22
v -301.799544 -16.887489 0.387000
v -301.572199 -17.028391 0.387000
v -302.421327 -18.398519 0.387000
v -281.258596 -31.514530 0.387000
v -280.409409 -30.144423 0.387000
v -279.901300 -30.459011 0.387000
v -266.152029 -8.274702 0.387000
v -266.485777 -8.067855 0.387000
v -265.610859 -6.673377 0.387000
v -286.746633 6.586114 0.387000
v -287.693844 5.076324 0.387000
v -288.050623 5.296471 0.387000
v -301.799544 -16.887489 48.866000
v -301.572199 -17.028391 48.866000
v -302.421327 -18.398519 48.866000
v -281.258596 -31.514530 48.866000
v -280.409409 -30.144423 48.866000
v -279.901300 -30.459011 48.866000
v -266.152029 -8.274702 48.866000
v -266.485777 -8.067855 48.866000
v -265.610859 -6.673377 48.866000
v -286.746633 6.586114 48.866000
v -287.693844 5.076324 48.866000
v -288.050623 5.296471 48.866000
f 911 922 921
f 933 934 923
f 914 913 912
f 924 925 926
f 917 916 915
f 927 928 929
f 920 919 918
f 930 931 932
f 912 911 921
f 933 923 924
f 915 914 912
f 924 926 927
f 918 917 915
f 927 929 930
f 921 920 918
f 930 932 933
f 915 912 921
f 933 924 927
f 921 918 915
f 927 930 933
f 911 912 924
f 911 924 923
f 912 913 925
f 912 925 924
f 913 914 926
f 913 926 925
f 914 915 927
f 914 927 926
f 915 916 928
f 915 928 927
f 916 917 929
f 916 929 928
f 917 918 930
f 917 930 929
f 918 919 931
f 918 931 930
f 919 920 932
f 919 932 931
f 920 921 933
f 920 933 932
f 921 922 934
f 921 934 933
f 922 911 923
f 922 923 934
o bldg_1de2bfeb-2b99-4634-b045-041af5225136_23
v -89.729882 -99.579776 3.327000
v -116.611459 -142.494487 3.327000
v -115.265485 -149.597649 3.327000
v -86.162512 -170.694016 3.327000
v -77.948511 -158.376684 3.327000
v -77.958541 -158.362298 3.327000
v -78.202849 -158.199369 3.327000
v -54.684085 -122.806379 3.327000
v -89.729882 -99.579776 43.740000
v -116.611459 -142.494487 43.740000
v -115.265485 -149.597649 43.740000
v -86.162512 -170.694016 43.740000
v -77.948511 -158.376684 43.740000
v -77.958541 -158.362298 43.740000
v -78.202849 -158.199369 43.740000
v -54.684085 -122.806379 43.740000
f 935 942 941
f 949 950 943
f 937 936 935
f 943 944 945
f 939 938 937
f 945 946 947
f 941 940 939
f 947 948 949
f 937 935 941
f 949 943 945
f 941 939 937
f 945 947 949
f 935 936 944
f 935 944 943
f 936 937 945
f 936 945 944
f 937 938 946
f 937 946 945
f 938 939 947
f 938 947 946
f 939 940 948
f 939 948 947
f 940 941 949
f 940 949 948
f 941 942 950
f 941 950 949
f 942 935 943
f 942 943 950
o bldg_25d86d99-13c5-42c7-b7bd-35bb4fd75e1d_24
v -280.437569 -33.359442 0.485000
v -258.707297 -46.889935 0.485000
v -256.960781 -44.064422 0.485000
v -257.252658 -43.883973 0.485000
v -252.978342 -36.970072 0.485000
v -254.380554 -36.103172 0.485000
v -251.496661 -31.471676 0.485000
v -249.990629 -32.402194 0.485000
v -242.285574 -19.947918 0.485000
v -263.848317 -6.521984 0.485000
v -280.437569 -33.359442 49.302000
v -258.707297 -46.889935 49.302000
v -256.960781 -44.064422 49.302000
v -257.252658 -43.883973 49.302000
v -252.978342 -36.970072 49.302000
v -254.380554 -36.103172 49.302000
v -251.496661 -31.471676 49.302000
v -249.990629 -32.402194 49.302000
v -242.285574 -19.947918 49.302000
v -263.848317 -6.521984 49.302000
f 951 960 959
f 969 970 961
f 953 952 951
f 961 962 963
f 956 955 954
f 964 965 966
f 959 958 957
f 967 968 969
f 954 953 951
f 961 963 964
f 951 959 957
f 967 969 961
f 956 954 951
f 961 964 966
f 951 957 956
f 966 967 961
f 951 952 962
f 951 962 961
f 952 953 963
f 952 963 962
f 953 954 964
f 953 964 963
f 954 955 965
f 954 965 964
f 955 956 966
f 955 966 965
f 956 957 967
f 956 967 966
f 957 958 968
f 957 968 967
f 958 959 969
f 958 969 968
f 959 960 970
f 959 970 969
f 960 951 961
f 960 961 970
o bldg_08ed4f6d-4bf2-4eb5-ba4d-5e5f4424a7b6_25
v -251.444208 159.830685 2.992000
v -244.769142 155.955308 2.992000
v -229.955032 181.471379 2.992000
v -236.630114 185.346770 2.992000
v -251.444208 159.830685 7.284000
v -244.769142 155.955308 7.284000
v -229.955032 181.471379 7.284000
v -236.630114 185.346770 7.284000
f 971 974 973
f 977 978 975
f 973 972 971
f 975 976 977
f 971 972 976
f 971 976 975
f 972 973 977
f 972 977 976
f 973 974 978
f 973 978 977
f 974 971 975
f 974 975 978
o bldg_f1547fde-d82e-4ca5-8e85-ea449135e3c4_26
v -163.898162 -290.809569 2.529000
v -162.767306 -289.098376 2.529000
v -165.913390 -287.019244 2.529000
v -167.044246 -288.730437 2.529000
v -163.898162 -290.809569 7.565000
v -162.767306 -289.098376 7.565000
v -165.913390 -287.019244 7.565000
v -167.044246 -288.730437 7.565000
f 979 982 981
f 985 986 983
f 981 980 979
f 983 984 985
f 979 980 984
f 979 984 983
f 980 981 985
f 980 985 984
f 981 982 986
f 981 986 985
f 982 979 983
f 982 983 986
o bldg_48e44fa0-7e34-4a98-9842-a6d3a8440776_27
v -311.134713 -14.538820 2.949000
v -305.235900 -18.215916 2.949000
v -304.036902 -17.880194 2.949000
v -287.805646 7.727253 2.949000
v -288.264057 8.885741 2.949000
v -294.298683 12.647413 2.949000
v -294.945791 12.422868 2.949000
v -311.380997 -13.506715 2.949000
v -311.134713 -14.538820 38.030000
v -305.235900 -18.215916 38.030000
v -304.036902 -17.880194 38.030000
v -287.805646 7.727253 38.030000
v -288.264057 8.885741 38.030000
v -294.298683 12.647413 38.030000
v -294.945791 12.422868 38.030000
v -311.380997 -13.506715 38.030000
f 987 994 993
f 1001 1002 995
f 989 988 987
f 995 996 997
f 991 990 989
f 997 998 999
f 993 992 991
f 999 1000 1001
f 989 987 993
f 1001 995 997
f 993 991 989
f 997 999 1001
f 987 988 996
f 987 996 995
f 988 989 997
f 988 997 996
f 989 990 998
f 989 998 997
f 990 991 999
f 990 999 998
f 991 992 1000
f 991 1000 999
f 992 993 1001
f 992 1001 1000
f 993 994 1002
f 993 1002 1001
f 994 987 995
f 994 995 1002
o bldg_a8dccce9-b6f9-43f2-a6c7-0ec83da6b4b5_28
v -325.089363 -4.126809 2.917000
v -325.285027 -4.442438 2.917000
v -312.821287 -12.168933 2.917000
v -312.625367 -11.852891 2.917000
v -312.491998 -11.935568 2.917000
v -311.981173 -11.111548 2.917000
v -311.238421 -11.571994 2.917000
v -296.754710 11.791928 2.917000
v -296.980940 11.932172 2.917000
v -296.174920 13.232376 2.917000
v -309.505861 21.496464 2.917000
v -310.312106 20.195896 2.917000
v -310.891279 20.554937 2.917000
v -325.374949 -2.808919 2.917000
v -324.954070 -3.069829 2.917000
v -325.464967 -3.893965 2.917000
v -325.089363 -4.126809 46.582000
v -325.285027 -4.442438 46.582000
v -312.821287 -12.168933 46.582000
v -312.625367 -11.852891 46.582000
v -312.491998 -11.935568 46.582000
v -311.981173 -11.111548 46.582000
v -311.238421 -11.571994 46.582000
v -296.754710 11.791928 46.582000
v -296.980940 11.932172 46.582000
v -296.174920 13.232376 46.582000
v -309.505861 21.496464 46.582000
v -310.312106 20.195896 46.582000
v -310.891279 20.554937 46.582000
v -325.374949 -2.808919 46.582000
v -324.954070 -3.069829 46.582000
v -325.464967 -3.893965 46.582000
f 1003 1018 1017
f 1033 1034 1019
f 1005 1004 1003
f 1019 1020 1021
f 1008 1007 1006
f 1022 1023 1024
f 1010 1009 1008
f 1024 1025 1026
f 1013 1012 1011
f 1027 1028 1029
f 1016 1015 1014
f 1030 1031 1032
f 1005 1003 1017
f 1033 1019 1021
f 1010 1008 1006
f 1022 1024 1026
f 1014 1013 1011
f 1027 1029 1030
f 1017 1016 1014
f 1030 1032 1033
f 1006 1005 1017
f 1033 1021 1022
f 1011 1010 1006
f 1022 1026 1027
f 1017 1014 1011
f 1027 1030 1033
f 1011 1006 1017
f 1033 1022 1027
f 1003 1004 1020
f 1003 1020 1019
f 1004 1005 1021
f 1004 1021 1020
f 1005 1006 1022
f 1005 1022 1021
f 1006 1007 1023
f 1006 1023 1022
f 1007 1008 1024
f 1007 1024 1023
f 1008 1009 1025
f 1008 1025 1024
f 1009 1010 1026
f 1009 1026 1025
f 1010 1011 1027
f 1010 1027 1026
f 1011 1012 1028
f 1011 1028 1027
f 1012 1013 1029
f 1012 1029 1028
f 1013 1014 1030
f 1013 1030 1029
f 1014 1015 1031
f 1014 1031 1030
f 1015 1016 1032
f 1015 1032 1031
f 1016 1017 1033
f 1016 1033 1032
f 1017 1018 1034
f 1017 1034 1033
f 1018 1003 1019
f 1018 1019 1034
o bldg_3bbb9b07-95f4-4586-b880-b35a65e04184_29
v 76.811884 -3.506070 2.197000
v 74.496555 -7.232363 2.197000
v 81.378121 -11.508235 2.197000
v 80.729948 -12.551407 2.197000
v 83.353421 -14.181508 2.197000
v 83.080434 -14.620856 2.197000
v 104.809254 -28.122046 2.197000
v 105.730390 -26.639557 2.197000
v 110.247231 -29.446103 2.197000
v 112.603696 -25.653590 2.197000
v 113.886020 -26.377855 2.197000
v 115.922075 -22.772945 2.197000
v 114.790640 -22.133903 2.197000
v 117.169040 -18.306088 2.197000
v 112.767537 -15.571204 2.197000
v 113.690288 -14.105160 2.197000
v 92.032306 -0.473272 2.197000
v 91.784361 -0.867200 2.197000
v 88.930549 0.874687 2.197000
v 88.207065 -0.310499 2.197000
v 81.393855 3.922905 2.197000
v 79.090491 0.215868 2.197000
v 82.261207 -1.757039 2.197000
v 79.960240 -5.460230 2.197000
v 76.811884 -3.506070 46.882000
v 74.496555 -7.232363 46.882000
v 81.378121 -11.508235 46.882000
v 80.729948 -12.551407 46.882000
v 83.353421 -14.181508 46.882000
v 83.080434 -14.620856 46.882000
v 104.809254 -28.122046 46.882000
v 105.730390 -26.639557 46.882000
v 110.247231 -29.446103 46.882000
v 112.603696 -25.653590 46.882000
v 113.886020 -26.377855 46.882000
v 115.922075 -22.772945 46.882000
v 114.790640 -22.133903 46.882000
v 117.169040 -18.306088 46.882000
v 112.767537 -15.571204 46.882000
v 113.690288 -14.105160 46.882000
v 92.032306 -0.473272 46.882000
v 91.784361 -0.867200 46.882000
v 88.930549 0.874687 46.882000
v 88.207065 -0.310499 46.882000
v 81.393855 3.922905 46.882000
v 79.090491 0.215868 46.882000
v 82.261207 -1.757039 46.882000
v 79.960240 -5.460230 46.882000
f 1036 1035 1058
f 1082 1059 1060
f 1039 1038 1037
f 1061 1062 1063
f 1041 1040 1039
f 1063 1064 1065
f 1044 1043 1042
f 1066 1067 1068
f 1046 1045 1044
f 1068 1069 1070
f 1049 1048 1047
f 1071 1072 1073
f 1051 1050 1049
f 1073 1074 1075
f 1054 1053 1052
f 1076 1077 1078
f 1056 1055 1054
f 1078 1079 1080
f 1037 1036 1058
f 1082 1060 1061
f 1041 1039 1037
f 1061 1063 1065
f 1046 1044 1042
f 1066 1068 1070
f 1051 1049 1047
f 1071 1073 1075
f 1056 1054 1052
f 1076 1078 1080
f 1037 1058 1057
f 1081 1082 1061
f 1042 1041 1037
f 1061 1065 1066
f 1047 1046 1042
f 1066 1070 1071
f 1052 1051 1047
f 1071 1075 1076
f 1057 1056 1052
f 1076 1080 1081
f 1042 1037 1057
f 1081 1061 1066
f 1052 1047 1042
f 1066 1071 1076
f 1042 1057 1052
f 1076 1081 1066
f 1035 1036 1060
f 1035 1060 1059
f 1036 1037 1061
f 1036 1061 1060
f 1037 1038 1062
f 1037 1062 1061
f 1038 1039 1063
f 1038 1063 1062
f 1039 1040 1064
f 1039 1064 1063
f 1040 1041 1065
f 1040 1065 1064
f 1041 1042 1066
f 1041 1066 1065
f 1042 1043 1067
f 1042 1067 1066
f 1043 1044 1068
f 1043 1068 1067
f 1044 1045 1069
f 1044 1069 1068
f 1045 1046 1070
f 1045 1070 1069
f 1046 1047 1071
f 1046 1071 1070
f 1047 1048 1072
f 1047 1072 1071
f 1048 1049 1073
f 1048 1073 1072
f 1049 1050 1074
f 1049 1074 1073
f 1050 1051 1075
f 1050 1075 1074
f 1051 1052 1076
f 1051 1076 1075
f 1052 1053 1077
f 1052 1077 1076
f 1053 1054 1078
f 1053 1078 1077
f 1054 1055 1079
f 1054 1079 1078
f 1055 1056 1080
f 1055 1080 1079
f 1056 1057 1081
f 1056 1081 1080
f 1057 1058 1082
f 1057 1082 1081
f 1058 1035 1059
f 1058 1059 1082
o bldg_9c468849-14fe-42fb-a301-5c23323ee4ec_30
v -196.527470 -270.172591 -0.870000
v -197.372048 -270.224875 -0.870000
v -207.561831 -286.207440 -0.870000
v -207.648669 -286.905468 -0.870000
v -171.011106 -310.602491 -0.870000
v -161.824238 -296.272442 -0.870000
v -166.844499 -293.051585 -0.870000
v -165.166622 -290.457220 -0.870000
v -196.527470 -270.172591 41.076000
v -197.372048 -270.224875 41.076000
v -207.561831 -286.207440 41.076000
v -207.648669 -286.905468 41.076000
v -171.011106 -310.602491 41.076000
v -161.824238 -296.272442 41.076000
v -166.844499 -293.051585 41.076000
v -165.166622 -290.457220 41.076000
f 1083 1090 1089
f 1097 1098 1091
f 1085 1084 1083
f 1091 1092 1093
f 1087 1086 1085
f 1093 1094 1095
f 1089 1088 1087
f 1095 1096 1097
f 1085 1083 1089
f 1097 1091 1093
f 1089 1087 1085
f 1093 1095 1097
f 1083 1084 1092
f 1083 1092 1091
f 1084 1085 1093
f 1084 1093 1092
f 1085 1086 1094
f 1085 1094 1093
f 1086 1087 1095
f 1086 1095 1094
f 1087 1088 1096
f 1087 1096 1095
f 1088 1089 1097
f 1088 1097 1096
f 1089 1090 1098
f 1089 1098 1097
f 1090 1083 1091
f 1090 1091 1098
o bldg_06b44d83-e482-4301-920c-f22c53c1a264_31
v -26.401477 -111.465172 3.023000
v -21.277508 -114.716558 3.023000
v -19.334405 -111.654688 3.023000
v -24.458375 -108.403303 3.023000
v -26.401477 -111.465172 7.251000
v -21.277508 -114.716558 7.251000
v -19.334405 -111.654688 7.251000
v -24.458375 -108.403303 7.251000
f 1099 1102 1101
f 1105 1106 1103
f 1101 1100 1099
f 1103 1104 1105
f 1099 1100 1104
f 1099 1104 1103
f 1100 1101 1105
f 1100 1105 1104
f 1101 1102 1106
f 1101 1106 1105
f 1102 1099 1103
f 1102 1103 1106
o bldg_6d1b4f24-2b42-473c-b08a-c6d7a252a495_32
v -53.276845 -118.910763 2.686000
v -39.834832 -97.960452 2.686000
v -72.870569 -76.765393 2.686000
v -72.894320 -76.752288 2.686000
v -73.144445 -77.142137 2.686000
v -73.846360 -76.693928 2.686000
v -87.036734 -97.252667 2.686000
v -53.276845 -118.910763 63.154000
v -39.834832 -97.960452 63.154000
v -72.870569 -76.765393 63.154000
v -72.894320 -76.752288 63.154000
v -73.144445 -77.142137 63.154000
v -73.846360 -76.693928 63.154000
v -87.036734 -97.252667 63.154000
f 1107 1113 1112
f 1119 1120 1114
f 1109 1108 1107
f 1114 1115 1116
f 1111 1110 1109
f 1116 1117 1118
f 1107 1112 1111
f 1118 1119 1114
f 1111 1109 1107
f 1114 1116 1118
f 1107 1108 1115
f 1107 1115 1114
f 1108 1109 1116
f 1108 1116 1115
f 1109 1110 1117
f 1109 1117 1116
f 1110 1111 1118
f 1110 1118 1117
f 1111 1112 1119
f 1111 1119 1118
f 1112 1113 1120
f 1112 1120 1119
f 1113 1107 1114
f 1113 1114 1120
o bldg_08e2e06c-95de-46f2-aa8c-93c82f28ae84_33
v -298.302680 -309.207588 -1.125000
v -287.369243 -316.262284 -1.125000
v -280.361313 -305.395500 -1.125000
v -291.328962 -298.403978 -1.125000
v -298.302680 -309.207588 27.615000
v -287.369243 -316.262284 27.615000
v -280.361313 -305.395500 27.615000
v -291.328962 -298.403978 27.615000
f 1121 1124 1123
f 1127 1128 1125
f 1123 1122 1121
f 1125 1126 1127
f 1121 1122 1126
f 1121 1126 1125
f 1122 1123 1127
f 1122 1127 1126
f 1123 1124 1128
f 1123 1128 1127
f 1124 1121 1125
f 1124 1125 1128
o bldg_93df72ea-c1a8-4752-b4f7-88106e0c811a_34
v -65.787351 -142.599862 0.637000
v -63.859572 -143.838624 0.637000
v -65.681166 -146.673409 0.637000
v -31.025706 -168.940950 0.637000
v -21.024051 -153.376285 0.637000
v -27.907934 -148.952903 0.637000
v -26.448929 -146.682386 0.637000
v -49.036179 -132.169990 0.637000
v -50.494495 -134.439439 0.637000
v -56.558824 -130.544138 0.637000
v -62.119426 -139.197626 0.637000
v -63.169051 -138.524415 0.637000
v -65.787351 -142.599862 37.783000
v -63.859572 -143.838624 37.783000
v -65.681166 -146.673409 37.783000
v -31.025706 -168.940950 37.783000
v -21.024051 -153.376285 37.783000
v -27.907934 -148.952903 37.783000
v -26.448929 -146.682386 37.783000
v -49.036179 -132.169990 37.783000
v -50.494495 -134.439439 37.783000
v -56.558824 -130.544138 37.783000
v -62.119426 -139.197626 37.783000
v -63.169051 -138.524415 37.783000
f 1129 1140 1139
f 1151 1152 1141
f 1132 1131 1130
f 1142 1143 1144
f 1134 1133 1132
f 1144 1145 1146
f 1136 1135 1134
f 1146 1147 1148
f 1139 1138 1137
f 1149 1150 1151
f 1130 1129 1139
f 1151 1141 1142
f 1134 1132 1130
f 1142 1144 1146
f 1137 1136 1134
f 1146 1148 1149
f 1130 1139 1137
f 1149 1151 1142
f 1137 1134 1130
f 1142 1146 1149
f 1129 1130 1142
f 1129 1142 1141
f 1130 1131 1143
f 1130 1143 1142
f 1131 1132 1144
f 1131 1144 1143
f 1132 1133 1145
f 1132 1145 1144
f 1133 1134 1146
f 1133 1146 1145
f 1134 1135 1147
f 1134 1147 1146
f 1135 1136 1148
f 1135 1148 1147
f 1136 1137 1149
f 1136 1149 1148
f 1137 1138 1150
f 1137 1150 1149
f 1138 1139 1151
f 1138 1151 1150
f 1139 1140 1152
f 1139 1152 1151
f 1140 1129 1141
f 1140 1141 1152
o bldg_d88db37f-ebf1-47f8-ac91-19c4122507dd_35
v -216.078334 -133.774456 3.153000
v -216.304363 -134.121328 3.153000
v -180.136943 -157.688534 3.153000
v -179.844161 -157.239224 3.153000
v -179.570583 -157.417491 3.153000
v -168.220253 -139.998973 3.153000
v -168.480405 -139.829454 3.153000
v -168.220052 -139.429910 3.153000
v -204.553517 -115.754540 3.153000
v -204.842054 -116.197338 3.153000
v -205.223900 -115.948522 3.153000
v -216.612763 -133.426214 3.153000
v -216.078334 -133.774456 46.672000
v -216.304363 -134.121328 46.672000
v -180.136943 -157.688534 46.672000
v -179.844161 -157.239224 46.672000
v -179.570583 -157.417491 46.672000
v -168.220253 -139.998973 46.672000
v -168.480405 -139.829454 46.672000
v -168.220052 -139.429910 46.672000
v -204.553517 -115.754540 46.672000
v -204.842054 -116.197338 46.672000
v -205.223900 -115.948522 46.672000
v -216.612763 -133.426214 46.672000
f 1153 1164 1163
f 1175 1176 1165
f 1155 1154 1153
f 1165 1166 1167
f 1158 1157 1156
f 1168 1169 1170
f 1161 1160 1159
f 1171 1172 1173
f 1153 1163 1162
f 1174 1175 1165
f 1156 1155 1153
f 1165 1167 1168
f 1159 1158 1156
f 1168 1170 1171
f 1162 1161 1159
f 1171 1173 1174
f 1156 1153 1162
f 1174 1165 1168
f 1162 1159 1156
f 1168 1171 1174
f 1153 1154 1166
f 1153 1166 1165
f 1154 1155 1167
f 1154 1167 1166
f 1155 1156 1168
f 1155 1168 1167
f 1156 1157 1169
f 1156 1169 1168
f 1157 1158 1170
f 1157 1170 1169
f 1158 1159 1171
f 1158 1171 1170
f 1159 1160 1172
f 1159 1172 1171
f 1160 1161 1173
f 1160 1173 1172
f 1161 1162 1174
f 1161 1174 1173
f 1162 1163 1175
f 1162 1175 1174
f 1163 1164 1176
f 1163 1176 1175
f 1164 1153 1165
f 1164 1165 1176
o bldg_8cc4fcba-5355-494f-b65b-416e1a830a93_36
v -295.251846 -78.378234 3.429000
v -298.167540 -83.252562 3.429000
v -296.022026 -84.536104 3.429000
v -293.105793 -79.661473 3.429000
v -295.251846 -78.378234 7.280000
v -298.167540 -83.252562 7.280000
v -296.022026 -84.536104 7.280000
v -293.105793 -79.661473 7.280000
f 1177 1180 1179
f 1183 1184 1181
f 1179 1178 1177
f 1181 1182 1183
f 1177 1178 1182
f 1177 1182 1181
f 1178 1179 1183
f 1178 1183 1182
f 1179 1180 1184
f 1179 1184 1183
f 1180 1177 1181
f 1180 1181 1184
o bldg_615b17db-2348-4302-8ed9-4a61508c2f1b_37
v -26.101078 -95.361521 3.168000
v -26.117289 -95.364957 3.168000
v -28.904337 -99.846645 3.168000
v -25.938294 -101.691107 3.168000
v -17.823762 -88.642605 3.168000
v -20.182944 -87.175526 3.168000
v -25.504365 -95.732592 3.168000
v -26.101078 -95.361521 6.024000
v -26.117289 -95.364957 6.024000
v -28.904337 -99.846645 6.024000
v -25.938294 -101.691107 6.024000
v -17.823762 -88.642605 6.024000
v -20.182944 -87.175526 6.024000
v -25.504365 -95.732592 6.024000
f 1186 1185 1191
f 1198 1192 1193
f 1188 1187 1186
f 1193 1194 1195
f 1190 1189 1188
f 1195 1196 1197
f 1188 1186 1191
f 1198 1193 1195
f 1191 1190 1188
f 1195 1197 1198
f 1185 1186 1193
f 1185 1193 1192
f 1186 1187 1194
f 1186 1194 1193
f 1187 1188 1195
f 1187 1195 1194
f 1188 1189 1196
f 1188 1196 1195
f 1189 1190 1197
f 1189 1197 1196
f 1190 1191 1198
f 1190 1198 1197
f 1191 1185 1192
f 1191 1192 1198
o bldg_433bf242-e723-4d54-855f-d801dc089db5_38
v -10.896002 -122.009260 3.019000
v -5.677500 -125.412427 3.019000
v -3.217698 -121.640916 3.019000
v -8.436201 -118.237749 3.019000
v -10.896002 -122.009260 7.131000
v -5.677500 -125.412427 7.131000
v -3.217698 -121.640916 7.131000
v -8.436201 -118.237749 7.131000
f 1199 1202 1201
f 1205 1206 1203
f 1201 1200 1199
f 1203 1204 1205
f 1199 1200 1204
f 1199 1204 1203
f 1200 1201 1205
f 1200 1205 1204
f 1201 1202 1206
f 1201 1206 1205
f 1202 1199 1203
f 1202 1203 1206
o bldg_c2b668de-ba25-4c84-a5bd-1c029758f1b9_39
v -94.193200 -207.510305 3.540000
v -96.572230 -211.227858 3.540000
v -90.203825 -215.303201 3.540000
v -90.186643 -215.308513 3.540000
v -87.797874 -211.575744 3.540000
v -74.969053 -219.730884 3.540000
v -73.998841 -223.835377 3.540000
v -81.211762 -234.976204 3.540000
v -72.280540 -240.761779 3.540000
v -62.827018 -226.168657 3.540000
v -65.576301 -212.942385 3.540000
v -90.382782 -197.173183 3.540000
v -96.159234 -206.260230 3.540000
v -94.193200 -207.510305 27.839000
v -96.572230 -211.227858 27.839000
v -90.203825 -215.303201 27.839000
v -90.186643 -215.308513 27.839000
v -87.797874 -211.575744 27.839000
v -74.969053 -219.730884 27.839000
v -73.998841 -223.835377 27.839000
v -81.211762 -234.976204 27.839000
v -72.280540 -240.761779 27.839000
v -62.827018 -226.168657 27.839000
v -65.576301 -212.942385 27.839000
v -90.382782 -197.173183 27.839000
v -96.159234 -206.260230 27.839000
f 1207 1219 1218
f 1231 1232 1220
f 1209 1208 1207
f 1220 1221 1222
f 1211 1210 1209
f 1222 1223 1224
f 1215 1214 1213
f 1226 1227 1228
f 1217 1216 1215
f 1228 1229 1230
f 1207 1218 1217
f 1230 1231 1220
f 1211 1209 1207
f 1220 1222 1224
f 1217 1215 1213
f 1226 1228 1230
f 1211 1207 1217
f 1230 1220 1224
f 1217 1213 1212
f 1225 1226 1230
f 1212 1211 1217
f 1230 1224 1225
f 1207 1208 1221
f 1207 1221 1220
f 1208 1209 1222
f 1208 1222 1221
f 1209 1210 1223
f 1209 1223 1222
f 1210 1211 1224
f 1210 1224 1223
f 1211 1212 1225
f 1211 1225 1224
f 1212 1213 1226
f 1212 1226 1225
f 1213 1214 1227
f 1213 1227 1226
f 1214 1215 1228
f 1214 1228 1227
f 1215 1216 1229
f 1215 1229 1228
f 1216 1217 1230
f 1216 1230 1229
f 1217 1218 1231
f 1217 1231 1230
f 1218 1219 1232
f 1218 1232 1231
f 1219 1207 1220
f 1219 1220 1232
o bldg_0c140577-a39c-4b44-a16c-1e3ebc2d4455_40
v 71.548712 6.442666 2.296000
v 72.454951 5.879224 2.296000
v 71.892879 4.975178 2.296000
v 77.536907 1.466079 2.296000
v 80.686195 6.531459 2.296000
v 74.135928 10.603999 2.296000
v 71.548712 6.442666 9.145000
v 72.454951 5.879224 9.145000
v 71.892879 4.975178 9.145000
v 77.536907 1.466079 9.145000
v 80.686195 6.531459 9.145000
v 74.135928 10.603999 9.145000
f 1233 1238 1237
f 1243 1244 1239
f 1236 1235 1234
f 1240 1241 1242
f 1234 1233 1237
f 1243 1239 1240
f 1237 1236 1234
f 1240 1242 1243
f 1233 1234 1240
f 1233 1240 1239
f 1234 1235 1241
f 1234 1241 1240
f 1235 1236 1242
f 1235 1242 1241
f 1236 1237 1243
f 1236 1243 1242
f 1237 1238 1244
f 1237 1244 1243
f 1238 1233 1239
f 1238 1239 1244
o bldg_56fca3d6-6938-44c0-ae75-8de08d933e14_41
v -278.066547 109.957112 2.557000
v -275.884636 113.703964 2.557000
v -333.139047 147.045628 2.557000
v -341.235802 133.141706 2.557000
v -283.981270 99.800150 2.557000
v -282.100596 103.029707 2.557000
v -281.149472 102.465070 2.557000
v -277.110421 109.396962 2.557000
v -278.066547 109.957112 45.729000
v -275.884636 113.703964 45.729000
v -333.139047 147.045628 45.729000
v -341.235802 133.141706 45.729000
v -283.981270 99.800150 45.729000
v -282.100596 103.029707 45.729000
v -281.149472 102.465070 45.729000
v -277.110421 109.396962 45.729000
f 1245 1252 1251
f 1259 1260 1253
f 1247 1246 1245
f 1253 1254 1255
f 1249 1248 1247
f 1255 1256 1257
f 1245 1251 1250
f 1258 1259 1253
f 1250 1249 1247
f 1255 1257 1258
f 1247 1245 1250
f 1258 1253 1255
f 1245 1246 1254
f 1245 1254 1253
f 1246 1247 1255
f 1246 1255 1254
f 1247 1248 1256
f 1247 1256 1255
f 1248 1249 1257
f 1248 1257 1256
f 1249 1250 1258
f 1249 1258 1257
f 1250 1251 1259
f 1250 1259 1258
f 1251 1252 1260
f 1251 1260 1259
f 1252 1245 1253
f 1252 1253 1260
o bldg_a8627cb6-9ca0-46a7-97b4-e48d983bec7c_42
v -47.215898 -57.459488 3.405000
v -53.725539 -68.204582 3.405000
v -44.733575 -73.652121 3.405000
v -45.724733 -75.192171 3.405000
v -40.728822 -78.407526 3.405000
v -39.650279 -76.731698 3.405000
v -30.406305 -82.331911 3.405000
v -23.896652 -71.586817 3.405000
v -47.215898 -57.459488 16.022000
v -53.725539 -68.204582 16.022000
v -44.733575 -73.652121 16.022000
v -45.724733 -75.192171 16.022000
v -40.728822 -78.407526 16.022000
v -39.650279 -76.731698 16.022000
v -30.406305 -82.331911 16.022000
v -23.896652 -71.586817 16.022000
f 1261 1268 1267
f 1275 1276 1269
f 1263 1262 1261
f 1269 1270 1271
f 1265 1264 1263
f 1271 1272 1273
f 1261 1267 1266
f 1274 1275 1269
f 1265 1263 1261
f 1269 1271 1273
f 1261 1266 1265
f 1273 1274 1269
f 1261 1262 1270
f 1261 1270 1269
f 1262 1263 1271
f 1262 1271 1270
f 1263 1264 1272
f 1263 1272 1271
f 1264 1265 1273
f 1264 1273 1272
f 1265 1266 1274
f 1265 1274 1273
f 1266 1267 1275
f 1266 1275 1274
f 1267 1268 1276
f 1267 1276 1275
f 1268 1261 1269
f 1268 1269 1276
o bldg_9113cc94-3016-46ec-8485-8da566d8bcde_43
v -152.316643 -283.700228 2.868000
v -114.155319 -308.343022 2.868000
v -97.095590 -281.924646 2.868000
v -125.260952 -263.736767 2.868000
v -125.475651 -264.069246 2.868000
v -135.552448 -257.739611 2.868000
v -152.316643 -283.700228 40.202000
v -114.155319 -308.343022 40.202000
v -97.095590 -281.924646 40.202000
v -125.260952 -263.736767 40.202000
v -125.475651 -264.069246 40.202000
v -135.552448 -257.739611 40.202000
f 1277 1282 1281
f 1287 1288 1283
f 1279 1278 1277
f 1283 1284 1285
f 1281 1280 1279
f 1285 1286 1287
f 1279 1277 1281
f 1287 1283 1285
f 1277 1278 1284
f 1277 1284 1283
f 1278 1279 1285
f 1278 1285 1284
f 1279 1280 1286
f 1279 1286 1285
f 1280 1281 1287
f 1280 1287 1286
f 1281 1282 1288
f 1281 1288 1287
f 1282 1277 1283
f 1282 1283 1288
o bldg_3f730549-ec56-443d-8d68-f215f7c1ee72_44
v -328.294090 -305.455816 1.138000
v -319.946261 -310.731623 1.138000
v -319.971843 -312.274269 1.138000
v -318.822439 -313.833715 1.138000
v -317.569893 -314.431498 1.138000
v -316.075651 -314.502403 1.138000
v -314.926732 -313.954517 1.138000
v -314.903596 -313.918575 1.138000
v -287.760771 -331.072775 1.138000
v -281.077786 -320.561872 1.138000
v -300.101580 -308.466934 1.138000
v -292.809400 -296.818047 1.138000
v -314.360583 -283.197768 1.138000
v -328.294090 -305.455816 40.535000
v -319.946261 -310.731623 40.535000
v -319.971843 -312.274269 40.535000
v -318.822439 -313.833715 40.535000
v -317.569893 -314.431498 40.535000
v -316.075651 -314.502403 40.535000
v -314.926732 -313.954517 40.535000
v -314.903596 -313.918575 40.535000
v -287.760771 -331.072775 40.535000
v -281.077786 -320.561872 40.535000
v -300.101580 -308.466934 40.535000
v -292.809400 -296.818047 40.535000
v -314.360583 -283.197768 40.535000
f 1289 1301 1300
f 1313 1314 1302
f 1292 1291 1290
f 1303 1304 1305
f 1294 1293 1292
f 1305 1306 1307
f 1296 1295 1294
f 1307 1308 1309
f 1298 1297 1296
f 1309 1310 1311
f 1289 1300 1299
f 1312 1313 1302
f 1294 1292 1290
f 1303 1305 1307
f 1299 1298 1296
f 1309 1311 1312
f 1290 1289 1299
f 1312 1302 1303
f 1296 1294 1290
f 1303 1307 1309
f 1290 1299 1296
f 1309 1312 1303
f 1289 1290 1303
f 1289 1303 1302
f 1290 1291 1304
f 1290 1304 1303
f 1291 1292 1305
f 1291 1305 1304
f 1292 1293 1306
f 1292 1306 1305
f 1293 1294 1307
f 1293 1307 1306
f 1294 1295 1308
f 1294 1308 1307
f 1295 1296 1309
f 1295 1309 1308
f 1296 1297 1310
f 1296 1310 1309
f 1297 1298 1311
f 1297 1311 1310
f 1298 1299 1312
f 1298 1312 1311
f 1299 1300 1313
f 1299 1313 1312
f 1300 1301 1314
f 1300 1314 1313
f 1301 1289 1302
f 1301 1302 1314
o bldg_29d2fa17-a96f-4f71-b8f6-659340ab3652_45
v -318.579312 -65.487847 3.198000
v -300.633143 -76.717694 3.198000
v -287.538718 -55.799556 3.198000
v -305.484038 -44.568970 3.198000
v -318.579312 -65.487847 32.171000
v -300.633143 -76.717694 32.171000
v -287.538718 -55.799556 32.171000
v -305.484038 -44.568970 32.171000
f 1315 1318 1317
f 1321 1322 1319
f 1317 1316 1315
f 1319 1320 1321
f 1315 1316 1320
f 1315 1320 1319
f 1316 1317 1321
f 1316 1321 1320
f 1317 1318 1322
f 1317 1322 1321
f 1318 1315 1319
f 1318 1319 1322
o bldg_f5eca060-6c4d-4e65-9f13-195f0daac210_46
v -92.103808 -18.690277 3.723000
v -87.539672 -18.589243 3.723000
v -87.602217 -15.762878 3.723000
v -86.016169 -15.727768 3.723000
v -86.148876 -9.730812 3.723000
v -89.660093 -9.808539 3.723000
v -89.587541 -13.087120 3.723000
v -92.226509 -13.145538 3.723000
v -92.103808 -18.690277 7.219000
v -87.539672 -18.589243 7.219000
v -87.602217 -15.762878 7.219000
v -86.016169 -15.727768 7.219000
v -86.148876 -9.730812 7.219000
v -89.660093 -9.808539 7.219000
v -89.587541 -13.087120 7.219000
v -92.226509 -13.145538 7.219000
f 1323 1330 1329
f 1337 1338 1331
f 1325 1324 1323
f 1331 1332 1333
f 1327 1326 1325
f 1333 1334 1335
f 1329 1328 1327
f 1335 1336 1337
f 1325 1323 1329
f 1337 1331 1333
f 1329 1327 1325
f 1333 1335 1337
f 1323 1324 1332
f 1323 1332 1331
f 1324 1325 1333
f 1324 1333 1332
f 1325 1326 1334
f 1325 1334 1333
f 1326 1327 1335
f 1326 1335 1334
f 1327 1328 1336
f 1327 1336 1335
f 1328 1329 1337
f 1328 1337 1336
f 1329 1330 1338
f 1329 1338 1337
f 1330 1323 1331
f 1330 1331 1338
o bldg_aa6db881-017a-4071-a925-50f90cddcb11_47
v -38.359022 -33.111819 2.963000
v -49.721487 -51.334798 2.963000
v -41.617702 -56.387684 2.963000
v -34.658832 -45.227184 2.963000
v -18.900017 -55.053141 2.963000
v -25.757604 -66.051236 2.963000
v -25.750894 -66.066609 2.963000
v -17.792916 -71.028583 2.963000
v -6.526694 -52.960064 2.963000
v -38.359022 -33.111819 16.215000
v -49.721487 -51.334798 16.215000
v -41.617702 -56.387684 16.215000
v -34.658832 -45.227184 16.215000
v -18.900017 -55.053141 16.215000
v -25.757604 -66.051236 16.215000
v -25.750894 -66.066609 16.215000
v -17.792916 -71.028583 16.215000
v -6.526694 -52.960064 16.215000
f 1341 1340 1339
f 1348 1349 1350
f 1345 1344 1343
f 1352 1353 1354
f 1347 1346 1345
f 1354 1355 1356
f 1342 1341 1339
f 1348 1350 1351
f 1347 1345 1343
f 1352 1354 1356
f 1342 1339 1347
f 1356 1348 1351
f 1347 1343 1342
f 1351 1352 1356
f 1339 1340 1349
f 1339 1349 1348
f 1340 1341 1350
f 1340 1350 1349
f 1341 1342 1351
f 1341 1351 1350
f 1342 1343 1352
f 1342 1352 1351
f 1343 1344 1353
f 1343 1353 1352
f 1344 1345 1354
f 1344 1354 1353
f 1345 1346 1355
f 1345 1355 1354
f 1346 1347 1356
f 1346 1356 1355
f 1347 1339 1348
f 1347 1348 1356
o bldg_cc366cbd-b613-4d2b-b40d-c2b0fe183690_48
v -39.805064 -105.514586 3.389000
v -42.867788 -110.288355 3.389000
v -34.447967 -115.690353 3.389000
v -31.385243 -110.916586 3.389000
v -39.805064 -105.514586 6.753000
v -42.867788 -110.288355 6.753000
v -34.447967 -115.690353 6.753000
v -31.385243 -110.916586 6.753000
f 1357 1360 1359
f 1363 1364 1361
f 1359 1358 1357
f 1361 1362 1363
f 1357 1358 1362
f 1357 1362 1361
f 1358 1359 1363
f 1358 1363 1362
f 1359 1360 1364
f 1359 1364 1363
f 1360 1357 1361
f 1360 1361 1364
o bldg_bd1119ac-16f0-4954-85d3-33fda95bb99a_49
v -24.259004 -83.448130 0.545000
v -29.883801 -92.535522 0.545000
v -25.430774 -95.290393 0.545000
v -19.805905 -86.202887 0.545000
v -24.259004 -83.448130 7.623000
v -29.883801 -92.535522 7.623000
v -25.430774 -95.290393 7.623000
v -19.805905 -86.202887 7.623000
f 1365 1368 1367
f 1371 1372 1369
f 1367 1366 1365
f 1369 1370 1371
f 1365 1366 1370
f 1365 1370 1369
f 1366 1367 1371
f 1366 1371 1370
f 1367 1368 1372
f 1367 1372 1371
f 1368 1365 1369
f 1368 1369 1372
o bldg_c9cace17-c7b2-4b81-8b8e-b9445f0a687d_50
v -37.401648 -115.716711 0.689000
v -44.329800 -126.539908 0.689000
v -43.525295 -127.054885 0.689000
v -43.866273 -127.587576 0.689000
v -27.420351 -138.114723 0.689000
v -27.400232 -138.126322 0.689000
v -26.874934 -137.305679 0.689000
v -22.322450 -140.218467 0.689000
v -21.215912 -138.489778 0.689000
v -25.371797 -135.829622 0.689000
v -23.237815 -132.495827 0.689000
v -22.298855 -133.095396 0.689000
v -21.593839 -131.993990 0.689000
v -20.061605 -132.973472 0.689000
v -18.185215 -130.042169 0.689000
v -19.716880 -129.061724 0.689000
v -19.358507 -128.501860 0.689000
v -23.954331 -125.560043 0.689000
v -23.975569 -125.548009 0.689000
v -24.611385 -126.541308 0.689000
v -35.238330 -119.738931 0.689000
v -34.040091 -117.867036 0.689000
v -37.401648 -115.716711 20.238000
v -44.329800 -126.539908 20.238000
v -43.525295 -127.054885 20.238000
v -43.866273 -127.587576 20.238000
v -27.420351 -138.114723 20.238000
v -27.400232 -138.126322 20.238000
v -26.874934 -137.305679 20.238000
v -22.322450 -140.218467 20.238000
v -21.215912 -138.489778 20.238000
v -25.371797 -135.829622 20.238000
v -23.237815 -132.495827 20.238000
v -22.298855 -133.095396 20.238000
v -21.593839 -131.993990 20.238000
v -20.061605 -132.973472 20.238000
v -18.185215 -130.042169 20.238000
v -19.716880 -129.061724 20.238000
v -19.358507 -128.501860 20.238000
v -23.954331 -125.560043 20.238000
v -23.975569 -125.548009 20.238000
v -24.611385 -126.541308 20.238000
v -35.238330 -119.738931 20.238000
v -34.040091 -117.867036 20.238000
f 1373 1394 1393
f 1415 1416 1395
f 1375 1374 1373
f 1395 1396 1397
f 1377 1376 1375
f 1397 1398 1399
f 1379 1378 1377
f 1399 1400 1401
f 1381 1380 1379
f 1401 1402 1403
f 1385 1384 1383
f 1405 1406 1407
f 1387 1386 1385
f 1407 1408 1409
f 1390 1389 1388
f 1410 1411 1412
f 1392 1391 1390
f 1412 1413 1414
f 1375 1373 1393
f 1415 1395 1397
f 1379 1377 1375
f 1397 1399 1401
f 1382 1381 1379
f 1401 1403 1404
f 1387 1385 1383
f 1405 1407 1409
f 1392 1390 1388
f 1410 1412 1414
f 1375 1393 1392
f 1414 1415 1397
f 1382 1379 1375
f 1397 1401 1404
f 1388 1387 1383
f 1405 1409 1410
f 1375 1392 1388
f 1410 1414 1397
f 1383 1382 1375
f 1397 1404 1405
f 1375 1388 1383
f 1405 1410 1397
f 1373 1374 1396
f 1373 1396 1395
f 1374 1375 1397
f 1374 1397 1396
f 1375 1376 1398
f 1375 1398 1397
f 1376 1377 1399
f 1376 1399 1398
f 1377 1378 1400
f 1377 1400 1399
f 1378 1379 1401
f 1378 1401 1400
f 1379 1380 1402
f 1379 1402 1401
f 1380 1381 1403
f 1380 1403 1402
f 1381 1382 1404
f 1381 1404 1403
f 1382 1383 1405
f 1382 1405 1404
f 1383 1384 1406
f 1383 1406 1405
f 1384 1385 1407
f 1384 1407 1406
f 1385 1386 1408
f 1385 1408 1407
f 1386 1387 1409
f 1386 1409 1408
f 1387 1388 1410
f 1387 1410 1409
f 1388 1389 1411
f 1388 1411 1410
f 1389 1390 1412
f 1389 1412 1411
f 1390 1391 1413
f 1390 1413 1412
f 1391 1392 1414
f 1391 1414 1413
f 1392 1393 1415
f 1392 1415 1414
f 1393 1394 1416
f 1393 1416 1415
f 1394 1373 1395
f 1394 1395 1416
o bldg_522aabb3-381d-4d0a-b383-d27b0ad2c8f8_51
v -40.211871 -104.323424 3.231000
v -31.403383 -109.582608 3.231000
v -27.567792 -103.158631 3.231000
v -36.376268 -97.899445 3.231000
v -40.211871 -104.323424 9.787000
v -31.403383 -109.582608 9.787000
v -27.567792 -103.158631 9.787000
v -36.376268 -97.899445 9.787000
f 1417 1420 1419
f 1423 1424 1421
f 1419 1418 1417
f 1421 1422 1423
f 1417 1418 1422
f 1417 1422 1421
f 1418 1419 1423
f 1418 1423 1422
f 1419 1420 1424
f 1419 1424 1423
f 1420 1417 1421
f 1420 1421 1424
o bldg_f83adbab-271a-468c-b8d1-a2c5374b05b5_52
v -156.708268 -316.136408 2.024000
v -132.083985 -331.845414 2.024000
v -117.225173 -308.554533 2.024000
v -141.857367 -292.840780 2.024000
v -145.520463 -298.599787 2.024000
v -156.708268 -316.136408 46.119000
v -132.083985 -331.845414 46.119000
v -117.225173 -308.554533 46.119000
v -141.857367 -292.840780 46.119000
v -145.520463 -298.599787 46.119000
f 1426 1425 1429
f 1434 1430 1431
f 1428 1427 1426
f 1431 1432 1433
f 1426 1429 1428
f 1433 1434 1431
f 1425 1426 1431
f 1425 1431 1430
f 1426 1427 1432
f 1426 1432 1431
f 1427 1428 1433
f 1427 1433 1432
f 1428 1429 1434
f 1428 1434 1433
f 1429 1425 1430
f 1429 1430 1434
o bldg_3b6c956b-b179-4235-a58d-4767fbd1acbb_53
v -195.623640 -264.905788 -0.182000
v -195.673071 -265.807577 -0.182000
v -195.055974 -266.883970 -0.182000
v -180.335437 -276.505213 -0.182000
v -179.548899 -276.467669 -0.182000
v -178.739660 -276.299192 -0.182000
v -170.683971 -263.974037 -0.182000
v -170.748679 -262.869884 -0.182000
v -171.291678 -262.320560 -0.182000
v -168.619725 -258.334928 -0.182000
v -166.574411 -259.828608 -0.182000
v -165.334010 -259.641534 -0.182000
v -155.951558 -245.286378 -0.182000
v -155.729138 -244.638186 -0.182000
v -156.014317 -243.626655 -0.182000
v -173.241737 -232.366378 -0.182000
v -174.476371 -232.704413 -0.182000
v -195.623640 -264.905788 23.738000
v -195.673071 -265.807577 23.738000
v -195.055974 -266.883970 23.738000
v -180.335437 -276.505213 23.738000
v -179.548899 -276.467669 23.738000
v -178.739660 -276.299192 23.738000
v -170.683971 -263.974037 23.738000
v -170.748679 -262.869884 23.738000
v -171.291678 -262.320560 23.738000
v -168.619725 -258.334928 23.738000
v -166.574411 -259.828608 23.738000
v -165.334010 -259.641534 23.738000
v -155.951558 -245.286378 23.738000
v -155.729138 -244.638186 23.738000
v -156.014317 -243.626655 23.738000
v -173.241737 -232.366378 23.738000
v -174.476371 -232.704413 23.738000
f 1435 1451 1450
f 1467 1468 1452
f 1437 1436 1435
f 1452 1453 1454
f 1439 1438 1437
f 1454 1455 1456
f 1441 1440 1439
f 1456 1457 1458
f 1443 1442 1441
f 1458 1459 1460
f 1446 1445 1444
f 1461 1462 1463
f 1448 1447 1446
f 1463 1464 1465
f 1450 1449 1448
f 1465 1466 1467
f 1437 1435 1450
f 1467 1452 1454
f 1441 1439 1437
f 1454 1456 1458
f 1448 1446 1444
f 1461 1463 1465
f 1437 1450 1448
f 1465 1467 1454
f 1443 1441 1437
f 1454 1458 1460
f 1437 1448 1444
f 1461 1465 1454
f 1444 1443 1437
f 1454 1460 1461
f 1435 1436 1453
f 1435 1453 1452
f 1436 1437 1454
f 1436 1454 1453
f 1437 1438 1455
f 1437 1455 1454
f 1438 1439 1456
f 1438 1456 1455
f 1439 1440 1457
f 1439 1457 1456
f 1440 1441 1458
f 1440 1458 1457
f 1441 1442 1459
f 1441 1459 1458
f 1442 1443 1460
f 1442 1460 1459
f 1443 1444 1461
f 1443 1461 1460
f 1444 1445 1462
f 1444 1462 1461
f 1445 1446 1463
f 1445 1463 1462
f 1446 1447 1464
f 1446 1464 1463
f 1447 1448 1465
f 1447 1465 1464
f 1448 1449 1466
f 1448 1466 1465
f 1449 1450 1467
f 1449 1467 1466
f 1450 1451 1468
f 1450 1468 1467
f 1451 1435 1452
f 1451 1452 1468
o bldg_add04757-10bc-46b1-a53d-48b226ccfdd2_54
v -213.660780 -117.227487 3.254000
v -210.166895 -121.260347 3.254000
v -207.737249 -117.516465 3.254000
v -211.231134 -113.483590 3.254000
v -213.660780 -117.227487 33.686000
v -210.166895 -121.260347 33.686000
v -207.737249 -117.516465 33.686000
v -211.231134 -113.483590 33.686000
f 1469 1472 1471
f 1475 1476 1473
f 1471 1470 1469
f 1473 1474 1475
f 1469 1470 1474
f 1469 1474 1473
f 1470 1471 1475
f 1470 1475 1474
f 1471 1472 1476
f 1471 1476 1475
f 1472 1469 1473
f 1472 1473 1476
o bldg_627d16a6-6ea1-45c9-9d3e-241761f46b7d_55
v -279.264447 -267.753259 3.117000
v -274.191617 -270.929659 3.117000
v -249.164823 -230.961583 3.117000
v -254.237644 -227.785187 3.117000
v -279.264447 -267.753259 17.914000
v -274.191617 -270.929659 17.914000
v -249.164823 -230.961583 17.914000
v -254.237644 -227.785187 17.914000
f 1477 1480 1479
f 1483 1484 1481
f 1479 1478 1477
f 1481 1482 1483
f 1477 1478 1482
f 1477 1482 1481
f 1478 1479 1483
f 1478 1483 1482
f 1479 1480 1484
f 1479 1484 1483
f 1480 1477 1481
f 1480 1481 1484
o bldg_8b2be5b4-a0c2-46ab-8e6f-43807a1763d9_56
v -319.190900 99.144148 2.924000
v -336.816144 69.678719 2.924000
v -329.055325 65.036590 2.924000
v -334.147155 56.512911 2.924000
v -317.844839 46.773726 2.924000
v -295.149488 84.763289 2.924000
v -319.190900 99.144148 52.193000
v -336.816144 69.678719 52.193000
v -329.055325 65.036590 52.193000
v -334.147155 56.512911 52.193000
v -317.844839 46.773726 52.193000
v -295.149488 84.763289 52.193000
f 1485 1490 1489
f 1495 1496 1491
f 1487 1486 1485
f 1491 1492 1493
f 1489 1488 1487
f 1493 1494 1495
f 1487 1485 1489
f 1495 1491 1493
f 1485 1486 1492
f 1485 1492 1491
f 1486 1487 1493
f 1486 1493 1492
f 1487 1488 1494
f 1487 1494 1493
f 1488 1489 1495
f 1488 1495 1494
f 1489 1490 1496
f 1489 1496 1495
f 1490 1485 1491
f 1490 1491 1496
o bldg_f37a0539-1b14-4b7b-ac0d-93da8027b3fb_57
v -233.088253 -240.224309 2.674000
v -228.298819 -243.189404 2.674000
v -225.740495 -239.057032 2.674000
v -230.529930 -236.091937 2.674000
v -233.088253 -240.224309 5.729000
v -228.298819 -243.189404 5.729000
v -225.740495 -239.057032 5.729000
v -230.529930 -236.091937 5.729000
f 1497 1500 1499
f 1503 1504 1501
f 1499 1498 1497
f 1501 1502 1503
f 1497 1498 1502
f 1497 1502 1501
f 1498 1499 1503
f 1498 1503 1502
f 1499 1500 1504
f 1499 1504 1503
f 1500 1497 1501
f 1500 1501 1504
o bldg_841d4376-afdb-4652-9a30-74ae4f67ed9d_58
v -268.986211 91.771370 1.950000
v -269.259132 90.760143 1.950000
v -269.206501 89.541006 1.950000
v -268.821981 88.640232 1.950000
v -268.341005 88.005442 1.950000
v -263.309974 84.983258 1.950000
v -262.983351 84.974862 1.950000
v -262.632811 85.172001 1.950000
v -262.465708 85.391492 1.950000
v -261.480187 84.813925 1.950000
v -261.871029 84.174024 1.950000
v -256.782923 81.081876 1.950000
v -247.281246 97.207984 1.950000
v -247.102260 97.946567 1.950000
v -247.260100 98.827520 1.950000
v -247.940416 99.512732 1.950000
v -249.017154 99.892208 1.950000
v -249.893499 99.674226 1.950000
v -250.473647 99.264945 1.950000
v -251.817827 100.056869 1.950000
v -251.529820 100.615229 1.950000
v -251.595500 101.032757 1.950000
v -251.838194 101.374056 1.950000
v -258.415607 105.170988 1.950000
v -259.525716 105.308339 1.950000
v -260.913613 104.874037 1.950000
v -261.790988 104.053020 1.950000
v -268.986211 91.771370 39.555000
v -269.259132 90.760143 39.555000
v -269.206501 89.541006 39.555000
v -268.821981 88.640232 39.555000
v -268.341005 88.005442 39.555000
v -263.309974 84.983258 39.555000
v -262.983351 84.974862 39.555000
v -262.632811 85.172001 39.555000
v -262.465708 85.391492 39.555000
v -261.480187 84.813925 39.555000
v -261.871029 84.174024 39.555000
v -256.782923 81.081876 39.555000
v -247.281246 97.207984 39.555000
v -247.102260 97.946567 39.555000
v -247.260100 98.827520 39.555000
v -247.940416 99.512732 39.555000
v -249.017154 99.892208 39.555000
v -249.893499 99.674226 39.555000
v -250.473647 99.264945 39.555000
v -251.817827 100.056869 39.555000
v -251.529820 100.615229 39.555000
v -251.595500 101.032757 39.555000
v -251.838194 101.374056 39.555000
v -258.415607 105.170988 39.555000
v -259.525716 105.308339 39.555000
v -260.913613 104.874037 39.555000
v -261.790988 104.053020 39.555000
f 1505 1531 1530
f 1557 1558 1532
f 1507 1506 1505
f 1532 1533 1534
f 1509 1508 1507
f 1534 1535 1536
f 1511 1510 1509
f 1536 1537 1538
f 1513 1512 1511
f 1538 1539 1540
f 1516 1515 1514
f 1541 1542 1543
f 1518 1517 1516
f 1543 1544 1545
f 1520 1519 1518
f 1545 1546 1547
f 1522 1521 1520
f 1547 1548 1549
f 1526 1525 1524
f 1551 1552 1553
f 1528 1527 1526
f 1553 1554 1555
f 1530 1529 1528
f 1555 1556 1557
f 1507 1505 1530
f 1557 1532 1534
f 1511 1509 1507
f 1534 1536 1538
f 1518 1516 1514
f 1541 1543 1545
f 1522 1520 1518
f 1545 1547 1549
f 1528 1526 1524
f 1551 1553 1555
f 1507 1530 1528
f 1555 1557 1534
f 1513 1511 1507
f 1534 1538 1540
f 1518 1514 1513
f 1540 1541 1545
f 1523 1522 1518
f 1545 1549 1550
f 1507 1528 1524
f 1551 1555 1534
f 1518 1513 1507
f 1534 1540 1545
f 1507 1524 1523
f 1550 1551 1534
f 1523 1518 1507
f 1534 1545 1550
f 1505 1506 1533
f 1505 1533 1532
f 1506 1507 1534
f 1506 1534 1533
f 1507 1508 1535
f 1507 1535 1534
f 1508 1509 1536
f 1508 1536 1535
f 1509 1510 1537
f 1509 1537 1536
f 1510 1511 1538
f 1510 1538 1537
f 1511 1512 1539
f 1511 1539 1538
f 1512 1513 1540
f 1512 1540 1539
f 1513 1514 1541
f 1513 1541 1540
f 1514 1515 1542
f 1514 1542 1541
f 1515 1516 1543
f 1515 1543 1542
f 1516 1517 1544
f 1516 1544 1543
f 1517 1518 1545
f 1517 1545 1544
f 1518 1519 1546
f 1518 1546 1545
f 1519 1520 1547
f 1519 1547 1546
f 1520 1521 1548
f 1520 1548 1547
f 1521 1522 1549
f 1521 1549 1548
f 1522 1523 1550
f 1522 1550 1549
f 1523 1524 1551
f 1523 1551 1550
f 1524 1525 1552
f 1524 1552 1551
f 1525 1526 1553
f 1525 1553 1552
f 1526 1527 1554
f 1526 1554 1553
f 1527 1528 1555
f 1527 1555 1554
f 1528 1529 1556
f 1528 1556 1555
f 1529 1530 1557
f 1529 1557 1556
f 1530 1531 1558
f 1530 1558 1557
f 1531 1505 1532
f 1531 1532 1558
o bldg_89f40e29-e1db-447a-af54-e2b2cb3e23c1_59
v -230.648129 -319.522683 1.637000
v -201.695873 -338.175223 1.637000
v -186.609167 -314.758551 1.637000
v -215.561419 -296.106040 1.637000
v -230.648129 -319.522683 53.011000
v -201.695873 -338.175223 53.011000
v -186.609167 -314.758551 53.011000
v -215.561419 -296.106040 53.011000
f 1559 1562 1561
f 1565 1566 1563
f 1561 1560 1559
f 1563 1564 1565
f 1559 1560 1564
f 1559 1564 1563
f 1560 1561 1565
f 1560 1565 1564
f 1561 1562 1566
f 1561 1566 1565
f 1562 1559 1563
f 1562 1563 1566
o bldg_6de49632-e1c6-4fab-9a99-8d6b639cb550_60
v -275.231641 -274.411210 2.558000
v -262.586125 -282.361741 2.558000
v -250.072085 -262.458050 2.558000
v -247.261417 -264.225162 2.558000
v -242.103534 -256.021437 2.558000
v -235.602669 -260.103670 2.558000
v -231.771589 -254.010250 2.558000
v -241.080831 -248.157381 2.558000
v -233.816505 -236.603405 2.558000
v -246.461995 -228.652903 2.558000
v -248.610638 -232.070336 2.558000
v -249.303664 -231.634616 2.558000
v -272.228679 -268.096922 2.558000
v -271.535618 -268.532665 2.558000
v -275.231641 -274.411210 17.497000
v -262.586125 -282.361741 17.497000
v -250.072085 -262.458050 17.497000
v -247.261417 -264.225162 17.497000
v -242.103534 -256.021437 17.497000
v -235.602669 -260.103670 17.497000
v -231.771589 -254.010250 17.497000
v -241.080831 -248.157381 17.497000
v -233.816505 -236.603405 17.497000
v -246.461995 -228.652903 17.497000
v -248.610638 -232.070336 17.497000
v -249.303664 -231.634616 17.497000
v -272.228679 -268.096922 17.497000
v -271.535618 -268.532665 17.497000
f 1568 1567 1580
f 1594 1581 1582
f 1571 1570 1569
f 1583 1584 1585
f 1573 1572 1571
f 1585 1586 1587
f 1576 1575 1574
f 1588 1589 1590
f 1579 1578 1577
f 1591 1592 1593
f 1569 1568 1580
f 1594 1582 1583
f 1574 1573 1571
f 1585 1587 1588
f 1577 1576 1574
f 1588 1590 1591
f 1580 1579 1577
f 1591 1593 1594
f 1571 1569 1580
f 1594 1583 1585
f 1577 1574 1571
f 1585 1588 1591
f 1571 1580 1577
f 1591 1594 1585
f 1567 1568 1582
f 1567 1582 1581
f 1568 1569 1583
f 1568 1583 1582
f 1569 1570 1584
f 1569 1584 1583
f 1570 1571 1585
f 1570 1585 1584
f 1571 1572 1586
f 1571 1586 1585
f 1572 1573 1587
f 1572 1587 1586
f 1573 1574 1588
f 1573 1588 1587
f 1574 1575 1589
f 1574 1589 1588
f 1575 1576 1590
f 1575 1590 1589
f 1576 1577 1591
f 1576 1591 1590
f 1577 1578 1592
f 1577 1592 1591
f 1578 1579 1593
f 1578 1593 1592
f 1579 1580 1594
f 1579 1594 1593
f 1580 1567 1581
f 1580 1581 1594
o bldg_1510e06c-b3d7-4955-9a51-a96bd7a37c38_61
v -316.111921 224.054718 3.402000
v -327.718090 204.223494 3.402000
v -305.985966 191.493355 3.402000
v -308.428041 187.320307 3.402000
v -288.080957 175.413065 3.402000
v -285.643912 179.577483 3.402000
v -263.757826 166.757157 3.402000
v -256.846346 178.566638 3.402000
v -255.343419 177.695621 3.402000
v -250.054180 186.815831 3.402000
v -249.036644 186.227577 3.402000
v -243.149310 196.386034 3.402000
v -245.589813 197.800406 3.402000
v -245.195208 198.474658 3.402000
v -258.587572 206.287170 3.402000
v -257.703879 207.796895 3.402000
v -295.407394 229.865758 3.402000
v -296.323460 228.300707 3.402000
v -309.222962 235.825742 3.402000
v -309.678107 235.048045 3.402000
v -312.683955 236.778546 3.402000
v -319.038554 225.740591 3.402000
v -316.111921 224.054718 96.364000
v -327.718090 204.223494 96.364000
v -305.985966 191.493355 96.364000
v -308.428041 187.320307 96.364000
v -288.080957 175.413065 96.364000
v -285.643912 179.577483 96.364000
v -263.757826 166.757157 96.364000
v -256.846346 178.566638 96.364000
v -255.343419 177.695621 96.364000
v -250.054180 186.815831 96.364000
v -249.036644 186.227577 96.364000
v -243.149310 196.386034 96.364000
v -245.589813 197.800406 96.364000
v -245.195208 198.474658 96.364000
v -258.587572 206.287170 96.364000
v -257.703879 207.796895 96.364000
v -295.407394 229.865758 96.364000
v -296.323460 228.300707 96.364000
v -309.222962 235.825742 96.364000
v -309.678107 235.048045 96.364000
v -312.683955 236.778546 96.364000
v -319.038554 225.740591 96.364000
f 1595 1616 1615
f 1637 1638 1617
f 1597 1596 1595
f 1617 1618 1619
f 1599 1598 1597
f 1619 1620 1621
f 1602 1601 1600
f 1622 1623 1624
f 1604 1603 1602
f 1624 1625 1626
f 1606 1605 1604
f 1626 1627 1628
f 1609 1608 1607
f 1629 1630 1631
f 1611 1610 1609
f 1631 1632 1633
f 1614 1613 1612
f 1634 1635 1636
f 1595 1615 1614
f 1636 1637 1617
f 1599 1597 1595
f 1617 1619 1621
f 1604 1602 1600
f 1622 1624 1626
f 1607 1606 1604
f 1626 1628 1629
f 1611 1609 1607
f 1629 1631 1633
f 1595 1614 1612
f 1634 1636 1617
f 1600 1599 1595
f 1617 1621 1622
f 1607 1604 1600
f 1622 1626 1629
f 1612 1611 1607
f 1629 1633 1634
f 1600 1595 1612
f 1634 1617 1622
f 1612 1607 1600
f 1622 1629 1634
f 1595 1596 1618
f 1595 1618 1617
f 1596 1597 1619
f 1596 1619 1618
f 1597 1598 1620
f 1597 1620 1619
f 1598 1599 1621
f 1598 1621 1620
f 1599 1600 1622
f 1599 1622 1621
f 1600 1601 1623
f 1600 1623 1622
f 1601 1602 1624
f 1601 1624 1623
f 1602 1603 1625
f 1602 1625 1624
f 1603 1604 1626
f 1603 1626 1625
f 1604 1605 1627
f 1604 1627 1626
f 1605 1606 1628
f 1605 1628 1627
f 1606 1607 1629
f 1606 1629 1628
f 1607 1608 1630
f 1607 1630 1629
f 1608 1609 1631
f 1608 1631 1630
f 1609 1610 1632
f 1609 1632 1631
f 1610 1611 1633
f 1610 1633 1632
f 1611 1612 1634
f 1611 1634 1633
f 1612 1613 1635
f 1612 1635 1634
f 1613 1614 1636
f 1613 1636 1635
f 1614 1615 1637
f 1614 1637 1636
f 1615 1616 1638
f 1615 1638 1637
f 1616 1595 1617
f 1616 1617 1638
o bldg_cbb0fd74-3743-42f2-9692-2679be6a3f78_62
v 36.096581 10.971079 2.257000
v 48.638891 2.682842 2.257000
v 58.613505 17.777090 2.257000
v 44.327226 23.426239 2.257000
v 36.096581 10.971079 21.800000
v 48.638891 2.682842 21.800000
v 58.613505 17.777090 21.800000
v 44.327226 23.426239 21.800000
f 1639 1642 1641
f 1645 1646 1643
f 1641 1640 1639
f 1643 1644 1645
f 1639 1640 1644
f 1639 1644 1643
f 1640 1641 1645
f 1640 1645 1644
f 1641 1642 1646
f 1641 1646 1645
f 1642 1639 1643
f 1642 1643 1646
o bldg_c747c4e6-ebd5-4249-a66d-cafdfb77e185_63
v 4.530050 15.965776 2.333000
v 23.567541 4.469973 2.333000
v 31.585691 17.748337 2.333000
v 20.697952 24.322906 2.333000
v 23.225752 28.509039 2.333000
v 16.631449 32.491014 2.333000
v 14.103650 28.304880 2.333000
v 13.944449 28.401014 2.333000
v 13.710262 28.013190 2.333000
v 12.420026 28.792299 2.333000
v 9.826688 24.497633 2.333000
v 11.123234 23.728973 2.333000
v 8.117529 18.751411 2.333000
v 6.721280 19.594537 2.333000
v 4.530050 15.965776 33.240000
v 23.567541 4.469973 33.240000
v 31.585691 17.748337 33.240000
v 20.697952 24.322906 33.240000
v 23.225752 28.509039 33.240000
v 16.631449 32.491014 33.240000
v 14.103650 28.304880 33.240000
v 13.944449 28.401014 33.240000
v 13.710262 28.013190 33.240000
v 12.420026 28.792299 33.240000
v 9.826688 24.497633 33.240000
v 11.123234 23.728973 33.240000
v 8.117529 18.751411 33.240000
v 6.721280 19.594537 33.240000
f 1647 1660 1659
f 1673 1674 1661
f 1649 1648 1647
f 1661 1662 1663
f 1652 1651 1650
f 1664 1665 1666
f 1655 1654 1653
f 1667 1668 1669
f 1657 1656 1655
f 1669 1670 1671
f 1649 1647 1659
f 1673 1661 1663
f 1653 1652 1650
f 1664 1666 1667
f 1657 1655 1653
f 1667 1669 1671
f 1649 1659 1658
f 1672 1673 1663
f 1657 1653 1650
f 1664 1667 1671
f 1649 1658 1657
f 1671 1672 1663
f 1657 1650 1649
f 1663 1664 1671
f 1647 1648 1662
f 1647 1662 1661
f 1648 1649 1663
f 1648 1663 1662
f 1649 1650 1664
f 1649 1664 1663
f 1650 1651 1665
f 1650 1665 1664
f 1651 1652 1666
f 1651 1666 1665
f 1652 1653 1667
f 1652 1667 1666
f 1653 1654 1668
f 1653 1668 1667
f 1654 1655 1669
f 1654 1669 1668
f 1655 1656 1670
f 1655 1670 1669
f 1656 1657 1671
f 1656 1671 1670
f 1657 1658 1672
f 1657 1672 1671
f 1658 1659 1673
f 1658 1673 1672
f 1659 1660 1674
f 1659 1674 1673
f 1660 1647 1661
f 1660 1661 1674
o bldg_0daf1be6-ea91-4478-a165-fbd1753933d9_64
v 20.135588 -11.083666 2.589000
v 27.775198 -16.130231 2.589000
v 39.733245 1.972144 2.589000
v 32.093635 7.018709 2.589000
v 20.135588 -11.083666 16.927000
v 27.775198 -16.130231 16.927000
v 39.733245 1.972144 16.927000
v 32.093635 7.018709 16.927000
f 1675 1678 1677
f 1681 1682 1679
f 1677 1676 1675
f 1679 1680 1681
f 1675 1676 1680
f 1675 1680 1679
f 1676 1677 1681
f 1676 1681 1680
f 1677 1678 1682
f 1677 1682 1681
f 1678 1675 1679
f 1678 1679 1682
o bldg_2640de94-bdbe-4f48-8d27-5bad21392bc9_65
v 68.068135 65.701402 1.670000
v 73.077262 62.144594 1.670000
v 77.763420 68.744208 1.670000
v 72.754293 72.301016 1.670000
v 68.068135 65.701402 9.507000
v 73.077262 62.144594 9.507000
v 77.763420 68.744208 9.507000
v 72.754293 72.301016 9.507000
f 1683 1686 1685
f 1689 1690 1687
f 1685 1684 1683
f 1687 1688 1689
f 1683 1684 1688
f 1683 1688 1687
f 1684 1685 1689
f 1684 1689 1688
f 1685 1686 1690
f 1685 1690 1689
f 1686 1683 1687
f 1686 1687 1690
o bldg_e274e5c9-3ee6-4c4a-a9f6-c69c0a31049f_66
v 57.105232 49.240707 1.827000
v 62.972921 45.306189 1.827000
v 67.884888 52.599555 1.827000
v 66.178766 53.770698 1.827000
v 65.782964 53.147724 1.827000
v 61.722940 56.073021 1.827000
v 59.272950 52.672677 1.827000
v 57.105232 49.240707 7.633000
v 62.972921 45.306189 7.633000
v 67.884888 52.599555 7.633000
v 66.178766 53.770698 7.633000
v 65.782964 53.147724 7.633000
v 61.722940 56.073021 7.633000
v 59.272950 52.672677 7.633000
f 1691 1697 1696
f 1703 1704 1698
f 1693 1692 1691
f 1698 1699 1700
f 1695 1694 1693
f 1700 1701 1702
f 1691 1696 1695
f 1702 1703 1698
f 1695 1693 1691
f 1698 1700 1702
f 1691 1692 1699
f 1691 1699 1698
f 1692 1693 1700
f 1692 1700 1699
f 1693 1694 1701
f 1693 1701 1700
f 1694 1695 1702
f 1694 1702 1701
f 1695 1696 1703
f 1695 1703 1702
f 1696 1697 1704
f 1696 1704 1703
f 1697 1691 1698
f 1697 1698 1704
o bldg_c7f2eff3-f487-44ad-8564-e077aa89960c_67
v -67.321322 21.296563 2.434000
v -83.015022 30.700199 2.434000
v -87.420593 23.347754 2.434000
v -71.726892 13.944119 2.434000
v -67.321322 21.296563 17.418000
v -83.015022 30.700199 17.418000
v -87.420593 23.347754 17.418000
v -71.726892 13.944119 17.418000
f 1705 1708 1707
f 1711 1712 1709
f 1707 1706 1705
f 1709 1710 1711
f 1705 1706 1710
f 1705 1710 1709
f 1706 1707 1711
f 1706 1711 1710
f 1707 1708 1712
f 1707 1712 1711
f 1708 1705 1709
f 1708 1709 1712
o bldg_04670063-1b50-4a0f-aff8-7a3b8a095c39_68
v 67.032526 47.388239 1.901000
v 74.569007 42.334730 1.901000
v 78.527106 48.237588 1.901000
v 72.624754 52.195349 1.901000
v 69.106748 54.485400 1.901000
v 62.939699 45.328466 1.901000
v 64.810301 44.074153 1.901000
v 67.032526 47.388239 7.135000
v 74.569007 42.334730 7.135000
v 78.527106 48.237588 7.135000
v 72.624754 52.195349 7.135000
v 69.106748 54.485400 7.135000
v 62.939699 45.328466 7.135000
v 64.810301 44.074153 7.135000
f 1713 1719 1718
f 1725 1726 1720
f 1715 1714 1713
f 1720 1721 1722
f 1717 1716 1715
f 1722 1723 1724
f 1713 1718 1717
f 1724 1725 1720
f 1717 1715 1713
f 1720 1722 1724
f 1713 1714 1721
f 1713 1721 1720
f 1714 1715 1722
f 1714 1722 1721
f 1715 1716 1723
f 1715 1723 1722
f 1716 1717 1724
f 1716 1724 1723
f 1717 1718 1725
f 1717 1725 1724
f 1718 1719 1726
f 1718 1726 1725
f 1719 1713 1720
f 1719 1720 1726
o bldg_0810981b-47e3-4809-b576-618afefa1cee_69
v -26.927285 -13.569991 2.665000
v 8.364303 -35.298513 2.665000
v 15.652273 -33.948705 2.665000
v 22.162126 -23.375365 2.665000
v 14.972360 -18.948729 2.665000
v 10.229814 -26.651599 2.665000
v -22.554089 -6.467022 2.665000
v -26.927285 -13.569991 17.813000
v 8.364303 -35.298513 17.813000
v 15.652273 -33.948705 17.813000
v 22.162126 -23.375365 17.813000
v 14.972360 -18.948729 17.813000
v 10.229814 -26.651599 17.813000
v -22.554089 -6.467022 17.813000
f 1727 1733 1732
f 1739 1740 1734
f 1729 1728 1727
f 1734 1735 1736
f 1731 1730 1729
f 1736 1737 1738
f 1729 1727 1732
f 1739 1734 1736
f 1732 1731 1729
f 1736 1738 1739
f 1727 1728 1735
f 1727 1735 1734
f 1728 1729 1736
f 1728 1736 1735
f 1729 1730 1737
f 1729 1737 1736
f 1730 1731 1738
f 1730 1738 1737
f 1731 1732 1739
f 1731 1739 1738
f 1732 1733 1740
f 1732 1740 1739
f 1733 1727 1734
f 1733 1734 1740
o bldg_18564144-4d54-46b6-8ad7-bcd202a15f9e_70
v -40.606090 4.298253 2.489000
v -44.866243 -2.720165 2.489000
v -28.995049 -12.353920 2.489000
v -24.734896 -5.335502 2.489000
v -40.606090 4.298253 15.455000
v -44.866243 -2.720165 15.455000
v -28.995049 -12.353920 15.455000
v -24.734896 -5.335502 15.455000
f 1741 1744 1743
f 1747 1748 1745
f 1743 1742 1741
f 1745 1746 1747
f 1741 1742 1746
f 1741 1746 1745
f 1742 1743 1747
f 1742 1747 1746
f 1743 1744 1748
f 1743 1748 1747
f 1744 1741 1745
f 1744 1745 1748
o bldg_0ed0261c-f1fe-4438-aed9-2d72b5d47c84_71
v 85.426617 57.610012 1.639000
v 90.824383 65.932572 1.639000
v 81.231637 72.154143 1.639000
v 75.833871 63.831583 1.639000
v 85.426617 57.610012 6.753000
v 90.824383 65.932572 6.753000
v 81.231637 72.154143 6.753000
v 75.833871 63.831583 6.753000
f 1749 1752 1751
f 1755 1756 1753
f 1751 1750 1749
f 1753 1754 1755
f 1749 1750 1754
f 1749 1754 1753
f 1750 1751 1755
f 1750 1755 1754
f 1751 1752 1756
f 1751 1756 1755
f 1752 1749 1753
f 1752 1753 1756
o bldg_11a9173f-6acd-4f74-b6e0-9354dde5d08e_72
v -97.267391 170.935627 1.686000
v -112.123954 158.171594 1.686000
v -114.351733 156.178371 1.686000
v -106.969920 147.610411 1.686000
v -80.218415 170.465055 1.686000
v -85.866107 183.123814 1.686000
v -89.470255 193.913219 1.686000
v -103.836454 188.813660 1.686000
v -99.692533 177.421634 1.686000
v -97.267391 170.935627 9.054000
v -112.123954 158.171594 9.054000
v -114.351733 156.178371 9.054000
v -106.969920 147.610411 9.054000
v -80.218415 170.465055 9.054000
v -85.866107 183.123814 9.054000
v -89.470255 193.913219 9.054000
v -103.836454 188.813660 9.054000
v -99.692533 177.421634 9.054000
f 1757 1765 1764
f 1773 1774 1766
f 1759 1758 1757
f 1766 1767 1768
f 1761 1760 1759
f 1768 1769 1770
f 1764 1763 1762
f 1771 1772 1773
f 1761 1759 1757
f 1766 1768 1770
f 1764 1762 1761
f 1770 1771 1773
f 1761 1757 1764
f 1773 1766 1770
f 1757 1758 1767
f 1757 1767 1766
f 1758 1759 1768
f 1758 1768 1767
f 1759 1760 1769
f 1759 1769 1768
f 1760 1761 1770
f 1760 1770 1769
f 1761 1762 1771
f 1761 1771 1770
f 1762 1763 1772
f 1762 1772 1771
f 1763 1764 1773
f 1763 1773 1772
f 1764 1765 1774
f 1764 1774 1773
f 1765 1757 1766
f 1765 1766 1774
o bldg_60133bf8-eaa5-47b6-b2c0-e0e27536cb66_73
v -92.262503 32.794025 2.299000
v -95.109030 28.098523 2.299000
v -90.883787 25.537078 2.299000
v -88.037260 30.232581 2.299000
v -92.262503 32.794025 5.408000
v -95.109030 28.098523 5.408000
v -90.883787 25.537078 5.408000
v -88.037260 30.232581 5.408000
f 1775 1778 1777
f 1781 1782 1779
f 1777 1776 1775
f 1779 1780 1781
f 1775 1776 1780
f 1775 1780 1779
f 1776 1777 1781
f 1776 1781 1780
f 1777 1778 1782
f 1777 1782 1781
f 1778 1775 1779
f 1778 1779 1782
o bldg_327ac16d-98e8-46f4-b890-31b36101c58e_74
v 59.243156 32.274554 1.901000
v 65.162007 28.305730 1.901000
v 74.591284 42.367953 1.901000
v 67.021581 47.443738 1.901000
v 60.712364 38.034575 1.901000
v 62.363216 36.927613 1.901000
v 59.243156 32.274554 9.966000
v 65.162007 28.305730 9.966000
v 74.591284 42.367953 9.966000
v 67.021581 47.443738 9.966000
v 60.712364 38.034575 9.966000
v 62.363216 36.927613 9.966000
f 1784 1783 1788
f 1794 1789 1790
f 1786 1785 1784
f 1790 1791 1792
f 1788 1787 1786
f 1792 1793 1794
f 1786 1784 1788
f 1794 1790 1792
f 1783 1784 1790
f 1783 1790 1789
f 1784 1785 1791
f 1784 1791 1790
f 1785 1786 1792
f 1785 1792 1791
f 1786 1787 1793
f 1786 1793 1792
f 1787 1788 1794
f 1787 1794 1793
f 1788 1783 1789
f 1788 1789 1794
o bldg_24f938db-114c-4275-bdc7-efbc8904a605_75
v 15.995576 9.089037 2.695000
v 6.713150 14.694237 2.695000
v -0.468411 2.801295 2.695000
v 8.814014 -2.803905 2.695000
v 15.995576 9.089037 7.766000
v 6.713150 14.694237 7.766000
v -0.468411 2.801295 7.766000
v 8.814014 -2.803905 7.766000
f 1795 1798 1797
f 1801 1802 1799
f 1797 1796 1795
f 1799 1800 1801
f 1795 1796 1800
f 1795 1800 1799
f 1796 1797 1801
f 1796 1801 1800
f 1797 1798 1802
f 1797 1802 1801
f 1798 1795 1799
f 1798 1799 1802
o bldg_96f67c5a-8a55-4a99-abec-0651d92cc037_76
v 64.832578 44.107376 1.932000
v 57.127061 49.274230 1.932000
v 49.986127 38.624696 1.932000
v 57.691644 33.457842 1.932000
v 64.832578 44.107376 8.449000
v 57.127061 49.274230 8.449000
v 49.986127 38.624696 8.449000
v 57.691644 33.457842 8.449000
f 1803 1806 1805
f 1809 1810 1807
f 1805 1804 1803
f 1807 1808 1809
f 1803 1804 1808
f 1803 1808 1807
f 1804 1805 1809
f 1804 1809 1808
f 1805 1806 1810
f 1805 1810 1809
f 1806 1803 1807
f 1806 1807 1810
o bldg_9ee2bcca-e548-4d9e-a4c2-95a94319bb49_77
v 78.958827 48.889905 1.837000
v 82.557479 54.616977 1.837000
v 73.028238 60.604752 1.837000
v 69.429586 54.877680 1.837000
v 78.958827 48.889905 7.021000
v 82.557479 54.616977 7.021000
v 73.028238 60.604752 7.021000
v 69.429586 54.877680 7.021000
f 1811 1814 1813
f 1817 1818 1815
f 1813 1812 1811
f 1815 1816 1817
f 1811 1812 1816
f 1811 1816 1815
f 1812 1813 1817
f 1812 1817 1816
f 1813 1814 1818
f 1813 1818 1817
f 1814 1811 1815
f 1814 1815 1818
o bldg_576f2aa9-7373-4f17-aa6f-2e61bdf70ac2_78
v 136.131324 -247.724511 3.757000
v 115.170627 -294.799519 3.757000
v 199.642654 -341.050403 3.757000
v 221.446619 -301.231416 3.757000
v 167.740364 -267.459547 3.757000
v 136.131324 -247.724511 103.207000
v 115.170627 -294.799519 103.207000
v 199.642654 -341.050403 103.207000
v 221.446619 -301.231416 103.207000
v 167.740364 -267.459547 103.207000
f 1819 1823 1822
f 1827 1828 1824
f 1821 1820 1819
f 1824 1825 1826
f 1819 1822 1821
f 1826 1827 1824
f 1819 1820 1825
f 1819 1825 1824
f 1820 1821 1826
f 1820 1826 1825
f 1821 1822 1827
f 1821 1827 1826
f 1822 1823 1828
f 1822 1828 1827
f 1823 1819 1824
f 1823 1824 1828
o bldg_0efcebb8-be4d-42d0-99e9-d55da9d6b692_79
v 16.771967 -298.641089 3.826000
v 37.698860 -312.683146 3.826000
v 51.358632 -292.325990 3.826000
v 30.431740 -278.283932 3.826000
v 16.771967 -298.641089 39.207000
v 37.698860 -312.683146 39.207000
v 51.358632 -292.325990 39.207000
v 30.431740 -278.283932 39.207000
f 1829 1832 1831
f 1835 1836 1833
f 1831 1830 1829
f 1833 1834 1835
f 1829 1830 1834
f 1829 1834 1833
f 1830 1831 1835
f 1830 1835 1834
f 1831 1832 1836
f 1831 1836 1835
f 1832 1829 1833
f 1832 1833 1836
o bldg_74e4c817-e182-4eab-85bc-8424333e00d2_80
v 262.601868 -308.782908 3.519000
v 262.617003 -308.775386 3.519000
v 263.162562 -307.943546 3.519000
v 273.376110 -314.642066 3.519000
v 277.776109 -307.933170 3.519000
v 261.772555 -297.437294 3.519000
v 256.818995 -304.990231 3.519000
v 262.601868 -308.782908 22.471000
v 262.617003 -308.775386 22.471000
v 263.162562 -307.943546 22.471000
v 273.376110 -314.642066 22.471000
v 277.776109 -307.933170 22.471000
v 261.772555 -297.437294 22.471000
v 256.818995 -304.990231 22.471000
f 1837 1843 1842
f 1849 1850 1844
f 1839 1838 1837
f 1844 1845 1846
f 1841 1840 1839
f 1846 1847 1848
f 1839 1837 1842
f 1849 1844 1846
f 1842 1841 1839
f 1846 1848 1849
f 1837 1838 1845
f 1837 1845 1844
f 1838 1839 1846
f 1838 1846 1845
f 1839 1840 1847
f 1839 1847 1846
f 1840 1841 1848
f 1840 1848 1847
f 1841 1842 1849
f 1841 1849 1848
f 1842 1843 1850
f 1842 1850 1849
f 1843 1837 1844
f 1843 1844 1850
o bldg_3a0315eb-e305-4099-afc3-2ee7332fe924_81
v 103.842422 -146.193694 2.848000
v 104.206659 -147.577899 2.848000
v 152.657908 -178.260687 2.848000
v 154.137626 -177.835219 2.848000
v 179.919140 -137.424563 2.848000
v 179.559907 -135.902327 2.848000
v 130.961402 -105.179245 2.848000
v 129.481762 -105.604817 2.848000
v 103.842422 -146.193694 52.892000
v 104.206659 -147.577899 52.892000
v 152.657908 -178.260687 52.892000
v 154.137626 -177.835219 52.892000
v 179.919140 -137.424563 52.892000
v 179.559907 -135.902327 52.892000
v 130.961402 -105.179245 52.892000
v 129.481762 -105.604817 52.892000
f 1851 1858 1857
f 1865 1866 1859
f 1853 1852 1851
f 1859 1860 1861
f 1855 1854 1853
f 1861 1862 1863
f 1857 1856 1855
f 1863 1864 1865
f 1853 1851 1857
f 1865 1859 1861
f 1857 1855 1853
f 1861 1863 1865
f 1851 1852 1860
f 1851 1860 1859
f 1852 1853 1861
f 1852 1861 1860
f 1853 1854 1862
f 1853 1862 1861
f 1854 1855 1863
f 1854 1863 1862
f 1855 1856 1864
f 1855 1864 1863
f 1856 1857 1865
f 1856 1865 1864
f 1857 1858 1866
f 1857 1866 1865
f 1858 1851 1859
f 1858 1859 1866
o bldg_53748e94-fc98-4e6f-acac-8ab8a1e7873c_82
v 135.139631 -248.767805 3.661000
v 136.195479 -247.122344 3.661000
v 140.207969 -249.695779 3.661000
v 143.384541 -244.742873 3.661000
v 135.419885 -239.634692 3.661000
v 131.006856 -246.515480 3.661000
v 135.139631 -248.767805 7.821000
v 136.195479 -247.122344 7.821000
v 140.207969 -249.695779 7.821000
v 143.384541 -244.742873 7.821000
v 135.419885 -239.634692 7.821000
v 131.006856 -246.515480 7.821000
f 1867 1872 1871
f 1877 1878 1873
f 1870 1869 1868
f 1874 1875 1876
f 1868 1867 1871
f 1877 1873 1874
f 1871 1870 1868
f 1874 1876 1877
f 1867 1868 1874
f 1867 1874 1873
f 1868 1869 1875
f 1868 1875 1874
f 1869 1870 1876
f 1869 1876 1875
f 1870 1871 1877
f 1870 1877 1876
f 1871 1872 1878
f 1871 1878 1877
f 1872 1867 1873
f 1872 1873 1878
o bldg_3a2169c9-74fc-4624-805c-ceabd41bab89_83
v 213.315926 -255.955620 3.427000
v 227.824703 -265.195436 3.427000
v 237.032901 -250.736386 3.427000
v 222.524130 -241.496562 3.427000
v 213.315926 -255.955620 26.820000
v 227.824703 -265.195436 26.820000
v 237.032901 -250.736386 26.820000
v 222.524130 -241.496562 26.820000
f 1879 1882 1881
f 1885 1886 1883
f 1881 1880 1879
f 1883 1884 1885
f 1879 1880 1884
f 1879 1884 1883
f 1880 1881 1885
f 1880 1885 1884
f 1881 1882 1886
f 1881 1886 1885
f 1882 1879 1883
f 1882 1883 1886
o bldg_c54cb79e-30d2-40d4-a700-05b0ae189b01_84
v 235.532563 -37.996420 2.159000
v 230.832493 -44.917779 2.159000
v 236.884053 -49.027187 2.159000
v 241.584122 -42.105828 2.159000
v 235.532563 -37.996420 9.462000
v 230.832493 -44.917779 9.462000
v 236.884053 -49.027187 9.462000
v 241.584122 -42.105828 9.462000
f 1887 1890 1889
f 1893 1894 1891
f 1889 1888 1887
f 1891 1892 1893
f 1887 1888 1892
f 1887 1892 1891
f 1888 1889 1893
f 1888 1893 1892
f 1889 1890 1894
f 1889 1894 1893
f 1890 1887 1891
f 1890 1891 1894
o bldg_ddb780df-5f91-4e37-9433-f597d26dca74_85
v 212.332564 186.665464 2.854000
v 211.074551 184.761225 2.854000
v 211.134758 183.146764 2.854000
v 213.798894 181.386686 2.854000
v 215.781118 184.387154 2.854000
v 212.332564 186.665464 5.272000
v 211.074551 184.761225 5.272000
v 211.134758 183.146764 5.272000
v 213.798894 181.386686 5.272000
v 215.781118 184.387154 5.272000
f 1895 1899 1898
f 1903 1904 1900
f 1897 1896 1895
f 1900 1901 1902
f 1895 1898 1897
f 1902 1903 1900
f 1895 1896 1901
f 1895 1901 1900
f 1896 1897 1902
f 1896 1902 1901
f 1897 1898 1903
f 1897 1903 1902
f 1898 1899 1904
f 1898 1904 1903
f 1899 1895 1900
f 1899 1900 1904
o bldg_eaad46ef-c092-45a0-86bf-2bb2cec0b0de_86
v 239.458960 -273.889565 3.436000
v 229.938142 -288.296626 3.436000
v 241.754234 -296.105230 3.436000
v 250.162253 -283.382075 3.436000
v 246.824233 -281.175473 3.436000
v 247.250057 -280.531309 3.436000
v 242.451721 -277.359362 3.436000
v 243.129709 -276.333420 3.436000
v 243.131385 -276.316469 3.436000
v 239.458960 -273.889565 33.363000
v 229.938142 -288.296626 33.363000
v 241.754234 -296.105230 33.363000
v 250.162253 -283.382075 33.363000
v 246.824233 -281.175473 33.363000
v 247.250057 -280.531309 33.363000
v 242.451721 -277.359362 33.363000
v 243.129709 -276.333420 33.363000
v 243.131385 -276.316469 33.363000
f 1905 1913 1912
f 1921 1922 1914
f 1907 1906 1905
f 1914 1915 1916
f 1909 1908 1907
f 1916 1917 1918
f 1911 1910 1909
f 1918 1919 1920
f 1905 1912 1911
f 1920 1921 1914
f 1911 1909 1907
f 1916 1918 1920
f 1907 1905 1911
f 1920 1914 1916
f 1905 1906 1915
f 1905 1915 1914
f 1906 1907 1916
f 1906 1916 1915
f 1907 1908 1917
f 1907 1917 1916
f 1908 1909 1918
f 1908 1918 1917
f 1909 1910 1919
f 1909 1919 1918
f 1910 1911 1920
f 1910 1920 1919
f 1911 1912 1921
f 1911 1921 1920
f 1912 1913 1922
f 1912 1922 1921
f 1913 1905 1914
f 1913 1914 1922
o bldg_805d45d4-5b49-42a0-93c9-c31d07b4e7d9_87
v 48.471224 -189.260958 3.603000
v 49.940636 -187.031455 3.603000
v 44.486531 -183.436769 3.603000
v 43.017119 -185.666272 3.603000
v 48.471224 -189.260958 6.090000
v 49.940636 -187.031455 6.090000
v 44.486531 -183.436769 6.090000
v 43.017119 -185.666272 6.090000
f 1923 1926 1925
f 1929 1930 1927
f 1925 1924 1923
f 1927 1928 1929
f 1923 1924 1928
f 1923 1928 1927
f 1924 1925 1929
f 1924 1929 1928
f 1925 1926 1930
f 1925 1930 1929
f 1926 1923 1927
f 1926 1927 1930
o bldg_f260dcad-6b06-4666-aaea-947249576460_88
v -17.598974 -245.366647 3.656000
v -31.093737 -266.974495 3.656000
v -23.945187 -271.438898 3.656000
v -29.596322 -280.487851 3.656000
v -22.135290 -285.147406 3.656000
v -2.989283 -254.490714 3.656000
v -17.598974 -245.366647 39.544000
v -31.093737 -266.974495 39.544000
v -23.945187 -271.438898 39.544000
v -29.596322 -280.487851 39.544000
v -22.135290 -285.147406 39.544000
v -2.989283 -254.490714 39.544000
f 1931 1936 1935
f 1941 1942 1937
f 1933 1932 1931
f 1937 1938 1939
f 1935 1934 1933
f 1939 1940 1941
f 1933 1931 1935
f 1941 1937 1939
f 1931 1932 1938
f 1931 1938 1937
f 1932 1933 1939
f 1932 1939 1938
f 1933 1934 1940
f 1933 1940 1939
f 1934 1935 1941
f 1934 1941 1940
f 1935 1936 1942
f 1935 1942 1941
f 1936 1931 1937
f 1936 1937 1942
o bldg_1c240188-28af-4fa7-8bd8-3b02fae45cda_89
v 75.860093 -246.055393 3.566000
v 73.809077 -249.832215 3.566000
v 77.465777 -251.818006 3.566000
v 67.417054 -269.176742 3.566000
v 91.965411 -282.507778 3.566000
v 119.174028 -232.404812 3.566000
v 112.736851 -228.909090 3.566000
v 112.486736 -228.611957 3.566000
v 112.365933 -228.707662 3.566000
v 101.956791 -223.054957 3.566000
v 100.365110 -225.983506 3.566000
v 99.550141 -225.540935 3.566000
v 99.925962 -224.848883 3.566000
v 92.807786 -220.983318 3.566000
v 89.949868 -226.246002 3.566000
v 88.846292 -225.607155 3.566000
v 80.705712 -239.669655 3.566000
v 83.546355 -241.314069 3.566000
v 79.626544 -248.085374 3.566000
v 75.875190 -246.048181 3.566000
v 75.860093 -246.055393 86.153000
v 73.809077 -249.832215 86.153000
v 77.465777 -251.818006 86.153000
v 67.417054 -269.176742 86.153000
v 91.965411 -282.507778 86.153000
v 119.174028 -232.404812 86.153000
v 112.736851 -228.909090 86.153000
v 112.486736 -228.611957 86.153000
v 112.365933 -228.707662 86.153000
v 101.956791 -223.054957 86.153000
v 100.365110 -225.983506 86.153000
v 99.550141 -225.540935 86.153000
v 99.925962 -224.848883 86.153000
v 92.807786 -220.983318 86.153000
v 89.949868 -226.246002 86.153000
v 88.846292 -225.607155 86.153000
v 80.705712 -239.669655 86.153000
v 83.546355 -241.314069 86.153000
v 79.626544 -248.085374 86.153000
v 75.875190 -246.048181 86.153000
f 1943 1962 1961
f 1981 1982 1963
f 1945 1944 1943
f 1963 1964 1965
f 1947 1946 1945
f 1965 1966 1967
f 1949 1948 1947
f 1967 1968 1969
f 1951 1950 1949
f 1969 1970 1971
f 1953 1952 1951
f 1971 1972 1973
f 1956 1955 1954
f 1974 1975 1976
f 1959 1958 1957
f 1977 1978 1979
f 1945 1943 1961
f 1981 1963 1965
f 1949 1947 1945
f 1965 1967 1969
f 1953 1951 1949
f 1969 1971 1973
f 1957 1956 1954
f 1974 1976 1977
f 1960 1959 1957
f 1977 1979 1980
f 1949 1945 1961
f 1981 1965 1969
f 1957 1954 1953
f 1973 1974 1977
f 1949 1961 1960
f 1980 1981 1969
f 1957 1953 1949
f 1969 1973 1977
f 1949 1960 1957
f 1977 1980 1969
f 1943 1944 1964
f 1943 1964 1963
f 1944 1945 1965
f 1944 1965 1964
f 1945 1946 1966
f 1945 1966 1965
f 1946 1947 1967
f 1946 1967 1966
f 1947 1948 1968
f 1947 1968 1967
f 1948 1949 1969
f 1948 1969 1968
f 1949 1950 1970
f 1949 1970 1969
f 1950 1951 1971
f 1950 1971 1970
f 1951 1952 1972
f 1951 1972 1971
f 1952 1953 1973
f 1952 1973 1972
f 1953 1954 1974
f 1953 1974 1973
f 1954 1955 1975
f 1954 1975 1974
f 1955 1956 1976
f 1955 1976 1975
f 1956 1957 1977
f 1956 1977 1976
f 1957 1958 1978
f 1957 1978 1977
f 1958 1959 1979
f 1958 1979 1978
f 1959 1960 1980
f 1959 1980 1979
f 1960 1961 1981
f 1960 1981 1980
f 1961 1962 1982
f 1961 1982 1981
f 1962 1943 1963
f 1962 1963 1982
o bldg_3cffe9be-305e-433b-ba87-a40e76293db4_90
v 200.742674 -207.994871 3.406000
v 198.691165 -210.846015 3.406000
v 201.575446 -212.921370 3.406000
v 203.626955 -210.070226 3.406000
v 200.742674 -207.994871 7.120000
v 198.691165 -210.846015 7.120000
v 201.575446 -212.921370 7.120000
v 203.626955 -210.070226 7.120000
f 1983 1986 1985
f 1989 1990 1987
f 1985 1984 1983
f 1987 1988 1989
f 1983 1984 1988
f 1983 1988 1987
f 1984 1985 1989
f 1984 1989 1988
f 1985 1986 1990
f 1985 1990 1989
f 1986 1983 1987
f 1986 1987 1990
o bldg_0294f7ec-9418-4a8f-a8aa-1846c03e70fe_91
v 242.277121 -297.573042 3.403000
v 254.801129 -305.705426 3.403000
v 264.333960 -291.024439 3.403000
v 260.321892 -288.419228 3.403000
v 261.504547 -286.597917 3.403000
v 257.341857 -283.894901 3.403000
v 256.380676 -285.375139 3.403000
v 252.356323 -282.761951 3.403000
v 251.008379 -284.837811 3.403000
v 250.683482 -284.626841 3.403000
v 242.277121 -297.573042 36.185000
v 254.801129 -305.705426 36.185000
v 264.333960 -291.024439 36.185000
v 260.321892 -288.419228 36.185000
v 261.504547 -286.597917 36.185000
v 257.341857 -283.894901 36.185000
v 256.380676 -285.375139 36.185000
v 252.356323 -282.761951 36.185000
v 251.008379 -284.837811 36.185000
v 250.683482 -284.626841 36.185000
f 1991 2000 1999
f 2009 2010 2001
f 1993 1992 1991
f 2001 2002 2003
f 1996 1995 1994
f 2004 2005 2006
f 1999 1998 1997
f 2007 2008 2009
f 1993 1991 1999
f 2009 2001 2003
f 1997 1996 1994
f 2004 2006 2007
f 1994 1993 1999
f 2009 2003 2004
f 1999 1997 1994
f 2004 2007 2009
f 1991 1992 2002
f 1991 2002 2001
f 1992 1993 2003
f 1992 2003 2002
f 1993 1994 2004
f 1993 2004 2003
f 1994 1995 2005
f 1994 2005 2004
f 1995 1996 2006
f 1995 2006 2005
f 1996 1997 2007
f 1996 2007 2006
f 1997 1998 2008
f 1997 2008 2007
f 1998 1999 2009
f 1998 2009 2008
f 1999 2000 2010
f 1999 2010 2009
f 2000 1991 2001
f 2000 2001 2010
o bldg_7686c8b4-c57c-4c06-ac5e-313eca1bcf33_92
v 71.056895 -221.076855 3.623000
v 66.491349 -218.142393 3.623000
v 56.990794 -232.923683 3.623000
v 61.556329 -235.858138 3.623000
v 71.056895 -221.076855 22.381000
v 66.491349 -218.142393 22.381000
v 56.990794 -232.923683 22.381000
v 61.556329 -235.858138 22.381000
f 2011 2014 2013
f 2017 2018 2015
f 2013 2012 2011
f 2015 2016 2017
f 2011 2012 2016
f 2011 2016 2015
f 2012 2013 2017
f 2012 2017 2016
f 2013 2014 2018
f 2013 2018 2017
f 2014 2011 2015
f 2014 2015 2018
o bldg_886b446e-a410-4832-b60e-034c8a449278_93
v 87.234775 18.324284 1.570000
v 105.167888 6.324636 1.570000
v 114.748380 20.642342 1.570000
v 116.705327 19.333153 1.570000
v 116.722362 19.329516 1.570000
v 121.017209 25.749334 1.570000
v 101.111094 39.066356 1.570000
v 87.234775 18.324284 27.121000
v 105.167888 6.324636 27.121000
v 114.748380 20.642342 27.121000
v 116.705327 19.333153 27.121000
v 116.722362 19.329516 27.121000
v 121.017209 25.749334 27.121000
v 101.111094 39.066356 27.121000
f 2019 2025 2024
f 2031 2032 2026
f 2021 2020 2019
f 2026 2027 2028
f 2023 2022 2021
f 2028 2029 2030
f 2021 2019 2024
f 2031 2026 2028
f 2024 2023 2021
f 2028 2030 2031
f 2019 2020 2027
f 2019 2027 2026
f 2020 2021 2028
f 2020 2028 2027
f 2021 2022 2029
f 2021 2029 2028
f 2022 2023 2030
f 2022 2030 2029
f 2023 2024 2031
f 2023 2031 2030
f 2024 2025 2032
f 2024 2032 2031
f 2025 2019 2026
f 2025 2026 2032
o bldg_f65c7637-daf9-4855-bb93-aef8c82d01f9_94
v -36.843597 -294.379281 3.470000
v -34.630746 -298.368282 3.470000
v -34.428194 -298.496433 3.470000
v -34.461280 -298.547363 3.470000
v -12.261224 -312.969410 3.470000
v -12.046642 -312.649588 3.470000
v -7.387755 -313.581746 3.470000
v -0.815960 -303.465701 3.470000
v -7.163300 -299.342208 3.470000
v -3.752208 -294.458303 3.470000
v -9.795442 -290.237490 3.470000
v -10.324456 -290.986135 3.470000
v -15.962993 -287.047988 3.470000
v -16.652161 -288.034722 3.470000
v -19.206368 -286.374808 3.470000
v -21.556824 -289.991581 3.470000
v -30.302289 -284.310167 3.470000
v -36.843597 -294.379281 48.045000
v -34.630746 -298.368282 48.045000
v -34.428194 -298.496433 48.045000
v -34.461280 -298.547363 48.045000
v -12.261224 -312.969410 48.045000
v -12.046642 -312.649588 48.045000
v -7.387755 -313.581746 48.045000
v -0.815960 -303.465701 48.045000
v -7.163300 -299.342208 48.045000
v -3.752208 -294.458303 48.045000
v -9.795442 -290.237490 48.045000
v -10.324456 -290.986135 48.045000
v -15.962993 -287.047988 48.045000
v -16.652161 -288.034722 48.045000
v -19.206368 -286.374808 48.045000
v -21.556824 -289.991581 48.045000
v -30.302289 -284.310167 48.045000
f 2033 2049 2048
f 2065 2066 2050
f 2035 2034 2033
f 2050 2051 2052
f 2037 2036 2035
f 2052 2053 2054
f 2040 2039 2038
f 2055 2056 2057
f 2043 2042 2041
f 2058 2059 2060
f 2046 2045 2044
f 2061 2062 2063
f 2048 2047 2046
f 2063 2064 2065
f 2035 2033 2048
f 2065 2050 2052
f 2038 2037 2035
f 2052 2054 2055
f 2041 2040 2038
f 2055 2057 2058
f 2044 2043 2041
f 2058 2060 2061
f 2048 2046 2044
f 2061 2063 2065
f 2038 2035 2048
f 2065 2052 2055
f 2044 2041 2038
f 2055 2058 2061
f 2038 2048 2044
f 2061 2065 2055
f 2033 2034 2051
f 2033 2051 2050
f 2034 2035 2052
f 2034 2052 2051
f 2035 2036 2053
f 2035 2053 2052
f 2036 2037 2054
f 2036 2054 2053
f 2037 2038 2055
f 2037 2055 2054
f 2038 2039 2056
f 2038 2056 2055
f 2039 2040 2057
f 2039 2057 2056
f 2040 2041 2058
f 2040 2058 2057
f 2041 2042 2059
f 2041 2059 2058
f 2042 2043 2060
f 2042 2060 2059
f 2043 2044 2061
f 2043 2061 2060
f 2044 2045 2062
f 2044 2062 2061
f 2045 2046 2063
f 2045 2063 2062
f 2046 2047 2064
f 2046 2064 2063
f 2047 2048 2065
f 2047 2065 2064
f 2048 2049 2066
f 2048 2066 2065
f 2049 2033 2050
f 2049 2050 2066
o bldg_7aee4199-215f-487a-825b-cb7957214e96_95
v 196.747600 -63.441181 2.220000
v 205.587365 -69.742809 2.220000
v 234.601521 -29.042575 2.220000
v 225.761757 -22.740947 2.220000
v 196.747600 -63.441181 6.737000
v 205.587365 -69.742809 6.737000
v 234.601521 -29.042575 6.737000
v 225.761757 -22.740947 6.737000
f 2067 2070 2069
f 2073 2074 2071
f 2069 2068 2067
f 2071 2072 2073
f 2067 2068 2072
f 2067 2072 2071
f 2068 2069 2073
f 2068 2073 2072
f 2069 2070 2074
f 2069 2074 2073
f 2070 2067 2071
f 2070 2071 2074
o bldg_9b7220c3-96c8-436b-b840-14d5cd47f1f3_96
v 103.514020 -117.852966 3.131000
v 96.191189 -129.425352 3.131000
v 101.249984 -132.626474 3.131000
v 108.572816 -121.054088 3.131000
v 103.514020 -117.852966 20.283000
v 96.191189 -129.425352 20.283000
v 101.249984 -132.626474 20.283000
v 108.572816 -121.054088 20.283000
f 2075 2078 2077
f 2081 2082 2079
f 2077 2076 2075
f 2079 2080 2081
f 2075 2076 2080
f 2075 2080 2079
f 2076 2077 2081
f 2076 2081 2080
f 2077 2078 2082
f 2077 2082 2081
f 2078 2075 2079
f 2078 2079 2082
o bldg_75af61b2-1226-4d89-ada0-b325eadbe735_97
v -92.712558 -321.577958 2.998000
v -69.102694 -337.069061 2.998000
v -65.687598 -331.864154 2.998000
v -55.308726 -338.674168 2.998000
v -42.226611 -318.738186 2.998000
v -52.606543 -311.927475 2.998000
v -49.423281 -307.075904 2.998000
v -73.033147 -291.584804 2.998000
v -92.712558 -321.577958 43.639000
v -69.102694 -337.069061 43.639000
v -65.687598 -331.864154 43.639000
v -55.308726 -338.674168 43.639000
v -42.226611 -318.738186 43.639000
v -52.606543 -311.927475 43.639000
v -49.423281 -307.075904 43.639000
v -73.033147 -291.584804 43.639000
f 2083 2090 2089
f 2097 2098 2091
f 2085 2084 2083
f 2091 2092 2093
f 2087 2086 2085
f 2093 2094 2095
f 2083 2089 2088
f 2096 2097 2091
f 2087 2085 2083
f 2091 2093 2095
f 2083 2088 2087
f 2095 2096 2091
f 2083 2084 2092
f 2083 2092 2091
f 2084 2085 2093
f 2084 2093 2092
f 2085 2086 2094
f 2085 2094 2093
f 2086 2087 2095
f 2086 2095 2094
f 2087 2088 2096
f 2087 2096 2095
f 2088 2089 2097
f 2088 2097 2096
f 2089 2090 2098
f 2089 2098 2097
f 2090 2083 2091
f 2090 2091 2098
o bldg_d59788d9-419f-44c6-918d-1ef0f3327ae2_98
v 114.926634 63.189653 1.221000
v 103.465655 45.818244 1.221000
v 120.648005 34.482040 1.221000
v 132.108984 51.853449 1.221000
v 114.926634 63.189653 9.413000
v 103.465655 45.818244 9.413000
v 120.648005 34.482040 9.413000
v 132.108984 51.853449 9.413000
f 2099 2102 2101
f 2105 2106 2103
f 2101 2100 2099
f 2103 2104 2105
f 2099 2100 2104
f 2099 2104 2103
f 2100 2101 2105
f 2100 2105 2104
f 2101 2102 2106
f 2101 2106 2105
f 2102 2099 2103
f 2102 2103 2106
o bldg_0f44abd5-d61f-4afe-a7c6-74c6b4bd3799_99
v 98.944832 -141.825273 2.783000
v 104.189755 -145.134794 2.783000
v 129.329095 -105.298334 2.783000
v 131.305435 -104.838928 2.783000
v 153.284107 -118.707364 2.783000
v 164.618046 -100.745398 2.783000
v 136.186342 -82.805130 2.783000
v 98.944832 -141.825273 14.282000
v 104.189755 -145.134794 14.282000
v 129.329095 -105.298334 14.282000
v 131.305435 -104.838928 14.282000
v 153.284107 -118.707364 14.282000
v 164.618046 -100.745398 14.282000
v 136.186342 -82.805130 14.282000
f 2108 2107 2113
f 2120 2114 2115
f 2112 2111 2110
f 2117 2118 2119
f 2109 2108 2113
f 2120 2115 2116
f 2113 2112 2110
f 2117 2119 2120
f 2110 2109 2113
f 2120 2116 2117
f 2107 2108 2115
f 2107 2115 2114
f 2108 2109 2116
f 2108 2116 2115
f 2109 2110 2117
f 2109 2117 2116
f 2110 2111 2118
f 2110 2118 2117
f 2111 2112 2119
f 2111 2119 2118
f 2112 2113 2120
f 2112 2120 2119
f 2113 2107 2114
f 2113 2114 2120
o bldg_96004ed0-3baa-4174-aacb-1119fb809cdd_100
v 113.214678 0.456893 0.943000
v 114.499556 2.414996 0.943000
v 107.949743 6.712887 0.943000
v 106.664864 4.754784 0.943000
v 113.214678 0.456893 4.373000
v 114.499556 2.414996 4.373000
v 107.949743 6.712887 4.373000
v 106.664864 4.754784 4.373000
f 2121 2124 2123
f 2127 2128 2125
f 2123 2122 2121
f 2125 2126 2127
f 2121 2122 2126
f 2121 2126 2125
f 2122 2123 2127
f 2122 2127 2126
f 2123 2124 2128
f 2123 2128 2127
f 2124 2121 2125
f 2124 2125 2128
o bldg_448536dd-ffb5-4575-8da3-1b23f6c558c3_101
v 32.661336 -197.741630 3.537000
v 38.677119 -201.494649 3.537000
v 38.694028 -201.494984 3.537000
v 40.734841 -198.223714 3.537000
v 47.392765 -202.377340 3.537000
v 41.345178 -212.072185 3.537000
v 50.902993 -218.034943 3.537000
v 51.580216 -217.877155 3.537000
v 62.205768 -200.821663 3.537000
v 62.357343 -199.534293 3.537000
v 61.769316 -197.869161 3.537000
v 41.482870 -185.181827 3.537000
v 40.513892 -185.154571 3.537000
v 32.661336 -197.741630 33.808000
v 38.677119 -201.494649 33.808000
v 38.694028 -201.494984 33.808000
v 40.734841 -198.223714 33.808000
v 47.392765 -202.377340 33.808000
v 41.345178 -212.072185 33.808000
v 50.902993 -218.034943 33.808000
v 51.580216 -217.877155 33.808000
v 62.205768 -200.821663 33.808000
v 62.357343 -199.534293 33.808000
v 61.769316 -197.869161 33.808000
v 41.482870 -185.181827 33.808000
v 40.513892 -185.154571 33.808000
f 2129 2141 2140
f 2153 2154 2142
f 2131 2130 2129
f 2142 2143 2144
f 2135 2134 2133
f 2146 2147 2148
f 2137 2136 2135
f 2148 2149 2150
f 2139 2138 2137
f 2150 2151 2152
f 2129 2140 2139
f 2152 2153 2142
f 2132 2131 2129
f 2142 2144 2145
f 2137 2135 2133
f 2146 2148 2150
f 2132 2129 2139
f 2152 2142 2145
f 2137 2133 2132
f 2145 2146 2150
f 2132 2139 2137
f 2150 2152 2145
f 2129 2130 2143
f 2129 2143 2142
f 2130 2131 2144
f 2130 2144 2143
f 2131 2132 2145
f 2131 2145 2144
f 2132 2133 2146
f 2132 2146 2145
f 2133 2134 2147
f 2133 2147 2146
f 2134 2135 2148
f 2134 2148 2147
f 2135 2136 2149
f 2135 2149 2148
f 2136 2137 2150
f 2136 2150 2149
f 2137 2138 2151
f 2137 2151 2150
f 2138 2139 2152
f 2138 2152 2151
f 2139 2140 2153
f 2139 2153 2152
f 2140 2141 2154
f 2140 2154 2153
f 2141 2129 2142
f 2141 2142 2154
o bldg_9d51f6ed-413b-4e93-986a-a7ebf2d43b9e_102
v 94.945289 -193.789839 3.553000
v 93.495509 -196.096415 3.553000
v 124.739271 -215.734362 3.553000
v 126.189045 -213.427795 3.553000
v 132.974532 -217.692744 3.553000
v 143.141632 -201.517057 3.553000
v 137.945989 -198.251389 3.553000
v 139.396039 -195.944382 3.553000
v 105.166091 -174.429498 3.553000
v 103.716042 -176.736502 3.553000
v 98.321385 -173.345745 3.553000
v 88.154289 -189.521425 3.553000
v 94.945289 -193.789839 73.802000
v 93.495509 -196.096415 73.802000
v 124.739271 -215.734362 73.802000
v 126.189045 -213.427795 73.802000
v 132.974532 -217.692744 73.802000
v 143.141632 -201.517057 73.802000
v 137.945989 -198.251389 73.802000
v 139.396039 -195.944382 73.802000
v 105.166091 -174.429498 73.802000
v 103.716042 -176.736502 73.802000
v 98.321385 -173.345745 73.802000
v 88.154289 -189.521425 73.802000
f 2155 2166 2165
f 2177 2178 2167
f 2157 2156 2155
f 2167 2168 2169
f 2160 2159 2158
f 2170 2171 2172
f 2163 2162 2161
f 2173 2174 2175
f 2155 2165 2164
f 2176 2177 2167
f 2158 2157 2155
f 2167 2169 2170
f 2161 2160 2158
f 2170 2172 2173
f 2164 2163 2161
f 2173 2175 2176
f 2158 2155 2164
f 2176 2167 2170
f 2164 2161 2158
f 2170 2173 2176
f 2155 2156 2168
f 2155 2168 2167
f 2156 2157 2169
f 2156 2169 2168
f 2157 2158 2170
f 2157 2170 2169
f 2158 2159 2171
f 2158 2171 2170
f 2159 2160 2172
f 2159 2172 2171
f 2160 2161 2173
f 2160 2173 2172
f 2161 2162 2174
f 2161 2174 2173
f 2162 2163 2175
f 2162 2175 2174
f 2163 2164 2176
f 2163 2176 2175
f 2164 2165 2177
f 2164 2177 2176
f 2165 2166 2178
f 2165 2178 2177
f 2166 2155 2167
f 2166 2167 2178
o bldg_2c372a27-d82f-4861-b637-03d0e3568e6e_103
v 134.253190 50.254987 0.196000
v 126.946932 39.219272 0.196000
v 133.122156 35.130943 0.196000
v 140.428415 46.166658 0.196000
v 134.253190 50.254987 5.978000
v 126.946932 39.219272 5.978000
v 133.122156 35.130943 5.978000
v 140.428415 46.166658 5.978000
f 2179 2182 2181
f 2185 2186 2183
f 2181 2180 2179
f 2183 2184 2185
f 2179 2180 2184
f 2179 2184 2183
f 2180 2181 2185
f 2180 2185 2184
f 2181 2182 2186
f 2181 2186 2185
f 2182 2179 2183
f 2182 2183 2186
o bldg_5cb2825f-4f8b-46bf-896d-77c71203c775_104
v 142.835850 -172.935715 3.300000
v 141.733016 -174.677850 3.300000
v 149.671424 -179.703135 3.300000
v 150.774258 -177.961000 3.300000
v 142.835850 -172.935715 7.432000
v 141.733016 -174.677850 7.432000
v 149.671424 -179.703135 7.432000
v 150.774258 -177.961000 7.432000
f 2187 2190 2189
f 2193 2194 2191
f 2189 2188 2187
f 2191 2192 2193
f 2187 2188 2192
f 2187 2192 2191
f 2188 2189 2193
f 2188 2193 2192
f 2189 2190 2194
f 2189 2194 2193
f 2190 2187 2191
f 2190 2191 2194
o bldg_3282f3e2-ccb8-4103-80dd-5ed741904214_105
v 173.433777 -251.203988 3.334000
v 203.317789 -269.737919 3.334000
v 210.826211 -257.631164 3.334000
v 201.235624 -251.680728 3.334000
v 201.507482 -251.242392 3.334000
v 201.493565 -251.230282 3.334000
v 195.232404 -247.347035 3.334000
v 196.508415 -244.842947 3.334000
v 196.771079 -245.001759 3.334000
v 205.067167 -231.625548 3.334000
v 190.991008 -222.895022 3.334000
v 173.433777 -251.203988 37.993000
v 203.317789 -269.737919 37.993000
v 210.826211 -257.631164 37.993000
v 201.235624 -251.680728 37.993000
v 201.507482 -251.242392 37.993000
v 201.493565 -251.230282 37.993000
v 195.232404 -247.347035 37.993000
v 196.508415 -244.842947 37.993000
v 196.771079 -245.001759 37.993000
v 205.067167 -231.625548 37.993000
v 190.991008 -222.895022 37.993000
f 2195 2205 2204
f 2215 2216 2206
f 2197 2196 2195
f 2206 2207 2208
f 2200 2199 2198
f 2209 2210 2211
f 2204 2203 2202
f 2213 2214 2215
f 2198 2197 2195
f 2206 2208 2209
f 2201 2200 2198
f 2209 2211 2212
f 2195 2204 2202
f 2213 2215 2206
f 2201 2198 2195
f 2206 2209 2212
f 2195 2202 2201
f 2212 2213 2206
f 2195 2196 2207
f 2195 2207 2206
f 2196 2197 2208
f 2196 2208 2207
f 2197 2198 2209
f 2197 2209 2208
f 2198 2199 2210
f 2198 2210 2209
f 2199 2200 2211
f 2199 2211 2210
f 2200 2201 2212
f 2200 2212 2211
f 2201 2202 2213
f 2201 2213 2212
f 2202 2203 2214
f 2202 2214 2213
f 2203 2204 2215
f 2203 2215 2214
f 2204 2205 2216
f 2204 2216 2215
f 2205 2195 2206
f 2205 2206 2216
o bldg_d91dc708-5e34-419c-9897-4cc20d809af0_106
v -55.046139 -253.091019 3.359000
v -61.401616 -263.176310 3.359000
v -57.251391 -265.791669 3.359000
v -50.895914 -255.706378 3.359000
v -55.046139 -253.091019 10.524000
v -61.401616 -263.176310 10.524000
v -57.251391 -265.791669 10.524000
v -50.895914 -255.706378 10.524000
f 2217 2220 2219
f 2223 2224 2221
f 2219 2218 2217
f 2221 2222 2223
f 2217 2218 2222
f 2217 2222 2221
f 2218 2219 2223
f 2218 2223 2222
f 2219 2220 2224
f 2219 2224 2223
f 2220 2217 2221
f 2220 2221 2224
o bldg_6799e2fb-a32d-402b-af2d-c7484659b6b4_107
v 263.515878 -296.176173 3.533000
v 265.485356 -297.427916 3.533000
v 265.066124 -298.087531 3.533000
v 274.628363 -304.165017 3.533000
v 278.285157 -300.976160 3.533000
v 281.791939 -293.511571 3.533000
v 269.599191 -285.762207 3.533000
v 265.975319 -291.463971 3.533000
v 265.986818 -291.477540 3.533000
v 266.830934 -292.014036 3.533000
v 266.037654 -293.262175 3.533000
v 265.560558 -292.959094 3.533000
v 263.515878 -296.176173 34.396000
v 265.485356 -297.427916 34.396000
v 265.066124 -298.087531 34.396000
v 274.628363 -304.165017 34.396000
v 278.285157 -300.976160 34.396000
v 281.791939 -293.511571 34.396000
v 269.599191 -285.762207 34.396000
v 265.975319 -291.463971 34.396000
v 265.986818 -291.477540 34.396000
v 266.830934 -292.014036 34.396000
v 266.037654 -293.262175 34.396000
v 265.560558 -292.959094 34.396000
f 2225 2236 2235
f 2247 2248 2237
f 2228 2227 2226
f 2238 2239 2240
f 2230 2229 2228
f 2240 2241 2242
f 2232 2231 2230
f 2242 2243 2244
f 2234 2233 2232
f 2244 2245 2246
f 2226 2225 2235
f 2247 2237 2238
f 2230 2228 2226
f 2238 2240 2242
f 2234 2232 2230
f 2242 2244 2246
f 2226 2235 2234
f 2246 2247 2238
f 2234 2230 2226
f 2238 2242 2246
f 2225 2226 2238
f 2225 2238 2237
f 2226 2227 2239
f 2226 2239 2238
f 2227 2228 2240
f 2227 2240 2239
f 2228 2229 2241
f 2228 2241 2240
f 2229 2230 2242
f 2229 2242 2241
f 2230 2231 2243
f 2230 2243 2242
f 2231 2232 2244
f 2231 2244 2243
f 2232 2233 2245
f 2232 2245 2244
f 2233 2234 2246
f 2233 2246 2245
f 2234 2235 2247
f 2234 2247 2246
f 2235 2236 2248
f 2235 2248 2247
f 2236 2225 2237
f 2236 2237 2248
o bldg_78250a80-b9ff-45fb-b5fe-d43ba5af9b31_108
v 27.388547 -156.303966 3.116000
v 27.404625 -156.299799 3.116000
v 28.218447 -155.010657 3.116000
v 71.888130 -182.578917 3.116000
v 86.096121 -160.072694 3.116000
v 41.122730 -131.681417 3.116000
v 35.279543 -140.937339 3.116000
v 30.254106 -137.764819 3.116000
v 21.069039 -152.314510 3.116000
v 27.388547 -156.303966 79.840000
v 27.404625 -156.299799 79.840000
v 28.218447 -155.010657 79.840000
v 71.888130 -182.578917 79.840000
v 86.096121 -160.072694 79.840000
v 41.122730 -131.681417 79.840000
v 35.279543 -140.937339 79.840000
v 30.254106 -137.764819 79.840000
v 21.069039 -152.314510 79.840000
f 2249 2257 2256
f 2265 2266 2258
f 2251 2250 2249
f 2258 2259 2260
f 2253 2252 2251
f 2260 2261 2262
f 2255 2254 2253
f 2262 2263 2264
f 2249 2256 2255
f 2264 2265 2258
f 2255 2253 2251
f 2260 2262 2264
f 2251 2249 2255
f 2264 2258 2260
f 2249 2250 2259
f 2249 2259 2258
f 2250 2251 2260
f 2250 2260 2259
f 2251 2252 2261
f 2251 2261 2260
f 2252 2253 2262
f 2252 2262 2261
f 2253 2254 2263
f 2253 2263 2262
f 2254 2255 2264
f 2254 2264 2263
f 2255 2256 2265
f 2255 2265 2264
f 2256 2257 2266
f 2256 2266 2265
f 2257 2249 2258
f 2257 2258 2266
o bldg_d6649df0-c0cc-4ec4-ad77-0b63b4e0240f_109
v 4.263553 -197.066013 3.796000
v -10.659969 -220.105755 3.796000
v 6.519236 -231.233278 3.796000
v 21.442757 -208.193536 3.796000
v 4.263553 -197.066013 37.662000
v -10.659969 -220.105755 37.662000
v 6.519236 -231.233278 37.662000
v 21.442757 -208.193536 37.662000
f 2267 2270 2269
f 2273 2274 2271
f 2269 2268 2267
f 2271 2272 2273
f 2267 2268 2272
f 2267 2272 2271
f 2268 2269 2273
f 2268 2273 2272
f 2269 2270 2274
f 2269 2274 2273
f 2270 2267 2271
f 2270 2271 2274
o bldg_58dc2302-8220-47ac-99be-cd2905539fcf_110
v 26.667191 -192.247342 3.840000
v 22.700944 -198.408749 3.840000
v 27.486728 -201.489487 3.840000
v 31.452975 -195.328081 3.840000
v 26.667191 -192.247342 33.724000
v 22.700944 -198.408749 33.724000
v 27.486728 -201.489487 33.724000
v 31.452975 -195.328081 33.724000
f 2275 2278 2277
f 2281 2282 2279
f 2277 2276 2275
f 2279 2280 2281
f 2275 2276 2280
f 2275 2280 2279
f 2276 2277 2281
f 2276 2281 2280
f 2277 2278 2282
f 2277 2282 2281
f 2278 2275 2279
f 2278 2279 2282
o bldg_109b82a5-ccae-400a-b764-6699cf8d1a85_111
v 213.896107 -211.853581 3.436000
v 209.194693 -218.104962 3.436000
v 212.375031 -220.496771 3.436000
v 217.076445 -214.245389 3.436000
v 213.896107 -211.853581 5.127000
v 209.194693 -218.104962 5.127000
v 212.375031 -220.496771 5.127000
v 217.076445 -214.245389 5.127000
f 2283 2286 2285
f 2289 2290 2287
f 2285 2284 2283
f 2287 2288 2289
f 2283 2284 2288
f 2283 2288 2287
f 2284 2285 2289
f 2284 2289 2288
f 2285 2286 2290
f 2285 2290 2289
f 2286 2283 2287
f 2286 2287 2290
o bldg_96391f30-cff6-4787-b16f-8c6ff9635f15_112
v 209.383899 -208.719050 2.798000
v 221.608441 -217.273180 2.798000
v 219.227344 -220.675693 2.798000
v 240.049211 -235.895844 2.798000
v 239.476439 -236.727109 2.798000
v 267.302984 -254.167280 2.798000
v 282.533338 -264.344916 2.798000
v 284.336118 -261.647135 2.798000
v 284.328841 -261.631797 2.798000
v 281.135687 -259.497982 2.798000
v 286.167389 -252.744601 2.798000
v 289.207849 -254.920678 2.798000
v 311.001414 -224.470208 2.798000
v 307.014749 -221.616927 2.798000
v 309.552833 -218.070659 2.798000
v 308.833552 -217.555865 2.798000
v 315.244180 -208.598788 2.798000
v 299.591462 -197.396035 2.798000
v 299.576212 -197.404113 2.798000
v 298.406655 -199.038244 2.798000
v 295.129750 -196.705753 2.798000
v 296.381343 -194.947394 2.798000
v 273.449896 -178.624856 2.798000
v 239.840663 -193.977534 2.798000
v 240.336872 -195.063806 2.798000
v 239.488197 -195.663660 2.798000
v 237.844171 -194.493447 2.798000
v 237.457645 -195.036477 2.798000
v 204.704651 -171.722991 2.798000
v 186.203334 -197.715428 2.798000
v 206.921125 -212.212713 2.798000
v 206.938230 -212.214112 2.798000
v 209.383899 -208.719050 38.886000
v 221.608441 -217.273180 38.886000
v 219.227344 -220.675693 38.886000
v 240.049211 -235.895844 38.886000
v 239.476439 -236.727109 38.886000
v 267.302984 -254.167280 38.886000
v 282.533338 -264.344916 38.886000
v 284.336118 -261.647135 38.886000
v 284.328841 -261.631797 38.886000
v 281.135687 -259.497982 38.886000
v 286.167389 -252.744601 38.886000
v 289.207849 -254.920678 38.886000
v 311.001414 -224.470208 38.886000
v 307.014749 -221.616927 38.886000
v 309.552833 -218.070659 38.886000
v 308.833552 -217.555865 38.886000
v 315.244180 -208.598788 38.886000
v 299.591462 -197.396035 38.886000
v 299.576212 -197.404113 38.886000
v 298.406655 -199.038244 38.886000
v 295.129750 -196.705753 38.886000
v 296.381343 -194.947394 38.886000
v 273.449896 -178.624856 38.886000
v 239.840663 -193.977534 38.886000
v 240.336872 -195.063806 38.886000
v 239.488197 -195.663660 38.886000
v 237.844171 -194.493447 38.886000
v 237.457645 -195.036477 38.886000
v 204.704651 -171.722991 38.886000
v 186.203334 -197.715428 38.886000
v 206.921125 -212.212713 38.886000
v 206.938230 -212.214112 38.886000
f 2291 2322 2321
f 2353 2354 2323
f 2294 2293 2292
f 2324 2325 2326
f 2296 2295 2294
f 2326 2327 2328
f 2298 2297 2296
f 2328 2329 2330
f 2300 2299 2298
f 2330 2331 2332
f 2303 2302 2301
f 2333 2334 2335
f 2306 2305 2304
f 2336 2337 2338
f 2308 2307 2306
f 2338 2339 2340
f 2310 2309 2308
f 2340 2341 2342
f 2313 2312 2311
f 2343 2344 2345
f 2315 2314 2313
f 2345 2346 2347
f 2318 2317 2316
f 2348 2349 2350
f 2320 2319 2318
f 2350 2351 2352
f 2291 2321 2320
f 2352 2353 2323
f 2296 2294 2292
f 2324 2326 2328
f 2300 2298 2296
f 2328 2330 2332
f 2304 2303 2301
f 2333 2335 2336
f 2308 2306 2304
f 2336 2338 2340
f 2315 2313 2311
f 2343 2345 2347
f 2320 2318 2316
f 2348 2350 2352
f 2300 2296 2292
f 2324 2328 2332
f 2304 2301 2300
f 2332 2333 2336
f 2310 2308 2304
f 2336 2340 2342
f 2315 2311 2310
f 2342 2343 2347
f 2291 2320 2316
f 2348 2352 2323
f 2304 2300 2292
f 2324 2332 2336
f 2315 2310 2304
f 2336 2342 2347
f 2292 2291 2316
f 2348 2323 2324
f 2315 2304 2292
f 2324 2336 2347
f 2292 2316 2315
f 2347 2348 2324
f 2291 2292 2324
f 2291 2324 2323
f 2292 2293 2325
f 2292 2325 2324
f 2293 2294 2326
f 2293 2326 2325
f 2294 2295 2327
f 2294 2327 2326
f 2295 2296 2328
f 2295 2328 2327
f 2296 2297 2329
f 2296 2329 2328
f 2297 2298 2330
f 2297 2330 2329
f 2298 2299 2331
f 2298 2331 2330
f 2299 2300 2332
f 2299 2332 2331
f 2300 2301 2333
f 2300 2333 2332
f 2301 2302 2334
f 2301 2334 2333
f 2302 2303 2335
f 2302 2335 2334
f 2303 2304 2336
f 2303 2336 2335
f 2304 2305 2337
f 2304 2337 2336
f 2305 2306 2338
f 2305 2338 2337
f 2306 2307 2339
f 2306 2339 2338
f 2307 2308 2340
f 2307 2340 2339
f 2308 2309 2341
f 2308 2341 2340
f 2309 2310 2342
f 2309 2342 2341
f 2310 2311 2343
f 2310 2343 2342
f 2311 2312 2344
f 2311 2344 2343
f 2312 2313 2345
f 2312 2345 2344
f 2313 2314 2346
f 2313 2346 2345
f 2314 2315 2347
f 2314 2347 2346
f 2315 2316 2348
f 2315 2348 2347
f 2316 2317 2349
f 2316 2349 2348
f 2317 2318 2350
f 2317 2350 2349
f 2318 2319 2351
f 2318 2351 2350
f 2319 2320 2352
f 2319 2352 2351
f 2320 2321 2353
f 2320 2353 2352
f 2321 2322 2354
f 2321 2354 2353
f 2322 2291 2323
f 2322 2323 2354
o bldg_13633d7f-aa07-4fe6-b6be-70f9d9d63f50_113
v 136.530498 101.606709 0.386000
v 128.814984 90.065041 0.386000
v 128.815633 89.368218 0.386000
v 148.054190 76.462557 0.386000
v 148.678872 76.549281 0.386000
v 156.568147 88.285079 0.386000
v 156.509064 88.979834 0.386000
v 137.393695 101.736213 0.386000
v 136.530498 101.606709 12.483000
v 128.814984 90.065041 12.483000
v 128.815633 89.368218 12.483000
v 148.054190 76.462557 12.483000
v 148.678872 76.549281 12.483000
v 156.568147 88.285079 12.483000
v 156.509064 88.979834 12.483000
v 137.393695 101.736213 12.483000
f 2355 2362 2361
f 2369 2370 2363
f 2357 2356 2355
f 2363 2364 2365
f 2359 2358 2357
f 2365 2366 2367
f 2361 2360 2359
f 2367 2368 2369
f 2357 2355 2361
f 2369 2363 2365
f 2361 2359 2357
f 2365 2367 2369
f 2355 2356 2364
f 2355 2364 2363
f 2356 2357 2365
f 2356 2365 2364
f 2357 2358 2366
f 2357 2366 2365
f 2358 2359 2367
f 2358 2367 2366
f 2359 2360 2368
f 2359 2368 2367
f 2360 2361 2369
f 2360 2369 2368
f 2361 2362 2370
f 2361 2370 2369
f 2362 2355 2363
f 2362 2363 2370
o bldg_19332410-cd96-430a-aed7-02dd727fc597_114
v 44.289403 -112.630648 2.272000
v 88.809005 -141.079226 2.272000
v 124.228352 -84.658011 2.272000
v 123.041337 -83.912842 2.272000
v 129.158961 -73.816298 2.272000
v 126.844966 -72.343336 2.272000
v 127.895627 -70.692774 2.272000
v 109.280825 -58.843617 2.272000
v 108.423513 -60.190434 2.272000
v 105.645868 -58.762356 2.272000
v 99.548092 -68.341814 2.272000
v 99.556480 -68.356609 2.272000
v 102.841567 -70.447715 2.272000
v 102.484829 -71.008141 2.272000
v 96.353234 -67.158926 2.272000
v 102.308349 -57.672733 2.272000
v 102.308862 -57.655848 2.272000
v 94.259269 -52.602593 2.272000
v 90.991029 -57.808732 2.272000
v 91.001427 -57.822729 2.272000
v 93.399541 -59.328182 2.272000
v 90.708285 -63.615213 2.272000
v 79.483316 -56.568546 2.272000
v 44.289403 -112.630648 44.965000
v 88.809005 -141.079226 44.965000
v 124.228352 -84.658011 44.965000
v 123.041337 -83.912842 44.965000
v 129.158961 -73.816298 44.965000
v 126.844966 -72.343336 44.965000
v 127.895627 -70.692774 44.965000
v 109.280825 -58.843617 44.965000
v 108.423513 -60.190434 44.965000
v 105.645868 -58.762356 44.965000
v 99.548092 -68.341814 44.965000
v 99.556480 -68.356609 44.965000
v 102.841567 -70.447715 44.965000
v 102.484829 -71.008141 44.965000
v 96.353234 -67.158926 44.965000
v 102.308349 -57.672733 44.965000
v 102.308862 -57.655848 44.965000
v 94.259269 -52.602593 44.965000
v 90.991029 -57.808732 44.965000
v 91.001427 -57.822729 44.965000
v 93.399541 -59.328182 44.965000
v 90.708285 -63.615213 44.965000
v 79.483316 -56.568546 44.965000
f 2371 2393 2392
f 2415 2416 2394
f 2373 2372 2371
f 2394 2395 2396
f 2376 2375 2374
f 2397 2398 2399
f 2378 2377 2376
f 2399 2400 2401
f 2381 2380 2379
f 2402 2403 2404
f 2383 2382 2381
f 2404 2405 2406
f 2387 2386 2385
f 2408 2409 2410
f 2389 2388 2387
f 2410 2411 2412
f 2391 2390 2389
f 2412 2413 2414
f 2374 2373 2371
f 2394 2396 2397
f 2378 2376 2374
f 2397 2399 2401
f 2383 2381 2379
f 2402 2404 2406
f 2391 2389 2387
f 2410 2412 2414
f 2379 2378 2374
f 2397 2401 2402
f 2391 2387 2385
f 2408 2410 2414
f 2383 2379 2374
f 2397 2402 2406
f 2392 2391 2385
f 2408 2414 2415
f 2384 2383 2374
f 2397 2406 2407
f 2371 2392 2385
f 2408 2415 2394
f 2384 2374 2371
f 2394 2397 2407
f 2371 2385 2384
f 2407 2408 2394
f 2371 2372 2395
f 2371 2395 2394
f 2372 2373 2396
f 2372 2396 2395
f 2373 2374 2397
f 2373 2397 2396
f 2374 2375 2398
f 2374 2398 2397
f 2375 2376 2399
f 2375 2399 2398
f 2376 2377 2400
f 2376 2400 2399
f 2377 2378 2401
f 2377 2401 2400
f 2378 2379 2402
f 2378 2402 2401
f 2379 2380 2403
f 2379 2403 2402
f 2380 2381 2404
f 2380 2404 2403
f 2381 2382 2405
f 2381 2405 2404
f 2382 2383 2406
f 2382 2406 2405
f 2383 2384 2407
f 2383 2407 2406
f 2384 2385 2408
f 2384 2408 2407
f 2385 2386 2409
f 2385 2409 2408
f 2386 2387 2410
f 2386 2410 2409
f 2387 2388 2411
f 2387 2411 2410
f 2388 2389 2412
f 2388 2412 2411
f 2389 2390 2413
f 2389 2413 2412
f 2390 2391 2414
f 2390 2414 2413
f 2391 2392 2415
f 2391 2415 2414
f 2392 2393 2416
f 2392 2416 2415
f 2393 2371 2394
f 2393 2394 2416
o bldg_14471578-5705-4e34-bbf3-311eec78d18b_115
v -19.181318 -206.358411 3.571000
v -18.061817 -214.850686 3.571000
v -11.483823 -219.033913 3.571000
v 3.942379 -194.776597 3.571000
v 5.920744 -196.034724 3.571000
v 5.936071 -196.027738 3.571000
v 9.191640 -190.908437 3.571000
v -4.015311 -182.509748 3.571000
v -19.181318 -206.358411 45.521000
v -18.061817 -214.850686 45.521000
v -11.483823 -219.033913 45.521000
v 3.942379 -194.776597 45.521000
v 5.920744 -196.034724 45.521000
v 5.936071 -196.027738 45.521000
v 9.191640 -190.908437 45.521000
v -4.015311 -182.509748 45.521000
f 2417 2424 2423
f 2431 2432 2425
f 2419 2418 2417
f 2425 2426 2427
f 2422 2421 2420
f 2428 2429 2430
f 2420 2419 2417
f 2425 2427 2428
f 2423 2422 2420
f 2428 2430 2431
f 2420 2417 2423
f 2431 2425 2428
f 2417 2418 2426
f 2417 2426 2425
f 2418 2419 2427
f 2418 2427 2426
f 2419 2420 2428
f 2419 2428 2427
f 2420 2421 2429
f 2420 2429 2428
f 2421 2422 2430
f 2421 2430 2429
f 2422 2423 2431
f 2422 2431 2430
f 2423 2424 2432
f 2423 2432 2431
f 2424 2417 2425
f 2424 2425 2432
o bldg_822aabaa-046e-4033-83c8-ed1e3f96b656_116
v 224.560770 -270.139410 3.577000
v 224.137919 -269.859136 3.577000
v 218.067814 -279.017143 3.577000
v 229.791627 -286.787925 3.577000
v 235.893062 -277.582650 3.577000
v 235.614934 -277.398301 3.577000
v 236.278018 -276.397901 3.577000
v 231.661490 -273.337972 3.577000
v 231.894522 -272.986394 3.577000
v 231.186445 -272.517065 3.577000
v 232.292533 -270.848302 3.577000
v 227.588460 -267.730347 3.577000
v 226.276717 -269.709382 3.577000
v 225.282563 -269.050437 3.577000
v 224.560770 -270.139410 24.477000
v 224.137919 -269.859136 24.477000
v 218.067814 -279.017143 24.477000
v 229.791627 -286.787925 24.477000
v 235.893062 -277.582650 24.477000
v 235.614934 -277.398301 24.477000
v 236.278018 -276.397901 24.477000
v 231.661490 -273.337972 24.477000
v 231.894522 -272.986394 24.477000
v 231.186445 -272.517065 24.477000
v 232.292533 -270.848302 24.477000
v 227.588460 -267.730347 24.477000
v 226.276717 -269.709382 24.477000
v 225.282563 -269.050437 24.477000
f 2433 2446 2445
f 2459 2460 2447
f 2435 2434 2433
f 2447 2448 2449
f 2437 2436 2435
f 2449 2450 2451
f 2440 2439 2438
f 2452 2453 2454
f 2442 2441 2440
f 2454 2455 2456
f 2444 2443 2442
f 2456 2457 2458
f 2435 2433 2445
f 2459 2447 2449
f 2438 2437 2435
f 2449 2451 2452
f 2444 2442 2440
f 2454 2456 2458
f 2438 2435 2445
f 2459 2449 2452
f 2445 2444 2440
f 2454 2458 2459
f 2440 2438 2445
f 2459 2452 2454
f 2433 2434 2448
f 2433 2448 2447
f 2434 2435 2449
f 2434 2449 2448
f 2435 2436 2450
f 2435 2450 2449
f 2436 2437 2451
f 2436 2451 2450
f 2437 2438 2452
f 2437 2452 2451
f 2438 2439 2453
f 2438 2453 2452
f 2439 2440 2454
f 2439 2454 2453
f 2440 2441 2455
f 2440 2455 2454
f 2441 2442 2456
f 2441 2456 2455
f 2442 2443 2457
f 2442 2457 2456
f 2443 2444 2458
f 2443 2458 2457
f 2444 2445 2459
f 2444 2459 2458
f 2445 2446 2460
f 2445 2460 2459
f 2446 2433 2447
f 2446 2447 2460
o bldg_a7f1c861-b79b-4013-9924-f51331b25db0_117
v -8.865667 -285.123338 3.570000
v 6.534795 -295.033193 3.570000
v 10.089950 -289.508279 3.570000
v 1.777440 -284.159364 3.570000
v 1.043162 -285.300474 3.570000
v -6.044789 -280.739535 3.570000
v -8.865667 -285.123338 6.551000
v 6.534795 -295.033193 6.551000
v 10.089950 -289.508279 6.551000
v 1.777440 -284.159364 6.551000
v 1.043162 -285.300474 6.551000
v -6.044789 -280.739535 6.551000
f 2461 2466 2465
f 2471 2472 2467
f 2463 2462 2461
f 2467 2468 2469
f 2465 2464 2463
f 2469 2470 2471
f 2463 2461 2465
f 2471 2467 2469
f 2461 2462 2468
f 2461 2468 2467
f 2462 2463 2469
f 2462 2469 2468
f 2463 2464 2470
f 2463 2470 2469
f 2464 2465 2471
f 2464 2471 2470
f 2465 2466 2472
f 2465 2472 2471
f 2466 2461 2467
f 2466 2467 2472
o bldg_061a3698-8f33-4f98-94a9-41946a305906_118
v 100.531152 -61.023565 2.944000
v 99.208683 -63.130187 2.944000
v 101.848340 -64.787274 2.944000
v 103.170809 -62.680651 2.944000
v 100.531152 -61.023565 6.946000
v 99.208683 -63.130187 6.946000
v 101.848340 -64.787274 6.946000
v 103.170809 -62.680651 6.946000
f 2473 2476 2475
f 2479 2480 2477
f 2475 2474 2473
f 2477 2478 2479
f 2473 2474 2478
f 2473 2478 2477
f 2474 2475 2479
f 2474 2479 2478
f 2475 2476 2480
f 2475 2480 2479
f 2476 2473 2477
f 2476 2477 2480
o bldg_074240a2-40b8-4526-99d0-824301c34cad_119
v -3.206689 -272.904382 3.665000
v -7.438603 -279.402347 3.665000
v 1.140045 -284.989322 3.665000
v 5.371959 -278.491358 3.665000
v -3.206689 -272.904382 9.032000
v -7.438603 -279.402347 9.032000
v 1.140045 -284.989322 9.032000
v 5.371959 -278.491358 9.032000
f 2481 2484 2483
f 2487 2488 2485
f 2483 2482 2481
f 2485 2486 2487
f 2481 2482 2486
f 2481 2486 2485
f 2482 2483 2487
f 2482 2487 2486
f 2483 2484 2488
f 2483 2488 2487
f 2484 2481 2485
f 2484 2485 2488
o bldg_58d07b70-8858-402b-a6d5-551a28b1f0b2_120
v 281.435115 -292.993495 3.259000
v 287.049685 -284.313627 3.259000
v 287.165291 -282.336536 3.259000
v 277.784337 -276.272549 3.259000
v 271.233957 -286.399168 3.259000
v 281.435115 -292.993495 35.134000
v 287.049685 -284.313627 35.134000
v 287.165291 -282.336536 35.134000
v 277.784337 -276.272549 35.134000
v 271.233957 -286.399168 35.134000
f 2489 2493 2492
f 2497 2498 2494
f 2491 2490 2489
f 2494 2495 2496
f 2489 2492 2491
f 2496 2497 2494
f 2489 2490 2495
f 2489 2495 2494
f 2490 2491 2496
f 2490 2496 2495
f 2491 2492 2497
f 2491 2497 2496
f 2492 2493 2498
f 2492 2498 2497
f 2493 2489 2494
f 2493 2494 2498
o bldg_1066ac99-c57b-4e72-a31a-db4a393af2bd_121
v 70.167107 -256.966050 3.712000
v 69.384759 -256.439064 3.712000
v 73.746932 -249.963038 3.712000
v 73.269446 -249.641407 3.712000
v 75.348821 -246.554401 3.712000
v 71.322548 -243.842354 3.712000
v 69.243179 -246.929351 3.712000
v 54.908309 -237.273514 3.712000
v 41.446222 -257.259155 3.712000
v 60.284846 -269.948678 3.712000
v 63.710518 -264.862969 3.712000
v 64.492839 -265.389937 3.712000
v 70.167107 -256.966050 21.428000
v 69.384759 -256.439064 21.428000
v 73.746932 -249.963038 21.428000
v 73.269446 -249.641407 21.428000
v 75.348821 -246.554401 21.428000
v 71.322548 -243.842354 21.428000
v 69.243179 -246.929351 21.428000
v 54.908309 -237.273514 21.428000
v 41.446222 -257.259155 21.428000
v 60.284846 -269.948678 21.428000
v 63.710518 -264.862969 21.428000
v 64.492839 -265.389937 21.428000
f 2499 2510 2509
f 2521 2522 2511
f 2502 2501 2500
f 2512 2513 2514
f 2504 2503 2502
f 2514 2515 2516
f 2507 2506 2505
f 2517 2518 2519
f 2509 2508 2507
f 2519 2520 2521
f 2500 2499 2509
f 2521 2511 2512
f 2504 2502 2500
f 2512 2514 2516
f 2509 2507 2505
f 2517 2519 2521
f 2504 2500 2509
f 2521 2512 2516
f 2509 2505 2504
f 2516 2517 2521
f 2499 2500 2512
f 2499 2512 2511
f 2500 2501 2513
f 2500 2513 2512
f 2501 2502 2514
f 2501 2514 2513
f 2502 2503 2515
f 2502 2515 2514
f 2503 2504 2516
f 2503 2516 2515
f 2504 2505 2517
f 2504 2517 2516
f 2505 2506 2518
f 2505 2518 2517
f 2506 2507 2519
f 2506 2519 2518
f 2507 2508 2520
f 2507 2520 2519
f 2508 2509 2521
f 2508 2521 2520
f 2509 2510 2522
f 2509 2522 2521
f 2510 2499 2511
f 2510 2511 2522
o bldg_c1411159-27c4-464c-9864-530a6c8e7f52_122
v 238.904402 -250.951882 3.309000
v 231.365095 -262.789041 3.309000
v 236.528915 -266.077980 3.309000
v 236.543984 -266.070338 3.309000
v 237.358504 -264.791494 3.309000
v 246.077243 -270.344632 3.309000
v 251.650640 -261.594069 3.309000
v 252.479933 -262.122262 3.309000
v 252.496631 -262.121369 3.309000
v 253.634987 -260.334082 3.309000
v 238.904402 -250.951882 22.130000
v 231.365095 -262.789041 22.130000
v 236.528915 -266.077980 22.130000
v 236.543984 -266.070338 22.130000
v 237.358504 -264.791494 22.130000
v 246.077243 -270.344632 22.130000
v 251.650640 -261.594069 22.130000
v 252.479933 -262.122262 22.130000
v 252.496631 -262.121369 22.130000
v 253.634987 -260.334082 22.130000
f 2523 2532 2531
f 2541 2542 2533
f 2525 2524 2523
f 2533 2534 2535
f 2527 2526 2525
f 2535 2536 2537
f 2529 2528 2527
f 2537 2538 2539
f 2531 2530 2529
f 2539 2540 2541
f 2527 2525 2523
f 2533 2535 2537
f 2523 2531 2529
f 2539 2541 2533
f 2529 2527 2523
f 2533 2537 2539
f 2523 2524 2534
f 2523 2534 2533
f 2524 2525 2535
f 2524 2535 2534
f 2525 2526 2536
f 2525 2536 2535
f 2526 2527 2537
f 2526 2537 2536
f 2527 2528 2538
f 2527 2538 2537
f 2528 2529 2539
f 2528 2539 2538
f 2529 2530 2540
f 2529 2540 2539
f 2530 2531 2541
f 2530 2541 2540
f 2531 2532 2542
f 2531 2542 2541
f 2532 2523 2533
f 2532 2533 2542
o bldg_3ee3ec75-f777-4b72-927f-fc7cdbc3ac9a_123
v 246.104257 -276.285444 3.284000
v 265.545100 -288.487825 3.284000
v 273.426398 -275.931312 3.284000
v 253.985217 -263.728719 3.284000
v 246.104257 -276.285444 33.526000
v 265.545100 -288.487825 33.526000
v 273.426398 -275.931312 33.526000
v 253.985217 -263.728719 33.526000
f 2543 2546 2545
f 2549 2550 2547
f 2545 2544 2543
f 2547 2548 2549
f 2543 2544 2548
f 2543 2548 2547
f 2544 2545 2549
f 2544 2549 2548
f 2545 2546 2550
f 2545 2550 2549
f 2546 2543 2547
f 2546 2547 2550
o bldg_29aba56e-19a3-458e-acf9-3d2a0611f24e_124
v -17.671437 -279.719031 3.671000
v -9.116715 -285.203854 3.671000
v -6.052162 -280.431423 3.671000
v -8.010227 -279.176026 3.671000
v -2.347109 -270.343194 3.671000
v -2.178989 -270.450941 3.671000
v -3.194524 -272.034884 3.671000
v 10.483888 -280.804719 3.671000
v 11.500993 -279.218328 3.671000
v 15.435653 -281.737861 3.671000
v 21.359106 -272.498938 3.671000
v 20.916812 -271.065065 3.671000
v 17.948555 -269.161984 3.671000
v 18.180114 -268.800820 3.671000
v -2.266761 -255.691425 3.671000
v -17.671437 -279.719031 23.542000
v -9.116715 -285.203854 23.542000
v -6.052162 -280.431423 23.542000
v -8.010227 -279.176026 23.542000
v -2.347109 -270.343194 23.542000
v -2.178989 -270.450941 23.542000
v -3.194524 -272.034884 23.542000
v 10.483888 -280.804719 23.542000
v 11.500993 -279.218328 23.542000
v 15.435653 -281.737861 23.542000
v 21.359106 -272.498938 23.542000
v 20.916812 -271.065065 23.542000
v 17.948555 -269.161984 23.542000
v 18.180114 -268.800820 23.542000
v -2.266761 -255.691425 23.542000
f 2553 2552 2551
f 2566 2567 2568
f 2558 2557 2556
f 2571 2572 2573
f 2561 2560 2559
f 2574 2575 2576
f 2563 2562 2561
f 2576 2577 2578
f 2565 2564 2563
f 2578 2579 2580
f 2554 2553 2551
f 2566 2568 2569
f 2559 2558 2556
f 2571 2573 2574
f 2563 2561 2559
f 2574 2576 2578
f 2554 2551 2565
f 2580 2566 2569
f 2563 2559 2556
f 2571 2574 2578
f 2555 2554 2565
f 2580 2569 2570
f 2563 2556 2555
f 2570 2571 2578
f 2555 2565 2563
f 2578 2580 2570
f 2551 2552 2567
f 2551 2567 2566
f 2552 2553 2568
f 2552 2568 2567
f 2553 2554 2569
f 2553 2569 2568
f 2554 2555 2570
f 2554 2570 2569
f 2555 2556 2571
f 2555 2571 2570
f 2556 2557 2572
f 2556 2572 2571
f 2557 2558 2573
f 2557 2573 2572
f 2558 2559 2574
f 2558 2574 2573
f 2559 2560 2575
f 2559 2575 2574
f 2560 2561 2576
f 2560 2576 2575
f 2561 2562 2577
f 2561 2577 2576
f 2562 2563 2578
f 2562 2578 2577
f 2563 2564 2579
f 2563 2579 2578
f 2564 2565 2580
f 2564 2580 2579
f 2565 2551 2566
f 2565 2566 2580
o bldg_277b6cad-f4c1-43cf-97a4-750d42799ce1_125
v 183.262038 -121.354374 3.006000
v 184.346411 -125.661367 3.006000
v 190.811687 -124.033604 3.006000
v 189.727313 -119.726611 3.006000
v 183.262038 -121.354374 4.963000
v 184.346411 -125.661367 4.963000
v 190.811687 -124.033604 4.963000
v 189.727313 -119.726611 4.963000
f 2581 2584 2583
f 2587 2588 2585
f 2583 2582 2581
f 2585 2586 2587
f 2581 2582 2586
f 2581 2586 2585
f 2582 2583 2587
f 2582 2587 2586
f 2583 2584 2588
f 2583 2588 2587
f 2584 2581 2585
f 2584 2585 2588
o bldg_2ae49e0b-81fe-460c-b6ad-1bc8eabf42b7_126
v -60.524080 -271.187388 3.330000
v -68.207429 -283.333545 3.330000
v -59.113298 -289.086374 3.330000
v -51.429969 -276.940216 3.330000
v -60.524080 -271.187388 33.443000
v -68.207429 -283.333545 33.443000
v -59.113298 -289.086374 33.443000
v -51.429969 -276.940216 33.443000
f 2589 2592 2591
f 2595 2596 2593
f 2591 2590 2589
f 2593 2594 2595
f 2589 2590 2594
f 2589 2594 2593
f 2590 2591 2595
f 2590 2595 2594
f 2591 2592 2596
f 2591 2596 2595
f 2592 2589 2593
f 2592 2593 2596
o bldg_8bea9d13-0601-4192-986a-57f1a9b9960f_127
v 39.298044 -313.971960 3.836000
v 49.372381 -320.406218 3.836000
v 62.708235 -299.994768 3.836000
v 59.361998 -297.857599 3.836000
v 60.543063 -296.008366 3.836000
v 53.602234 -291.575411 3.836000
v 39.298044 -313.971960 37.491000
v 49.372381 -320.406218 37.491000
v 62.708235 -299.994768 37.491000
v 59.361998 -297.857599 37.491000
v 60.543063 -296.008366 37.491000
v 53.602234 -291.575411 37.491000
f 2597 2602 2601
f 2607 2608 2603
f 2599 2598 2597
f 2603 2604 2605
f 2597 2601 2600
f 2606 2607 2603
f 2600 2599 2597
f 2603 2605 2606
f 2597 2598 2604
f 2597 2604 2603
f 2598 2599 2605
f 2598 2605 2604
f 2599 2600 2606
f 2599 2606 2605
f 2600 2601 2607
f 2600 2607 2606
f 2601 2602 2608
f 2601 2608 2607
f 2602 2597 2603
f 2602 2603 2608
o bldg_aa8d8278-d791-4c26-a757-0d12270eb846_128
v 94.251243 -141.521901 3.178000
v 96.101010 -142.697232 3.178000
v 101.633658 -133.989801 3.178000
v 99.783892 -132.814469 3.178000
v 94.251243 -141.521901 5.363000
v 96.101010 -142.697232 5.363000
v 101.633658 -133.989801 5.363000
v 99.783892 -132.814469 5.363000
f 2609 2612 2611
f 2615 2616 2613
f 2611 2610 2609
f 2613 2614 2615
f 2609 2610 2614
f 2609 2614 2613
f 2610 2611 2615
f 2610 2615 2614
f 2611 2612 2616
f 2611 2616 2615
f 2612 2609 2613
f 2612 2613 2616
o bldg_ddda5818-3115-4382-8924-f838cf6ca1f3_129
v 176.473575 -145.676014 3.379000
v 177.981313 -146.650622 3.379000
v 179.942594 -143.616477 3.379000
v 178.434856 -142.641869 3.379000
v 176.473575 -145.676014 7.943000
v 177.981313 -146.650622 7.943000
v 179.942594 -143.616477 7.943000
v 178.434856 -142.641869 7.943000
f 2617 2620 2619
f 2623 2624 2621
f 2619 2618 2617
f 2621 2622 2623
f 2617 2618 2622
f 2617 2622 2621
f 2618 2619 2623
f 2618 2623 2622
f 2619 2620 2624
f 2619 2624 2623
f 2620 2617 2621
f 2620 2621 2624
o bldg_084f2de8-0b3a-4eb3-bc3f-9a9f1b75235a_130
v 145.641868 -43.935587 -0.017000
v 145.099463 -44.822122 -0.017000
v 135.911478 -39.200676 -0.017000
v 132.309072 -45.088628 -0.017000
v 163.942997 -64.443063 -0.017000
v 164.405228 -63.687569 -0.017000
v 166.466534 -64.948729 -0.017000
v 169.272877 -60.361901 -0.017000
v 167.211571 -59.100742 -0.017000
v 167.479466 -58.662880 -0.017000
v 166.926570 -58.324605 -0.017000
v 167.534910 -57.330303 -0.017000
v 145.641868 -43.935587 30.154000
v 145.099463 -44.822122 30.154000
v 135.911478 -39.200676 30.154000
v 132.309072 -45.088628 30.154000
v 163.942997 -64.443063 30.154000
v 164.405228 -63.687569 30.154000
v 166.466534 -64.948729 30.154000
v 169.272877 -60.361901 30.154000
v 167.211571 -59.100742 30.154000
v 167.479466 -58.662880 30.154000
v 166.926570 -58.324605 30.154000
v 167.534910 -57.330303 30.154000
f 2625 2636 2635
f 2647 2648 2637
f 2628 2627 2626
f 2638 2639 2640
f 2630 2629 2628
f 2640 2641 2642
f 2632 2631 2630
f 2642 2643 2644
f 2635 2634 2633
f 2645 2646 2647
f 2626 2625 2635
f 2647 2637 2638
f 2630 2628 2626
f 2638 2640 2642
f 2633 2632 2630
f 2642 2644 2645
f 2626 2635 2633
f 2645 2647 2638
f 2633 2630 2626
f 2638 2642 2645
f 2625 2626 2638
f 2625 2638 2637
f 2626 2627 2639
f 2626 2639 2638
f 2627 2628 2640
f 2627 2640 2639
f 2628 2629 2641
f 2628 2641 2640
f 2629 2630 2642
f 2629 2642 2641
f 2630 2631 2643
f 2630 2643 2642
f 2631 2632 2644
f 2631 2644 2643
f 2632 2633 2645
f 2632 2645 2644
f 2633 2634 2646
f 2633 2646 2645
f 2634 2635 2647
f 2634 2647 2646
f 2635 2636 2648
f 2635 2648 2647
f 2636 2625 2637
f 2636 2637 2648
o bldg_1e3e6e89-e774-476d-b248-c7a1667f5f56_131
v 41.275803 -230.224060 3.646000
v 49.212743 -217.731900 3.646000
v 40.923138 -212.465046 3.646000
v 40.129678 -213.707970 3.646000
v 36.171937 -211.193394 3.646000
v 33.825237 -214.886927 3.646000
v 29.844155 -212.357521 3.646000
v 25.044693 -219.911520 3.646000
v 41.275803 -230.224060 35.064000
v 49.212743 -217.731900 35.064000
v 40.923138 -212.465046 35.064000
v 40.129678 -213.707970 35.064000
v 36.171937 -211.193394 35.064000
v 33.825237 -214.886927 35.064000
v 29.844155 -212.357521 35.064000
v 25.044693 -219.911520 35.064000
f 2649 2656 2655
f 2663 2664 2657
f 2651 2650 2649
f 2657 2658 2659
f 2654 2653 2652
f 2660 2661 2662
f 2649 2655 2654
f 2662 2663 2657
f 2652 2651 2649
f 2657 2659 2660
f 2649 2654 2652
f 2660 2662 2657
f 2649 2650 2658
f 2649 2658 2657
f 2650 2651 2659
f 2650 2659 2658
f 2651 2652 2660
f 2651 2660 2659
f 2652 2653 2661
f 2652 2661 2660
f 2653 2654 2662
f 2653 2662 2661
f 2654 2655 2663
f 2654 2663 2662
f 2655 2656 2664
f 2655 2664 2663
f 2656 2649 2657
f 2656 2657 2664
o bldg_9087850c-2b33-43e4-970f-8c9b7f3246ea_132
v -51.387759 -278.417564 3.587000
v -55.956611 -285.655620 3.587000
v -41.827288 -294.574389 3.587000
v -28.986307 -274.231520 3.587000
v -33.598207 -271.320359 3.587000
v -31.882995 -268.695358 3.587000
v -32.693032 -268.184043 3.587000
v -32.389000 -267.702391 3.587000
v -40.169950 -262.790870 3.587000
v -50.413131 -279.018300 3.587000
v -51.371708 -278.413223 3.587000
v -51.387759 -278.417564 39.073000
v -55.956611 -285.655620 39.073000
v -41.827288 -294.574389 39.073000
v -28.986307 -274.231520 39.073000
v -33.598207 -271.320359 39.073000
v -31.882995 -268.695358 39.073000
v -32.693032 -268.184043 39.073000
v -32.389000 -267.702391 39.073000
v -40.169950 -262.790870 39.073000
v -50.413131 -279.018300 39.073000
v -51.371708 -278.413223 39.073000
f 2665 2675 2674
f 2685 2686 2676
f 2667 2666 2665
f 2676 2677 2678
f 2669 2668 2667
f 2678 2679 2680
f 2671 2670 2669
f 2680 2681 2682
f 2673 2672 2671
f 2682 2683 2684
f 2667 2665 2674
f 2685 2676 2678
f 2671 2669 2667
f 2678 2680 2682
f 2674 2673 2671
f 2682 2684 2685
f 2671 2667 2674
f 2685 2678 2682
f 2665 2666 2677
f 2665 2677 2676
f 2666 2667 2678
f 2666 2678 2677
f 2667 2668 2679
f 2667 2679 2678
f 2668 2669 2680
f 2668 2680 2679
f 2669 2670 2681
f 2669 2681 2680
f 2670 2671 2682
f 2670 2682 2681
f 2671 2672 2683
f 2671 2683 2682
f 2672 2673 2684
f 2672 2684 2683
f 2673 2674 2685
f 2673 2685 2684
f 2674 2675 2686
f 2674 2686 2685
f 2675 2665 2676
f 2675 2676 2686
o bldg_c82fabec-055d-4154-8945-e9239d4c3b39_133
v 32.538949 -199.483333 3.866000
v 28.741306 -205.320065 3.866000
v 34.107959 -208.811868 3.866000
v 37.905602 -202.975136 3.866000
v 32.538949 -199.483333 33.911000
v 28.741306 -205.320065 33.911000
v 34.107959 -208.811868 33.911000
v 37.905602 -202.975136 33.911000
f 2687 2690 2689
f 2693 2694 2691
f 2689 2688 2687
f 2691 2692 2693
f 2687 2688 2692
f 2687 2692 2691
f 2688 2689 2693
f 2688 2693 2692
f 2689 2690 2694
f 2689 2694 2693
f 2690 2687 2691
f 2690 2691 2694
o bldg_a4fe598f-d799-4945-9d99-e6bd3b007cd1_134
v 123.994271 78.088586 0.977000
v 114.564207 64.011871 0.977000
v 132.817117 51.784195 0.977000
v 142.247181 65.860909 0.977000
v 123.994271 78.088586 6.088000
v 114.564207 64.011871 6.088000
v 132.817117 51.784195 6.088000
v 142.247181 65.860909 6.088000
f 2695 2698 2697
f 2701 2702 2699
f 2697 2696 2695
f 2699 2700 2701
f 2695 2696 2700
f 2695 2700 2699
f 2696 2697 2701
f 2696 2701 2700
f 2697 2698 2702
f 2697 2702 2701
f 2698 2695 2699
f 2698 2699 2702
o bldg_0b7581dc-de54-48b3-85ff-ecbc50c2655d_135
v 176.343804 153.550292 -0.001000
v 180.331230 150.898482 -0.001000
v 177.352868 146.419974 -0.001000
v 186.546686 140.305687 -0.001000
v 189.194572 144.284834 -0.001000
v 216.791104 125.931893 -0.001000
v 235.824397 154.551478 -0.001000
v 220.953327 164.441413 -0.001000
v 221.080573 165.572866 -0.001000
v 220.535731 168.132461 -0.001000
v 219.211160 169.323313 -0.001000
v 212.664367 173.462360 -0.001000
v 201.662908 179.061807 -0.001000
v 200.836876 177.819763 -0.001000
v 199.915966 178.432210 -0.001000
v 195.415084 171.853303 -0.001000
v 190.631455 175.034633 -0.001000
v 176.343804 153.550292 31.141000
v 180.331230 150.898482 31.141000
v 177.352868 146.419974 31.141000
v 186.546686 140.305687 31.141000
v 189.194572 144.284834 31.141000
v 216.791104 125.931893 31.141000
v 235.824397 154.551478 31.141000
v 220.953327 164.441413 31.141000
v 221.080573 165.572866 31.141000
v 220.535731 168.132461 31.141000
v 219.211160 169.323313 31.141000
v 212.664367 173.462360 31.141000
v 201.662908 179.061807 31.141000
v 200.836876 177.819763 31.141000
v 199.915966 178.432210 31.141000
v 195.415084 171.853303 31.141000
v 190.631455 175.034633 31.141000
f 2703 2719 2718
f 2735 2736 2720
f 2706 2705 2704
f 2721 2722 2723
f 2709 2708 2707
f 2724 2725 2726
f 2712 2711 2710
f 2727 2728 2729
f 2714 2713 2712
f 2729 2730 2731
f 2716 2715 2714
f 2731 2732 2733
f 2718 2717 2716
f 2733 2734 2735
f 2704 2703 2718
f 2735 2720 2721
f 2707 2706 2704
f 2721 2723 2724
f 2710 2709 2707
f 2724 2726 2727
f 2714 2712 2710
f 2727 2729 2731
f 2718 2716 2714
f 2731 2733 2735
f 2707 2704 2718
f 2735 2721 2724
f 2714 2710 2707
f 2724 2727 2731
f 2707 2718 2714
f 2731 2735 2724
f 2703 2704 2721
f 2703 2721 2720
f 2704 2705 2722
f 2704 2722 2721
f 2705 2706 2723
f 2705 2723 2722
f 2706 2707 2724
f 2706 2724 2723
f 2707 2708 2725
f 2707 2725 2724
f 2708 2709 2726
f 2708 2726 2725
f 2709 2710 2727
f 2709 2727 2726
f 2710 2711 2728
f 2710 2728 2727
f 2711 2712 2729
f 2711 2729 2728
f 2712 2713 2730
f 2712 2730 2729
f 2713 2714 2731
f 2713 2731 2730
f 2714 2715 2732
f 2714 2732 2731
f 2715 2716 2733
f 2715 2733 2732
f 2716 2717 2734
f 2716 2734 2733
f 2717 2718 2735
f 2717 2735 2734
f 2718 2719 2736
f 2718 2736 2735
f 2719 2703 2720
f 2719 2720 2736
o bldg_cf60cb9c-f36a-4753-9e6d-a13917968c94_136
v 8.511884 -232.089751 3.649000
v 7.750969 -233.306469 3.649000
v 33.708719 -249.540070 3.649000
v 34.424911 -248.394865 3.649000
v 35.405171 -249.007906 3.649000
v 44.872730 -233.869089 3.649000
v 19.364536 -217.916632 3.649000
v 16.639722 -222.273664 3.649000
v 14.685868 -221.051752 3.649000
v 7.987845 -231.762025 3.649000
v 8.511884 -232.089751 39.291000
v 7.750969 -233.306469 39.291000
v 33.708719 -249.540070 39.291000
v 34.424911 -248.394865 39.291000
v 35.405171 -249.007906 39.291000
v 44.872730 -233.869089 39.291000
v 19.364536 -217.916632 39.291000
v 16.639722 -222.273664 39.291000
v 14.685868 -221.051752 39.291000
v 7.987845 -231.762025 39.291000
f 2737 2746 2745
f 2755 2756 2747
f 2739 2738 2737
f 2747 2748 2749
f 2742 2741 2740
f 2750 2751 2752
f 2744 2743 2742
f 2752 2753 2754
f 2737 2745 2744
f 2754 2755 2747
f 2740 2739 2737
f 2747 2749 2750
f 2744 2742 2740
f 2750 2752 2754
f 2740 2737 2744
f 2754 2747 2750
f 2737 2738 2748
f 2737 2748 2747
f 2738 2739 2749
f 2738 2749 2748
f 2739 2740 2750
f 2739 2750 2749
f 2740 2741 2751
f 2740 2751 2750
f 2741 2742 2752
f 2741 2752 2751
f 2742 2743 2753
f 2742 2753 2752
f 2743 2744 2754
f 2743 2754 2753
f 2744 2745 2755
f 2744 2755 2754
f 2745 2746 2756
f 2745 2756 2755
f 2746 2737 2747
f 2746 2747 2756
o bldg_d38df7e1-e5e3-41a8-9265-3b7f0848e4d1_137
v -32.902574 -266.377748 3.590000
v -18.316417 -243.655068 3.590000
v -31.513056 -235.183889 3.590000
v -38.947059 -236.860413 3.590000
v -50.601543 -255.016698 3.590000
v -32.902574 -266.377748 43.099000
v -18.316417 -243.655068 43.099000
v -31.513056 -235.183889 43.099000
v -38.947059 -236.860413 43.099000
v -50.601543 -255.016698 43.099000
f 2757 2761 2760
f 2765 2766 2762
f 2759 2758 2757
f 2762 2763 2764
f 2757 2760 2759
f 2764 2765 2762
f 2757 2758 2763
f 2757 2763 2762
f 2758 2759 2764
f 2758 2764 2763
f 2759 2760 2765
f 2759 2765 2764
f 2760 2761 2766
f 2760 2766 2765
f 2761 2757 2762
f 2761 2762 2766
o bldg_0187a167-16ba-42b4-8ab0-16896fd82b9c_138
v 122.652199 -159.600546 3.379000
v 121.483976 -161.490113 3.379000
v 123.837672 -162.945281 3.379000
v 125.005896 -161.055715 3.379000
v 122.652199 -159.600546 8.504000
v 121.483976 -161.490113 8.504000
v 123.837672 -162.945281 8.504000
v 125.005896 -161.055715 8.504000
f 2767 2770 2769
f 2773 2774 2771
f 2769 2768 2767
f 2771 2772 2773
f 2767 2768 2772
f 2767 2772 2771
f 2768 2769 2773
f 2768 2773 2772
f 2769 2770 2774
f 2769 2774 2773
f 2770 2767 2771
f 2770 2771 2774
o bldg_cba6f8da-8f01-4812-8c8d-16d8b4d4912e_139
v 66.674550 -217.322717 3.427000
v 72.012834 -220.745881 3.427000
v 81.826126 -205.442391 3.427000
v 78.923182 -203.580883 3.427000
v 75.074901 -204.222660 3.427000
v 66.674550 -217.322717 13.540000
v 72.012834 -220.745881 13.540000
v 81.826126 -205.442391 13.540000
v 78.923182 -203.580883 13.540000
v 75.074901 -204.222660 13.540000
f 2775 2779 2778
f 2783 2784 2780
f 2777 2776 2775
f 2780 2781 2782
f 2775 2778 2777
f 2782 2783 2780
f 2775 2776 2781
f 2775 2781 2780
f 2776 2777 2782
f 2776 2782 2781
f 2777 2778 2783
f 2777 2783 2782
f 2778 2779 2784
f 2778 2784 2783
f 2779 2775 2780
f 2779 2780 2784
o bldg_331d0927-c739-4488-9b66-7f1fe4306502_140
v 295.594664 -302.878787 3.290000
v 285.039496 -320.610139 3.290000
v 312.488581 -336.656025 3.290000
v 315.379636 -331.886595 3.290000
v 318.978723 -333.990764 3.290000
v 326.479280 -321.161370 3.290000
v 323.084090 -319.176408 3.290000
v 323.901765 -317.827475 3.290000
v 322.769938 -317.165764 3.290000
v 327.906240 -308.380315 3.290000
v 301.133125 -292.727692 3.290000
v 295.301067 -302.703202 3.290000
v 295.594664 -302.878787 67.745000
v 285.039496 -320.610139 67.745000
v 312.488581 -336.656025 67.745000
v 315.379636 -331.886595 67.745000
v 318.978723 -333.990764 67.745000
v 326.479280 -321.161370 67.745000
v 323.084090 -319.176408 67.745000
v 323.901765 -317.827475 67.745000
v 322.769938 -317.165764 67.745000
v 327.906240 -308.380315 67.745000
v 301.133125 -292.727692 67.745000
v 295.301067 -302.703202 67.745000
f 2785 2796 2795
f 2807 2808 2797
f 2787 2786 2785
f 2797 2798 2799
f 2790 2789 2788
f 2800 2801 2802
f 2793 2792 2791
f 2803 2804 2805
f 2795 2794 2793
f 2805 2806 2807
f 2787 2785 2795
f 2807 2797 2799
f 2791 2790 2788
f 2800 2802 2803
f 2795 2793 2791
f 2803 2805 2807
f 2788 2787 2795
f 2807 2799 2800
f 2795 2791 2788
f 2800 2803 2807
f 2785 2786 2798
f 2785 2798 2797
f 2786 2787 2799
f 2786 2799 2798
f 2787 2788 2800
f 2787 2800 2799
f 2788 2789 2801
f 2788 2801 2800
f 2789 2790 2802
f 2789 2802 2801
f 2790 2791 2803
f 2790 2803 2802
f 2791 2792 2804
f 2791 2804 2803
f 2792 2793 2805
f 2792 2805 2804
f 2793 2794 2806
f 2793 2806 2805
f 2794 2795 2807
f 2794 2807 2806
f 2795 2796 2808
f 2795 2808 2807
f 2796 2785 2797
f 2796 2797 2808
o bldg_09b01193-f0f4-4a1a-a987-c71668c62a8b_141
v 107.019791 -112.145478 2.797000
v 113.346995 -112.549726 2.797000
v 115.170819 -113.686906 2.797000
v 117.036062 -110.695410 2.797000
v 114.532624 -109.134483 2.797000
v 109.164810 -108.748122 2.797000
v 107.019791 -112.145478 4.582000
v 113.346995 -112.549726 4.582000
v 115.170819 -113.686906 4.582000
v 117.036062 -110.695410 4.582000
v 114.532624 -109.134483 4.582000
v 109.164810 -108.748122 4.582000
f 2809 2814 2813
f 2819 2820 2815
f 2812 2811 2810
f 2816 2817 2818
f 2809 2813 2812
f 2818 2819 2815
f 2812 2810 2809
f 2815 2816 2818
f 2809 2810 2816
f 2809 2816 2815
f 2810 2811 2817
f 2810 2817 2816
f 2811 2812 2818
f 2811 2818 2817
f 2812 2813 2819
f 2812 2819 2818
f 2813 2814 2820
f 2813 2820 2819
f 2814 2809 2815
f 2814 2815 2820
o bldg_d8c40d27-f72d-4563-9833-01ee6ae94275_142
v 196.754994 -247.886531 3.282000
v 211.518916 -257.238762 3.282000
v 221.319826 -241.766697 3.282000
v 206.555905 -232.414467 3.282000
v 196.754994 -247.886531 38.509000
v 211.518916 -257.238762 38.509000
v 221.319826 -241.766697 38.509000
v 206.555905 -232.414467 38.509000
f 2821 2824 2823
f 2827 2828 2825
f 2823 2822 2821
f 2825 2826 2827
f 2821 2822 2826
f 2821 2826 2825
f 2822 2823 2827
f 2822 2827 2826
f 2823 2824 2828
f 2823 2828 2827
f 2824 2821 2825
f 2824 2825 2828
o bldg_315a166b-18a0-4140-8755-607f841f7cc4_143
v 203.628728 -271.865709 3.515000
v 215.349122 -279.560987 3.515000
v 223.549620 -267.070888 3.515000
v 219.433026 -264.368050 3.515000
v 220.830064 -262.240269 3.515000
v 217.089257 -259.784162 3.515000
v 215.692219 -261.911942 3.515000
v 215.165447 -261.566078 3.515000
v 216.402828 -259.681466 3.515000
v 216.406233 -259.664399 3.515000
v 213.075447 -257.477500 3.515000
v 203.628728 -271.865709 38.976000
v 215.349122 -279.560987 38.976000
v 223.549620 -267.070888 38.976000
v 219.433026 -264.368050 38.976000
v 220.830064 -262.240269 38.976000
v 217.089257 -259.784162 38.976000
v 215.692219 -261.911942 38.976000
v 215.165447 -261.566078 38.976000
v 216.402828 -259.681466 38.976000
v 216.406233 -259.664399 38.976000
v 213.075447 -257.477500 38.976000
f 2829 2839 2838
f 2849 2850 2840
f 2831 2830 2829
f 2840 2841 2842
f 2834 2833 2832
f 2843 2844 2845
f 2838 2837 2836
f 2847 2848 2849
f 2832 2831 2829
f 2840 2842 2843
f 2835 2834 2832
f 2843 2845 2846
f 2829 2838 2836
f 2847 2849 2840
f 2835 2832 2829
f 2840 2843 2846
f 2829 2836 2835
f 2846 2847 2840
f 2829 2830 2841
f 2829 2841 2840
f 2830 2831 2842
f 2830 2842 2841
f 2831 2832 2843
f 2831 2843 2842
f 2832 2833 2844
f 2832 2844 2843
f 2833 2834 2845
f 2833 2845 2844
f 2834 2835 2846
f 2834 2846 2845
f 2835 2836 2847
f 2835 2847 2846
f 2836 2837 2848
f 2836 2848 2847
f 2837 2838 2849
f 2837 2849 2848
f 2838 2839 2850
f 2838 2850 2849
f 2839 2829 2840
f 2839 2840 2850
o bldg_f73bda3f-4ba3-455a-ae73-3641cee09936_144
v 62.480949 -236.447952 3.562000
v 75.752272 -244.738963 3.562000
v 93.813076 -215.829449 3.562000
v 80.950280 -207.791432 3.562000
v 67.152591 -229.877044 3.562000
v 66.754339 -229.628209 3.562000
v 66.738620 -229.633724 3.562000
v 62.480949 -236.447952 34.058000
v 75.752272 -244.738963 34.058000
v 93.813076 -215.829449 34.058000
v 80.950280 -207.791432 34.058000
v 67.152591 -229.877044 34.058000
v 66.754339 -229.628209 34.058000
v 66.738620 -229.633724 34.058000
f 2851 2857 2856
f 2863 2864 2858
f 2853 2852 2851
f 2858 2859 2860
f 2855 2854 2853
f 2860 2861 2862
f 2851 2856 2855
f 2862 2863 2858
f 2855 2853 2851
f 2858 2860 2862
f 2851 2852 2859
f 2851 2859 2858
f 2852 2853 2860
f 2852 2860 2859
f 2853 2854 2861
f 2853 2861 2860
f 2854 2855 2862
f 2854 2862 2861
f 2855 2856 2863
f 2855 2863 2862
f 2856 2857 2864
f 2856 2864 2863
f 2857 2851 2858
f 2857 2858 2864
o bldg_e798931b-535f-4e7d-82ab-adb055ff98c6_145
v -50.609491 -255.818816 3.640000
v -60.111935 -270.789616 3.640000
v -50.729724 -276.744940 3.640000
v -41.227306 -261.774138 3.640000
v -50.609491 -255.818816 26.752000
v -60.111935 -270.789616 26.752000
v -50.729724 -276.744940 26.752000
v -41.227306 -261.774138 26.752000
f 2865 2868 2867
f 2871 2872 2869
f 2867 2866 2865
f 2869 2870 2871
f 2865 2866 2870
f 2865 2870 2869
f 2866 2867 2871
f 2866 2871 2870
f 2867 2868 2872
f 2867 2872 2871
f 2868 2865 2869
f 2868 2869 2872
o bldg_7f727bc3-1bc8-4b32-afbf-cf74dd17f28a_146
v 141.424334 -229.782901 3.098000
v 172.747243 -249.491639 3.098000
v 190.387223 -221.450654 3.098000
v 159.066971 -201.743587 3.098000
v 141.424334 -229.782901 41.896000
v 172.747243 -249.491639 41.896000
v 190.387223 -221.450654 41.896000
v 159.066971 -201.743587 41.896000
f 2873 2876 2875
f 2879 2880 2877
f 2875 2874 2873
f 2877 2878 2879
f 2873 2874 2878
f 2873 2878 2877
f 2874 2875 2879
f 2874 2879 2878
f 2875 2876 2880
f 2875 2880 2879
f 2876 2873 2877
f 2876 2877 2880
o bldg_22160adc-b55a-403a-b9b0-b460d6ca4303_147
v 129.132764 90.835166 0.641000
v 136.781315 102.236138 0.641000
v 155.867329 89.432803 0.641000
v 155.932054 90.773712 0.641000
v 137.557361 102.865879 0.641000
v 136.296492 102.826773 0.641000
v 135.591382 102.357541 0.641000
v 128.414677 91.635056 0.641000
v 128.622355 91.177560 0.641000
v 129.132764 90.835166 3.937000
v 136.781315 102.236138 3.937000
v 155.867329 89.432803 3.937000
v 155.932054 90.773712 3.937000
v 137.557361 102.865879 3.937000
v 136.296492 102.826773 3.937000
v 135.591382 102.357541 3.937000
v 128.414677 91.635056 3.937000
v 128.622355 91.177560 3.937000
f 2881 2889 2888
f 2897 2898 2890
f 2884 2883 2882
f 2891 2892 2893
f 2886 2885 2884
f 2893 2894 2895
f 2888 2887 2886
f 2895 2896 2897
f 2882 2881 2888
f 2897 2890 2891
f 2886 2884 2882
f 2891 2893 2895
f 2882 2888 2886
f 2895 2897 2891
f 2881 2882 2891
f 2881 2891 2890
f 2882 2883 2892
f 2882 2892 2891
f 2883 2884 2893
f 2883 2893 2892
f 2884 2885 2894
f 2884 2894 2893
f 2885 2886 2895
f 2885 2895 2894
f 2886 2887 2896
f 2886 2896 2895
f 2887 2888 2897
f 2887 2897 2896
f 2888 2889 2898
f 2888 2898 2897
f 2889 2881 2890
f 2889 2890 2898
o bldg_ed991036-ae2d-4fc1-8b16-673f3b463c8d_148
v -3.088953 -182.550380 3.587000
v 10.366056 -191.058153 3.587000
v 7.127478 -196.187439 3.587000
v 18.769539 -203.548862 3.587000
v 34.235092 -179.090053 3.587000
v 9.134639 -163.218715 3.587000
v -3.088953 -182.550380 48.124000
v 10.366056 -191.058153 48.124000
v 7.127478 -196.187439 48.124000
v 18.769539 -203.548862 48.124000
v 34.235092 -179.090053 48.124000
v 9.134639 -163.218715 48.124000
f 2899 2904 2903
f 2909 2910 2905
f 2902 2901 2900
f 2906 2907 2908
f 2900 2899 2903
f 2909 2905 2906
f 2903 2902 2900
f 2906 2908 2909
f 2899 2900 2906
f 2899 2906 2905
f 2900 2901 2907
f 2900 2907 2906
f 2901 2902 2908
f 2901 2908 2907
f 2902 2903 2909
f 2902 2909 2908
f 2903 2904 2910
f 2903 2910 2909
f 2904 2899 2905
f 2904 2905 2910
o bldg_015a6b9e-c659-4784-b345-cf5e327a827c_149
v 209.858024 212.826067 2.862000
v 223.284812 203.794869 2.862000
v 250.244496 243.733994 2.862000
v 269.700110 256.036863 2.862000
v 269.750830 256.006872 2.862000
v 272.761172 258.609117 2.862000
v 469.870476 554.434037 2.862000
v 412.216000 592.849510 2.862000
v 215.597883 299.196781 2.862000
v 214.137062 293.685812 2.862000
v 214.148618 293.678632 2.862000
v 212.806203 273.284731 2.862000
v 210.799358 265.885795 2.862000
v 183.176766 230.247563 2.862000
v 195.501801 221.993175 2.862000
v 243.734367 293.893912 2.862000
v 243.721192 293.907939 2.862000
v 238.694259 296.587425 2.862000
v 244.904064 317.597996 2.862000
v 251.393047 317.645354 2.862000
v 255.687313 324.824025 2.862000
v 260.578596 327.170227 2.862000
v 280.684322 314.721769 2.862000
v 275.252744 298.248144 2.862000
v 278.815750 294.606368 2.862000
v 261.869684 279.540662 2.862000
v 256.839653 282.903589 2.862000
v 252.969751 277.547723 2.862000
v 248.387375 268.639761 2.862000
v 248.407215 268.628029 2.862000
v 244.429825 259.189257 2.862000
v 276.058565 383.319759 2.862000
v 285.285053 397.337092 2.862000
v 290.464403 393.927967 2.862000
v 281.237914 379.910632 2.862000
v 209.858024 212.826067 9.325000
v 223.284812 203.794869 9.325000
v 250.244496 243.733994 9.325000
v 269.700110 256.036863 9.325000
v 269.750830 256.006872 9.325000
v 272.761172 258.609117 9.325000
v 469.870476 554.434037 9.325000
v 412.216000 592.849510 9.325000
v 215.597883 299.196781 9.325000
v 214.137062 293.685812 9.325000
v 214.148618 293.678632 9.325000
v 212.806203 273.284731 9.325000
v 210.799358 265.885795 9.325000
v 183.176766 230.247563 9.325000
v 195.501801 221.993175 9.325000
v 243.734367 293.893912 9.325000
v 243.721192 293.907939 9.325000
v 238.694259 296.587425 9.325000
v 244.904064 317.597996 9.325000
v 251.393047 317.645354 9.325000
v 255.687313 324.824025 9.325000
v 260.578596 327.170227 9.325000
v 280.684322 314.721769 9.325000
v 275.252744 298.248144 9.325000
v 278.815750 294.606368 9.325000
v 261.869684 279.540662 9.325000
v 256.839653 282.903589 9.325000
v 252.969751 277.547723 9.325000
v 248.387375 268.639761 9.325000
v 248.407215 268.628029 9.325000
v 244.429825 259.189257 9.325000
v 276.058565 383.319759 9.325000
v 285.285053 397.337092 9.325000
v 290.464403 393.927967 9.325000
v 281.237914 379.910632 9.325000
f 2943 2942 2919
f 2954 2977 2978
f 2919 2942 2945
f 2980 2977 2954
f 2921 2920 2919
f 2954 2955 2956
f 2925 2924 2923
f 2958 2959 2960
f 2927 2926 2925
f 2960 2961 2962
f 2931 2930 2929
f 2964 2965 2966
f 2935 2934 2933
f 2968 2969 2970
f 2938 2937 2936
f 2971 2972 2973
f 2940 2939 2938
f 2973 2974 2975
f 2912 2911 2941
f 2976 2946 2947
f 2916 2915 2914
f 2949 2950 2951
f 2918 2917 2916
f 2951 2952 2953
f 2943 2919 2918
f 2953 2954 2978
f 2921 2919 2945
f 2980 2954 2956
f 2927 2925 2923
f 2958 2960 2962
f 2940 2938 2936
f 2971 2973 2975
f 2912 2941 2940
f 2975 2976 2947
f 2916 2914 2913
f 2948 2949 2951
f 2944 2943 2918
f 2953 2978 2979
f 2922 2921 2945
f 2980 2956 2957
f 2927 2923 2922
f 2957 2958 2962
f 2912 2940 2936
f 2971 2975 2947
f 2922 2945 2944
f 2979 2980 2957
f 2928 2927 2922
f 2957 2962 2963
f 2912 2936 2935
f 2970 2971 2947
f 2929 2928 2922
f 2957 2963 2964
f 2913 2912 2935
f 2970 2947 2948
f 2929 2922 2944
f 2979 2957 2964
f 2916 2913 2935
f 2970 2948 2951
f 2929 2944 2918
f 2953 2979 2964
f 2918 2916 2935
f 2970 2951 2953
f 2931 2929 2918
f 2953 2964 2966
f 2918 2935 2933
f 2968 2970 2953
f 2932 2931 2918
f 2953 2966 2967
f 2918 2933 2932
f 2967 2968 2953
f 2911 2912 2947
f 2911 2947 2946
f 2912 2913 2948
f 2912 2948 2947
f 2913 2914 2949
f 2913 2949 2948
f 2914 2915 2950
f 2914 2950 2949
f 2915 2916 2951
f 2915 2951 2950
f 2916 2917 2952
f 2916 2952 2951
f 2917 2918 2953
f 2917 2953 2952
f 2918 2919 2954
f 2918 2954 2953
f 2919 2920 2955
f 2919 2955 2954
f 2920 2921 2956
f 2920 2956 2955
f 2921 2922 2957
f 2921 2957 2956
f 2922 2923 2958
f 2922 2958 2957
f 2923 2924 2959
f 2923 2959 2958
f 2924 2925 2960
f 2924 2960 2959
f 2925 2926 2961
f 2925 2961 2960
f 2926 2927 2962
f 2926 2962 2961
f 2927 2928 2963
f 2927 2963 2962
f 2928 2929 2964
f 2928 2964 2963
f 2929 2930 2965
f 2929 2965 2964
f 2930 2931 2966
f 2930 2966 2965
f 2931 2932 2967
f 2931 2967 2966
f 2932 2933 2968
f 2932 2968 2967
f 2933 2934 2969
f 2933 2969 2968
f 2934 2935 2970
f 2934 2970 2969
f 2935 2936 2971
f 2935 2971 2970
f 2936 2937 2972
f 2936 2972 2971
f 2937 2938 2973
f 2937 2973 2972
f 2938 2939 2974
f 2938 2974 2973
f 2939 2940 2975
f 2939 2975 2974
f 2940 2941 2976
f 2940 2976 2975
f 2941 2911 2946
f 2941 2946 2976
f 2942 2943 2978
f 2942 2978 2977
f 2943 2944 2979
f 2943 2979 2978
f 2944 2945 2980
f 2944 2980 2979
f 2945 2942 2977
f 2945 2977 2980
o bldg_015583ce-687d-413a-be50-9b6f584261cc_150
v 243.582303 294.469717 7.971000
v 246.050645 301.033187 7.971000
v 247.872555 306.465916 7.971000
v 249.227963 311.299815 7.971000
v 250.159784 315.694843 7.971000
v 245.176920 316.751282 7.971000
v 244.156728 311.939446 7.971000
v 242.671286 306.815524 7.971000
v 240.953035 301.499375 7.971000
v 238.913529 296.612307 7.971000
v 243.582303 294.469717 11.997000
v 246.050645 301.033187 11.997000
v 247.872555 306.465916 11.997000
v 249.227963 311.299815 11.997000
v 250.159784 315.694843 11.997000
v 245.176920 316.751282 11.997000
v 244.156728 311.939446 11.997000
v 242.671286 306.815524 11.997000
v 240.953035 301.499375 11.997000
v 238.913529 296.612307 11.997000
f 2981 2990 2989
f 2999 3000 2991
f 2983 2982 2981
f 2991 2992 2993
f 2985 2984 2983
f 2993 2994 2995
f 2987 2986 2985
f 2995 2996 2997
f 2981 2989 2988
f 2998 2999 2991
f 2985 2983 2981
f 2991 2993 2995
f 2988 2987 2985
f 2995 2997 2998
f 2985 2981 2988
f 2998 2991 2995
f 2981 2982 2992
f 2981 2992 2991
f 2982 2983 2993
f 2982 2993 2992
f 2983 2984 2994
f 2983 2994 2993
f 2984 2985 2995
f 2984 2995 2994
f 2985 2986 2996
f 2985 2996 2995
f 2986 2987 2997
f 2986 2997 2996
f 2987 2988 2998
f 2987 2998 2997
f 2988 2989 2999
f 2988 2999 2998
f 2989 2990 3000
f 2989 3000 2999
f 2990 2981 2991
f 2990 2991 3000
o bldg_c61bcb7a-e9f0-41b6-a9b9-63aadd690987_151
v 258.071795 283.686114 7.930000
v 261.676775 279.992676 7.930000
v 278.254309 294.349080 7.930000
v 274.631819 298.027354 7.930000
v 258.071795 283.686114 11.814000
v 261.676775 279.992676 11.814000
v 278.254309 294.349080 11.814000
v 274.631819 298.027354 11.814000
f 3001 3004 3003
f 3007 3008 3005
f 3003 3002 3001
f 3005 3006 3007
f 3001 3002 3006
f 3001 3006 3005
f 3002 3003 3007
f 3002 3007 3006
f 3003 3004 3008
f 3003 3008 3007
f 3004 3001 3005
f 3004 3005 3008
o bldg_9e204546-f93f-4e2e-8944-dafdaac13956_152
v 170.141075 216.821093 1.899000
v 167.079324 212.186311 1.899000
v 169.850965 210.355418 1.899000
v 171.368600 210.881963 1.899000
v 173.727122 214.452219 1.899000
v 170.141075 216.821093 5.292000
v 167.079324 212.186311 5.292000
v 169.850965 210.355418 5.292000
v 171.368600 210.881963 5.292000
v 173.727122 214.452219 5.292000
f 3009 3013 3012
f 3017 3018 3014
f 3011 3010 3009
f 3014 3015 3016
f 3009 3012 3011
f 3016 3017 3014
f 3009 3010 3015
f 3009 3015 3014
f 3010 3011 3016
f 3010 3016 3015
f 3011 3012 3017
f 3011 3017 3016
f 3012 3013 3018
f 3012 3018 3017
f 3013 3009 3014
f 3013 3014 3018
o brid_5fb3433c-2111-4547-8e55-cdd08d2a97c5_153
v -199.595391 5.739798 2.855000
v -199.600431 5.730108 2.855000
v -199.498413 4.599646 2.855000
v -199.480069 4.589693 2.855000
v -198.376891 5.060299 2.855000
v -175.442517 -7.729104 2.855000
v -175.354402 -8.705508 2.855000
v -175.336051 -8.715469 2.855000
v -174.390522 -8.315751 2.855000
v -164.301955 -13.941376 2.855000
v -161.242102 -8.454258 2.855000
v -171.422493 -2.777141 2.855000
v -171.546547 -1.695433 2.855000
v -171.565376 -1.685342 2.855000
v -172.522861 -2.163518 2.855000
v -195.585971 10.697676 2.855000
v -195.690570 11.609734 2.855000
v -195.709393 11.619815 2.855000
v -196.516644 11.216667 2.855000
v -197.074362 11.527283 2.855000
v -197.649552 10.495814 2.855000
v -197.993784 10.687775 2.855000
v -197.844717 10.957619 2.855000
v -200.410904 12.388220 2.855000
v -202.952116 7.788105 2.855000
v -200.385969 6.357428 2.855000
v -200.144480 6.794572 2.855000
v -199.815746 6.611253 2.855000
v -200.134163 6.040245 2.855000
v -199.595391 5.739798 20.588000
v -199.600431 5.730108 20.588000
v -199.498413 4.599646 20.588000
v -199.480069 4.589693 20.588000
v -198.376891 5.060299 20.588000
v -175.442517 -7.729104 20.588000
v -175.354402 -8.705508 20.588000
v -175.336051 -8.715469 20.588000
v -174.390522 -8.315751 20.588000
v -164.301955 -13.941376 20.588000
v -161.242102 -8.454258 20.588000
v -171.422493 -2.777141 20.588000
v -171.546547 -1.695433 20.588000
v -171.565376 -1.685342 20.588000
v -172.522861 -2.163518 20.588000
v -195.585971 10.697676 20.588000
v -195.690570 11.609734 20.588000
v -195.709393 11.619815 20.588000
v -196.516644 11.216667 20.588000
v -197.074362 11.527283 20.588000
v -197.649552 10.495814 20.588000
v -197.993784 10.687775 20.588000
v -197.844717 10.957619 20.588000
v -200.410904 12.388220 20.588000
v -202.952116 7.788105 20.588000
v -200.385969 6.357428 20.588000
v -200.144480 6.794572 20.588000
v -199.815746 6.611253 20.588000
v -200.134163 6.040245 20.588000
f 3019 3047 3046
f 3075 3076 3048
f 3021 3020 3019
f 3048 3049 3050
f 3023 3022 3021
f 3050 3051 3052
f 3026 3025 3024
f 3053 3054 3055
f 3029 3028 3027
f 3056 3057 3058
f 3032 3031 3030
f 3059 3060 3061
f 3036 3035 3034
f 3063 3064 3065
f 3039 3038 3037
f 3066 3067 3068
f 3042 3041 3040
f 3069 3070 3071
f 3044 3043 3042
f 3071 3072 3073
f 3023 3021 3019
f 3048 3050 3052
f 3027 3026 3024
f 3053 3055 3056
f 3030 3029 3027
f 3056 3058 3059
f 3033 3032 3030
f 3059 3061 3062
f 3037 3036 3034
f 3063 3065 3066
f 3045 3044 3042
f 3071 3073 3074
f 3023 3019 3046
f 3075 3048 3052
f 3030 3027 3024
f 3053 3056 3059
f 3039 3037 3034
f 3063 3066 3068
f 3045 3042 3040
f 3069 3071 3074
f 3024 3023 3046
f 3075 3052 3053
f 3033 3030 3024
f 3053 3059 3062
f 3039 3034 3033
f 3062 3063 3068
f 3045 3040 3039
f 3068 3069 3074
f 3033 3024 3046
f 3075 3053 3062
f 3045 3039 3033
f 3062 3068 3074
f 3033 3046 3045
f 3074 3075 3062
f 3019 3020 3049
f 3019 3049 3048
f 3020 3021 3050
f 3020 3050 3049
f 3021 3022 3051
f 3021 3051 3050
f 3022 3023 3052
f 3022 3052 3051
f 3023 3024 3053
f 3023 3053 3052
f 3024 3025 3054
f 3024 3054 3053
f 3025 3026 3055
f 3025 3055 3054
f 3026 3027 3056
f 3026 3056 3055
f 3027 3028 3057
f 3027 3057 3056
f 3028 3029 3058
f 3028 3058 3057
f 3029 3030 3059
f 3029 3059 3058
f 3030 3031 3060
f 3030 3060 3059
f 3031 3032 3061
f 3031 3061 3060
f 3032 3033 3062
f 3032 3062 3061
f 3033 3034 3063
f 3033 3063 3062
f 3034 3035 3064
f 3034 3064 3063
f 3035 3036 3065
f 3035 3065 3064
f 3036 3037 3066
f 3036 3066 3065
f 3037 3038 3067
f 3037 3067 3066
f 3038 3039 3068
f 3038 3068 3067
f 3039 3040 3069
f 3039 3069 3068
f 3040 3041 3070
f 3040 3070 3069
f 3041 3042 3071
f 3041 3071 3070
f 3042 3043 3072
f 3042 3072 3071
f 3043 3044 3073
f 3043 3073 3072
f 3044 3045 3074
f 3044 3074 3073
f 3045 3046 3075
f 3045 3075 3074
f 3046 3047 3076
f 3046 3076 3075
f 3047 3019 3048
f 3047 3048 3076
o brid_80e3638f-a664-48c3-86d7-ba41b38e0eb0_154
v -305.166601 68.795003 3.021000
v -284.682873 56.596523 3.021000
v -282.281082 60.629254 3.021000
v -302.764859 72.827654 3.021000
v -305.166601 68.795003 18.261000
v -284.682873 56.596523 18.261000
v -282.281082 60.629254 18.261000
v -302.764859 72.827654 18.261000
f 3077 3080 3079
f 3083 3084 3081
f 3079 3078 3077
f 3081 3082 3083
f 3077 3078 3082
f 3077 3082 3081
f 3078 3079 3083
f 3078 3083 3082
f 3079 3080 3084
f 3079 3084 3083
f 3080 3077 3081
f 3080 3081 3084
o brid_b2ad5da4-d19a-4898-90f9-f1cec58b3c63_155
v -125.165347 157.755721 0.569000
v -115.960599 142.167968 0.569000
v -110.220362 132.735993 0.569000
v -93.597324 111.822561 0.569000
v -87.071059 105.375425 0.569000
v -87.053616 105.365347 0.569000
v -86.455121 106.092086 0.569000
v -86.399690 106.043078 0.569000
v -87.124082 104.887411 0.569000
v -74.449739 93.231655 0.569000
v -74.431078 93.220923 0.569000
v -74.171541 93.634989 0.569000
v -68.163441 88.755490 0.569000
v -45.942690 73.975418 0.569000
v -21.923068 59.312040 0.569000
v 3.521672 44.879233 0.569000
v 40.186207 28.919668 0.569000
v 39.693751 27.610088 0.569000
v 39.710369 27.600536 0.569000
v 41.936843 26.753415 0.569000
v 48.924355 23.824201 0.569000
v 49.476061 25.421151 0.569000
v 52.806939 23.809360 0.569000
v 52.834421 23.869222 0.569000
v 76.382337 12.638799 0.569000
v 76.599223 12.990795 0.569000
v 89.928158 5.094573 0.569000
v 100.600645 -2.091939 0.569000
v 112.964389 -10.474667 0.569000
v 121.545132 -16.544650 0.569000
v 121.561324 -16.553985 0.569000
v 122.108521 -15.867439 0.569000
v 122.347970 -16.047186 0.569000
v 121.514192 -17.159145 0.569000
v 178.224141 -59.696567 0.569000
v 178.240593 -59.705937 0.569000
v 179.057096 -58.616989 0.569000
v 179.344076 -58.832416 0.569000
v 178.709819 -59.693970 0.569000
v 183.308185 -63.032783 0.569000
v 184.025912 -65.838281 0.569000
v 185.941713 -67.232795 0.569000
v 185.680132 -67.591925 0.569000
v 188.184943 -69.413420 0.569000
v 190.223204 -66.615047 0.569000
v 187.594199 -64.698650 0.569000
v 191.050298 -60.079840 0.569000
v 200.889707 -46.317186 0.569000
v 190.534983 -61.015215 0.569000
v 187.851472 -64.547452 0.569000
v 191.311994 -67.177487 0.569000
v 197.496745 -71.605805 0.569000
v 200.061968 -68.206760 0.569000
v 194.023566 -63.640878 0.569000
v 208.047997 -44.359084 0.569000
v 208.544978 -42.705823 0.569000
v 208.481608 -41.228133 0.569000
v 207.895082 -39.693133 0.569000
v 206.692498 -38.354886 0.569000
v 205.009494 -37.566464 0.569000
v 203.494441 -37.551882 0.569000
v 201.991826 -38.008751 0.569000
v 200.708730 -38.953205 0.569000
v 187.515329 -57.607015 0.569000
v 186.752890 -58.698849 0.569000
v 186.464868 -58.502871 0.569000
v 187.219407 -57.414470 0.569000
v 182.675357 -54.149176 0.569000
v 182.153153 -54.867894 0.569000
v 181.970369 -54.731637 0.569000
v 182.888187 -53.507568 0.569000
v 126.178427 -10.970207 0.569000
v 126.162000 -10.960643 0.569000
v 125.119063 -12.351546 0.569000
v 124.984079 -12.250921 0.569000
v 125.522584 -11.464716 0.569000
v 116.666342 -5.034090 0.569000
v 104.053307 3.196564 0.569000
v 93.534993 10.318404 0.569000
v 79.979550 18.476917 0.569000
v 80.137087 18.732593 0.569000
v 55.840304 30.477138 0.569000
v 55.432839 29.671713 0.569000
v 42.201474 35.159490 0.569000
v 6.036150 50.456040 0.569000
v -18.897819 64.622944 0.569000
v -42.639178 79.422853 0.569000
v -64.474816 93.857119 0.569000
v -70.758885 99.079562 0.569000
v -70.479060 99.525996 0.569000
v -83.153249 111.181718 0.569000
v -83.171895 111.192578 0.569000
v -83.478102 110.704066 0.569000
v -88.772524 115.885398 0.569000
v -105.198555 136.556150 0.569000
v -110.673161 145.578287 0.569000
v -112.759254 149.110369 0.569000
v -109.890614 151.487853 0.569000
v -111.959822 153.969545 0.569000
v -111.976623 153.979578 0.569000
v -114.405758 151.893278 0.569000
v -119.834257 161.068338 0.569000
v -127.370087 177.635487 0.569000
v -141.364182 214.504182 0.569000
v -146.543695 231.668779 0.569000
v -151.217869 250.753408 0.569000
v -151.233180 250.763174 0.569000
v -154.988290 249.719645 0.569000
v -151.191188 230.461513 0.569000
v -146.255798 212.812831 0.569000
v -132.442516 175.858788 0.569000
v -83.509209 110.654440 0.569000
v -84.189859 109.568557 0.569000
v -84.269756 109.639304 0.569000
v -125.165347 157.755721 12.791000
v -115.960599 142.167968 12.791000
v -110.220362 132.735993 12.791000
v -93.597324 111.822561 12.791000
v -87.071059 105.375425 12.791000
v -87.053616 105.365347 12.791000
v -86.455121 106.092086 12.791000
v -86.399690 106.043078 12.791000
v -87.124082 104.887411 12.791000
v -74.449739 93.231655 12.791000
v -74.431078 93.220923 12.791000
v -74.171541 93.634989 12.791000
v -68.163441 88.755490 12.791000
v -45.942690 73.975418 12.791000
v -21.923068 59.312040 12.791000
v 3.521672 44.879233 12.791000
v 40.186207 28.919668 12.791000
v 39.693751 27.610088 12.791000
v 39.710369 27.600536 12.791000
v 41.936843 26.753415 12.791000
v 48.924355 23.824201 12.791000
v 49.476061 25.421151 12.791000
v 52.806939 23.809360 12.791000
v 52.834421 23.869222 12.791000
v 76.382337 12.638799 12.791000
v 76.599223 12.990795 12.791000
v 89.928158 5.094573 12.791000
v 100.600645 -2.091939 12.791000
v 112.964389 -10.474667 12.791000
v 121.545132 -16.544650 12.791000
v 121.561324 -16.553985 12.791000
v 122.108521 -15.867439 12.791000
v 122.347970 -16.047186 12.791000
v 121.514192 -17.159145 12.791000
v 178.224141 -59.696567 12.791000
v 178.240593 -59.705937 12.791000
v 179.057096 -58.616989 12.791000
v 179.344076 -58.832416 12.791000
v 178.709819 -59.693970 12.791000
v 183.308185 -63.032783 12.791000
v 184.025912 -65.838281 12.791000
v 185.941713 -67.232795 12.791000
v 185.680132 -67.591925 12.791000
v 188.184943 -69.413420 12.791000
v 190.223204 -66.615047 12.791000
v 187.594199 -64.698650 12.791000
v 191.050298 -60.079840 12.791000
v 200.889707 -46.317186 12.791000
v 190.534983 -61.015215 12.791000
v 187.851472 -64.547452 12.791000
v 191.311994 -67.177487 12.791000
v 197.496745 -71.605805 12.791000
v 200.061968 -68.206760 12.791000
v 194.023566 -63.640878 12.791000
v 208.047997 -44.359084 12.791000
v 208.544978 -42.705823 12.791000
v 208.481608 -41.228133 12.791000
v 207.895082 -39.693133 12.791000
v 206.692498 -38.354886 12.791000
v 205.009494 -37.566464 12.791000
v 203.494441 -37.551882 12.791000
v 201.991826 -38.008751 12.791000
v 200.708730 -38.953205 12.791000
v 187.515329 -57.607015 12.791000
v 186.752890 -58.698849 12.791000
v 186.464868 -58.502871 12.791000
v 187.219407 -57.414470 12.791000
v 182.675357 -54.149176 12.791000
v 182.153153 -54.867894 12.791000
v 181.970369 -54.731637 12.791000
v 182.888187 -53.507568 12.791000
v 126.178427 -10.970207 12.791000
v 126.162000 -10.960643 12.791000
v 125.119063 -12.351546 12.791000
v 124.984079 -12.250921 12.791000
v 125.522584 -11.464716 12.791000
v 116.666342 -5.034090 12.791000
v 104.053307 3.196564 12.791000
v 93.534993 10.318404 12.791000
v 79.979550 18.476917 12.791000
v 80.137087 18.732593 12.791000
v 55.840304 30.477138 12.791000
v 55.432839 29.671713 12.791000
v 42.201474 35.159490 12.791000
v 6.036150 50.456040 12.791000
v -18.897819 64.622944 12.791000
v -42.639178 79.422853 12.791000
v -64.474816 93.857119 12.791000
v -70.758885 99.079562 12.791000
v -70.479060 99.525996 12.791000
v -83.153249 111.181718 12.791000
v -83.171895 111.192578 12.791000
v -83.478102 110.704066 12.791000
v -88.772524 115.885398 12.791000
v -105.198555 136.556150 12.791000
v -110.673161 145.578287 12.791000
v -112.759254 149.110369 12.791000
v -109.890614 151.487853 12.791000
v -111.959822 153.969545 12.791000
v -111.976623 153.979578 12.791000
v -114.405758 151.893278 12.791000
v -119.834257 161.068338 12.791000
v -127.370087 177.635487 12.791000
v -141.364182 214.504182 12.791000
v -146.543695 231.668779 12.791000
v -151.217869 250.753408 12.791000
v -151.233180 250.763174 12.791000
v -154.988290 249.719645 12.791000
v -151.191188 230.461513 12.791000
v -146.255798 212.812831 12.791000
v -132.442516 175.858788 12.791000
v -83.509209 110.654440 12.791000
v -84.189859 109.568557 12.791000
v -84.269756 109.639304 12.791000
f 3196 3198 3088
f 3202 3312 3310
f 3088 3198 3197
f 3311 3312 3202
f 3090 3089 3088
f 3202 3203 3204
f 3094 3093 3092
f 3206 3207 3208
f 3096 3095 3094
f 3208 3209 3210
f 3098 3097 3096
f 3210 3211 3212
f 3100 3099 3098
f 3212 3213 3214
f 3103 3102 3101
f 3215 3216 3217
f 3106 3105 3104
f 3218 3219 3220
f 3108 3107 3106
f 3220 3221 3222
f 3110 3109 3108
f 3222 3223 3224
f 3115 3114 3113
f 3227 3228 3229
f 3119 3118 3117
f 3231 3232 3233
f 3121 3120 3119
f 3233 3234 3235
f 3124 3123 3122
f 3236 3237 3238
f 3126 3125 3124
f 3238 3239 3240
f 3128 3127 3126
f 3240 3241 3242
f 3130 3129 3128
f 3242 3243 3244
f 3132 3131 3130
f 3244 3245 3246
f 3135 3134 3133
f 3247 3248 3249
f 3137 3136 3135
f 3249 3250 3251
f 3140 3139 3138
f 3252 3253 3254
f 3142 3141 3140
f 3254 3255 3256
f 3144 3143 3142
f 3256 3257 3258
f 3146 3145 3144
f 3258 3259 3260
f 3148 3147 3146
f 3260 3261 3262
f 3152 3151 3150
f 3264 3265 3266
f 3156 3155 3154
f 3268 3269 3270
f 3158 3157 3156
f 3270 3271 3272
f 3161 3160 3159
f 3273 3274 3275
f 3164 3163 3162
f 3276 3277 3278
f 3166 3165 3164
f 3278 3279 3280
f 3175 3174 3173
f 3287 3288 3289
f 3177 3176 3175
f 3289 3290 3291
f 3183 3182 3181
f 3295 3296 3297
f 3185 3184 3183
f 3297 3298 3299
f 3191 3190 3189
f 3303 3304 3305
f 3193 3192 3191
f 3305 3306 3307
f 3195 3194 3193
f 3307 3308 3309
f 3086 3085 3195
f 3309 3199 3200
f 3088 3087 3086
f 3200 3201 3202
f 3090 3088 3197
f 3311 3202 3204
f 3096 3094 3092
f 3206 3208 3210
f 3100 3098 3096
f 3210 3212 3214
f 3104 3103 3101
f 3215 3217 3218
f 3110 3108 3106
f 3220 3222 3224
f 3116 3115 3113
f 3227 3229 3230
f 3121 3119 3117
f 3231 3233 3235
f 3128 3126 3124
f 3238 3240 3242
f 3135 3133 3132
f 3246 3247 3249
f 3138 3137 3135
f 3249 3251 3252
f 3142 3140 3138
f 3252 3254 3256
f 3146 3144 3142
f 3256 3258 3260
f 3149 3148 3146
f 3260 3262 3263
f 3153 3152 3150
f 3264 3266 3267
f 3158 3156 3154
f 3268 3270 3272
f 3162 3161 3159
f 3273 3275 3276
f 3166 3164 3162
f 3276 3278 3280
f 3177 3175 3173
f 3287 3289 3291
f 3185 3183 3181
f 3295 3297 3299
f 3193 3191 3189
f 3303 3305 3307
f 3086 3195 3193
f 3307 3309 3200
f 3196 3088 3086
f 3200 3202 3310
f 3091 3090 3197
f 3311 3204 3205
f 3100 3096 3092
f 3206 3210 3214
f 3106 3104 3101
f 3215 3218 3220
f 3116 3113 3112
f 3226 3227 3230
f 3122 3121 3117
f 3231 3235 3236
f 3130 3128 3124
f 3238 3242 3244
f 3138 3135 3132
f 3246 3249 3252
f 3149 3146 3142
f 3256 3260 3263
f 3154 3153 3150
f 3264 3267 3268
f 3159 3158 3154
f 3268 3272 3273
f 3166 3162 3159
f 3273 3276 3280
f 3185 3181 3180
f 3294 3295 3299
f 3193 3189 3188
f 3302 3303 3307
f 3092 3091 3197
f 3311 3205 3206
f 3106 3101 3100
f 3214 3215 3220
f 3116 3112 3111
f 3225 3226 3230
f 3130 3124 3122
f 3236 3238 3244
f 3142 3138 3132
f 3246 3252 3256
f 3159 3154 3150
f 3264 3268 3273
f 3167 3166 3159
f 3273 3280 3281
f 3186 3185 3180
f 3294 3299 3300
f 3193 3188 3187
f 3301 3302 3307
f 3092 3197 3196
f 3310 3311 3206
f 3130 3122 3117
f 3231 3236 3244
f 3149 3142 3132
f 3246 3256 3263
f 3167 3159 3150
f 3264 3273 3281
f 3086 3193 3187
f 3301 3307 3200
f 3130 3117 3116
f 3230 3231 3244
f 3149 3132 3130
f 3244 3246 3263
f 3167 3150 3149
f 3263 3264 3281
f 3086 3187 3186
f 3300 3301 3200
f 3149 3130 3116
f 3230 3244 3263
f 3086 3186 3180
f 3294 3300 3200
f 3167 3149 3116
f 3230 3263 3281
f 3086 3180 3179
f 3293 3294 3200
f 3167 3116 3111
f 3225 3230 3281
f 3086 3179 3178
f 3292 3293 3200
f 3167 3111 3110
f 3224 3225 3281
f 3086 3178 3177
f 3291 3292 3200
f 3167 3110 3106
f 3220 3224 3281
f 3196 3086 3177
f 3291 3200 3310
f 3167 3106 3100
f 3214 3220 3281
f 3196 3177 3173
f 3287 3291 3310
f 3168 3167 3100
f 3214 3281 3282
f 3092 3196 3173
f 3287 3310 3206
f 3169 3168 3100
f 3214 3282 3283
f 3092 3173 3172
f 3286 3287 3206
f 3170 3169 3100
f 3214 3283 3284
f 3092 3172 3171
f 3285 3286 3206
f 3170 3100 3092
f 3206 3214 3284
f 3092 3171 3170
f 3284 3285 3206
f 3085 3086 3200
f 3085 3200 3199
f 3086 3087 3201
f 3086 3201 3200
f 3087 3088 3202
f 3087 3202 3201
f 3088 3089 3203
f 3088 3203 3202
f 3089 3090 3204
f 3089 3204 3203
f 3090 3091 3205
f 3090 3205 3204
f 3091 3092 3206
f 3091 3206 3205
f 3092 3093 3207
f 3092 3207 3206
f 3093 3094 3208
f 3093 3208 3207
f 3094 3095 3209
f 3094 3209 3208
f 3095 3096 3210
f 3095 3210 3209
f 3096 3097 3211
f 3096 3211 3210
f 3097 3098 3212
f 3097 3212 3211
f 3098 3099 3213
f 3098 3213 3212
f 3099 3100 3214
f 3099 3214 3213
f 3100 3101 3215
f 3100 3215 3214
f 3101 3102 3216
f 3101 3216 3215
f 3102 3103 3217
f 3102 3217 3216
f 3103 3104 3218
f 3103 3218 3217
f 3104 3105 3219
f 3104 3219 3218
f 3105 3106 3220
f 3105 3220 3219
f 3106 3107 3221
f 3106 3221 3220
f 3107 3108 3222
f 3107 3222 3221
f 3108 3109 3223
f 3108 3223 3222
f 3109 3110 3224
f 3109 3224 3223
f 3110 3111 3225
f 3110 3225 3224
f 3111 3112 3226
f 3111 3226 3225
f 3112 3113 3227
f 3112 3227 3226
f 3113 3114 3228
f 3113 3228 3227
f 3114 3115 3229
f 3114 3229 3228
f 3115 3116 3230
f 3115 3230 3229
f 3116 3117 3231
f 3116 3231 3230
f 3117 3118 3232
f 3117 3232 3231
f 3118 3119 3233
f 3118 3233 3232
f 3119 3120 3234
f 3119 3234 3233
f 3120 3121 3235
f 3120 3235 3234
f 3121 3122 3236
f 3121 3236 3235
f 3122 3123 3237
f 3122 3237 3236
f 3123 3124 3238
f 3123 3238 3237
f 3124 3125 3239
f 3124 3239 3238
f 3125 3126 3240
f 3125 3240 3239
f 3126 3127 3241
f 3126 3241 3240
f 3127 3128 3242
f 3127 3242 3241
f 3128 3129 3243
f 3128 3243 3242
f 3129 3130 3244
f 3129 3244 3243
f 3130 3131 3245
f 3130 3245 3244
f 3131 3132 3246
f 3131 3246 3245
f 3132 3133 3247
f 3132 3247 3246
f 3133 3134 3248
f 3133 3248 3247
f 3134 3135 3249
f 3134 3249 3248
f 3135 3136 3250
f 3135 3250 3249
f 3136 3137 3251
f 3136 3251 3250
f 3137 3138 3252
f 3137 3252 3251
f 3138 3139 3253
f 3138 3253 3252
f 3139 3140 3254
f 3139 3254 3253
f 3140 3141 3255
f 3140 3255 3254
f 3141 3142 3256
f 3141 3256 3255
f 3142 3143 3257
f 3142 3257 3256
f 3143 3144 3258
f 3143 3258 3257
f 3144 3145 3259
f 3144 3259 3258
f 3145 3146 3260
f 3145 3260 3259
f 3146 3147 3261
f 3146 3261 3260
f 3147 3148 3262
f 3147 3262 3261
f 3148 3149 3263
f 3148 3263 3262
f 3149 3150 3264
f 3149 3264 3263
f 3150 3151 3265
f 3150 3265 3264
f 3151 3152 3266
f 3151 3266 3265
f 3152 3153 3267
f 3152 3267 3266
f 3153 3154 3268
f 3153 3268 3267
f 3154 3155 3269
f 3154 3269 3268
f 3155 3156 3270
f 3155 3270 3269
f 3156 3157 3271
f 3156 3271 3270
f 3157 3158 3272
f 3157 3272 3271
f 3158 3159 3273
f 3158 3273 3272
f 3159 3160 3274
f 3159 3274 3273
f 3160 3161 3275
f 3160 3275 3274
f 3161 3162 3276
f 3161 3276 3275
f 3162 3163 3277
f 3162 3277 3276
f 3163 3164 3278
f 3163 3278 3277
f 3164 3165 3279
f 3164 3279 3278
f 3165 3166 3280
f 3165 3280 3279
f 3166 3167 3281
f 3166 3281 3280
f 3167 3168 3282
f 3167 3282 3281
f 3168 3169 3283
f 3168 3283 3282
f 3169 3170 3284
f 3169 3284 3283
f 3170 3171 3285
f 3170 3285 3284
f 3171 3172 3286
f 3171 3286 3285
f 3172 3173 3287
f 3172 3287 3286
f 3173 3174 3288
f 3173 3288 3287
f 3174 3175 3289
f 3174 3289 3288
f 3175 3176 3290
f 3175 3290 3289
f 3176 3177 3291
f 3176 3291 3290
f 3177 3178 3292
f 3177 3292 3291
f 3178 3179 3293
f 3178 3293 3292
f 3179 3180 3294
f 3179 3294 3293
f 3180 3181 3295
f 3180 3295 3294
f 3181 3182 3296
f 3181 3296 3295
f 3182 3183 3297
f 3182 3297 3296
f 3183 3184 3298
f 3183 3298 3297
f 3184 3185 3299
f 3184 3299 3298
f 3185 3186 3300
f 3185 3300 3299
f 3186 3187 3301
f 3186 3301 3300
f 3187 3188 3302
f 3187 3302 3301
f 3188 3189 3303
f 3188 3303 3302
f 3189 3190 3304
f 3189 3304 3303
f 3190 3191 3305
f 3190 3305 3304
f 3191 3192 3306
f 3191 3306 3305
f 3192 3193 3307
f 3192 3307 3306
f 3193 3194 3308
f 3193 3308 3307
f 3194 3195 3309
f 3194 3309 3308
f 3195 3085 3199
f 3195 3199 3309
f 3196 3197 3311
f 3196 3311 3310
f 3197 3198 3312
f 3197 3312 3311
f 3198 3196 3310
f 3198 3310 3312
o brid_65a605e3-8058-4725-b64a-eda567ce1ff6_156
v -190.334503 308.634434 -0.031000
v -183.221500 266.892437 -0.031000
v -183.206686 266.883021 -0.031000
v -165.343175 269.975438 -0.031000
v -168.395340 291.177158 -0.031000
v -168.502133 292.202104 -0.031000
v -161.124631 294.062946 -0.031000
v -163.880739 310.592073 -0.031000
v -163.807772 310.604615 -0.031000
v -169.176774 341.837519 -0.031000
v -168.886792 341.893380 -0.031000
v -172.910951 364.747256 -0.031000
v -172.923906 364.756229 -0.031000
v -195.780747 365.120698 -0.031000
v -203.820894 349.068233 -0.031000
v -200.401626 347.660809 -0.031000
v -197.126504 343.972311 -0.031000
v -194.938867 334.408191 -0.031000
v -194.924128 334.398344 -0.031000
v -194.682198 334.442647 -0.031000
v -170.588002 312.176418 -0.031000
v -174.820902 338.079647 -0.031000
v -174.305707 338.173990 -0.031000
v -169.444930 309.894631 -0.031000
v -170.328912 309.747234 -0.031000
v -190.334503 308.634434 4.760000
v -183.221500 266.892437 4.760000
v -183.206686 266.883021 4.760000
v -165.343175 269.975438 4.760000
v -168.395340 291.177158 4.760000
v -168.502133 292.202104 4.760000
v -161.124631 294.062946 4.760000
v -163.880739 310.592073 4.760000
v -163.807772 310.604615 4.760000
v -169.176774 341.837519 4.760000
v -168.886792 341.893380 4.760000
v -172.910951 364.747256 4.760000
v -172.923906 364.756229 4.760000
v -195.780747 365.120698 4.760000
v -203.820894 349.068233 4.760000
v -200.401626 347.660809 4.760000
v -197.126504 343.972311 4.760000
v -194.938867 334.408191 4.760000
v -194.924128 334.398344 4.760000
v -194.682198 334.442647 4.760000
v -170.588002 312.176418 4.760000
v -174.820902 338.079647 4.760000
v -174.305707 338.173990 4.760000
v -169.444930 309.894631 4.760000
v -170.328912 309.747234 4.760000
f 3335 3334 3329
f 3354 3359 3360
f 3334 3333 3337
f 3362 3358 3359
f 3330 3329 3334
f 3359 3354 3355
f 3332 3331 3330
f 3355 3356 3357
f 3314 3313 3332
f 3357 3338 3339
f 3316 3315 3314
f 3339 3340 3341
f 3320 3319 3318
f 3343 3344 3345
f 3322 3321 3320
f 3345 3346 3347
f 3324 3323 3322
f 3347 3348 3349
f 3326 3325 3324
f 3349 3350 3351
f 3328 3327 3326
f 3351 3352 3353
f 3335 3329 3328
f 3353 3354 3360
f 3332 3330 3334
f 3359 3355 3357
f 3316 3314 3332
f 3357 3339 3341
f 3322 3320 3318
f 3343 3345 3347
f 3326 3324 3322
f 3347 3349 3351
f 3335 3328 3326
f 3351 3353 3360
f 3332 3334 3337
f 3362 3359 3357
f 3317 3316 3332
f 3357 3341 3342
f 3335 3326 3322
f 3347 3351 3360
f 3318 3317 3332
f 3357 3342 3343
f 3336 3335 3322
f 3347 3360 3361
f 3318 3332 3337
f 3362 3357 3343
f 3336 3322 3318
f 3343 3347 3361
f 3318 3337 3336
f 3361 3362 3343
f 3313 3314 3339
f 3313 3339 3338
f 3314 3315 3340
f 3314 3340 3339
f 3315 3316 3341
f 3315 3341 3340
f 3316 3317 3342
f 3316 3342 3341
f 3317 3318 3343
f 3317 3343 3342
f 3318 3319 3344
f 3318 3344 3343
f 3319 3320 3345
f 3319 3345 3344
f 3320 3321 3346
f 3320 3346 3345
f 3321 3322 3347
f 3321 3347 3346
f 3322 3323 3348
f 3322 3348 3347
f 3323 3324 3349
f 3323 3349 3348
f 3324 3325 3350
f 3324 3350 3349
f 3325 3326 3351
f 3325 3351 3350
f 3326 3327 3352
f 3326 3352 3351
f 3327 3328 3353
f 3327 3353 3352
f 3328 3329 3354
f 3328 3354 3353
f 3329 3330 3355
f 3329 3355 3354
f 3330 3331 3356
f 3330 3356 3355
f 3331 3332 3357
f 3331 3357 3356
f 3332 3313 3338
f 3332 3338 3357
f 3333 3334 3359
f 3333 3359 3358
f 3334 3335 3360
f 3334 3360 3359
f 3335 3336 3361
f 3335 3361 3360
f 3336 3337 3362
f 3336 3362 3361
f 3337 3333 3358
f 3337 3358 3362
