{"type":"FeatureCollection","features":[{"type":"Feature","properties":{"id":"bldg_b65f9d89-ace2-4118-a0b7-682b34e078bd","kind":"building","zmin":2.149,"zmax":10.084},"geometry":{"type":"Polygon","coordinates":[[[-260.68401901699326,-183.91886564174638],[-267.2093558177439,-179.67571482291532],[-265.2384144475873,-176.64473155279848],[-258.7130766960545,-180.8878820917089],[-260.68401901699326,-183.91886564174638]]]}},{"type":"Feature","properties":{"id":"bldg_0d45947e-0481-4208-a14f-4fffa841434b","kind":"building","zmin":3.295,"zmax":9.027},"geometry":{"type":"Polygon","coordinates":[[[-207.59902951586628,-63.664698883170786],[-205.8503357368536,-74.3791669826096],[-190.04000099655605,-86.12471350366104],[-193.77752793722175,-91.15568861388601],[-207.1195397367519,-81.24386693324777],[-207.11953917727442,-81.24386429313017],[-206.63780334016838,-80.59541446808798],[-214.68852944626997,-74.61449957243167],[-215.77855409753465,-68.8225588827263],[-211.17971397696965,-61.435523712891154],[-207.59902951586628,-63.664698883170786]]]}},{"type":"Feature","properties":{"id":"bldg_efbfea8c-479c-418a-9ae6-d299cb64113b","kind":"building","zmin":0.505,"zmax":34.282},"geometry":{"type":"Polygon","coordinates":[[[-234.29266056738925,-32.44597235102992],[-232.5061431758113,-29.58876630236773],[-232.50603409744508,-29.588829983229516],[-230.5380847850247,-26.43749224327621],[-230.5314850258692,-26.441322973492788],[-223.03551755739682,-31.126677141772234],[-222.38540521430332,-35.04020153324382],[-224.56447406580992,-38.52658644177427],[-224.57062890608722,-38.52297205258219],[-230.5141553075191,-34.807808273879346],[-230.5147382968389,-34.80746603223088],[-234.29266056738925,-32.44597235102992]]]}},{"type":"Feature","properties":{"id":"bldg_b61b4518-8a12-48c2-9fe0-d2acd8cb2fa3","kind":"building","zmin":0.256,"zmax":36.843},"geometry":{"type":"Polygon","coordinates":[[[-310.9209753567593,-102.14126017266244],[-299.0430662940853,-83.32117601302161],[-289.98366936689854,-89.03882797286496],[-289.9807371160641,-89.04076617232204],[-296.18848372708635,-98.87669894466401],[-288.42686864002997,-103.77528251630665],[-286.16906252609624,-100.19694880261522],[-285.2203865337048,-100.79549972179667],[-282.19688054409465,-96.00487226003058],[-284.20263546779097,-94.73924383235862],[-284.2053591667245,-94.7374392128404],[-284.0507858656628,-94.4925111608966],[-285.49209570729,-93.5831896025411],[-285.49314049561144,-93.58249763221829],[-284.01059752656147,-91.36523814261454],[-282.34943724687037,-92.41326678288169],[-282.34838974705417,-92.41395775229466],[-282.3595981985439,-92.43072087653302],[-280.629807178688,-93.52190555689951],[-280.56127590057474,-93.41332041632187],[-281.56650193670066,-92.77908760162245],[-281.569497486169,-92.77711200300837],[-278.9029140612359,-88.54989545336423],[-298.21611012697394,-76.36076899269392],[-298.21910889605715,-76.35880504240049],[-290.2642797568915,-63.75468846338481],[-290.26457124666194,-63.75450187121169],[-287.1431845964289,-58.808566033163515],[-281.8633932046105,-62.14079780167958],[-281.8630998774279,-62.140983892699296],[-266.16201453831866,-72.05040100955672],[-265.52653655668473,-70.99278522202803],[-265.5233827359443,-70.99478218259173],[-262.3581994175729,-73.00900880255358],[-262.6353346361757,-73.470242723517],[-258.72820359052884,-75.95662236589031],[-258.16701337644554,-75.02264296298381],[-258.1638407359969,-75.02465027265862],[-255.370947964042,-76.80196242347301],[-256.2679456299972,-78.2948289096188],[-252.88320399771692,-80.43103893358784],[-252.876946457367,-80.43500854235026],[-255.06862435112677,-83.90687613736726],[-253.72292202781682,-84.75614190353372],[-253.71979067782013,-84.75814061216806],[-255.39654844648976,-87.41535405251489],[-256.6589026665242,-86.6189530218544],[-256.86542281642687,-88.47482728217437],[-257.84607181586034,-90.42304724144924],[-259.03994714525106,-91.65802146235364],[-260.10617134375326,-92.37183985522923],[-259.05401870576316,-93.03562593166134],[-259.05105705724054,-93.03754430303525],[-260.72862617744977,-95.69622114194499],[-261.7554732960525,-95.04854040160717],[-263.35349129711904,-97.5812657524657],[-264.6251960462796,-96.77912745232607],[-272.78842607578554,-109.71344767500449],[-271.600196423693,-110.46301042257255],[-271.5970562171751,-110.4651100535848],[-273.2065535603477,-113.01526961523446],[-272.45503051590276,-113.48938793206617],[-272.4521018360974,-113.49135475362709],[-274.8002581361179,-117.21352372301044],[-276.462621666873,-116.16486235137563],[-275.966858598018,-117.41649864088686],[-277.8077338079311,-120.46539872284484],[-281.54172733558516,-121.41156837244489],[-284.6328804162804,-119.30263925267354],[-284.63614035598584,-119.30041233346856],[-284.8819849549817,-118.15576464520277],[-285.57140637627526,-119.28735533201689],[-289.23074842690767,-117.05792313184793],[-289.23370806753155,-117.05589919261547],[-288.6937656280478,-116.1696575726313],[-310.9180938972495,-102.14323029312072],[-310.9209753567593,-102.14126017266244]],[[-265.4808797987496,-82.98325804881716],[-265.4808797987495,-82.98325804881723],[-265.4808797987495,-82.98325804881716],[-265.4808797987496,-82.98325804881709],[-265.4808797987496,-82.98325804881716]]]}},{"type":"Feature","properties":{"id":"bldg_851bb195-a53e-4826-80d4-5a45fa782914","kind":"building","zmin":3.323,"zmax":39.689},"geometry":{"type":"Polygon","coordinates":[[[-229.92242428633108,-97.47633019271598],[-209.5003713237711,-110.72930460339558],[-214.3580789175685,-118.21466838337801],[-212.61837461688629,-119.34365720320784],[-215.02535957640066,-123.05262579274131],[-216.7650568458339,-121.92364122252911],[-221.70939540748077,-129.54249691282894],[-242.1314769849596,-116.289596112234],[-229.92242428633108,-97.47633019271598]]]}},{"type":"Feature","properties":{"id":"bldg_7425ddad-8110-4dba-a84c-f9d8a4069dcc","kind":"building","zmin":2.935,"zmax":6.958},"geometry":{"type":"Polygon","coordinates":[[[-285.61274159654204,-209.73376360199472],[-292.425898317626,-205.30576843315066],[-288.4226830072148,-199.14631548237958],[-281.60952799715596,-203.57430986307008],[-285.61274159654204,-209.73376360199472]]]}},{"type":"Feature","properties":{"id":"bldg_7d330cc0-6acc-4f50-b972-9112f967adb9","kind":"building","zmin":0.615,"zmax":26.171},"geometry":{"type":"Polygon","coordinates":[[[-252.5582255570116,-131.26202730286604],[-252.56321339765054,-131.25865964250988],[-244.87054992745834,-119.24386534293444],[-244.4327172371777,-119.52419656216807],[-243.9532861166408,-118.77539658227033],[-238.42221081687603,-122.31677855271118],[-238.42147847577507,-122.31726224233716],[-227.402351975903,-129.37247910242877],[-227.3980021858879,-129.37535137253872],[-228.61627021735427,-131.27810727292518],[-227.54044852733568,-131.96693415338814],[-227.5361599374155,-131.96977510190482],[-229.49957488712244,-135.03623570243508],[-230.57968089713177,-134.34466667327797],[-236.0989308463395,-142.96492528234376],[-252.63684521628966,-132.37619391261978],[-252.64183274621973,-132.3728217721873],[-252.1131035980646,-131.54702555437967],[-252.5582255570116,-131.26202730286604]]]}},{"type":"Feature","properties":{"id":"bldg_32dec203-e361-4e0f-9cef-fa14d0d47746","kind":"building","zmin":3.025,"zmax":35.61},"geometry":{"type":"Polygon","coordinates":[[[-333.46215009701336,-153.68471304228297],[-308.97505654646375,-114.94875688234606],[-284.9051749180253,-130.14362832325423],[-309.4159193164378,-168.86589959234698],[-333.46215009701336,-153.68471304228297]]]}},{"type":"Feature","properties":{"id":"bldg_b1b553a0-188f-4c33-b752-f1bf4494b68b","kind":"building","zmin":3.116,"zmax":23.475},"geometry":{"type":"Polygon","coordinates":[[[-299.1992655369322,38.39691065727675],[-298.6322464068835,39.36321750726347],[-295.0580496771072,37.26591487834958],[-291.7457889376601,42.91076903762587],[-281.5254144763894,36.913706228173396],[-281.5254069456496,36.91369592784031],[-282.0540576388299,36.012753553062055],[-258.26868331647285,22.056084673024873],[-257.32884154662315,23.65779124791152],[-257.32883231450614,23.65779231596389],[-233.6522735574399,9.764973887322412],[-237.33913533670056,3.4817087476767483],[-237.33914180639476,3.4817123773900676],[-238.93881944897092,4.420362204670778],[-239.2685951871863,3.858387797168689],[-233.3127904562134,0.36366910782817286],[-238.22104683603175,-8.001129103759013],[-291.715042727883,23.387822787197365],[-291.4843393973606,23.780994196422398],[-302.4593197778486,30.220840987705742],[-298.0554530442787,37.7257497976243],[-299.1992655369322,38.39691065727675]],[[-294.8451495202897,35.256478517985855],[-294.58956537611084,35.692052688027616],[-295.30676219284004,36.11288603008123],[-295.5623537646824,35.67731621352239],[-294.8451495202897,35.256478517985855]],[[-297.4053222269722,32.53664139654575],[-298.967024156409,29.875232676604355],[-298.24970731199437,29.45432891322984],[-295.8987623750327,33.46087985668419],[-296.615997234438,33.88173551603825],[-296.8285017259841,33.51959312717372],[-296.82852258663115,33.51960225695075],[-297.4053222269722,32.53664139654575]]]}},{"type":"Feature","properties":{"id":"bldg_5fb246f9-fc18-430c-9abe-35ba9a35131c","kind":"building","zmin":2.285,"zmax":21.088},"geometry":{"type":"Polygon","coordinates":[[[-109.95880792649768,37.81071941742266],[-135.3778502758396,53.368646507275116],[-134.56374313609922,54.69880717773049],[-139.52896030605189,57.73780821710534],[-128.56942932783568,75.6438405076915],[-103.92159080693818,60.557932857867854],[-96.8485500863535,47.910056028216786],[-97.94736741678571,46.11477308562462],[-91.50267768683989,34.59056652648724],[-94.33457289644139,29.963700488005998],[-109.19482119644454,39.0589856368897],[-109.95880792649768,37.81071941742266]]]}},{"type":"Feature","properties":{"id":"bldg_40db0b95-6105-4346-b54c-9383286086de","kind":"building","zmin":2.028,"zmax":51.468},"geometry":{"type":"Polygon","coordinates":[[[-178.6413251553713,-33.705620203574654],[-176.88122818663032,-30.910643323113618],[-177.42345460701108,-30.561608262563823],[-176.65170336635492,-29.362685102700198],[-178.15099231584827,-28.39758203359088],[-172.34513674771006,-19.37812532272801],[-170.97613833688592,-20.259359013754874],[-170.1613573978866,-18.993588183249813],[-169.60297913535396,-19.353020082773583],[-168.00208028686757,-16.810844692692626],[-167.45985016751365,-16.658873673331982],[-166.026228075174,-14.388591963383078],[-165.69962507678065,-14.2883259822338],[-155.17038239994272,2.357220696702747],[-156.69152227796803,3.3299268878035946],[-156.69152451679838,3.329955266752222],[-153.31009831422125,8.617933286717744],[-151.8149200065527,7.661828737727774],[-151.09774826613284,8.795596458148793],[-133.54254481205047,-2.309104886819108],[-132.72768074615306,-1.0246111436572392],[-132.72765714674097,-1.0245740632890374],[-126.30737048755691,-5.097522523072257],[-127.11694319418893,-6.373676772149338],[-109.51486722746995,-17.50802758309146],[-123.97310068516526,-40.36480469264643],[-122.80630594451941,-41.102872092902544],[-124.45620181758204,-43.7111627029517],[-123.0947833864011,-44.57234134322789],[-124.29180619712133,-46.46469193237135],[-118.294612487025,-50.27026638296229],[-126.9630788562281,-63.930896834463056],[-132.94077942735385,-60.137689302318904],[-134.15875457644142,-62.06316309081012],[-135.50074947705434,-61.214270252748975],[-137.1898922470209,-63.88460279202991],[-138.37610818737448,-63.134249463029846],[-152.67288906798422,-85.73573596313508],[-168.57895736743012,-75.67417443197337],[-169.9859727769799,-77.87512986249203],[-179.76028696669164,-71.6266335127657],[-178.38315364789014,-69.47242030315829],[-194.25564154738095,-59.4321002735669],[-180.11470757658026,-37.07692364380637],[-179.9233801958253,-36.254240482601745],[-178.52673631693688,-34.04263326279761],[-178.6413251553713,-33.705620203574654]],[[-156.45056773594857,-22.813850181746016],[-141.52354305711197,-32.25985262107133],[-142.33860042656306,-33.54784976351948],[-136.89544548737382,-36.9923452573455],[-129.6622247574669,-25.562585102532466],[-150.0323879062562,-12.671962874133897],[-156.45056773594857,-22.813850181746016]],[[-146.9223750873234,-52.83665667086201],[-152.20381865698437,-49.49449209226441],[-153.12962925633474,-50.95750612353004],[-168.21839174349398,-41.40914481468857],[-175.30529620387097,-52.60773823278578],[-154.93519205634948,-65.4983162316712],[-146.9223750873234,-52.83665667086201]],[[-142.97590192867247,-10.732441524675274],[-142.97590192867244,-10.732441524675265],[-142.97590192867244,-10.732441524675258],[-142.97590192867247,-10.732441524675266],[-142.97590192867247,-10.732441524675274]],[[-129.66263951673838,-25.56223270583326],[-129.66263951673847,-25.5622327058332],[-129.66263951673844,-25.56223270583323],[-129.66263951673838,-25.56223270583326]],[[-150.03033269249838,-12.673173286074809],[-150.0303326924987,-12.673173286074622],[-150.03033269249855,-12.673173286074713],[-150.03033269249838,-12.673173286074809]]]}},{"type":"Feature","properties":{"id":"bldg_02def243-3407-411b-9463-08721b01ec2a","kind":"building","zmin":2.21,"zmax":9.599},"geometry":{"type":"Polygon","coordinates":[[[-304.80527229683867,-264.70259156279644],[-322.98626048784354,-253.20695481209987],[-296.42253671707294,-211.19579755249288],[-283.8057657537829,-219.17324622182787],[-277.1217404762174,-208.60228488272696],[-272.1867998661837,-211.7225951234941],[-272.1868107054579,-211.7226219318036],[-278.8708190802185,-222.29355994821861],[-260.26655913647846,-234.05683339346433],[-279.06474573771527,-263.7867097111576],[-278.13800454796365,-264.3726780315483],[-278.1379946958514,-264.37269681206817],[-286.01294240729305,-276.8271420496868],[-280.83665307696356,-280.0531973225443],[-280.8366474077193,-280.05322780155984],[-284.70634765731666,-286.2623020928222],[-308.8586412968798,-271.2060517230566],[-304.80527229683867,-264.70259156279644]]]}},{"type":"Feature","properties":{"id":"bldg_6bf2a8d8-55ff-49ce-8137-d9f9c8c490aa","kind":"building","zmin":1.71,"zmax":55.275},"geometry":{"type":"Polygon","coordinates":[[[-218.63636217635576,122.4795417766145],[-199.72125713761852,154.89010475741088],[-199.71517626636705,154.88751147714356],[-199.12354999951154,154.5422412885817],[-192.75990535716846,165.77737582699046],[-192.75827560767357,165.7766981366076],[-163.85770463005906,148.6022201970075],[-162.65119312745446,150.6350793673555],[-162.6495258063369,150.63438269783364],[-157.68935438695917,147.68675428727147],[-158.89609934703185,145.65369295630808],[-147.75399135699263,139.0323572665293],[-139.46081191718258,107.20629045636451],[-148.5766829573222,91.65591694764589],[-146.91645652723673,90.68244428688195],[-149.8219389879232,85.72615011738526],[-149.82362231746083,85.72692813709],[-151.56190363620024,86.74621092584982],[-158.128657132807,75.54425338683936],[-157.9831921947516,75.5049514164275],[-157.98200308676678,75.50438937652507],[-157.12084668787065,74.63963994676305],[-156.80743808705665,73.46016676704312],[-157.12575485628622,72.28200870614819],[-157.99050428445844,71.42085227675852],[-159.16997745688786,71.10744364774291],[-160.34813548575767,71.42576039666892],[-160.3493224967351,71.42632607688574],[-161.21047813692348,72.29107472698524],[-161.52388645796236,73.47054686691263],[-161.340790342411,74.14822451162715],[-173.7403770251767,81.52310304750426],[-171.02917669550956,86.09248710237313],[-183.33434941553324,93.21328426534515],[-186.05314749749232,88.64335726709396],[-186.0548719675753,88.64417244634387],[-199.33243478577424,96.54354657573276],[-196.70903972096193,100.9529933250602],[-209.1926371334997,108.17704186638882],[-211.78370977594022,103.76638771772559],[-211.78517670770452,103.76707770814392],[-224.2487562075221,111.08882107710087],[-217.83270444309682,122.01052688032073],[-218.63636217635576,122.4795417766145]],[[-166.6308026445216,131.34436884311728],[-167.88303565350796,129.1839898104797],[-171.00445143686372,123.79885688225212],[-168.1566917457676,123.52899248758331],[-168.15484581702913,123.5281802368554],[-165.5699578253916,122.23433640751318],[-164.84209944520504,121.43256753255638],[-164.20582293693224,121.59576194781403],[-164.29721163474824,121.95351007725549],[-162.82155520343588,122.33262244306309],[-162.81995827793435,122.33524213702185],[-161.73088312175102,122.61503752525033],[-163.5461120768923,129.49457708670525],[-163.48172822953305,129.51155798127544],[-166.6308026445216,131.34436884311728]],[[-163.644252527356,111.81264882725372],[-165.59609288736465,109.68051437647227],[-168.18634559779457,108.39744426803372],[-171.0651826761714,108.13672423786193],[-171.74484447764917,108.33163507666904],[-174.45385182623068,103.65803016567224],[-168.38242452426857,100.02830546731275],[-169.5641004365243,98.05164087640878],[-166.13806709507108,96.03477872128961],[-158.28263773516534,109.54652616207139],[-159.72232190745763,115.00278774892506],[-162.69883025651143,114.2380630567859],[-163.644252527356,111.81264882725372]],[[-161.42081632337877,121.45522260492541],[-161.42081632337877,121.4552226049254],[-161.42081632337874,121.4552226049254],[-161.42081632337877,121.45522260492541]]]}},{"type":"Feature","properties":{"id":"bldg_0d8a6d7c-f66c-4bf2-b350-817e4a73e877","kind":"building","zmin":2.173,"zmax":52.429},"geometry":{"type":"Polygon","coordinates":[[[-229.2038035342739,66.33987876740866],[-228.1030516313612,68.18423747977492],[-229.0347883746217,68.73264928704884],[-228.6298133108685,69.42043083136113],[-229.5613333614609,69.96570510915254],[-230.77387802763042,67.89516451644158],[-230.77542934444864,67.89594920746458],[-253.55943438594113,81.23854022676824],[-252.14593003142645,83.65196007565284],[-253.89906722594242,84.6838213064475],[-247.59095109581176,95.40132517793973],[-247.58136144723903,95.39662109688652],[-185.7911138227166,59.02841971745066],[-183.99961395647188,61.98178715704125],[-183.99698816636374,61.980494376359275],[-172.4005214064273,54.945930798043264],[-170.36152221418524,47.11734885811893],[-176.7517229757941,37.18258203813457],[-180.6113929273779,36.177028937323485],[-180.6140254763086,36.178373487586214],[-194.5134555862096,44.64925018639042],[-193.94452708065657,45.58715421826992],[-225.9719615851136,64.4376652469291],[-225.97194607415761,64.43769189073618],[-229.2038035342739,66.33987876740866]],[[-194.4985287596867,44.668236050572474],[-194.49852875968668,44.668236050572496],[-194.49852875968665,44.668236050572524],[-194.49852875968668,44.6682360505725],[-194.4985287596867,44.668236050572474]],[[-192.99226615088992,44.91613118493893],[-192.99226615088995,44.916131184938955],[-192.99226615089,44.91613118493898],[-192.99226615088992,44.91613118493893]],[[-189.62146311083873,42.536832738716406],[-189.62146311083882,42.53683273871646],[-189.62146311083876,42.53683273871641],[-189.62146311083868,42.536832738716356],[-189.62146311083873,42.536832738716406]]]}},{"type":"Feature","properties":{"id":"bldg_25565020-a976-42a4-8887-a300f0c64431","kind":"building","zmin":3.122,"zmax":5.045},"geometry":{"type":"Polygon","coordinates":[[[-273.28364890656667,-160.11122659263492],[-271.0268607669241,-161.53908887095895],[-276.2692486277483,-169.82478065196483],[-278.5260355859464,-168.3969176533501],[-273.28364890656667,-160.11122659263492]]]}},{"type":"Feature","properties":{"id":"bldg_f268417b-dc71-4d7b-bc79-eca43db545b2","kind":"building","zmin":-0.843,"zmax":66.824},"geometry":{"type":"Polygon","coordinates":[[[-258.9563661069442,-193.86746685308026],[-258.9931224864449,-192.97534905181237],[-255.41369851456517,-187.47078548593072],[-257.776578696099,-185.934321112014],[-257.7881197052957,-185.9259854827833],[-254.0203930585904,-180.1319568355667],[-264.17321560605706,-173.53000894175784],[-264.18613765634655,-173.52075788241928],[-256.6458197773071,-161.92591467081633],[-265.7463272048044,-156.1551293224038],[-265.7481508673118,-156.15384788184747],[-262.0395837867145,-150.30555126325635],[-252.87016108112238,-156.1200360188722],[-245.232371824015,-144.37530982296448],[-235.18539531047227,-150.90839942597222],[-230.93386660738543,-144.37036127218016],[-225.81542804502533,-147.69865545332868],[-225.81534730770363,-147.69870987434115],[-213.55322213535342,-155.67222741304454],[-213.5532212572216,-155.6722260626484],[-210.2060944460862,-157.8487145474464],[-206.66603762574596,-152.34431985262927],[-197.6268907864469,-158.15759734253515],[-193.00370062729053,-161.13087432241446],[-192.9994645557017,-161.13370129281248],[-192.255019067994,-162.2506717127617],[-192.2931832939139,-163.59810040387674],[-202.29990475178334,-179.2217153192146],[-200.3378839041652,-180.47368583364732],[-200.33254601579029,-180.47734810258407],[-199.6000908646165,-181.82635182215017],[-199.66825078666807,-183.0316279525432],[-200.46902989728915,-184.6491330720164],[-201.5239859471476,-185.67374017244583],[-201.86524731478565,-185.79314013889092],[-195.78006507601822,-189.65146621276654],[-195.77796038570523,-189.65292005320953],[-202.03833119750198,-199.52657951293804],[-208.1131600576373,-195.67481685356324],[-208.07316274779078,-196.22333597332909],[-208.971524526125,-197.94720108274487],[-210.05182343632987,-199.25677857336996],[-211.0877102667837,-199.59464442234457],[-212.0291827473484,-199.42914146280964],[-214.31023778625604,-197.9735934937562],[-224.5432571463607,-213.9505306038045],[-225.66388347729662,-214.35977331219328],[-226.6629068362381,-214.32635006286],[-230.34030737717694,-211.9659290622585],[-231.3584152361982,-212.01822547356278],[-232.2634452062266,-211.65991658293933],[-232.2675539175434,-211.65692497183773],[-232.88616045555682,-211.08693807388045],[-233.35166161812606,-210.03462066772903],[-240.42396817728513,-205.46856549365475],[-242.3066218865315,-208.31848707267636],[-248.09270211777402,-204.49619076318777],[-248.09454600694517,-204.4948418127169],[-246.25209654717696,-201.7057823596996],[-255.94049065705622,-195.45071662178816],[-257.04007681730945,-195.46779234238784],[-257.8726217667936,-195.1267550526536],[-257.8766474066106,-195.12381731262576],[-258.5258660276704,-194.58573117278866],[-258.9563661069442,-193.86746685308026]]]}},{"type":"Feature","properties":{"id":"bldg_81de699e-802c-4794-b57f-323afa19ece9","kind":"building","zmin":0.504,"zmax":25.826},"geometry":{"type":"Polygon","coordinates":[[[-251.02977794665276,-35.283034072766895],[-248.13705048667907,-30.59913721205521],[-248.1361621970318,-30.599663032546232],[-241.81109059766095,-20.358123382167832],[-241.80712201751157,-20.36042826216726],[-231.6904094471647,-26.608407862520835],[-247.3286586861068,-51.9298214220762],[-247.3326098369107,-51.927416431157326],[-257.44929059592687,-45.67945673310169],[-251.02889983155785,-35.283576387770445],[-251.02977794665276,-35.283034072766895]]]}},{"type":"Feature","properties":{"id":"bldg_970a88fd-23e2-48e9-8311-2f5fe030bd3f","kind":"building","zmin":0.727,"zmax":71.35},"geometry":{"type":"Polygon","coordinates":[[[-286.06357966514406,56.51969830895541],[-286.0533242957936,56.51417783639772],[-284.7038230228179,55.72571720642748],[-281.37279894322063,61.427180557350304],[-282.65526980677896,62.176442376861814],[-277.8875782668438,70.3370410373609],[-277.877253757757,70.33163792660343],[-275.8510760633094,69.1478779607207],[-274.73941752726387,71.0506122874649],[-274.7296463271996,71.04551760647882],[-233.99707789794775,47.24827701788308],[-235.25458164609518,45.095882177585736],[-234.0653322304894,44.401088496704645],[-232.07909987509993,47.80080380718573],[-232.06607875721602,47.79400320741115],[-221.8490507078568,41.82487804759876],[-223.8356063965257,38.42458874645672],[-222.7145561746917,37.76963898486151],[-221.43096616754337,39.96669046668103],[-221.42152766614527,39.96174392761168],[-193.56139457687095,23.684934967874142],[-194.9239396062476,21.3968451877372],[-192.9633273676627,20.251390837664076],[-197.70682166751794,12.132208158116555],[-197.71712310449584,12.137729857771774],[-199.73548805738093,13.316925193668963],[-203.0895979280067,7.684447446437844],[-201.09402712454903,6.51856917663099],[-206.01343997721779,-1.9017238628439372],[-206.02361591627414,-1.89612342271721],[-208.07951344452798,-0.6950003043878333],[-209.0994428277554,-2.4077437224186724],[-209.1089723674013,-2.4024827424436808],[-236.74983154630172,13.746218186963233],[-235.7441989944891,15.467504971320642],[-235.88063145090268,15.54721331193801],[-236.86521989214313,16.12244235131272],[-238.66676071619804,13.03883377663442],[-238.6797258272709,13.045999756337551],[-248.8967241650389,19.01510689833958],[-247.09500734510138,22.098998055380743],[-247.09595614729187,22.099552376908832],[-247.09594566715498,22.09957031513343],[-248.2842290371641,22.7938046485391],[-249.2565434675671,21.129551476922643],[-249.26653951768094,21.13505822652951],[-290.0914832170238,44.98633643724315],[-288.8105924987313,47.17871427721113],[-290.83133416633063,48.359298216913885],[-286.06357966514406,56.51969830895541]]]}},{"type":"Feature","properties":{"id":"bldg_4c8e55a1-fffa-4d86-b035-4d9d48ace14f","kind":"building","zmin":3.01,"zmax":8.066},"geometry":{"type":"Polygon","coordinates":[[[-151.94137941643203,17.352922847981972],[-160.04572966683554,22.38115516614198],[-154.15296142580337,31.87903034644114],[-145.66720905717375,33.78666898782103],[-122.68131093632473,19.525466798520938],[-123.0542273077408,18.92440459727368],[-121.94720049586977,18.237568527853],[-125.254698716657,12.906385296410008],[-125.74751850727262,12.782564066830673],[-126.35162236357064,12.823337827561772],[-126.70439985757548,13.04109952851286],[-127.87664952721025,11.151681327057304],[-148.0307274262161,23.656033324508645],[-151.9413682671875,17.35292390827817],[-151.94137941643203,17.352922847981972]]]}},{"type":"Feature","properties":{"id":"bldg_b968161f-3fcc-4af4-9d30-00d6abfdde05","kind":"building","zmin":3.081,"zmax":8.259},"geometry":{"type":"Polygon","coordinates":[[[-116.95281953799349,7.931270908615261],[-114.41636946655075,12.100094771165667],[-114.96540834657208,12.437074706540443],[-114.96541432770391,12.437081377152936],[-113.9646190369167,14.067682676395634],[-90.43884741684087,-0.37157211300655035],[-90.79089327747351,-0.9451616528895102],[-86.31998531690624,-3.7493303933151765],[-92.06422379578362,-12.907884632368223],[-97.0286864957452,-9.79415652341413],[-97.02869322717379,-9.794147233187687],[-96.1012867498366,-8.315499570613625],[-117.21375206765879,4.64255700835929],[-116.2382618364536,6.231928436740418],[-116.40015726681304,6.3304317263828125],[-116.9757438580018,7.2250848858384416],[-116.95281953799349,7.931270908615261]]]}},{"type":"Feature","properties":{"id":"bldg_59ef8c1c-180a-403d-973d-ef31c0a8299e","kind":"building","zmin":3.037,"zmax":6.024},"geometry":{"type":"Polygon","coordinates":[[[-19.9890287965718,-112.98332908220618],[-19.426538077546866,-112.06742050172761],[-15.140663647725887,-117.31950949376187],[-8.927370246939972,-118.72449661311111],[-9.34657149724444,-119.46980014238943],[-15.81522520593353,-118.35169855214917],[-19.9890287965718,-112.98332908220618]]]}},{"type":"Feature","properties":{"id":"bldg_9a87d794-901c-45f5-bc64-8389eb2deb34","kind":"building","zmin":3.273,"zmax":59.31},"geometry":{"type":"Polygon","coordinates":[[[-159.77892914707627,-216.86023617239698],[-160.11994808691452,-215.31744536229235],[-160.12377395619114,-213.836463152511],[-159.77067702747445,-212.37232639225113],[-134.0480674661885,-172.47126041278534],[-133.04354733745276,-171.5494424619319],[-131.5248984172249,-170.7990486928611],[-130.02091690750603,-170.54609139184322],[-128.1325840567515,-170.85801272270328],[-127.17185634756243,-171.25706954263296],[-114.94761998741524,-179.72543875254632],[-114.6341204665805,-179.1948491730218],[-109.39787981367772,-182.5232493037256],[-110.70214524746916,-184.57507555193297],[-90.80042602690082,-197.3108819240224],[-109.952970495522,-227.23929755930888],[-102.76272117591725,-231.84056628326653],[-102.76270858684438,-231.84057577283238],[-105.4328029479475,-236.01295016160293],[-112.62306249763787,-231.41167394262447],[-115.40862626176406,-235.76449046634778],[-115.35769478619113,-235.79709162114887],[-115.35764631686106,-235.79716780278977],[-120.19753773352204,-243.35817044141731],[-137.13937031696332,-232.51372554334375],[-137.13935461778965,-232.5136590824186],[-136.01810094309118,-230.76200672808574],[-138.8920115671972,-228.92242043295846],[-140.01085789773424,-230.68255169328768],[-146.90557406149765,-226.2999362456369],[-148.2717233665826,-228.46942330267484],[-148.27174173769163,-228.4694439528248],[-152.3087749563456,-225.92733143354417],[-150.93180843675145,-223.74066671372566],[-157.94220558716552,-219.28451880115608],[-159.13100765510535,-217.94775952342025],[-159.77892914707627,-216.86023617239698]],[[-138.89233599899438,-228.9221899120934],[-138.89233599899447,-228.92218991209333],[-138.89233599899444,-228.92218991209336],[-138.89233599899438,-228.9221899120934]],[[-146.90542738249965,-226.29998306175028],[-146.90542738249968,-226.29998306175028],[-146.90542738249962,-226.2999830617503],[-146.90542738249965,-226.29998306175028]],[[-155.4657342852678,-220.53735246940425],[-155.46573428526776,-220.5373524694043],[-155.46573428526767,-220.53735246940434],[-155.4657342852678,-220.53735246940425]],[[-160.12361936516965,-213.83662972199411],[-160.12361936516965,-213.83662972199414],[-160.12361936516962,-213.83662972199417],[-160.12361936516965,-213.83662972199411]],[[-160.11973735269936,-215.3180058583268],[-160.11973735269936,-215.31800585832684],[-160.11973735269933,-215.3180058583269],[-160.11973735269936,-215.3180058583268]],[[-120.19105649137835,-243.3478932663157],[-120.19105649137856,-243.34789326631605],[-120.19105649137843,-243.34789326631585],[-120.19105649137835,-243.3478932663157]]]}},{"type":"Feature","properties":{"id":"bldg_3b31b156-6964-4eb7-9ef9-00f065acfa1d","kind":"building","zmin":0.387,"zmax":48.866},"geometry":{"type":"Polygon","coordinates":[[[-293.17425838567215,-3.0085086233520997],[-288.0438684265937,5.269403977057664],[-288.0353059964,5.2644232274760725],[-287.6874726640371,5.048845657257367],[-286.7399577371725,6.559121697122464],[-286.7317553045177,6.554364256749977],[-265.6384303360355,-6.679689532793418],[-266.5134061669851,-8.074260552697524],[-266.17956491730365,-8.281166212742392],[-279.9078592169535,-30.43162971161655],[-279.91647911618566,-30.4263954127091],[-280.4158721316943,-30.11688731869357],[-281.2651433668725,-31.487129802473646],[-281.271527434732,-31.48324330325704],[-302.3937911752146,-18.392054933130566],[-301.54466337677064,-17.021926488009434],[-301.77200803624146,-16.88102541238186],[-296.89623875709367,-9.013944593374617],[-293.17425838567215,-3.0085086233520997]]]}},{"type":"Feature","properties":{"id":"bldg_1de2bfeb-2b99-4634-b045-041af5225136","kind":"building","zmin":3.327,"zmax":43.74},"geometry":{"type":"Polygon","coordinates":[[[-89.72382619711061,-99.6077833021991],[-54.71182488687191,-122.8119877926656],[-78.23055718252665,-158.20492993333147],[-77.97278401738004,-158.37683833293704],[-77.9727173169158,-158.37693400406715],[-86.16761289697024,-170.66561642228044],[-115.24731340708604,-149.5861191424483],[-116.5903502061592,-142.4984628721577],[-89.72382619711061,-99.6077833021991]]]}},{"type":"Feature","properties":{"id":"bldg_25d86d99-13c5-42c7-b7bd-35bb4fd75e1d","kind":"building","zmin":0.485,"zmax":49.302},"geometry":{"type":"Polygon","coordinates":[[[-280.41007407608777,-33.353002002608264],[-279.7497695078515,-32.284947785196344],[-279.7519091844333,-32.28362499299692],[-266.4737743668302,-10.806009383180935],[-266.4737019874956,-10.806051691462926],[-265.93896710580884,-9.941108673752751],[-264.61533426574533,-7.800683183049841],[-263.84153020734084,-6.549039752149838],[-263.83559289763434,-6.552482863255136],[-242.31307424626357,-19.95435484287009],[-249.99730089681543,-32.37496433373599],[-250.0036421160221,-32.371196032523585],[-251.50310079720686,-31.444181175837006],[-254.40813753696057,-36.10963282248849],[-253.00587009707306,-36.976566273660865],[-257.2801867762937,-43.890467682540475],[-256.9883078964267,-44.070917022399954],[-258.7138542634675,-46.8625051526833],[-258.7179089864694,-46.860031102427456],[-262.20253672549006,-44.69026288427267],[-262.20559286708885,-44.68839826239855],[-277.2281844975405,-35.33430244297779],[-277.22816756485696,-35.33427524895932],[-280.41007407608777,-33.353002002608264]]]}},{"type":"Feature","properties":{"id":"bldg_08ed4f6d-4bf2-4eb5-ba4d-5e5f4424a7b6","kind":"building","zmin":2.992,"zmax":7.284},"geometry":{"type":"Polygon","coordinates":[[[-251.41686952799137,159.8379396074015],[-236.62285959673318,185.31943216622312],[-229.98237046413124,181.46412474740646],[-244.77639634778825,155.98264619710244],[-251.41686952799137,159.8379396074015]]]}},{"type":"Feature","properties":{"id":"bldg_f1547fde-d82e-4ca5-8e85-ea449135e3c4","kind":"building","zmin":2.529,"zmax":7.565},"geometry":{"type":"Polygon","coordinates":[[[-163.9038206375444,-290.78185674134875],[-167.01653384784004,-288.7247778816745],[-165.90773119687947,-287.04695646177424],[-162.79501874517518,-289.1040351532283],[-163.9038206375444,-290.78185674134875]]]}},{"type":"Feature","properties":{"id":"bldg_48e44fa0-7e34-4a98-9842-a6d3a8440776","kind":"building","zmin":2.949,"zmax":38.03},"geometry":{"type":"Polygon","coordinates":[[[-311.1171649677599,-14.526191451994237],[-311.35958276778183,-13.51028790260898],[-294.93263740761904,12.406262728414731],[-294.30115431627564,12.625385676336009],[-288.2802293859677,8.872254196321592],[-287.8279889876212,7.729360747456667],[-304.04968575782186,-17.863004183127487],[-305.2328019373199,-18.194279382631066],[-311.1171649677599,-14.526191451994237]]]}},{"type":"Feature","properties":{"id":"bldg_a8dccce9-b6f9-43f2-a6c7-0ec83da6b4b5","kind":"building","zmin":2.917,"zmax":46.582},"geometry":{"type":"Polygon","coordinates":[[[-325.06182639684266,-4.120347743526509],[-325.4374302363394,-3.887504222569987],[-324.9265337578472,-3.0633683716951055],[-325.3474128660746,-2.802457923113252],[-310.8848184976632,20.527400167695305],[-310.30564465729185,20.16835999765317],[-309.49939962707504,21.4689276174322],[-296.2024560146747,13.225915527131292],[-297.008476005627,11.925710927083855],[-296.7822463277116,11.785467117399094],[-311.2448816466531,-11.544457252675784],[-311.9876343871656,-11.084011623490369],[-312.4984590144668,-11.908031553153705],[-312.6318274935293,-11.825354062348197],[-312.82774769747266,-12.141396283041104],[-325.25749082717084,-4.435977373934293],[-325.06182639684266,-4.120347743526509]]]}},{"type":"Feature","properties":{"id":"bldg_3bbb9b07-95f4-4586-b880-b35a65e04184","kind":"building","zmin":2.197,"zmax":46.882},"geometry":{"type":"Polygon","coordinates":[[[76.81934863293645,-3.532176203043491],[79.96667280180944,-5.4877736658048955],[82.28875021503785,-1.7506063653603234],[79.11689019334517,0.22023637747770408],[79.11679789418122,0.22031104714551475],[81.40028725255615,3.895361407783639],[88.21363269276844,-0.33812628308078274],[88.93719947357386,0.8471959670569049],[91.79077888522806,-0.8945491714330274],[92.03857849205451,-0.5008520816772943],[113.66270815254029,-14.111432543300907],[112.73989530402832,-15.577575182556757],[117.1414968225763,-18.31252025321737],[114.76264631360027,-22.141061693553638],[115.89482499313453,-22.780523151392117],[113.87844107272758,-26.3506044422611],[112.59683060340103,-25.62674321247323],[110.24079883366358,-29.418560012483795],[105.7239579128618,-26.612013662692334],[104.80282166644247,-28.094502392224967],[83.10797724282384,-14.614423221551988],[83.38096435403713,-14.175075453298632],[80.75749060357703,-12.544974983567954],[81.4056642135547,-11.501802762890293],[74.52409787454599,-7.225930413325841],[76.81924244309266,-3.532123022567248],[76.81934863293645,-3.532176203043491]]]}},{"type":"Feature","properties":{"id":"bldg_9c468849-14fe-42fb-a301-5c23323ee4ec","kind":"building","zmin":-0.87,"zmax":41.076},"geometry":{"type":"Polygon","coordinates":[[[-196.53280371796063,-270.1929595825786],[-191.08919533009367,-273.71355362163365],[-191.0891140159947,-273.71342789226037],[-180.32242916620817,-280.6766631822029],[-180.32239509398278,-280.6766888022685],[-165.20226779354198,-290.4554651415601],[-165.19354236606887,-290.4620166324894],[-166.87219778034955,-293.0575849954483],[-161.8581471664802,-296.2719370415871],[-161.85108333487733,-296.2772585123603],[-171.0171060075918,-310.57479248223535],[-207.6205920172688,-286.9018892017775],[-207.62741403689142,-286.8966174825109],[-207.5425408478186,-286.21438698215206],[-197.36065523702564,-270.24420832192845],[-196.53280371796063,-270.1929595825786]]]}},{"type":"Feature","properties":{"id":"bldg_06b44d83-e482-4301-920c-f22c53c1a264","kind":"building","zmin":3.023,"zmax":7.251},"geometry":{"type":"Polygon","coordinates":[[[-26.373873157499474,-111.45900138282741],[-24.45220432789938,-108.43090496178047],[-19.362008718017023,-111.66085919335455],[-21.283678586551105,-114.68895610214531],[-26.373873157499474,-111.45900138282741]]]}},{"type":"Feature","properties":{"id":"bldg_6d1b4f24-2b42-473c-b08a-c6d7a252a495","kind":"building","zmin":2.686,"zmax":63.154},"geometry":{"type":"Polygon","coordinates":[[[-83.0166881450823,-99.80830302242975],[-83.01659215579924,-99.80815341195087],[-87.00910079444657,-97.24663409277855],[-73.83963642447998,-76.72048532134795],[-73.83285783621614,-76.72422745184303],[-73.13841155292712,-77.16977032178123],[-72.88759383717479,-76.7788415132527],[-72.88081071709166,-76.78258392224234],[-39.86246531438519,-97.96648535291024],[-53.283401807893824,-118.8839473229018],[-53.29623780653856,-118.87658589266357],[-58.39567654588245,-115.6048809014901],[-75.25785071658174,-104.78642370278249],[-75.25776215019948,-104.78628566181698],[-83.0166881450823,-99.80830302242975]]]}},{"type":"Feature","properties":{"id":"bldg_08e2e06c-95de-46f2-aa8c-93c82f28ae84","kind":"building","zmin":-1.125,"zmax":27.615},"geometry":{"type":"Polygon","coordinates":[[[-292.5831277073303,-300.3778730927952],[-292.5830434276115,-300.3779274417827],[-291.69003054776476,-298.9931859038916],[-291.6865896949055,-298.9954326143918],[-291.3229339460049,-298.43153343209997],[-280.388914596384,-305.39852051245543],[-280.3877083360312,-305.39952671163337],[-287.37521208657563,-316.23463652189093],[-298.27096913340574,-309.20828832280677],[-298.2763722371092,-309.20369699199364],[-294.42725795616934,-303.2351061830341],[-292.5831277073303,-300.3778730927952]]]}},{"type":"Feature","properties":{"id":"bldg_93df72ea-c1a8-4752-b4f7-88106e0c811a","kind":"building","zmin":0.637,"zmax":37.783},"geometry":{"type":"Polygon","coordinates":[[[-63.879193257198494,-139.66654450283386],[-63.16264208627763,-138.55143748190312],[-63.155254127501394,-138.55580527306302],[-62.11341254030382,-139.2252630954296],[-56.552351056099724,-130.57106100248348],[-56.54479016640471,-130.57546852259838],[-50.48848080993123,-134.46707596436192],[-49.029691936255404,-132.19689072277833],[-49.02209160791972,-132.20130681214505],[-26.476567087003787,-146.68839949221],[-27.935571255853574,-148.9589166523656],[-21.0516882970187,-153.3822986725063],[-31.032054717801657,-168.91383343263442],[-31.039749343734,-168.9092240331156],[-43.567503177164326,-160.8592461721346],[-43.568338476554345,-160.8587461335992],[-54.83857529586021,-153.61681286194653],[-54.83855860187978,-153.61678688230947],[-65.65352804648137,-146.66739540307753],[-63.83193432817194,-143.8326099727061],[-65.75971354796638,-142.59384779334505],[-65.15379054748337,-141.6509018927245],[-63.879193257198494,-139.66654450283386]],[[-65.63077823331885,-146.64817625557905],[-65.63077823331882,-146.64817625557902],[-65.63077823331884,-146.64817625557902],[-65.63077823331885,-146.64817625557905]]]}},{"type":"Feature","properties":{"id":"bldg_d88db37f-ebf1-47f8-ac91-19c4122507dd","kind":"building","zmin":3.153,"zmax":46.672},"geometry":{"type":"Polygon","coordinates":[[[-216.05065814723275,-133.76861821272905],[-216.58508732619157,-133.42037655312015],[-205.21806188577466,-115.97619728310383],[-204.83621662586302,-116.22501274370734],[-204.54767955596253,-115.78221493218734],[-168.24772750564443,-139.43574744231591],[-168.5080803672172,-139.83529203255603],[-168.24792883709233,-140.00481024337205],[-179.57642080459846,-157.3898162627156],[-179.84999903754579,-157.2115488116615],[-180.1427802468388,-157.66085853359982],[-216.2766880037052,-134.11549031201866],[-216.05065814723275,-133.76861821272905]]]}},{"type":"Feature","properties":{"id":"bldg_8cc4fcba-5355-494f-b65b-416e1a830a93","kind":"building","zmin":3.429,"zmax":7.28},"geometry":{"type":"Polygon","coordinates":[[[-295.2449478251001,-78.40566211228725],[-293.1332261275784,-79.66837207230856],[-296.02892103704653,-84.50867335198564],[-298.14011041651975,-83.24566624292493],[-295.2449478251001,-78.40566211228725]]]}},{"type":"Feature","properties":{"id":"bldg_615b17db-2348-4302-8ed9-4a61508c2f1b","kind":"building","zmin":3.168,"zmax":6.024},"geometry":{"type":"Polygon","coordinates":[[[-26.104804667385906,-95.38275528146187],[-25.497942820579556,-95.76013786382454],[-20.176522137058782,-87.20307186309947],[-17.851307717846794,-88.64902671213349],[-25.944716053814773,-101.6635613223043],[-28.87679127744923,-99.84022285300307],[-26.104805517756176,-95.38275546170917],[-26.104804667385906,-95.38275528146187]],[[-17.851310611918837,-88.64902964970332],[-17.85131061191884,-88.64902964970332],[-17.851310611918848,-88.64902964970334],[-17.851310611918837,-88.64902964970332]]]}},{"type":"Feature","properties":{"id":"bldg_433bf242-e723-4d54-855f-d801dc089db5","kind":"building","zmin":3.019,"zmax":7.131},"geometry":{"type":"Polygon","coordinates":[[[-10.868323867496656,-122.00343274218903],[-8.43037435491351,-118.2654254625595],[-3.2453763265184534,-121.64674269249372],[-5.683327186987299,-125.38475056375319],[-10.868323867496656,-122.00343274218903]]]}},{"type":"Feature","properties":{"id":"bldg_c2b668de-ba25-4c84-a5bd-1c029758f1b9","kind":"building","zmin":3.54,"zmax":27.839},"geometry":{"type":"Polygon","coordinates":[[[-96.1316883257532,-206.2543300929392],[-96.13175636774758,-206.2542856619475],[-90.3766328171987,-197.200790652445],[-65.59416202694774,-212.9547292221905],[-62.848272324710706,-226.1646812234103],[-72.28645237672754,-240.73411928332644],[-81.18703795702822,-234.96838994361315],[-81.18701823599622,-234.96834110254713],[-78.48291996787884,-230.79410368232493],[-73.97741343572125,-223.8390850736614],[-74.95146066641973,-219.7183690428792],[-87.80397200411129,-211.54816822924593],[-90.19528152719795,-215.28490835265256],[-90.19532787738353,-215.28489402250852],[-96.54460401509641,-211.22179279191914],[-94.16554152739326,-207.5041880973102],[-96.1316883257532,-206.2543300929392]]]}},{"type":"Feature","properties":{"id":"bldg_0c140577-a39c-4b44-a16c-1e3ebc2d4455","kind":"building","zmin":2.296,"zmax":9.145},"geometry":{"type":"Polygon","coordinates":[[[71.57625694340823,6.4490907580111525],[74.14235297228879,10.57645448805124],[80.65864989343754,6.525034657075594],[77.53048244370075,1.4936242466210388],[71.92042421371298,4.981602367530286],[72.48249578276955,5.885648978663085],[71.57625694340823,6.4490907580111525]]]}},{"type":"Feature","properties":{"id":"bldg_56fca3d6-6938-44c0-ae75-8de08d933e14","kind":"building","zmin":2.557,"zmax":45.729},"geometry":{"type":"Polygon","coordinates":[[[-278.0938684973007,109.94993862637057],[-277.13774615687726,109.389791067646],[-281.1566008263835,102.49256112645526],[-282.1077299853532,103.05720013764949],[-283.9884886669497,99.82749779851292],[-341.20845425644075,133.14892490744387],[-333.1318289574374,147.01828024714632],[-275.91198350743434,113.69674519672117],[-278.0938684973007,109.94993862637057]]]}},{"type":"Feature","properties":{"id":"bldg_a8627cb6-9ca0-46a7-97b4-e48d983bec7c","kind":"building","zmin":3.405,"zmax":16.022},"geometry":{"type":"Polygon","coordinates":[[[-47.20915542726652,-57.48695723329001],[-23.924121067677333,-71.59355941249669],[-30.413047456750064,-82.30444178298785],[-39.6565630670957,-76.70450731262099],[-40.734815917065134,-78.37988393204432],[-45.6970911974895,-75.18617714365973],[-44.70563464537918,-73.64566355280112],[-53.69807020592998,-68.19783900295442],[-47.20915542726652,-57.48695723329001]]]}},{"type":"Feature","properties":{"id":"bldg_9113cc94-3016-46ec-8485-8da566d8bcde","kind":"building","zmin":2.868,"zmax":40.202},"geometry":{"type":"Polygon","coordinates":[[[-152.28899223736516,-283.69427578184695],[-135.5463614265609,-257.7670522936314],[-125.46956453644088,-264.09668748203694],[-125.25500032587297,-263.7644181331707],[-97.12324131743662,-281.9305979341516],[-114.16127126649371,-308.31537106282485],[-152.28899223736516,-283.69427578184695]],[[-131.5892017865119,-268.5684507391977],[-131.5892017865118,-268.56845073919766],[-131.58920178651184,-268.56845073919766],[-131.5892017865119,-268.5684507391977]]]}},{"type":"Feature","properties":{"id":"bldg_3f730549-ec56-443d-8d68-f215f7c1ee72","kind":"building","zmin":1.138,"zmax":40.535},"geometry":{"type":"Polygon","coordinates":[[[-328.26657064772735,-305.4495483126666],[-314.3542881978574,-283.22540553210274],[-292.83691926657775,-296.82431487183203],[-300.1290701371072,-308.4731561532244],[-281.10539436359977,-320.56801909267233],[-287.76694682697416,-331.04521256174485],[-314.9110002903684,-313.8902365257299],[-314.9362549049947,-313.93690060240624],[-314.93625771717416,-313.9369023130057],[-316.07972333591897,-314.4821867833307],[-317.5649177776031,-314.4117115518966],[-318.809308337175,-313.81782091382775],[-319.9517334348493,-312.2678433021065],[-319.9260777047166,-310.7207197228563],[-328.26657064772735,-305.4495483126666]]]}},{"type":"Feature","properties":{"id":"bldg_29d2fa17-a96f-4f71-b8f6-659340ab3652","kind":"building","zmin":3.198,"zmax":32.171},"geometry":{"type":"Polygon","coordinates":[[[-318.5517455174013,-65.48150365245237],[-305.47769634741053,-44.59653281348437],[-287.5662835949079,-55.80589880374464],[-300.63948536683165,-76.69013199239271],[-318.5517455174013,-65.48150365245237]]]}},{"type":"Feature","properties":{"id":"bldg_f5eca060-6c4d-4e65-9f13-195f0daac210","kind":"building","zmin":3.723,"zmax":7.219},"geometry":{"type":"Polygon","coordinates":[[[-92.08425584755605,-18.669838913301646],[-92.20607099538029,-13.165090372945997],[-89.56710345774991,-13.106672873116622],[-89.6396554875937,-9.828091032664815],[-86.16842819793601,-9.7512500825178],[-86.03660631760067,-15.708215802318591],[-87.62265454635053,-15.743325333220128],[-87.56010981792497,-18.569690401367552],[-92.08425584755605,-18.669838913301646]]]}},{"type":"Feature","properties":{"id":"bldg_aa6db881-017a-4071-a925-50f90cddcb11","kind":"building","zmin":2.963,"zmax":16.215},"geometry":{"type":"Polygon","coordinates":[[[-38.35263235756429,-33.13937172298756],[-6.5542471079170355,-52.96645275326591],[-17.799305335996905,-71.00103018256777],[-25.735046137207974,-66.05292125326378],[-25.73506249755519,-66.052883772114],[-18.872464045831293,-55.046751851601584],[-34.66522087496196,-45.199630792420066],[-41.62409172344269,-56.360130973218475],[-49.693934297753,-51.32840863261663],[-38.35263235756429,-33.13937172298756]],[[-18.8724693583505,-55.04674808305396],[-18.87246935835046,-55.046748083053984],[-18.872469358350536,-55.046748083053934],[-18.872469358350575,-55.04674808305391],[-18.8724693583505,-55.04674808305396]],[[-19.690995939642473,-49.33688103242739],[-19.690995939642452,-49.3368810324274],[-19.690995939642423,-49.33688103242741],[-19.690995939642445,-49.3368810324274],[-19.690995939642473,-49.33688103242739]]]}},{"type":"Feature","properties":{"id":"bldg_cc366cbd-b613-4d2b-b40d-c2b0fe183690","kind":"building","zmin":3.389,"zmax":6.753},"geometry":{"type":"Polygon","coordinates":[[[-39.79903072522575,-105.54221961351868],[-31.41287579702839,-110.9226190320187],[-34.45400025750132,-115.66272000331082],[-42.840154316163535,-110.28232147262315],[-39.79903072522575,-105.54221961351868]]]}},{"type":"Feature","properties":{"id":"bldg_bd1119ac-16f0-4954-85d3-33fda95bb99a","kind":"building","zmin":0.545,"zmax":7.623},"geometry":{"type":"Polygon","coordinates":[[[-24.251904566852318,-83.47466179269395],[-24.25050801740872,-83.4754132628077],[-19.833436837529007,-86.20936686096684],[-25.437807926584355,-95.2637561619922],[-25.439203347552393,-95.26299348181783],[-29.85626845787192,-92.52904164301435],[-24.251904566852318,-83.47466179269395]]]}},{"type":"Feature","properties":{"id":"bldg_c9cace17-c7b2-4b81-8b8e-b9445f0a687d","kind":"building","zmin":0.689,"zmax":20.238},"geometry":{"type":"Polygon","coordinates":[[[-37.395008808020066,-115.74343541204144],[-37.39262401643282,-115.74478307249228],[-34.06771815737011,-117.87309761293727],[-35.265956916955474,-119.74499348241079],[-24.605323122825858,-126.56893536984093],[-23.968941023831576,-125.57475219338085],[-23.96465990696379,-125.57717812356714],[-19.386134197924548,-128.5079221324704],[-19.74450645597244,-129.06778646301973],[-18.21284218661458,-130.04823054219014],[-20.068205456253054,-132.94668632231333],[-20.070217855402007,-132.94553891408577],[-21.59990119748271,-131.96636278364113],[-22.30544862437455,-133.06859887225437],[-22.309734567974374,-133.06615110156417],[-23.243877643066337,-132.46819995976665],[-25.39942354791492,-135.8356848525582],[-21.2435391370891,-138.49584052360296],[-22.32900605724717,-140.19161043247732],[-22.33123622727726,-140.19032593262818],[-26.88099605370403,-137.27805260472599],[-27.4067832666733,-138.099459592333],[-27.409959796561452,-138.09762822176708],[-43.838646227814024,-127.58151411254948],[-43.49766777745919,-127.04882296164321],[-44.30217259648634,-126.53384568297042],[-37.395008808020066,-115.74343541204144]]]}},{"type":"Feature","properties":{"id":"bldg_522aabb3-381d-4d0a-b383-d27b0ad2c8f8","kind":"building","zmin":3.231,"zmax":9.787},"geometry":{"type":"Polygon","coordinates":[[[-40.18444587695922,-104.31650459214143],[-36.36934922766159,-97.92686966337351],[-27.595217395752115,-103.16554996162449],[-31.410302067808516,-109.55518357209803],[-40.18444587695922,-104.31650459214143]]]}},{"type":"Feature","properties":{"id":"bldg_f83adbab-271a-468c-b8d1-a2c5374b05b5","kind":"building","zmin":2.024,"zmax":46.119},"geometry":{"type":"Polygon","coordinates":[[[-156.6806500273742,-316.13030328163586],[-145.50359505701272,-298.6105319236449],[-141.8512392471057,-292.8684114419011],[-117.25279066688017,-308.5606380226018],[-132.0900891160345,-331.8177963335693],[-156.6806500273742,-316.13030328163586]]]}},{"type":"Feature","properties":{"id":"bldg_3b6c956b-b179-4235-a58d-4767fbd1acbb","kind":"building","zmin":-0.182,"zmax":23.738},"geometry":{"type":"Polygon","coordinates":[[[-188.0474864438196,-253.41029620111766],[-183.22417444245244,-246.06574110214677],[-183.22307654744145,-246.05963280254218],[-174.46380165732626,-232.72170728256606],[-173.24514104652917,-232.38804643249023],[-156.03591402656457,-243.63584266237012],[-156.0316530461132,-243.63887095163227],[-155.75008227784565,-244.6376018609808],[-155.969665377801,-245.2775258825859],[-165.34585077736483,-259.6230940517635],[-166.56927305706267,-259.8076072224503],[-166.57350060575845,-259.80452740252804],[-168.62474403073756,-258.30649705450486],[-171.31739043770358,-262.32299730359955],[-170.76820351725837,-262.8785812424685],[-170.7043225671332,-263.968618552266],[-178.75186146601482,-276.2813034728024],[-179.5514294068489,-276.44776670126885],[-180.3299189873178,-276.48492656265444],[-195.04449156680857,-266.86758205446677],[-195.0486287672502,-266.86447972181486],[-195.6527790076252,-265.8027979540784],[-195.60396515455795,-264.91226325287425],[-188.05310456656662,-253.41441449273407],[-188.0474864438196,-253.41029620111766]],[[-186.90931638050665,-252.27372208384574],[-186.9093163805067,-252.2737220838458],[-186.9093163805067,-252.27372208384583],[-186.90931638050665,-252.27372208384577],[-186.90931638050665,-252.27372208384574]],[[-174.09228546942174,-233.73722439735994],[-174.09228546942165,-233.73722439735982],[-174.0922854694217,-233.73722439735988],[-174.09228546942174,-233.73722439735994]],[[-155.75827081799878,-244.64629554841665],[-155.75827081799875,-244.64629554841662],[-155.75827081799875,-244.6462955484166],[-155.75827081799878,-244.64629554841662],[-155.75827081799878,-244.64629554841665]]]}},{"type":"Feature","properties":{"id":"bldg_add04757-10bc-46b1-a53d-48b226ccfdd2","kind":"building","zmin":3.254,"zmax":33.686},"geometry":{"type":"Polygon","coordinates":[[[-213.6358155170965,-117.22575887318817],[-211.2288354972843,-113.51678736292524],[-207.76221354709924,-117.51819348352728],[-210.16919356484868,-121.2271500720235],[-213.6358155170965,-117.22575887318817]]]}},{"type":"Feature","properties":{"id":"bldg_627d16a6-6ea1-45c9-9d3e-241761f46b7d","kind":"building","zmin":3.117,"zmax":17.914},"geometry":{"type":"Polygon","coordinates":[[[-279.2368814576839,-267.7469223318694],[-254.23130755771854,-227.81275166284468],[-249.1923887071971,-230.96791959225084],[-274.19795428593716,-270.9020941730414],[-279.2368814576839,-267.7469223318694]]]}},{"type":"Feature","properties":{"id":"bldg_8b2be5b4-a0c2-46ab-8e6f-43807a1763d9","kind":"building","zmin":2.924,"zmax":52.193},"geometry":{"type":"Polygon","coordinates":[[[-319.1840033058761,99.11671724780899],[-295.1769086375134,84.75638613716728],[-317.85175159748906,46.80115266674693],[-334.1197291174758,56.519823517563054],[-329.0279047673721,65.04349320685287],[-336.7887136168283,69.68561643685098],[-319.1840033058761,99.11671724780899]]]}},{"type":"Feature","properties":{"id":"bldg_f37a0539-1b14-4b7b-ac0d-93da8027b3fb","kind":"building","zmin":2.674,"zmax":5.729},"geometry":{"type":"Polygon","coordinates":[[[-233.06072076752025,-240.21783144290384],[-230.52345218787377,-236.1194692441204],[-225.76802747601323,-239.0635089724965],[-228.30529628684963,-243.16187147240998],[-233.06072076752025,-240.21783144290384]]]}},{"type":"Feature","properties":{"id":"bldg_841d4376-afdb-4652-9a30-74ae4f67ed9d","kind":"building","zmin":1.95,"zmax":39.555},"geometry":{"type":"Polygon","coordinates":[[[-268.9676000272011,91.76357148684474],[-261.7752002355519,104.04040212718246],[-260.9032817969746,104.856312976357],[-259.5238747357798,105.28795918694959],[-258.4213685377181,105.15154838709714],[-258.41629993789684,105.14908036703855],[-251.85196773574717,101.358915047138],[-251.61452618608018,101.02500148749823],[-251.55059384768174,100.61858308748924],[-251.84426922759667,100.04923481821606],[-250.47267172619684,99.24115724112468],[-249.88503268744898,99.65572280655033],[-249.01813178677912,99.87135494739778],[-247.95958875574797,99.49982792699302],[-247.95222256663692,99.49623771657934],[-247.2786864473419,98.81785413702164],[-247.1226887667508,97.94718515743443],[-247.2999843840371,97.2155794276332],[-256.7906333772735,81.10818714772904],[-256.7954829778828,81.11063972717238],[-261.84351637626605,84.18069926709722],[-261.4525020799862,84.82088216809846],[-262.47088605226594,85.41770767609658],[-262.64621897737015,85.1874062170391],[-262.9883484261409,84.99499746742367],[-263.3049664338978,85.00313602671667],[-263.3100150557366,85.00568673715316],[-268.3273955149598,88.02059742798883],[-268.8045531145872,88.6503477671431],[-269.18667644747984,89.54550775734242],[-269.23901769782606,90.75791641679825],[-268.9676000272011,91.76357148684474]],[[-251.31738926437777,90.64112826774438],[-251.31738926437774,90.64112826774445],[-251.3173892643778,90.64112826774432],[-251.31738926437777,90.64112826774438]],[[-247.94777118206986,99.48792530223734],[-247.94777118206989,99.48792530223741],[-247.9477711820699,99.48792530223744],[-247.94777118206989,99.48792530223737],[-247.94777118206986,99.48792530223734]]]}},{"type":"Feature","properties":{"id":"bldg_89f40e29-e1db-447a-af54-e2b2cb3e23c1","kind":"building","zmin":1.637,"zmax":53.011},"geometry":{"type":"Polygon","coordinates":[[[-230.62048418608902,-319.51670204286347],[-215.55543791581294,-296.1336847220955],[-186.63681227729103,-314.7645320012525],[-201.7018542163969,-338.1475784431532],[-230.62048418608902,-319.51670204286347]]]}},{"type":"Feature","properties":{"id":"bldg_6de49632-e1c6-4fab-9a99-8d6b639cb550","kind":"building","zmin":2.558,"zmax":17.497},"geometry":{"type":"Polygon","coordinates":[[[-275.2040637651371,-274.40492365274986],[-271.50804132583653,-268.52637872242485],[-272.2011021472972,-268.0906353222381],[-249.2973778558553,-231.66219228252885],[-248.6043518071565,-232.09791324278922],[-246.455709015303,-228.6804796522847],[-233.8440817257615,-236.60969135297637],[-241.1084083860551,-248.1636672235254],[-231.79916569649504,-254.01653608210472],[-235.6111907945342,-260.0796491936562],[-235.6112005658615,-260.07964587213064],[-242.10981990422923,-255.99386057527914],[-247.2677031358253,-264.19758484304475],[-250.07837158776238,-262.4304732826349],[-262.59241121787636,-282.33416467251664],[-275.2040637651371,-274.40492365274986]],[[-241.10841214072315,-248.16367319535826],[-241.10841214072312,-248.16367319535826],[-241.10841214072312,-248.16367319535823],[-241.10841214072315,-248.16367319535826]],[[-251.41159273923984,-262.8097227143373],[-251.41159273923986,-262.80972271433734],[-251.41159273923984,-262.80972271433734],[-251.4115927392398,-262.8097227143373],[-251.41159273923984,-262.8097227143373]],[[-257.903559807132,-246.88836337261543],[-257.9035598071322,-246.88836337261566],[-257.90355980713224,-246.88836337261574],[-257.903559807132,-246.88836337261543]],[[-265.4426152309005,-258.8792795099399],[-265.4426152309001,-258.8792795099393],[-265.44261523090046,-258.87927950993975],[-265.4426152309007,-258.87927950994015],[-265.4426152309005,-258.8792795099399]]]}},{"type":"Feature","properties":{"id":"bldg_1510e06c-b3d7-4955-9a51-a96bd7a37c38","kind":"building","zmin":3.402,"zmax":96.364},"geometry":{"type":"Polygon","coordinates":[[[-319.011602217015,225.74722518638737],[-319.01164256745324,225.7472506679187],[-312.6766006259095,236.75123412693938],[-309.6708763874303,235.02080459673743],[-309.2157888278307,235.79840342692478],[-296.3162880675991,228.273369036644],[-295.4002368869369,229.8383945271853],[-257.7312429069243,207.7897376075489],[-258.614950423711,206.2799869261289],[-245.22258579799018,198.46747440795298],[-245.61721934609523,197.79317351608188],[-243.17664260695528,196.3787583365629],[-249.04456524749548,186.2537949566613],[-249.04459857792972,186.25381141797698],[-250.06145024494202,186.84316141233597],[-255.35068913668874,177.72295038691664],[-256.85354798654225,178.5939278761798],[-263.76498139795876,166.78452694751468],[-285.6510673260527,179.60485365680506],[-288.0881168172782,175.440428398535],[-308.40067764507694,187.32746732779196],[-305.95860775644906,191.50050767663924],[-327.6907303873377,204.23064681827964],[-316.0844858476617,224.06200075254716],[-319.011602217015,225.74722518638737]],[[-299.0319159447083,227.6948385475075],[-299.0319159447084,227.6948385475075],[-299.0319159447083,227.69483854750746],[-299.03191594470826,227.69483854750746],[-299.0319159447083,227.6948385475075]],[[-273.1241608130787,179.16510144772946],[-273.1241608130786,179.16510144772943],[-273.12416081307856,179.16510144772943],[-273.1241608130787,179.16510144772946]],[[-289.53351644688496,185.27633691782083],[-289.53351644688485,185.27633691782077],[-289.5335164468849,185.27633691782083],[-289.533516446885,185.27633691782088],[-289.53351644688496,185.27633691782083]]]}},{"type":"Feature","properties":{"id":"bldg_cbb0fd74-3743-42f2-9692-2679be6a3f78","kind":"building","zmin":2.257,"zmax":21.8},"geometry":{"type":"Polygon","coordinates":[[[36.124292848890036,10.976738972189196],[39.12960224935523,15.52457250119187],[44.33496442747855,23.401671828178223],[51.632732583781035,20.515953731985064],[58.583231560201966,17.767554462836415],[48.63323155849139,2.7105544621954323],[42.37876220403996,6.843646716493822],[36.124292848890036,10.976738972189196]]]}},{"type":"Feature","properties":{"id":"bldg_c747c4e6-ebd5-4249-a66d-cafdfb77e185","kind":"building","zmin":2.333,"zmax":33.24},"geometry":{"type":"Polygon","coordinates":[[[4.557509485879564,15.97255853646493],[6.728062628950283,19.567077836989483],[8.124311803454475,18.723951739455515],[11.150777284445212,23.735894716031908],[9.8542315602499,24.504554461542284],[12.426808348522172,28.76484034737223],[13.717043874890805,27.98573066935205],[13.951231562528847,28.373554461824824],[14.110431900604453,28.277421220976976],[16.638231558732514,32.46355446270172],[23.198292679222504,28.502256692692754],[20.670493017580156,24.316123451688327],[31.558231560946297,17.741554462714703],[23.560758658713894,4.497432437718089],[15.968116638832726,9.082254948669288],[10.065816245805763,12.646363416613895],[9.025488781553577,13.274565927233198],[6.719932833639177,14.666777593796724],[5.910635799733427,15.155472207603452],[4.557509485879564,15.97255853646493]]]}},{"type":"Feature","properties":{"id":"bldg_0daf1be6-ea91-4478-a165-fbd1753933d9","kind":"building","zmin":2.589,"zmax":16.927},"geometry":{"type":"Polygon","coordinates":[[[20.16329943708479,-11.07800202629005],[25.12894918654638,-3.5608836148676346],[27.289461927168304,-0.2902481665441883],[32.099299438072194,6.990997973785852],[39.705533754098724,1.9664801359540434],[27.76953375352241,-16.10251986482035],[20.16329943708479,-11.07800202629005]]]}},{"type":"Feature","properties":{"id":"bldg_2640de94-bdbe-4f48-8d27-5bad21392bc9","kind":"building","zmin":1.67,"zmax":9.507},"geometry":{"type":"Polygon","coordinates":[[[68.0960210625235,65.70613000583398],[69.59304393391722,67.81441849509429],[71.21345180661956,70.0964726416205],[71.98623643287283,71.18480132464174],[72.75902105914429,72.27313000554568],[77.73553375509437,68.73948013540212],[76.19860890734708,66.57499687172094],[74.63537744405767,64.37346544722095],[73.07253375436994,62.172480135683145],[68.0960210625235,65.70613000583398]]]}},{"type":"Feature","properties":{"id":"bldg_e274e5c9-3ee6-4c4a-a9f6-c69c0a31049f","kind":"building","zmin":1.827,"zmax":7.633},"geometry":{"type":"Polygon","coordinates":[[[57.13253375464774,49.24648013572005],[59.28953375416313,52.66148013583006],[61.72747537388932,56.04510314276558],[65.78847537374531,53.11910314320994],[66.18453375488025,53.74248013523902],[67.85722538002301,52.59428512851446],[62.96748229008517,45.333916097311885],[57.13253375464774,49.24648013572005]]]}},{"type":"Feature","properties":{"id":"bldg_c7f2eff3-f487-44ad-8564-e077aa89960c","kind":"building","zmin":2.434,"zmax":17.418},"geometry":{"type":"Polygon","coordinates":[[[-67.34875740304778,21.289687025557214],[-71.73376844045197,13.971554463438224],[-84.70276844114414,21.74255446150346],[-87.39315719059232,23.35463025707577],[-85.20065167302891,27.013696537775104],[-83.00814615405761,30.672762819180207],[-80.31775740445664,29.060687025732477],[-67.34875740304778,21.289687025557214]]]}},{"type":"Feature","properties":{"id":"bldg_04670063-1b50-4a0f-aff8-7a3b8a095c39","kind":"building","zmin":1.901,"zmax":7.135},"geometry":{"type":"Polygon","coordinates":[[[67.02705346563744,47.415988589702465],[64.8048279178438,44.101903103925],[62.96748229008517,45.333916097311885],[67.85722538002301,52.59428512851446],[69.11233816919048,54.45789674887055],[72.61372847996245,52.178662173355406],[78.49935664183067,48.23211543919024],[74.56353375534309,42.36248013590375],[68.67790559151035,46.30902687008347],[67.02705346563744,47.415988589702465]]]}},{"type":"Feature","properties":{"id":"bldg_0810981b-47e3-4809-b576-618afefa1cee","kind":"building","zmin":2.665,"zmax":17.813},"geometry":{"type":"Polygon","coordinates":[[[-26.899768441049673,-13.563445536470681],[-22.547544220062264,-6.494538667880988],[0.5237839605579211,-20.69922337163007],[10.23635874915999,-26.679115880026075],[14.978904965799302,-18.97624584139703],[22.134609706165065,-23.381910258583957],[15.63989824363307,-33.930656865508354],[8.368231562079018,-35.27744553754019],[-26.899768441049673,-13.563445536470681]]]}},{"type":"Feature","properties":{"id":"bldg_18564144-4d54-46b6-8ad7-bcd202a15f9e","kind":"building","zmin":2.489,"zmax":15.455},"geometry":{"type":"Polygon","coordinates":[[[-40.59937048556094,4.270778470861842],[-24.76237048663097,-5.342221528662776],[-29.001768440670276,-12.326445537801192],[-44.83876844121187,-2.7134455375708058],[-40.59937048556094,4.270778470861842]]]}},{"type":"Feature","properties":{"id":"bldg_0ed0261c-f1fe-4438-aed9-2d72b5d47c84","kind":"building","zmin":1.639,"zmax":6.753},"geometry":{"type":"Polygon","coordinates":[[[85.42071980959736,57.637675063786446],[75.86153375308277,63.83748013580771],[81.2375337544654,72.12648013533908],[90.79671981386491,65.92667506402358],[85.42071980959736,57.637675063786446]]]}},{"type":"Feature","properties":{"id":"bldg_11a9173f-6acd-4f74-b6e0-9354dde5d08e","kind":"building","zmin":1.686,"zmax":9.054},"geometry":{"type":"Polygon","coordinates":[[[-97.24376844061771,170.92955446316046],[-99.67376844056707,177.4285544621598],[-101.74226844161967,183.1150544613629],[-103.81076844009658,188.80155446269055],[-96.64676844163478,191.34455446290667],[-89.48276843775602,193.88755446171126],[-85.88476843912576,183.11655446176155],[-80.24276844166161,170.47055446213926],[-106.96776844158012,147.6385544611985],[-114.32376844100872,156.1765544614973],[-112.11076844063427,158.15655446166056],[-97.24376844061771,170.92955446316046]]]}},{"type":"Feature","properties":{"id":"bldg_60133bf8-eaa5-47b6-b2c0-e0e27536cb66","kind":"building","zmin":2.299,"zmax":5.408},"geometry":{"type":"Polygon","coordinates":[[[-92.25576844018724,32.76655446235236],[-88.06473060017015,30.225846131666913],[-90.8905214213737,25.564549075454124],[-95.08155926196196,28.10525740613957],[-92.25576844018724,32.76655446235236]]]}},{"type":"Feature","properties":{"id":"bldg_327ac16d-98e8-46f4-b890-31b36101c58e","kind":"building","zmin":1.901,"zmax":9.966},"geometry":{"type":"Polygon","coordinates":[[[59.270905590346956,32.280026869302674],[62.39096586386586,36.93308582150348],[60.740113733703765,38.04004753971094],[64.8048279178438,44.101903103925],[67.02705346563744,47.415988589702465],[68.67790559151035,46.30902687008347],[74.56353375534309,42.36248013590375],[65.1565337527718,28.333480135137506],[59.270905590346956,32.280026869302674]]]}},{"type":"Feature","properties":{"id":"bldg_24f938db-114c-4275-bdc7-efbc8904a605","kind":"building","zmin":2.695,"zmax":7.766},"geometry":{"type":"Polygon","coordinates":[[[15.968116638832726,9.082254948669288],[8.807231560218497,-2.7764455381475273],[-0.4409522438108979,2.8080771069944603],[6.719932833639177,14.666777593796724],[10.065816245805763,12.646363416613895],[15.968116638832726,9.082254948669288]]]}},{"type":"Feature","properties":{"id":"bldg_96f67c5a-8a55-4a99-abec-0651d92cc037","kind":"building","zmin":1.932,"zmax":8.449},"geometry":{"type":"Polygon","coordinates":[[[64.8048279178438,44.101903103925],[57.686170838387625,33.48559182901954],[50.01387667482413,38.63016886081459],[57.13253375464774,49.24648013572005],[62.96748229008517,45.333916097311885],[64.8048279178438,44.101903103925]]]}},{"type":"Feature","properties":{"id":"bldg_9ee2bcca-e548-4d9e-a4c2-95a94319bb49","kind":"building","zmin":1.837,"zmax":7.021},"geometry":{"type":"Polygon","coordinates":[[[78.95253375263565,48.91748013454344],[71.99153375282549,53.29148013659142],[69.4571614832821,54.88397321253433],[73.03453154710951,60.57717691821745],[75.56890381625999,58.984683840863],[79.04940381702545,56.797683840552054],[82.52990381603013,54.610683840932325],[78.95253375263565,48.91748013454344]]]}},{"type":"Feature","properties":{"id":"bldg_576f2aa9-7373-4f17-aa6f-2e61bdf70ac2","kind":"building","zmin":3.757,"zmax":103.207},"geometry":{"type":"Polygon","coordinates":[[[136.14155865232897,-247.75068151309824],[136.14654866341152,-247.75282684319245],[138.85237947843177,-249.4436382341963],[167.7231365525913,-267.47394911319134],[167.7310639632924,-267.4773242627125],[191.92052264304948,-282.6917176829302],[191.920197473396,-282.6923210801935],[193.63658295657243,-283.77187247979845],[211.0106676624273,-294.69370257227274],[211.01753107260447,-294.696582593082],[221.4200339431336,-301.23832407349255],[215.82359828613377,-311.45883116887984],[215.82513824320267,-311.45967440187815],[204.28858408603992,-332.5283405921873],[204.28690048310455,-332.5276812426673],[200.35118618382694,-339.715291282635],[200.34946019206419,-339.714625670174],[199.63349347235635,-341.02545259217004],[199.6294374240024,-341.02389283185767],[115.19639063219438,-294.79082479322824],[134.89395598387273,-250.55067641293863],[136.14155865232897,-247.75068151309824]],[[191.91615706317023,-282.68978036194807],[191.91615706317006,-282.689780361948],[191.9161570631703,-282.6897803619481],[191.9161570631704,-282.6897803619482],[191.91615706317023,-282.68978036194807]],[[215.8155444100308,-311.45230521006516],[215.81554441003084,-311.4523052100652],[215.81554441003084,-311.45230521006516],[215.8155444100308,-311.45230521006516]]]}},{"type":"Feature","properties":{"id":"bldg_0efcebb8-be4d-42d0-99e9-d55da9d6b692","kind":"building","zmin":3.826,"zmax":39.207},"geometry":{"type":"Polygon","coordinates":[[[16.799718243848474,-298.63562469391763],[30.43720347292401,-278.31168382289616],[51.33088092339676,-292.33145349223196],[37.693396223301534,-312.65539453290694],[16.799718243848474,-298.63562469391763]],[[32.32909090855406,-287.2660262749764],[32.32909090855405,-287.26602627497635],[32.32909090855404,-287.26602627497635],[32.32909090855406,-287.2660262749764]]]}},{"type":"Feature","properties":{"id":"bldg_74e4c817-e182-4eab-85bc-8424333e00d2","kind":"building","zmin":3.519,"zmax":22.471},"geometry":{"type":"Polygon","coordinates":[[[262.60324168341685,-308.759891482754],[256.84668792609955,-304.9844754230653],[261.77831075483846,-297.4649869423447],[277.7484163032932,-307.93892606255395],[273.37035407626536,-314.6143737917737],[263.15680593298595,-307.9158532710109],[262.603249953685,-308.7598873723764],[262.60324168341685,-308.759891482754]]]}},{"type":"Feature","properties":{"id":"bldg_3a0315eb-e305-4099-afc3-2ee7332fe924","kind":"building","zmin":2.848,"zmax":52.892},"geometry":{"type":"Polygon","coordinates":[[[103.86397800388659,-146.1970191121145],[129.49460522349545,-105.62193399161333],[130.95830250383005,-105.20094698172761],[179.54231691306995,-135.91486805360182],[179.89773382326894,-137.42093063254288],[154.12483240410802,-177.81808717262902],[152.661016943679,-178.23898257369729],[104.22400056405604,-147.56520796267432],[103.86397800388659,-146.1970191121145]],[[130.96567264829008,-105.20579922311259],[130.9656726482897,-105.20579922311235],[130.96567264828934,-105.20579922311211],[130.96567264828963,-105.20579922311231],[130.96567264829008,-105.20579922311259]]]}},{"type":"Feature","properties":{"id":"bldg_53748e94-fc98-4e6f-acac-8ab8a1e7873c","kind":"building","zmin":3.661,"zmax":7.821},"geometry":{"type":"Polygon","coordinates":[[[135.13323682472765,-248.74154274210014],[131.03528669297884,-246.5081967813312],[135.42592307411542,-239.6623245925657],[143.3569082728609,-244.7489112223775],[140.20193081428442,-249.66814648256695],[136.18944098240587,-247.09471122361407],[135.13323789257993,-248.7415411615657],[135.13323682472765,-248.74154274210014]]]}},{"type":"Feature","properties":{"id":"bldg_3a2169c9-74fc-4624-805c-ceabd41bab89","kind":"building","zmin":3.427,"zmax":26.82},"geometry":{"type":"Polygon","coordinates":[[[213.3435386729725,-255.94949378239107],[221.55798837427938,-243.0507737118387],[222.53025615275328,-241.52417437316035],[237.0052878732531,-250.7425123621506],[235.4255055928479,-253.22316186196986],[227.8185766163151,-265.16782280276675],[213.3435386729725,-255.94949378239107]]]}},{"type":"Feature","properties":{"id":"bldg_c54cb79e-30d2-40d4-a700-05b0ae189b01","kind":"building","zmin":2.159,"zmax":9.462},"geometry":{"type":"Polygon","coordinates":[[[235.53787304240177,-38.024201112632],[241.5563411163639,-42.111137761952705],[236.8787428822834,-48.99940580321709],[230.86027475342053,-44.912469073307875],[235.53787304240177,-38.024201112632]]]}},{"type":"Feature","properties":{"id":"bldg_ddb780df-5f91-4e37-9433-f597d26dca74","kind":"building","zmin":2.854,"zmax":5.272},"geometry":{"type":"Polygon","coordinates":[[[212.33822737263108,186.6377525685748],[215.75340689260338,184.38149110702943],[213.79323076591754,181.41439734850428],[211.1543613239628,183.15778366746235],[211.09477662206336,184.755556637494],[212.33822737263108,186.6377525685748]]]}},{"type":"Feature","properties":{"id":"bldg_eaad46ef-c092-45a0-86bf-2bb2cec0b0de","kind":"building","zmin":3.436,"zmax":33.363},"geometry":{"type":"Polygon","coordinates":[[[239.46461881354844,-273.91727740292845],[243.11029506303748,-276.3265039936232],[243.11029304493786,-276.32652440273523],[242.42401035383728,-277.36501880187427],[247.22234426363866,-280.5369637027907],[246.7965195539764,-281.1811275735017],[250.13454226276372,-283.38773184343154],[241.74857523319224,-296.07751756109064],[229.96585413617504,-288.29096656308684],[239.46461881354844,-273.91727740292845]],[[242.42408125750757,-277.36508237053755],[242.4240812575076,-277.36508237053755],[242.42408125750754,-277.3650823705375],[242.42408125750748,-277.36508237053744],[242.42408125750757,-277.36508237053755]],[[234.61827126174674,-286.3256291355946],[234.6182712617468,-286.3256291355947],[234.6182712617468,-286.3256291355946],[234.61827126174677,-286.3256291355946],[234.61827126174674,-286.3256291355946]],[[235.20906335492057,-283.6926059945537],[235.20906335492063,-283.69260599455373],[235.20906335492063,-283.6926059945537],[235.20906335492057,-283.6926059945537]]]}},{"type":"Feature","properties":{"id":"bldg_805d45d4-5b49-42a0-93c9-c31d07b4e7d9","kind":"building","zmin":3.603,"zmax":6.09},"geometry":{"type":"Polygon","coordinates":[[[48.465530972342094,-189.2332527828621],[43.044823963755334,-185.66057910238305],[44.492224162167986,-183.46447408173844],[49.91293112272979,-187.03714778202266],[48.465530972342094,-189.2332527828621]]]}},{"type":"Feature","properties":{"id":"bldg_f260dcad-6b06-4666-aaea-947249576460","kind":"building","zmin":3.656,"zmax":39.544},"geometry":{"type":"Polygon","coordinates":[[[-17.592604577570455,-245.39420485249138],[-12.235793326897692,-248.73966835215106],[-3.016841146727529,-254.4970837426663],[-22.1416590461522,-285.1198479831728],[-29.56892961644553,-280.48137815247173],[-29.568883666976035,-280.48130294275325],[-23.9176288622486,-271.432528939805],[-31.066179054647364,-266.96812576303637],[-17.592604577570455,-245.39420485249138]]]}},{"type":"Feature","properties":{"id":"bldg_1c240188-28af-4fa7-8bd8-3b02fae45cda","kind":"building","zmin":3.566,"zmax":86.153},"geometry":{"type":"Polygon","coordinates":[[[75.8745709921568,-246.07064146331686],[75.87460836319588,-246.0706236116166],[79.63410286904808,-248.11223723255003],[83.57368424309607,-241.30678024341614],[80.73304110401295,-239.66236596355884],[88.85358065307446,-225.6344840830643],[89.95763547632669,-226.27360826211225],[92.81581715198627,-221.0104381132187],[99.89884239238017,-224.856913792275],[99.52302098353175,-225.54896640290826],[100.37314100524932,-226.01062581449258],[101.96369855389639,-223.08171395209501],[101.96381368401853,-223.0815289121747],[112.36837645557738,-228.73174788293628],[112.48117316299977,-228.63680032275442],[112.48141009337269,-228.63668679284456],[112.72398440597681,-228.9248615019169],[119.14690814210553,-232.41284328223264],[91.95738008261105,-282.4806574717586],[67.44465995412975,-269.168974643173],[77.49338296255155,-251.810238582264],[73.83619728278063,-249.82418436236185],[75.8745709921568,-246.07064146331686]],[[80.44504031630548,-258.06912861843114],[80.4450403163055,-258.06912861843114],[80.44504031630548,-258.0691286184311],[80.44504031630547,-258.0691286184311],[80.44504031630548,-258.06912861843114]],[[83.94423561494409,-265.489054431093],[83.9442356149441,-265.48905443109305],[83.94423561494415,-265.48905443109305],[83.94423561494412,-265.489054431093],[83.94423561494409,-265.489054431093]],[[83.94424119822831,-265.4890662702592],[83.94424119822833,-265.48906627025923],[83.94424119822835,-265.48906627025923],[83.94424119822833,-265.4890662702592],[83.94424119822831,-265.4890662702592]],[[88.85447641988057,-238.99928160788494],[88.85447641988056,-238.99928160788494],[88.85447641988054,-238.99928160788497],[88.85447641988057,-238.99928160788494]]]}},{"type":"Feature","properties":{"id":"bldg_3cffe9be-305e-433b-ba87-a40e76293db4","kind":"building","zmin":3.406,"zmax":7.12},"geometry":{"type":"Polygon","coordinates":[[[200.74722706386092,-208.022786152731],[203.59903980330637,-210.07477927175933],[201.57089283302412,-212.89345486316597],[198.71908009513209,-210.8414617434246],[200.74722706386092,-208.022786152731]]]}},{"type":"Feature","properties":{"id":"bldg_0294f7ec-9418-4a8f-a8aa-1846c03e70fe","kind":"building","zmin":3.403,"zmax":36.185},"geometry":{"type":"Polygon","coordinates":[[[247.13252788353566,-290.13210266299575],[250.68936373341057,-284.654507312378],[251.0142609241375,-284.86547722241085],[252.36220450256224,-282.7896171022221],[256.38655785285664,-285.4028045627274],[257.3477389026666,-283.9225673128967],[261.47688077359635,-286.60379920368723],[260.29422600381804,-288.42511024329724],[264.30629436525123,-291.03032052164053],[262.2749852639302,-294.15857559070815],[256.03208095642026,-303.77294984274664],[254.79524715472144,-305.677760223909],[242.30478709415183,-297.5671600932983],[247.13252788353566,-290.13210266299575]],[[256.38651984228954,-285.4028007609798],[256.38651984228943,-285.40280076097974],[256.3865198422894,-285.40280076097974],[256.38651984228943,-285.4028007609798],[256.38651984228954,-285.4028007609798]],[[251.08535573979717,-285.25681570745456],[251.08535573979714,-285.2568157074545],[251.0853557397971,-285.2568157074545],[251.08535573979714,-285.25681570745456],[251.08535573979717,-285.25681570745456]]]}},{"type":"Feature","properties":{"id":"bldg_7686c8b4-c57c-4c06-ac5e-313eca1bcf33","kind":"building","zmin":3.623,"zmax":22.381},"geometry":{"type":"Polygon","coordinates":[[[71.02925714277444,-221.08286605237663],[61.55031872532709,-235.83050004272081],[57.018432724271406,-232.91767238266038],[66.49735965205036,-218.17003104311152],[71.02925714277444,-221.08286605237663]],[[64.24040149690333,-226.22715855080534],[64.24040149690336,-226.2271585508053],[64.24040149690337,-226.22715855080529],[64.24040149690335,-226.2271585508053],[64.24040149690333,-226.22715855080534]]]}},{"type":"Feature","properties":{"id":"bldg_886b446e-a410-4832-b60e-034c8a449278","kind":"building","zmin":1.57,"zmax":27.121},"geometry":{"type":"Polygon","coordinates":[[[87.26251799478996,18.32978518703021],[101.11659641323786,39.03861212745687],[120.98946531238107,25.743831897169002],[116.71327802360247,19.351905807801813],[116.71325652330052,19.35191039743222],[114.74287901314769,20.670084826592284],[105.16238861278907,6.352380726559204],[87.26251799478996,18.32978518703021]]]}},{"type":"Feature","properties":{"id":"bldg_f65c7637-daf9-4855-bb93-aef8c82d01f9","kind":"building","zmin":3.47,"zmax":48.045},"geometry":{"type":"Polygon","coordinates":[[[-36.8202750661585,-294.38009301386774],[-30.29641336703935,-284.33783397336083],[-21.5509510260963,-290.0192466330118],[-19.200496117609873,-286.40247625223856],[-16.6468406067288,-288.0620325919808],[-15.958048695811158,-287.0758371824995],[-10.319511242240843,-291.0139838546638],[-9.79464242625545,-290.2624915726774],[-9.794610697230382,-290.26246611235547],[-3.7800564179015055,-294.4632472119338],[-7.191539417959575,-299.34771198222006],[-0.8436267168071936,-303.47157756236265],[-7.397135256731417,-313.5594730120356],[-12.05581126668767,-312.62735658221936],[-12.266853416156664,-312.9419036635736],[-34.43361293722046,-298.5414868818916],[-34.40039511627401,-298.49035439243744],[-34.615735586085066,-298.3541124829135],[-36.8202750661585,-294.38009301386774]]]}},{"type":"Feature","properties":{"id":"bldg_7aee4199-215f-487a-825b-cb7957214e96","kind":"building","zmin":2.22,"zmax":6.737},"geometry":{"type":"Polygon","coordinates":[[[196.7754953359945,-63.436504773453635],[225.76643298288764,-22.76884192214493],[234.57362618396292,-29.047250882525987],[205.58268905284785,-69.71491439333477],[196.7754953359945,-63.436504773453635]]]}},{"type":"Feature","properties":{"id":"bldg_9b7220c3-96c8-436b-b840-14d5cd47f1f3","kind":"building","zmin":3.131,"zmax":20.283},"geometry":{"type":"Polygon","coordinates":[[[103.52022615255191,-117.88056107178272],[108.54522054240442,-121.06029462279548],[101.24377807391647,-132.59887908289238],[96.21878361267227,-129.41914546260523],[103.52022615255191,-117.88056107178272]]]}},{"type":"Feature","properties":{"id":"bldg_75af61b2-1226-4d89-ada0-b325eadbe735","kind":"building","zmin":2.998,"zmax":43.639},"geometry":{"type":"Polygon","coordinates":[[[-92.68486461712018,-321.5722075938829],[-73.02739657455459,-291.6124975231214],[-49.45097497727693,-307.08165451295645],[-52.63423678666004,-311.9332255434929],[-45.55861638729402,-316.57581577348174],[-42.2543049865526,-318.74393513256655],[-55.3144751161708,-338.64647526181943],[-58.6178766079247,-336.47895411327045],[-65.69334834521942,-331.8364606330797],[-69.10844444583199,-337.04136764370924],[-92.68486461712018,-321.5722075938829]]]}},{"type":"Feature","properties":{"id":"bldg_d59788d9-419f-44c6-918d-1ef0f3327ae2","kind":"building","zmin":1.221,"zmax":9.413},"geometry":{"type":"Polygon","coordinates":[[[114.93231439325973,63.161945406740415],[132.08127546344622,51.84776920670265],[120.64232507363704,34.509747956755746],[103.49336356458662,45.82392419708776],[114.93231439325973,63.161945406740415]]]}},{"type":"Feature","properties":{"id":"bldg_0f44abd5-d61f-4afe-a7c6-74c6b4bd3799","kind":"building","zmin":2.783,"zmax":14.282},"geometry":{"type":"Polygon","coordinates":[[[98.97241945579299,-141.81903160225193],[136.19258359318337,-82.83271743330988],[164.59045895314193,-100.75163896245067],[153.2778656829687,-118.67977664204227],[131.3090427332827,-104.81755590178363],[129.31656439329223,-105.28071333595432],[104.18548269379608,-145.10831610315654],[104.18541119297879,-145.1084042328148],[98.97241945579299,-141.81903160225193]],[[104.18547132789281,-145.10830893132652],[104.18547132789281,-145.1083089313265],[104.1854713278928,-145.10830893132652],[104.18547132789281,-145.10830893132652]]]}},{"type":"Feature","properties":{"id":"bldg_96004ed0-3baa-4174-aacb-1119fb809cdd","kind":"building","zmin":0.943,"zmax":4.373},"geometry":{"type":"Polygon","coordinates":[[[113.2089289421674,0.4845869167620549],[106.692558164199,4.760533437656704],[107.95549184309493,6.685193637342309],[114.4718626123431,2.409247106545081],[113.2089289421674,0.4845869167620549]]]}},{"type":"Feature","properties":{"id":"bldg_448536dd-ffb5-4575-8da3-1b23f6c558c3","kind":"building","zmin":3.537,"zmax":33.808},"geometry":{"type":"Polygon","coordinates":[[[32.68889073333412,-197.73524700205598],[40.524791352472675,-185.17488547191897],[41.4768741634216,-185.20166656162473],[61.752785332282656,-197.8824115229727],[62.33693687574487,-199.5365705022341],[62.186428546188836,-200.81488357250782],[51.56761730279686,-217.85955443210696],[50.90653784335882,-218.01358161212556],[41.372278182745504,-212.06551901344938],[41.37230728492432,-212.06546941320994],[47.42032006293844,-202.37095782439906],[40.72845803311945,-198.19615885881407],[38.683069922328286,-201.47476274175278],[38.68302808282169,-201.47476191189344],[32.68889073333412,-197.73524700205598]],[[61.75283853864268,-197.88277132605182],[61.75283853864267,-197.8827713260518],[61.75283853864268,-197.88277132605185],[61.75283853864268,-197.88277132605182]]]}},{"type":"Feature","properties":{"id":"bldg_9d51f6ed-413b-4e93-986a-a7ebf2d43b9e","kind":"building","zmin":3.553,"zmax":73.802},"geometry":{"type":"Polygon","coordinates":[[[94.97286541250287,-193.78354923333973],[88.18186506198253,-189.51513523345056],[98.32767526425596,-173.37332125219837],[103.72233220416092,-176.76407783151808],[105.17238118265959,-174.45707423304702],[139.36846304226128,-195.95067227369873],[137.9184124923886,-198.25767845361406],[143.1140558823099,-201.52334700183565],[132.96824190379994,-217.66516776256321],[126.18275525520949,-213.40021946214256],[124.73298105407957,-215.70678602292173],[93.52308550242014,-196.0901248115115],[94.97286541250287,-193.78354923333973]]]}},{"type":"Feature","properties":{"id":"bldg_2c372a27-d82f-4861-b637-03d0e3568e6e","kind":"building","zmin":0.196,"zmax":5.978},"geometry":{"type":"Polygon","coordinates":[[[134.2588259538461,50.227269775932655],[140.40069764412328,46.161022717577],[133.11652070391938,35.15866023630224],[126.974648902833,39.22490729749552],[134.2588259538461,50.227269775932655]]]}},{"type":"Feature","properties":{"id":"bldg_5cb2825f-4f8b-46bf-896d-77c71203c775","kind":"building","zmin":3.3,"zmax":7.432},"geometry":{"type":"Polygon","coordinates":[[[142.84205082354674,-172.96331141254632],[150.7466616034544,-177.96720144164283],[149.66522323380195,-179.67553869153198],[141.76061243348158,-174.67164864333608],[142.84205082354674,-172.96331141254632]]]}},{"type":"Feature","properties":{"id":"bldg_3282f3e2-ccb8-4103-80dd-5ed741904214","kind":"building","zmin":3.334,"zmax":37.993},"geometry":{"type":"Polygon","coordinates":[[[183.68040252355058,-234.72021353298624],[188.05190398438208,-227.6717206831745],[190.99746304625296,-222.92256005347008],[205.03962883297208,-231.6320022625514],[204.1146730035565,-233.12331979716527],[199.58249025685996,-240.43076738201762],[196.76279099349267,-244.97717592248955],[196.76276678261274,-244.977166661949],[196.50047114662448,-244.8144860127014],[195.20623531048878,-247.35433957970977],[198.48393865137615,-249.38718654693045],[198.48393895211484,-249.3871860620202],[201.48145213358293,-251.24625777125038],[201.48147231322582,-251.2462709626343],[201.4815174157593,-251.2463102123511],[201.20808602631934,-251.6871837758634],[206.50110613489778,-254.96989112487034],[207.55729852446663,-255.62493691122276],[207.5572990451401,-255.62493607169017],[210.79967051409767,-257.6358403140475],[210.79967791333547,-257.6358460728152],[210.7997419254134,-257.6358959423669],[203.31133376303842,-269.71038110294467],[173.461314463093,-251.1975322420185],[176.6937744422139,-245.9855995326434],[180.99530484421484,-239.04959374273312],[182.07150053567239,-237.31436438188393],[182.1572081927152,-237.17617163286195],[183.68040252355058,-234.72021353298624]],[[200.42307042767428,-261.7437812790585],[200.4230704276743,-261.74378127905857],[200.42307042767428,-261.74378127905845],[200.42307042767425,-261.7437812790584],[200.42307042767428,-261.7437812790585]],[[202.61726805513908,-263.7627929501034],[202.61726805513908,-263.76279295010335],[202.61726805513905,-263.76279295010335],[202.61726805513908,-263.7627929501034]]]}},{"type":"Feature","properties":{"id":"bldg_d91dc708-5e34-419c-9897-4cc20d809af0","kind":"building","zmin":3.359,"zmax":10.524},"geometry":{"type":"Polygon","coordinates":[[[-55.03988094485612,-253.11860252252518],[-50.92349766715779,-255.7126361029441],[-57.25764885683384,-265.7640855833379],[-61.374032227602584,-263.17005202271685],[-55.03988094485612,-253.11860252252518]]]}},{"type":"Feature","properties":{"id":"bldg_6799e2fb-a32d-402b-af2d-c7484659b6b4","kind":"building","zmin":3.533,"zmax":34.396},"geometry":{"type":"Polygon","coordinates":[[[263.5434856039901,-296.17002137149393],[265.566776382846,-292.98659643252904],[265.5667942334512,-292.9866076220933],[266.0438049865649,-293.28978204904297],[266.8585409882294,-292.0078847867947],[266.0001109938239,-291.46229117235634],[266.0000954942225,-291.4622728831091],[269.60534220335103,-285.7898147635642],[281.76634989217564,-293.51900463230413],[278.26884277570207,-300.96385012281826],[274.62648045586684,-304.14012277180154],[265.09373151208274,-298.08137939314474],[265.5129629238545,-297.4217650023711],[263.5434856039901,-296.17002137149393]],[[281.76579226399133,-293.51894810846585],[281.7657922639921,-293.51894810846596],[281.76579226399224,-293.51894810846596],[281.7657922639918,-293.5189481084659],[281.76579226399133,-293.51894810846585]]]}},{"type":"Feature","properties":{"id":"bldg_78250a80-b9ff-45fb-b5fe-d43ba5af9b31","kind":"building","zmin":3.116,"zmax":79.84},"geometry":{"type":"Polygon","coordinates":[[[27.39190607265482,-156.28243458310317],[21.096627182083466,-152.30827416230022],[30.260341333290853,-137.7924076632189],[35.2857788023357,-140.96492746362492],[41.12896607246148,-131.70900553299725],[86.06853268447958,-160.0789300618053],[71.88189440421775,-182.55132899226737],[28.212211009232572,-154.98306838589738],[27.391940414247074,-156.28242568163841],[27.39190607265482,-156.28243458310317]]]}},{"type":"Feature","properties":{"id":"bldg_d6649df0-c0cc-4ec4-ad77-0b63b4e0240f","kind":"building","zmin":3.796,"zmax":37.662},"geometry":{"type":"Polygon","coordinates":[[[4.269466303096124,-197.09367202343128],[17.501647845718253,-205.66458210250858],[21.415098122994095,-208.1994493721868],[6.51332307413395,-231.20561836224078],[-10.632310175733437,-220.09984155281563],[4.269466303096124,-197.09367202343128]]]}},{"type":"Feature","properties":{"id":"bldg_58dc2302-8220-47ac-99be-cd2905539fcf","kind":"building","zmin":3.84,"zmax":33.724},"geometry":{"type":"Polygon","coordinates":[[[26.67318204354524,-192.27498469173588],[31.42533274267771,-195.3340723020665],[27.480736762674496,-201.46184499277297],[22.728585934215516,-198.40275746372208],[26.67318204354524,-192.27498469173588]]]}},{"type":"Feature","properties":{"id":"bldg_109b82a5-ccae-400a-b764-6699cf8d1a85","kind":"building","zmin":3.436,"zmax":5.127},"geometry":{"type":"Polygon","coordinates":[[[213.90006998360332,-211.88158621290495],[217.04843946384062,-214.24935214283323],[212.3710674939466,-220.46876525344123],[209.22269796223554,-218.10099932209414],[213.90006998360332,-211.88158621290495]]]}},{"type":"Feature","properties":{"id":"bldg_96391f30-cff6-4787-b16f-8c6ff9635f15","kind":"building","zmin":2.798,"zmax":38.886},"geometry":{"type":"Polygon","coordinates":[[[209.37897853220878,-208.69119708686003],[206.92842335198293,-212.19324313215475],[206.9281536461458,-212.19322106333857],[186.2313191038338,-197.71060098169983],[204.70934677279365,-171.750882913002],[237.46234067275145,-195.06436839220987],[237.848866752116,-194.52133915359445],[239.48815613361512,-195.6881805324956],[240.361949995764,-195.0705718728277],[239.86716502448326,-193.98741572273866],[273.4477041522041,-178.64784509276797],[296.353451124749,-194.95208946173807],[295.10185823346546,-196.71044846251607],[298.4113089724,-199.06610589673798],[299.5897346637612,-197.41958264370624],[299.58988648367813,-197.41950222303421],[315.21627649223956,-208.60341210167826],[308.80564851390227,-217.56048855340487],[309.52492886330947,-218.0752822009672],[306.9868457060584,-221.62155022250226],[310.97351007300676,-224.47483198261762],[289.2032252941026,-254.89277424172906],[286.1630736138359,-252.71691792200727],[281.1070714112814,-259.50291402227816],[284.31313798246265,-261.6453579311783],[284.313185062947,-261.6454571627619],[282.52782118464893,-264.3171746414737],[267.31385338318796,-254.15048842288525],[239.50476010306375,-236.72125525257434],[240.0767155639005,-235.8911755126246],[219.25496370255132,-220.6711085129573],[221.6362949934737,-217.2682602629502],[209.37897853220878,-208.69119708686003]]]}},{"type":"Feature","properties":{"id":"bldg_13633d7f-aa07-4fe6-b6be-70f9d9d63f50","kind":"building","zmin":0.386,"zmax":12.483},"geometry":{"type":"Polygon","coordinates":[[[136.5422109531646,101.58824280752742],[137.38902094345394,101.7152876581531],[156.4899523937238,88.96854366735352],[156.54762268216655,88.29039691708749],[148.66726370520337,76.56786092752736],[148.05899674361353,76.48341556677042],[128.8356227322729,89.37889179660851],[128.83498990219596,90.05897972714592],[136.5422109531646,101.58824280752742]]]}},{"type":"Feature","properties":{"id":"bldg_19332410-cd96-430a-aed7-02dd727fc597","kind":"building","zmin":2.272,"zmax":44.965},"geometry":{"type":"Polygon","coordinates":[[[44.31689006373199,-112.62447861168766],[79.48962106299223,-56.596118093206314],[90.71459057454194,-63.64278570305032],[93.4271133120684,-59.32187640891065],[91.0152412540192,-57.80778671385633],[91.01523857223583,-57.80778310394089],[94.2655745133452,-52.630165113616385],[102.28852367510262,-57.66669450189511],[102.28852356421339,-57.666698152817844],[96.32566107777676,-67.16523167322198],[102.49102875252356,-71.03564721285511],[102.86917893788439,-70.44158247366214],[99.57142173364264,-68.34241210264008],[99.5714205825825,-68.34241007255332],[105.65294526366415,-58.78848309262685],[108.43058975290842,-60.21656086372968],[109.2869570637049,-58.871228712530865],[127.86801540224405,-70.6989056430175],[126.8173545124555,-72.3494683618701],[129.1317183630199,-73.82266471337789],[123.01403024267711,-83.91931406357617],[124.20077898311865,-84.66431597364863],[88.80278559199724,-141.05151713165833],[44.31689006373199,-112.62447861168766]]]}},{"type":"Feature","properties":{"id":"bldg_14471578-5705-4e34-bbf3-311eec78d18b","kind":"building","zmin":3.571,"zmax":45.521},"geometry":{"type":"Polygon","coordinates":[[[-19.160539207332477,-206.3630073329041],[-4.009166237447062,-182.5373564829424],[9.16403130306935,-190.91458115234127],[5.922378174036567,-196.0119994922934],[5.922321195172117,-196.01202546297282],[3.93623478198118,-194.74898826616453],[-11.48996692745277,-219.00630399375223],[-18.04320804618328,-214.83881867222954],[-19.160539207332477,-206.3630073329041]]]}},{"type":"Feature","properties":{"id":"bldg_822aabaa-046e-4033-83c8-ed1e3f96b656","kind":"building","zmin":3.577,"zmax":24.477},"geometry":{"type":"Polygon","coordinates":[[[224.5663913139033,-270.16713050218095],[225.28818417544244,-269.07815683228546],[226.28233784350596,-269.7371021323197],[227.59408063511,-267.7580670932366],[232.26481273414174,-270.853923472343],[231.15872453366683,-272.5226861124611],[231.8668023836217,-272.99201453282876],[231.63376958289518,-273.34359267329273],[236.25029831370557,-276.40352195378364],[235.58721384403543,-277.40392193270236],[235.86534152265813,-277.5882706231496],[229.78600625226318,-286.7602044814994],[218.0955344930444,-279.0115218337669],[224.1435398940739,-269.886855972989],[224.5663913139033,-270.16713050218095]]]}},{"type":"Feature","properties":{"id":"bldg_a7f1c861-b79b-4013-9924-f51331b25db0","kind":"building","zmin":3.57,"zmax":6.551},"geometry":{"type":"Polygon","coordinates":[[[-8.838025456443575,-285.1173417715836],[-6.038793127976533,-280.7671762721802],[1.0491580924353912,-285.3281152421987],[1.7834363926485821,-284.18700517319667],[10.062309063901921,-289.51427560324373],[6.52879861279871,-295.005551181559],[-8.838025456443575,-285.1173417715836]]]}},{"type":"Feature","properties":{"id":"bldg_061a3698-8f33-4f98-94a9-41946a305906","kind":"building","zmin":2.944,"zmax":6.946},"geometry":{"type":"Polygon","coordinates":[[[100.537457562692,-61.05113782197441],[103.14323656377019,-62.68695659265359],[101.8420350737033,-64.75970148284978],[99.23625507261386,-63.12388208236371],[100.537457562692,-61.05113782197441]]]}},{"type":"Feature","properties":{"id":"bldg_074240a2-40b8-4526-99d0-824301c34cad","kind":"building","zmin":3.665,"zmax":9.032},"geometry":{"type":"Polygon","coordinates":[[[-3.2008449751847365,-272.93205614367616],[5.344285566268809,-278.49720251277176],[1.1342007119819755,-284.9616486032028],[-7.410929607129219,-279.39650209202955],[-3.2008449751847365,-272.93205614367616]]]}},{"type":"Feature","properties":{"id":"bldg_58d07b70-8858-402b-a6d5-551a28b1f0b2","kind":"building","zmin":3.259,"zmax":35.134},"geometry":{"type":"Polygon","coordinates":[[[281.4236261434271,-292.9665448227679],[271.2616121139581,-286.39323736358347],[277.79177321347015,-276.29787646242767],[277.7957504832848,-276.2996789224999],[287.1446453821918,-282.34700031283865],[287.0300268433857,-284.30719395192864],[281.42759297414887,-292.96829920232994],[281.4236261434271,-292.9665448227679]]]}},{"type":"Feature","properties":{"id":"bldg_1066ac99-c57b-4e72-a31a-db4a393af2bd","kind":"building","zmin":3.712,"zmax":21.428},"geometry":{"type":"Polygon","coordinates":[[[70.13934615383914,-256.9714646326538],[64.48742418303664,-265.3621754632477],[63.70510376277525,-264.835207841963],[60.279431792368996,-269.9209168925081],[41.47398310646531,-257.25374091351114],[54.913723302779545,-237.30127514275227],[69.24859300513344,-246.9571120021792],[71.32796198370852,-243.8701146730018],[75.32105958414468,-246.55981512337894],[73.24168436527907,-249.64682174278278],[73.7191704025754,-249.96845195158676],[69.35699765215395,-256.4444780725098],[70.13934615383914,-256.9714646326538]]]}},{"type":"Feature","properties":{"id":"bldg_c1411159-27c4-464c-9864-530a6c8e7f52","kind":"building","zmin":3.309,"zmax":22.13},"geometry":{"type":"Polygon","coordinates":[[[238.91052721336746,-250.9794947426999],[253.60737410264846,-260.34020720275294],[252.48528901394457,-262.10194744405453],[252.48526867330293,-262.1019485319048],[251.64451476353955,-261.5664557538669],[246.07111867380445,-270.31701869326207],[237.35237889565622,-264.76388099432313],[236.53005584536731,-266.0549769717327],[236.530040462927,-266.05498477262154],[231.39270820553065,-262.78291629164596],[238.91052721336746,-250.9794947426999]]]}},{"type":"Feature","properties":{"id":"bldg_3ee3ec75-f777-4b72-927f-fc7cdbc3ac9a","kind":"building","zmin":3.284,"zmax":33.526},"geometry":{"type":"Polygon","coordinates":[[[247.21775783334306,-274.5482789333546],[253.9915240324517,-263.7562913833535],[273.39882594343726,-275.9376191936026],[265.53879245276767,-288.4602524218499],[246.1318255326696,-276.2791352023196],[247.21775783334306,-274.5482789333546]]]}},{"type":"Feature","properties":{"id":"bldg_29aba56e-19a3-458e-acf9-3d2a0611f24e","kind":"building","zmin":3.671,"zmax":23.542},"geometry":{"type":"Polygon","coordinates":[[[-17.64380761581924,-279.7129917525308],[-8.919940896495973,-266.1055027231123],[-2.2607191870338283,-255.71905597193836],[18.152482203557156,-268.80686167159],[17.920923852445412,-269.1680261130168],[20.89985701407204,-271.07795181239635],[21.337257932700595,-272.49596008347],[15.428631113682059,-281.7117581317143],[15.42859003331614,-281.7117370016058],[11.494949116532762,-279.19069929439587],[10.477846293080802,-280.7770873030822],[-3.166892755030858,-272.0288419230783],[-2.151355731849443,-270.4448961530697],[-2.353153081157406,-270.31556591231237],[-8.037858126954234,-279.18206785312213],[-6.079793457654887,-280.4374645729695],[-9.11938657601786,-285.1783542021949],[-9.119407816539024,-285.1783752319243],[-12.41684906660521,-283.0655593026386],[-17.64380761581924,-279.7129917525308]]]}},{"type":"Feature","properties":{"id":"bldg_277b6cad-f4c1-43cf-97a4-750d42799ce1","kind":"building","zmin":3.006,"zmax":4.963},"geometry":{"type":"Polygon","coordinates":[[[183.28631585513358,-121.36888568184804],[189.71280163284246,-119.75088867249724],[190.7874088021963,-124.01909213326144],[184.36092302418183,-125.63708918219345],[183.28631585513358,-121.36888568184804]]]}},{"type":"Feature","properties":{"id":"bldg_2ae49e0b-81fe-460c-b6ad-1bc8eabf42b7","kind":"building","zmin":3.33,"zmax":33.443},"geometry":{"type":"Polygon","coordinates":[[[-60.51786948577865,-271.21498232188605],[-51.45756302675727,-276.94642592228774],[-59.11950805673405,-289.0587798233246],[-68.17983478589304,-283.32733470176026],[-60.51786948577865,-271.21498232188605]]]}},{"type":"Feature","properties":{"id":"bldg_8bea9d13-0601-4192-986a-57f1a9b9960f","kind":"building","zmin":3.836,"zmax":37.491},"geometry":{"type":"Polygon","coordinates":[[[39.325664553231036,-313.9658697821869],[53.60832423280954,-291.60303176338493],[60.51544224555619,-296.0144564731381],[59.33437706366385,-297.8636897521501],[62.680438592331484,-300.0007458316104],[49.36646425332583,-320.37870836387447],[39.325664553231036,-313.9658697821869]]]}},{"type":"Feature","properties":{"id":"bldg_aa8d8278-d791-4c26-a757-0d12270eb846","kind":"building","zmin":3.178,"zmax":5.363},"geometry":{"type":"Polygon","coordinates":[[[94.27884996410285,-141.51574631182302],[99.79004703393002,-132.84207600355876],[101.60605188209593,-133.9959556315589],[96.0948548531378,-142.6696259334567],[94.27884996410285,-141.51574631182302]]]}},{"type":"Feature","properties":{"id":"bldg_ddda5818-3115-4382-8924-f838cf6ca1f3","kind":"building","zmin":3.379,"zmax":7.943},"geometry":{"type":"Polygon","coordinates":[[[176.50122818380623,-145.67007503273635],[178.44079475307808,-142.66952276256052],[179.91494016254364,-143.6224162923827],[177.97537360339265,-146.62296856255125],[176.50122818380623,-145.67007503273635]]]}},{"type":"Feature","properties":{"id":"bldg_084f2de8-0b3a-4eb3-bc3f-9a9f1b75235a","kind":"building","zmin":-0.017,"zmax":30.154},"geometry":{"type":"Polygon","coordinates":[[[145.64849056264939,-43.963085493691324],[167.50741188590837,-57.33692554292793],[166.89907185202173,-58.331227042181126],[167.45196772422423,-58.669502702061436],[167.18407244270566,-59.107364212664834],[169.245378542877,-60.36852332303533],[166.45991157373282,-64.92123049209476],[164.39860545366173,-63.660071372542006],[163.93637470228714,-64.41556452319492],[132.3365703936215,-45.082006022232235],[135.9181001424913,-39.22817455219047],[143.1805255730069,-43.67150995353586],[145.10608492252868,-44.84962044147687],[145.64849056264939,-43.963085493691324]]]}},{"type":"Feature","properties":{"id":"bldg_1e3e6e89-e774-476d-b248-c7a1667f5f56","kind":"building","zmin":3.646,"zmax":35.064},"geometry":{"type":"Polygon","coordinates":[[[41.2696470028568,-230.1964531730555],[25.072299592928175,-219.90536453265668],[29.850311025489646,-212.38512761283346],[30.4402951175527,-212.7599778140494],[30.440295271872625,-212.75997791209755],[33.831392481452205,-214.9145333740202],[36.17809302272508,-211.2210000822888],[40.1358337297323,-213.73557626214898],[40.926597583838884,-212.49097238233662],[40.92661659249643,-212.49095147276967],[49.18513703265853,-217.7380559427329],[41.2696470028568,-230.1964531730555]]]}},{"type":"Feature","properties":{"id":"bldg_9087850c-2b33-43e4-970f-8c9b7f3246ea","kind":"building","zmin":3.587,"zmax":39.073},"geometry":{"type":"Polygon","coordinates":[[[-51.37500964707942,-278.4348344928803],[-51.374960097189614,-278.43482109227625],[-50.40689368431913,-279.04588786493065],[-40.163713016219845,-262.8184576118001],[-32.41658842801189,-267.70862818295427],[-32.720619747593446,-268.19028003231506],[-31.910851057033142,-268.7014254229798],[-33.6260624468523,-271.32642669247434],[-29.013894967312808,-274.23775670313626],[-41.83352522707719,-294.54680086192093],[-55.92902250779662,-285.6493835523506],[-51.37500964707942,-278.4348344928803]]]}},{"type":"Feature","properties":{"id":"bldg_c82fabec-055d-4154-8945-e9239d4c3b39","kind":"building","zmin":3.866,"zmax":33.911},"geometry":{"type":"Polygon","coordinates":[[[32.54480567221617,-199.51100433350075],[37.87793044227146,-202.98099228341016],[34.10210211337471,-208.78419661318912],[28.76897722247668,-205.31420873253956],[32.54480567221617,-199.51100433350075]]]}},{"type":"Feature","properties":{"id":"bldg_a4fe598f-d799-4945-9d99-e6bd3b007cd1","kind":"building","zmin":0.977,"zmax":6.088},"geometry":{"type":"Polygon","coordinates":[[[123.9997560147749,78.06083829783165],[142.21943348418426,65.85542437736876],[132.81163211505918,51.81194214690913],[114.59195423229176,64.01735611756158],[123.9997560147749,78.06083829783165]]]}},{"type":"Feature","properties":{"id":"bldg_0b7581dc-de54-48b3-85ff-ecbc50c2655d","kind":"building","zmin":-0.001,"zmax":31.141},"geometry":{"type":"Polygon","coordinates":[[[176.37153276332174,153.55587051773182],[190.63703347285627,175.0069037964713],[195.42044541352516,171.82571887689846],[199.921327534179,178.40462543741887],[200.84245408300558,177.79203457802214],[201.66970199282878,179.03590704767703],[212.65446619230352,173.44495835701673],[219.1990444724288,169.3073108075405],[220.5175230028326,168.1219364167191],[221.06033583420867,165.57187581732433],[220.9320878728904,164.43151869788562],[235.79666854412062,154.54589977749856],[216.78552601464253,125.95962139787298],[189.18899410557668,144.3125625767487],[186.5422657324416,140.33267605738365],[186.54225029294685,140.3326560766218],[177.38059686330962,146.42555192778673],[180.35895848216023,150.90406009627623],[176.37153276332174,153.55587051773182]]]}},{"type":"Feature","properties":{"id":"bldg_cf60cb9c-f36a-4753-9e6d-a13917968c94","kind":"building","zmin":3.649,"zmax":39.291},"geometry":{"type":"Polygon","coordinates":[[[8.539445522957976,-232.0833985223726],[8.015406683509354,-231.75567221246456],[14.69222058239393,-221.07931420315435],[16.646073921980133,-222.3012258815579],[19.370888372337504,-217.94419343313348],[44.845168472831574,-233.8754412129565],[35.398818605601264,-248.98034390193789],[34.418558284272876,-248.36730330261344],[33.70236672266765,-249.51250798330875],[7.778530702533317,-233.3001164528905],[8.539445522957976,-232.0833985223726]]]}},{"type":"Feature","properties":{"id":"bldg_d38df7e1-e5e3-41a8-9265-3b7f0848e4d1","kind":"building","zmin":3.59,"zmax":43.099},"geometry":{"type":"Polygon","coordinates":[[[-39.03180687584245,-262.4195997929346],[-50.57390794540697,-255.0106706532606],[-38.934658927428245,-236.87811836312903],[-31.516818817512103,-235.20523960376158],[-21.094495185974665,-241.8954956229136],[-18.344051967793348,-243.66109467294154],[-32.90860040702319,-266.35011297205347],[-39.03180687584245,-262.4195997929346]],[[-34.487822560349095,-254.67553102564497],[-34.48782256034908,-254.67553102564494],[-34.4878225603491,-254.67553102564497],[-34.487822560349095,-254.67553102564497]]]}},{"type":"Feature","properties":{"id":"bldg_0187a167-16ba-42b4-8ab0-16896fd82b9c","kind":"building","zmin":3.379,"zmax":8.504},"geometry":{"type":"Polygon","coordinates":[[[122.65869342386213,-159.62807455274015],[124.97836720308987,-161.06220870302786],[123.83117801356275,-162.91775259268616],[121.51150422209321,-161.4836184438027],[122.65869342386213,-159.62807455274015]]]}},{"type":"Feature","properties":{"id":"bldg_cba6f8da-8f01-4812-8c8d-16d8b4d4912e","kind":"building","zmin":3.427,"zmax":13.54},"geometry":{"type":"Polygon","coordinates":[[[66.70218213347835,-217.3166767820585],[75.08694611332976,-204.240927092098],[78.9188719022386,-203.60187776154635],[81.7984941637551,-205.44843044282607],[72.0067937426029,-220.71824919264327],[66.70218213347835,-217.3166767820585]]]}},{"type":"Feature","properties":{"id":"bldg_331d0927-c739-4488-9b66-7f1fe4306502","kind":"building","zmin":3.29,"zmax":67.745},"geometry":{"type":"Polygon","coordinates":[[[295.62216114558834,-302.8716959976739],[295.3267360335303,-302.6989787719285],[295.3267146233011,-302.6989602232643],[301.14029649336226,-292.7550524625476],[327.87888044300416,-308.38748673183],[322.74257831390787,-317.17293558283563],[323.87412829304594,-317.83448450375727],[323.05645386232936,-319.1834178025747],[326.4519202922529,-321.16854192294704],[318.97155190335616,-333.9634038630247],[315.3727368825603,-331.8593941728832],[312.4816810132761,-336.6288249417921],[285.06699319204563,-320.60304658277164],[295.62216114558834,-302.8716959976739]]]}},{"type":"Feature","properties":{"id":"bldg_09b01193-f0f4-4a1a-a987-c71668c62a8b","kind":"building","zmin":2.797,"zmax":4.582},"geometry":{"type":"Polygon","coordinates":[[[107.05468946246765,-112.12766653337167],[109.17532425372701,-108.76893026168545],[114.52624686231866,-109.15407547307404],[117.00850848300615,-110.70179970294703],[115.16442946497409,-113.65935244183493],[113.353299592658,-112.53008809362655],[107.05468946246765,-112.12766653337167]],[[117.00850686050974,-110.70180051449883],[117.00850686050975,-110.70180051449883],[117.00850686050975,-110.70180051449881],[117.00850686050974,-110.70180051449883]]]}},{"type":"Feature","properties":{"id":"bldg_d8c40d27-f72d-4563-9833-01ee6ae94275","kind":"building","zmin":3.282,"zmax":38.509},"geometry":{"type":"Polygon","coordinates":[[[203.006133113362,-238.05551520351582],[206.56209762397702,-232.44206436223612],[221.2922283235639,-241.77288961258455],[211.51272314403832,-257.2111636833288],[196.7825919252682,-247.88033840257413],[203.006133113362,-238.05551520351582]]]}},{"type":"Feature","properties":{"id":"bldg_315a166b-18a0-4140-8755-607f841f7cc4","kind":"building","zmin":3.515,"zmax":38.976},"geometry":{"type":"Polygon","coordinates":[[[209.8006882226291,-262.501679063309],[211.72707317368258,-259.56759405248886],[213.0811883535971,-257.5051951619098],[216.3839799833877,-259.6737144528597],[216.3839749859435,-259.6737395017917],[215.1377512046711,-261.5718196603317],[215.6979609025111,-261.9396374625576],[217.0949989735309,-259.81185726164404],[220.80236850366782,-262.24601091243676],[219.40533045199481,-264.37379111334303],[223.52192509305314,-267.0766303415876],[222.42882754252787,-268.7416088136524],[221.26628521224848,-270.51229160179355],[220.0194263134399,-272.4113681033705],[215.34338031302832,-279.53329177282285],[203.6564232438759,-271.8599675525984],[206.6950228539572,-267.23196861273755],[207.8615794535217,-265.45517784262483],[209.8006882226291,-262.501679063309]],[[216.71580368025215,-274.41130547837537],[216.71580368025215,-274.4113054783754],[216.71580368025218,-274.41130547837537],[216.71580368025218,-274.4113054783753],[216.71580368025215,-274.41130547837537]]]}},{"type":"Feature","properties":{"id":"bldg_f73bda3f-4ba3-455a-ae73-3641cee09936","kind":"building","zmin":3.562,"zmax":34.058},"geometry":{"type":"Polygon","coordinates":[[[62.508509152623446,-236.4415878431464],[66.7518632631145,-229.65027323218237],[66.75189159199363,-229.65026329304965],[67.15895584259461,-229.90460344080554],[77.74918842512488,-212.95298426221416],[80.95664335425317,-207.81899275246542],[93.78551796379543,-215.83581174248684],[92.36255788026372,-218.11346393676797],[83.95479229575264,-231.57157029213027],[83.9547922949012,-231.57157029349318],[75.74590707270545,-244.71140432261745],[65.6940288441183,-238.43168875115953],[62.508509152623446,-236.4415878431464]],[[71.20222567615944,-223.43264331158707],[71.20222567728271,-223.43264330978909],[71.20222567832765,-223.43264330811647],[71.20222567615944,-223.43264331158707]]]}},{"type":"Feature","properties":{"id":"bldg_e798931b-535f-4e7d-82ab-adb055ff98c6","kind":"building","zmin":3.64,"zmax":26.752},"geometry":{"type":"Polygon","coordinates":[[[-50.60332285602635,-255.84641998315783],[-41.2549096636867,-261.78030566185043],[-50.7358921367595,-276.71733640279854],[-60.0843316879691,-270.7834487639848],[-50.60332285602635,-255.84641998315783]]]}},{"type":"Feature","properties":{"id":"bldg_7f727bc3-1bc8-4b32-afbf-cf74dd17f28a","kind":"building","zmin":3.098,"zmax":41.896},"geometry":{"type":"Polygon","coordinates":[[[141.4519130933295,-229.77662450224307],[159.07324752301793,-201.77116629287048],[190.35964577216873,-221.4569320521914],[172.74096487557108,-249.46405908303132],[141.4519130933295,-229.77662450224307]]]}},{"type":"Feature","properties":{"id":"bldg_22160adc-b55a-403a-b9b0-b460d6ca4303","kind":"building","zmin":0.641,"zmax":3.937},"geometry":{"type":"Polygon","coordinates":[[[129.1276525864596,90.86267840681103],[128.63821681248373,91.19100274841185],[128.437490984139,91.63318440651346],[135.60578392334355,102.34310110624938],[136.3028191061203,102.80695997754083],[137.55165439277698,102.84569284646568],[155.91152689378941,90.7632782569417],[155.84906012427018,89.4691419869414],[136.77584744688986,102.26388876682924],[129.12765685264822,90.86268447801558],[129.1276525864596,90.86267840681103]]]}},{"type":"Feature","properties":{"id":"bldg_ed991036-ae2d-4fc1-8b16-673f3b463c8d","kind":"building","zmin":3.587,"zmax":48.124},"geometry":{"type":"Polygon","coordinates":[[[-3.061360397925455,-182.5441645520841],[5.473538002872374,-169.04620281260577],[9.14085417242677,-163.24630799279112],[34.207498872860015,-179.0962680427474],[18.763323923602,-203.52126932167448],[7.151700822894782,-196.1790929222916],[7.151706463777373,-196.17907714097237],[10.393648686214977,-191.0519376776811],[-3.061360397925455,-182.5441645520841]]]}},{"type":"Feature","properties":{"id":"bldg_015a6b9e-c659-4784-b345-cf5e327a827c","kind":"building","zmin":2.862,"zmax":9.325},"geometry":{"type":"Polygon","coordinates":[[[209.8861278224431,212.8313009173944],[244.44731172056612,259.17925055944033],[248.432427322874,268.6363552468829],[248.41378520298167,268.64737891637196],[252.98684569289617,277.5372329976017],[256.844569053319,282.87624439701904],[261.87141930005055,279.5154439390385],[278.84471719318026,294.6053590675292],[275.2755472226563,298.25343494630215],[280.7082520240656,314.7304761972555],[260.5798165639899,327.1929943767973],[255.6732385439791,324.83945523638977],[251.38165658380967,317.66527134747594],[244.88908756419914,317.6178871579832],[238.670455794,296.5774490744617],[243.7088726942602,293.89184129690693],[243.7088861630582,293.89182695758063],[234.9670181680233,280.8589198982849],[234.9670182027985,280.8589198771151],[195.4997490550595,222.0187196462939],[195.49968765359154,222.01866179771605],[183.20570555230734,230.2522525981476],[210.81761422272757,265.87670155650994],[212.82602836342994,273.28142412735906],[214.169362623099,293.68928972769936],[214.16018594421985,293.694991057695],[215.6163599932479,299.18842825707543],[412.2215168029179,592.821800946942],[469.84274216302947,554.4284833967831],[272.74603620434937,258.6224696863719],[269.7486302446923,256.0314071375906],[269.6997603228774,256.0603054774547],[250.23026398286675,243.74865754684288],[223.27940653409314,203.82260870718892],[209.8861114528736,212.83127758683986],[209.8861278224431,212.8313009173944]],[[276.03086312227055,383.31404926254993],[281.24362364424815,379.88293046742183],[290.4921052523777,393.93367702116444],[285.2793432738363,397.3647935369445],[276.03086312227055,383.31404926254993]]]}},{"type":"Feature","properties":{"id":"bldg_015583ce-687d-413a-be50-9b6f584261cc","kind":"building","zmin":7.971,"zmax":11.997},"geometry":{"type":"Polygon","coordinates":[[[243.57113827322974,294.4968466774808],[238.93942454339776,296.62242800801323],[240.9718115225296,301.49243590715923],[242.69041002415906,306.80966234627704],[244.17614140429214,311.93458114619716],[245.19233657259974,316.7275685171626],[250.13607089400102,315.6794257171787],[249.20853181320854,311.3045936264316],[247.8534328535934,306.47179897626484],[246.03179792252195,301.03988871683396],[243.57113827322974,294.4968466774808]]]}},{"type":"Feature","properties":{"id":"bldg_c61bcb7a-e9f0-41b6-a9b9-63aadd690987","kind":"building","zmin":7.93,"zmax":11.814},"geometry":{"type":"Polygon","coordinates":[[[258.10093492312444,283.6848923272628],[274.6307313836551,297.9999549674976],[278.2250968438966,294.35023960894614],[261.677925733813,280.02012990703224],[258.10093492312444,283.6848923272628]]]}},{"type":"Feature","properties":{"id":"bldg_9e204546-f93f-4e2e-8944-dafdaac13956","kind":"building","zmin":1.899,"zmax":5.292},"geometry":{"type":"Polygon","coordinates":[[[170.14673859200047,216.79338173711585],[173.6994103229663,214.44655549729214],[171.35564593373783,210.89863824628992],[169.85374384360694,210.37755178677617],[167.10703515260684,212.19197469636129],[170.14673859200047,216.79338173711585]]]}},{"type":"Feature","properties":{"id":"brid_5fb3433c-2111-4547-8e55-cdd08d2a97c5","kind":"bridge","zmin":2.855,"zmax":20.588},"geometry":{"type":"Polygon","coordinates":[[[-199.5686848952491,5.747804797437819],[-200.10695491692968,6.0479722271702485],[-199.78853734565618,6.618979600752325],[-200.15227703402695,6.821819823592715],[-200.39388485439122,6.384459867404075],[-200.39749072676568,6.386412698106142],[-202.92497683608963,7.79587082828948],[-200.40295344693368,12.361250448171631],[-200.3993475839743,12.35931427669857],[-197.87185525705354,10.949853197504126],[-198.02092299730793,10.680009866940964],[-197.6418252874043,10.468605139057072],[-197.06647537594836,11.50036051774805],[-197.06545600617756,11.499813896545675],[-196.51715886569747,11.194054803884216],[-195.70971427701443,11.59729957831587],[-195.7092464735906,11.597049026786408],[-195.60467223623257,10.685204645311321],[-172.52337604720555,-2.186130358091418],[-171.56570040647784,-1.7078590525561594],[-171.56522393529303,-1.708114410721464],[-171.44119362755401,-2.7896117338832047],[-161.26931065613826,-8.461984343834047],[-164.30979653715985,-13.914373621890263],[-164.3108415469069,-13.913807013559563],[-174.38931263920472,-8.293526036435194],[-175.33497090733363,-8.69329910162196],[-175.33544601342874,-8.693041224207263],[-175.42354729576252,-7.716782866473955],[-198.385189003588,5.0878257802344145],[-198.39414436658262,5.070476436478202],[-199.4789908874809,4.611861997596861],[-199.47945733732558,4.6121150775652495],[-199.57998574715748,5.7260742675644],[-199.5686848952491,5.747804797437819]]]}},{"type":"Feature","properties":{"id":"brid_80e3638f-a664-48c3-86d7-ba41b38e0eb0","kind":"bridge","zmin":3.021,"zmax":18.261},"geometry":{"type":"Polygon","coordinates":[[[-304.12943222787726,70.49833386691171],[-303.52585028741305,71.51157962675643],[-303.10050442719876,72.22540686837601],[-302.7574331562064,72.80104734734778],[-302.75724583575357,72.8009476683219],[-285.4044495340422,62.466036667065055],[-285.40217575717907,62.46482454667421],[-282.3084988772971,60.62230476766126],[-284.6902619857465,56.623202786977345],[-284.69272723727045,56.62452812696574],[-287.7864731769587,58.46708945722639],[-305.1391906979334,68.80195602749882],[-304.8868223170939,69.22608882839995],[-304.57382330752444,69.7519799471047],[-304.12943222787726,70.49833386691171]]]}},{"type":"Feature","properties":{"id":"brid_b2ad5da4-d19a-4898-90f9-f1cec58b3c63","kind":"bridge","zmin":0.569,"zmax":12.791},"geometry":{"type":"Polygon","coordinates":[[[-125.14735521390685,157.7645862975187],[-132.42386815676946,175.8660201172388],[-146.23676631614944,212.8190371069577],[-151.17171713351127,230.46614739682263],[-154.965083705094,249.70533561635966],[-151.23641674766986,250.7415164583581],[-151.23538681506398,250.74085953689791],[-146.5629946367808,231.66350721756316],[-141.38312784723166,214.4977364270162],[-127.38855783682811,177.6277902763104],[-119.85201726772357,161.05907879723964],[-114.41082398346562,151.8625629778949],[-111.9745154573393,153.95502432779904],[-111.97300144740439,153.95412021731318],[-109.91882084737153,151.4904517975665],[-112.78514860776704,149.1148844266645],[-110.69032155415712,145.5680132507577],[-105.21499878701798,136.5446959973051],[-88.78740564688633,115.87197752680368],[-83.50111315607501,110.69860178750969],[-84.29298660347195,109.64165326721559],[-84.29636604832356,109.63615323968615],[-84.18544833286985,109.53793667573782],[-83.16523111729475,111.1655516881001],[-83.1651900974066,111.16552779771155],[-70.50483681774858,99.52252957702876],[-70.78512172855976,99.0753613310868],[-64.48675735614597,93.84103781711747],[-42.64998483450108,79.40602209716599],[-18.9080533330314,64.60575627900808],[6.027284592575597,50.438074247940676],[42.193746914079384,35.14104241698806],[55.442311177979384,29.6461320358134],[55.84928395503812,30.450584357364278],[80.10927755229568,18.72566681700846],[80.10931473367236,18.725645116464875],[79.95192137696283,18.47020266537212],[93.52422195256804,10.301543716006563],[104.04223474607716,3.1799081675926573],[116.65499408343385,-5.050566552490636],[125.49508768400847,-11.469466811278835],[124.95671991255949,-12.255471801705426],[125.12309947642484,-12.379500281405429],[126.16732166426664,-10.98688391235919],[126.1673577523361,-10.986904923018301],[182.8601891940998,-53.51156886269746],[181.9423358455088,-54.73568478418403],[182.15743236662684,-54.89602956381464],[182.68097223587029,-54.17547271344665],[182.6814358721531,-54.17573922300653],[187.19177048246638,-57.41923045232397],[186.43693737276408,-58.508056322425546],[186.75797488509835,-58.72650012871999],[187.5316925336847,-57.61851436182042],[187.5318080639554,-57.61858072166797],[200.7231906531997,-38.967394411491114],[202.00092234354452,-38.02688971343014],[203.49732060230963,-37.571910813661816],[205.00495234446498,-37.58642117276031],[206.67931268411485,-38.370313132989395],[206.67965478262704,-38.37051674347458],[207.87772455314916,-39.7037395426305],[208.46176563299014,-41.2322366724984],[208.5248519546767,-42.70330295286112],[208.02982212236748,-44.350069852516754],[193.99584459286416,-63.64498987343541],[200.0339672020673,-68.21066121156036],[197.49136298291705,-71.57973564309941],[197.49101873421023,-71.57953987237124],[191.32387120470594,-67.16139268269762],[187.87949405254403,-64.54362806316931],[190.55112594481398,-61.02702726153075],[204.22477383925724,-41.61794723684248],[191.0341548128381,-60.06803168312763],[187.5660483141619,-64.7028879226782],[188.26712579295054,-65.21358776296256],[188.2398953690379,-65.1938223912161],[188.26666390251194,-65.21332473326765],[190.19526832290285,-66.61943059351324],[188.17927974485792,-69.38722489306383],[188.17645716461993,-69.3856256716972],[185.70807289295772,-67.58753426212934],[185.96965770365276,-67.22839872950873],[184.04350332411923,-65.82634822167893],[183.32577309316548,-63.02083775345818],[178.73786006298178,-59.68961425238376],[179.37192942286492,-58.82831694333436],[179.05309913476486,-58.588980817742716],[178.23516925392323,-59.67983154310059],[178.23513438295777,-59.679811681802676],[121.54218995394695,-17.155144132178975],[122.3759626743289,-16.04319154877552],[122.1049898008139,-15.839780517552672],[121.55640775493885,-16.528064903330232],[121.55592495255405,-16.52778655246948],[112.97577681290204,-10.458224742011225],[100.61184251199666,-2.0753671325655887],[89.93884930410059,5.111485486966558],[76.59250604797359,13.018020504137741],[76.37473270294504,12.664584007827216],[52.82471247134572,23.896010359014365],[52.79727829405965,23.836252807166602],[49.46450881343715,25.44895956999283],[48.91241582225484,23.850892507187382],[41.94426747518446,26.77198861738725],[39.71896199335242,27.6186652981487],[39.71845357415441,27.618957527454768],[40.2116169429828,28.930420146622055],[3.5306214930751594,44.897150366748974],[-21.912358377121564,59.32895390827616],[-21.912886097248702,59.329256118420744],[-45.931937627206935,73.9922858667851],[-68.15157191611434,88.77161492728919],[-74.17648111349082,93.66476613765157],[-74.43779815509333,93.2478593372507],[-74.43783896801688,93.24788280776556],[-87.09830547608362,104.89087722696422],[-86.37373606429564,106.04682720670243],[-86.45739201894061,106.12078930279671],[-87.05828217749513,105.39114118709404],[-87.05883031579287,105.39145788640599],[-93.58241405757144,111.8359451372744],[-110.20392618696496,132.74745735761826],[-115.94758027740318,142.18987770616513],[-115.95011181683367,142.1895406090407],[-125.14735521390685,157.7645862975187]],[[187.56555953571652,-64.70247847623995],[187.56555953571652,-64.70247847623993],[187.5655595357165,-64.70247847623992],[187.5655595357165,-64.70247847623993],[187.56555953571652,-64.70247847623995]],[[55.84933802635197,30.450554489390367],[55.849338026388324,30.450554489370287],[55.84933802635198,30.450554489390363],[55.84933802635197,30.450554489390367]]]}},{"type":"Feature","properties":{"id":"brid_65a605e3-8058-4725-b64a-eda567ce1ff6","kind":"bridge","zmin":-0.031,"zmax":4.76},"geometry":{"type":"Polygon","coordinates":[[[-190.31145651565384,308.61824910681753],[-190.30793811916226,308.6188802112608],[-194.6658487950591,334.4659730794889],[-194.9197573175552,334.4194773460986],[-194.92114386589674,334.42040365687717],[-197.10814938764815,343.9817618678644],[-200.3897470337462,347.67755293674344],[-203.7942491568574,349.07441134816327],[-203.79513312720883,349.07500606752],[-195.76849503634003,365.10050046606193],[-172.93029933604703,364.73632842652296],[-172.92920090697226,364.73556758629275],[-168.9099026137883,341.9092957865578],[-169.19980630944593,341.85345042882875],[-163.83087115771923,310.6209373874808],[-163.90374002777025,310.6084123272012],[-161.14738965672586,294.0778324161438],[-168.5238203566878,292.2172598469697],[-168.4151916562696,291.1746955073613],[-165.36574119660145,269.99182915737765],[-183.20248135607835,266.9040467378072],[-183.20327606638966,266.90455182614096],[-190.31145651565384,308.61824910681753]],[[-170.60446479431903,312.1531463441267],[-170.60077034750066,312.1538090272006],[-170.34659118755573,309.7240099555408],[-169.42181433653266,309.8782096209586],[-174.28942090316426,338.1973048403546],[-174.8438044062597,338.0957861212102],[-170.60446479431903,312.1531463441267]]]}}]}
